# Blender 4.0.2
# www.blender.org
mtllib 008.mtl
o classname=mesh
v 18.555449 -0.651863 -76.595078
v 18.555449 -0.847759 -76.595078
v 18.416660 -0.847759 -76.652565
v 18.416660 -0.651863 -76.652565
v 18.277874 -0.847759 -76.595078
v 18.277874 -0.651863 -76.595078
v 18.220387 -0.847759 -76.456291
v 18.220387 -0.651863 -76.456291
v 18.277874 -0.847759 -76.317505
v 18.277874 -0.651863 -76.317505
v 18.416660 -0.847759 -76.260017
v 18.416660 -0.651863 -76.260017
v 18.555449 -0.847759 -76.317505
v 18.555449 -0.651863 -76.317505
v 18.612936 -0.847759 -76.456291
v 18.612936 -0.651863 -76.456291
v 18.555449 -0.847759 -76.595078
v 18.555449 -0.651863 -76.595078
v 18.555449 -0.847759 -76.595078
v 18.416660 -0.847759 -76.456291
v 18.416660 -0.847759 -76.652565
v 18.277874 -0.847759 -76.595078
v 18.220387 -0.847759 -76.456291
v 18.277874 -0.847759 -76.317505
v 18.416660 -0.847759 -76.260017
v 18.555449 -0.847759 -76.317505
v 18.612936 -0.847759 -76.456291
v 16.549944 -0.651863 -78.338081
v 16.549944 -0.847759 -78.338081
v 16.607433 -0.847759 -78.476868
v 16.607433 -0.651863 -78.476868
v 16.549944 -0.847759 -78.615654
v 16.549944 -0.651863 -78.615654
v 16.411160 -0.847759 -78.673141
v 16.411160 -0.651863 -78.673141
v 16.272371 -0.847759 -78.615654
v 16.272371 -0.651863 -78.615654
v 16.214886 -0.847759 -78.476868
v 16.214886 -0.651863 -78.476868
v 16.272371 -0.847759 -78.338081
v 16.272371 -0.651863 -78.338081
v 16.411160 -0.847759 -78.280594
v 16.411160 -0.651863 -78.280594
v 16.549944 -0.847759 -78.338081
v 16.549944 -0.651863 -78.338081
v 16.549944 -0.847759 -78.338081
v 16.411160 -0.847759 -78.476868
v 16.607433 -0.847759 -78.476868
v 16.549944 -0.847759 -78.615654
v 16.411160 -0.847759 -78.673141
v 16.272371 -0.847759 -78.615654
v 16.214886 -0.847759 -78.476868
v 16.272371 -0.847759 -78.338081
v 16.411160 -0.847759 -78.280594
v 18.292944 -0.651863 -80.343582
v 18.292944 -0.847759 -80.343582
v 18.431732 -0.847759 -80.286095
v 18.431730 -0.651863 -80.286095
v 18.570518 -0.847759 -80.343582
v 18.570518 -0.651863 -80.343582
v 18.628006 -0.847759 -80.482368
v 18.628006 -0.651863 -80.482368
v 18.570518 -0.847759 -80.621155
v 18.570518 -0.651863 -80.621155
v 18.431732 -0.847759 -80.678642
v 18.431730 -0.651863 -80.678642
v 18.292944 -0.847759 -80.621155
v 18.292944 -0.651863 -80.621155
v 18.235456 -0.847759 -80.482368
v 18.235456 -0.651863 -80.482368
v 18.292944 -0.847759 -80.343582
v 18.292944 -0.651863 -80.343582
v 18.292944 -0.847759 -80.343582
v 18.431732 -0.847759 -80.482368
v 18.431732 -0.847759 -80.286095
v 18.570518 -0.847759 -80.343582
v 18.628006 -0.847759 -80.482368
v 18.570518 -0.847759 -80.621155
v 18.431732 -0.847759 -80.678642
v 18.292944 -0.847759 -80.621155
v 18.235456 -0.847759 -80.482368
v 20.298447 -0.651863 -78.600578
v 20.298447 -0.847759 -78.600578
v 20.240959 -0.847759 -78.461792
v 20.240959 -0.651863 -78.461792
v 20.298447 -0.847759 -78.323006
v 20.298447 -0.651863 -78.323006
v 20.437233 -0.847759 -78.265518
v 20.437233 -0.651863 -78.265518
v 20.576021 -0.847759 -78.323006
v 20.576021 -0.651863 -78.323006
v 20.633507 -0.847759 -78.461792
v 20.633507 -0.651863 -78.461792
v 20.576021 -0.847759 -78.600578
v 20.576021 -0.651863 -78.600578
v 20.437233 -0.847759 -78.658066
v 20.437233 -0.651863 -78.658066
v 20.298447 -0.847759 -78.600578
v 20.298447 -0.651863 -78.600578
v 20.298447 -0.847759 -78.600578
v 20.437233 -0.847759 -78.461792
v 20.240959 -0.847759 -78.461792
v 20.298447 -0.847759 -78.323006
v 20.437233 -0.847759 -78.265518
v 20.576021 -0.847759 -78.323006
v 20.633507 -0.847759 -78.461792
v 20.576021 -0.847759 -78.600578
v 20.437233 -0.847759 -78.658066
v 20.589445 -33.518723 -79.436806
v 20.008995 -33.518723 -80.237000
v 20.008995 -32.939964 -80.237000
v 20.589445 -32.939964 -79.436806
v 19.153778 -33.518723 -80.731544
v 19.153778 -32.939964 -80.731544
v 18.171669 -33.518723 -80.834938
v 18.171669 -32.939964 -80.834938
v 17.232481 -33.518723 -80.529289
v 17.232481 -32.939964 -80.529289
v 16.498610 -33.518723 -79.867455
v 16.498610 -32.939964 -79.867455
v 16.096949 -33.518723 -78.963875
v 16.096949 -32.939964 -78.963875
v 16.096949 -33.518723 -77.974785
v 16.096949 -32.939964 -77.974785
v 16.498610 -33.518723 -77.071205
v 16.498610 -32.939964 -77.071205
v 17.232481 -33.518723 -76.409370
v 17.232479 -32.939964 -76.409370
v 18.171667 -33.518723 -76.103722
v 18.171667 -32.939964 -76.103722
v 19.153778 -33.518723 -76.207115
v 19.153778 -32.939964 -76.207115
v 20.008995 -33.518723 -76.701660
v 20.008995 -32.939964 -76.701660
v 20.589445 -33.518723 -77.501854
v 20.589445 -32.939964 -77.501854
v 20.794764 -33.518723 -78.469330
v 20.794764 -32.939964 -78.469330
v 20.589445 -33.518723 -79.436806
v 20.589445 -32.939964 -79.436806
v 20.008995 -33.518723 -80.237000
v 20.589445 -33.518723 -79.436806
v 18.419909 -33.518723 -78.469330
v 19.153778 -33.518723 -80.731544
v 18.171669 -33.518723 -80.834938
v 17.232481 -33.518723 -80.529289
v 16.498610 -33.518723 -79.867455
v 16.096949 -33.518723 -78.963875
v 16.096949 -33.518723 -77.974785
v 16.498610 -33.518723 -77.071205
v 17.232481 -33.518723 -76.409370
v 18.171667 -33.518723 -76.103722
v 19.153778 -33.518723 -76.207115
v 20.008995 -33.518723 -76.701660
v 20.589445 -33.518723 -77.501854
v 20.794764 -33.518723 -78.469330
v 20.589441 -0.063114 -79.436806
v 20.008991 -0.063114 -80.237000
v 18.419903 -0.063114 -78.469330
v 19.153774 -0.063114 -80.731544
v 18.171663 -0.063114 -80.834938
v 17.232477 -0.063114 -80.529289
v 16.498606 -0.063114 -79.867455
v 16.096945 -0.063114 -78.963875
v 16.096945 -0.063114 -77.974785
v 16.498606 -0.063114 -77.071205
v 17.232475 -0.063114 -76.409370
v 18.171663 -0.063114 -76.103722
v 19.153774 -0.063114 -76.207115
v 20.008991 -0.063114 -76.701660
v 20.589441 -0.063114 -77.501854
v 20.794758 -0.063114 -78.469330
v 16.096945 -0.679859 -77.974785
v 16.498606 -0.679859 -77.071205
v 16.498606 -0.063114 -77.071205
v 16.096945 -0.063114 -77.974785
v 16.096945 -0.679859 -78.963875
v 16.096945 -0.063114 -78.963875
v 16.498606 -0.679859 -79.867455
v 16.498606 -0.063114 -79.867455
v 17.232477 -0.679859 -80.529289
v 17.232477 -0.063114 -80.529289
v 18.171663 -0.679859 -80.834938
v 18.171663 -0.063114 -80.834938
v 19.153774 -0.679859 -80.731544
v 19.153774 -0.063114 -80.731544
v 20.008991 -0.679859 -80.237000
v 20.008991 -0.063114 -80.237000
v 20.589441 -0.679859 -79.436806
v 20.589441 -0.063114 -79.436806
v 20.794760 -0.679859 -78.469330
v 20.794758 -0.063114 -78.469330
v 20.589441 -0.679859 -77.501854
v 20.589441 -0.063114 -77.501854
v 20.008991 -0.679859 -76.701660
v 20.008991 -0.063114 -76.701660
v 19.153774 -0.679859 -76.207115
v 19.153774 -0.063114 -76.207115
v 18.171663 -0.679859 -76.103722
v 18.171663 -0.063114 -76.103722
v 17.232475 -0.679859 -76.409370
v 17.232475 -0.063114 -76.409370
v 17.232475 -0.679859 -76.409370
v 17.232475 -0.063114 -76.409370
v 16.761415 -16.809912 -78.115868
v 17.049452 -16.809912 -77.470062
v 17.049450 -0.679859 -77.470062
v 16.761414 -0.679859 -78.115868
v 16.761415 -16.809912 -78.822792
v 16.761414 -0.679859 -78.822792
v 17.049452 -16.809912 -79.468597
v 17.049450 -0.679859 -79.468597
v 17.575724 -16.809912 -79.941620
v 17.575722 -0.679859 -79.941620
v 18.249229 -16.809912 -80.160065
v 18.249228 -0.679859 -80.160065
v 18.953516 -16.809912 -80.086174
v 18.953514 -0.679859 -80.086174
v 19.566807 -16.809912 -79.732712
v 19.566805 -0.679859 -79.732712
v 19.983057 -16.809912 -79.160805
v 19.983055 -0.679859 -79.160805
v 20.130293 -16.809912 -78.469330
v 19.983057 -16.809912 -79.160805
v 19.983055 -0.679859 -79.160805
v 20.130291 -0.679859 -78.469330
v 19.983057 -16.809912 -77.777855
v 19.983055 -0.679859 -77.777855
v 19.566807 -16.809912 -77.205948
v 19.566805 -0.679859 -77.205948
v 18.953516 -16.809912 -76.852486
v 18.953514 -0.679859 -76.852486
v 18.249229 -16.809912 -76.778595
v 18.249228 -0.679859 -76.778595
v 17.575722 -16.809912 -76.997040
v 17.575720 -0.679859 -76.997040
v 19.566809 -32.939964 -79.732712
v 19.983059 -32.939964 -79.160805
v 20.589445 -32.939964 -79.436806
v 20.008995 -32.939964 -80.237000
v 18.953518 -32.939964 -80.086174
v 19.153778 -32.939964 -80.731544
v 18.249231 -32.939964 -80.160065
v 18.171669 -32.939964 -80.834938
v 17.575726 -32.939964 -79.941620
v 17.232481 -32.939964 -80.529289
v 17.049454 -32.939964 -79.468597
v 16.498610 -32.939964 -79.867455
v 16.761417 -32.939964 -78.822792
v 16.096949 -32.939964 -78.963875
v 16.761417 -32.939964 -78.115868
v 16.096949 -32.939964 -77.974785
v 17.049454 -32.939964 -77.470062
v 16.498610 -32.939964 -77.071205
v 17.575724 -32.939964 -76.997040
v 17.232479 -32.939964 -76.409370
v 18.249231 -32.939964 -76.778595
v 18.171667 -32.939964 -76.103722
v 18.953518 -32.939964 -76.852486
v 19.153778 -32.939964 -76.207115
v 19.566809 -32.939964 -77.205948
v 20.008995 -32.939964 -76.701660
v 19.983059 -32.939964 -77.777855
v 20.589445 -32.939964 -77.501854
v 20.130295 -32.939964 -78.469330
v 20.794764 -32.939964 -78.469330
v 16.761414 -0.679859 -78.115868
v 17.049450 -0.679859 -77.470062
v 16.498606 -0.679859 -77.071205
v 16.096945 -0.679859 -77.974785
v 16.761414 -0.679859 -78.822792
v 16.096945 -0.679859 -78.963875
v 17.049450 -0.679859 -79.468597
v 16.498606 -0.679859 -79.867455
v 17.575722 -0.679859 -79.941620
v 17.232477 -0.679859 -80.529289
v 18.249228 -0.679859 -80.160065
v 18.171663 -0.679859 -80.834938
v 18.953514 -0.679859 -80.086174
v 19.153774 -0.679859 -80.731544
v 19.566805 -0.679859 -79.732712
v 20.008991 -0.679859 -80.237000
v 19.983055 -0.679859 -79.160805
v 20.589441 -0.679859 -79.436806
v 20.130291 -0.679859 -78.469330
v 20.794760 -0.679859 -78.469330
v 19.983055 -0.679859 -77.777855
v 20.589441 -0.679859 -77.501854
v 19.566805 -0.679859 -77.205948
v 20.008991 -0.679859 -76.701660
v 18.953514 -0.679859 -76.852486
v 19.153774 -0.679859 -76.207115
v 18.249228 -0.679859 -76.778595
v 18.171663 -0.679859 -76.103722
v 17.575720 -0.679859 -76.997040
v 17.232475 -0.679859 -76.409370
v 18.555452 -32.969093 -76.595078
v 18.416664 -32.969093 -76.652565
v 18.416664 -32.773235 -76.652565
v 18.555452 -32.773235 -76.595078
v 18.277878 -32.969093 -76.595078
v 18.277878 -32.773235 -76.595078
v 18.220390 -32.969093 -76.456291
v 18.220390 -32.773235 -76.456291
v 18.277878 -32.969093 -76.317505
v 18.277878 -32.773235 -76.317505
v 18.416664 -32.969093 -76.260017
v 18.416664 -32.773235 -76.260017
v 18.555452 -32.969093 -76.317505
v 18.555452 -32.773235 -76.317505
v 18.612940 -32.969093 -76.456291
v 18.612940 -32.773235 -76.456291
v 18.555452 -32.969093 -76.595078
v 18.555452 -32.773235 -76.595078
v 18.555452 -32.773235 -76.595078
v 18.416664 -32.773235 -76.652565
v 18.416664 -32.773235 -76.456291
v 18.277878 -32.773235 -76.595078
v 18.220390 -32.773235 -76.456291
v 18.277878 -32.773235 -76.317505
v 18.416664 -32.773235 -76.260017
v 18.555452 -32.773235 -76.317505
v 18.612940 -32.773235 -76.456291
v 16.549948 -32.969093 -78.338081
v 16.607437 -32.969093 -78.476868
v 16.607437 -32.773239 -78.476868
v 16.549948 -32.773239 -78.338081
v 16.549948 -32.969093 -78.615654
v 16.549948 -32.773239 -78.615654
v 16.411163 -32.969093 -78.673141
v 16.411163 -32.773239 -78.673141
v 16.272375 -32.969093 -78.615654
v 16.272375 -32.773239 -78.615654
v 16.214890 -32.969093 -78.476868
v 16.214890 -32.773239 -78.476868
v 16.272375 -32.969093 -78.338081
v 16.272375 -32.773239 -78.338081
v 16.411163 -32.969093 -78.280594
v 16.411163 -32.773239 -78.280594
v 16.549948 -32.969093 -78.338081
v 16.549948 -32.773239 -78.338081
v 16.549948 -32.773239 -78.338081
v 16.607437 -32.773239 -78.476868
v 16.411163 -32.773239 -78.476868
v 16.549948 -32.773239 -78.615654
v 16.411163 -32.773239 -78.673141
v 16.272375 -32.773239 -78.615654
v 16.214890 -32.773239 -78.476868
v 16.272375 -32.773239 -78.338081
v 16.411163 -32.773239 -78.280594
v 18.292948 -32.969093 -80.343582
v 18.431736 -32.969093 -80.286095
v 18.431736 -32.773235 -80.286095
v 18.292948 -32.773235 -80.343582
v 18.570522 -32.969093 -80.343582
v 18.570522 -32.773235 -80.343582
v 18.628010 -32.969093 -80.482368
v 18.628010 -32.773235 -80.482368
v 18.570522 -32.969093 -80.621155
v 18.570522 -32.773235 -80.621155
v 18.431736 -32.969093 -80.678642
v 18.431736 -32.773235 -80.678642
v 18.292948 -32.969093 -80.621155
v 18.292948 -32.773235 -80.621155
v 18.235460 -32.969093 -80.482368
v 18.235460 -32.773235 -80.482368
v 18.292948 -32.969093 -80.343582
v 18.292948 -32.773235 -80.343582
v 18.292948 -32.773235 -80.343582
v 18.431736 -32.773235 -80.286095
v 18.431736 -32.773235 -80.482368
v 18.570522 -32.773235 -80.343582
v 18.628010 -32.773235 -80.482368
v 18.570522 -32.773235 -80.621155
v 18.431736 -32.773235 -80.678642
v 18.292948 -32.773235 -80.621155
v 18.235460 -32.773235 -80.482368
v 20.298450 -32.969093 -78.600578
v 20.240963 -32.969093 -78.461792
v 20.240963 -32.773235 -78.461792
v 20.298450 -32.773235 -78.600578
v 20.298450 -32.969093 -78.323006
v 20.298450 -32.773235 -78.323006
v 20.437237 -32.969093 -78.265518
v 20.437237 -32.773235 -78.265518
v 20.576025 -32.969093 -78.323006
v 20.576025 -32.773235 -78.323006
v 20.633511 -32.969093 -78.461792
v 20.633511 -32.773235 -78.461792
v 20.576025 -32.969093 -78.600578
v 20.576025 -32.773235 -78.600578
v 20.437237 -32.969093 -78.658066
v 20.437237 -32.773235 -78.658066
v 20.298450 -32.969093 -78.600578
v 20.298450 -32.773235 -78.600578
v 20.298450 -32.773235 -78.600578
v 20.240963 -32.773235 -78.461792
v 20.437237 -32.773235 -78.461792
v 20.298450 -32.773235 -78.323006
v 20.437237 -32.773235 -78.265518
v 20.576025 -32.773235 -78.323006
v 20.633511 -32.773235 -78.461792
v 20.576025 -32.773235 -78.600578
v 20.437237 -32.773235 -78.658066
v 16.761417 -32.939964 -78.822792
v 16.761417 -32.939964 -78.115868
v 17.049454 -32.939964 -77.470062
v 17.575724 -32.939964 -76.997040
v 18.249231 -32.939964 -76.778595
v 18.953518 -32.939964 -76.852486
v 19.566809 -32.939964 -77.205948
v 19.983059 -32.939964 -77.777855
v 20.130295 -32.939964 -78.469330
v 19.983059 -32.939964 -79.160805
v 19.983059 -32.939964 -79.160805
v 19.566809 -32.939964 -79.732712
v 18.953518 -32.939964 -80.086174
v 18.249231 -32.939964 -80.160065
v 17.575726 -32.939964 -79.941620
v 17.049454 -32.939964 -79.468597
vn 0.3827 -0.0000 -0.9239
vn -0.3827 -0.0000 -0.9239
vn -0.9239 -0.0000 -0.3827
vn -0.9239 -0.0000 0.3827
vn -0.3827 -0.0000 0.9239
vn 0.3827 -0.0000 0.9239
vn 0.9239 -0.0000 0.3827
vn 0.9239 -0.0000 -0.3827
vn -0.0000 -1.0000 -0.0000
vn 0.8095 -0.0000 -0.5872
vn 0.5006 -0.0000 -0.8657
vn 0.1047 -0.0000 -0.9945
vn -0.3095 -0.0000 -0.9509
vn -0.6697 -0.0000 -0.7426
vn -0.9138 -0.0000 -0.4062
vn -1.0000 -0.0000 -0.0000
vn -0.9138 -0.0000 0.4062
vn -0.6697 -0.0000 0.7426
vn -0.3095 -0.0000 0.9509
vn 0.1047 -0.0000 0.9945
vn 0.5006 -0.0000 0.8657
vn 0.8095 -0.0000 0.5872
vn 0.9782 -0.0000 0.2076
vn 0.9782 -0.0000 -0.2076
vn -0.0000 1.0000 -0.0000
vn -0.9133 -0.0000 0.4073
vn -0.9133 -0.0000 -0.4073
vn -0.6685 -0.0000 -0.7437
vn -0.3085 -0.0000 -0.9512
vn 0.1043 -0.0000 -0.9945
vn 0.4993 -0.0000 -0.8664
vn 0.8085 -0.0000 -0.5885
vn 0.9781 -0.0000 -0.2083
vn 0.9781 -0.0000 0.2083
vn 0.8085 -0.0000 0.5885
vn 0.4993 -0.0000 0.8664
vn 0.1043 -0.0000 0.9945
vn -0.3085 -0.0000 0.9512
vn -0.6685 -0.0000 0.7437
vt 0.626259 0.228526
vt 0.626259 0.311052
vt 0.657132 0.311052
vt 0.657132 0.228526
vt 0.688006 0.311052
vt 0.688006 0.228526
vt 0.718879 0.311052
vt 0.718879 0.228526
vt 0.749752 0.311052
vt 0.749752 0.228526
vt 0.780626 0.311052
vt 0.780626 0.228526
vt 0.811499 0.311052
vt 0.811499 0.228526
vt 0.842372 0.311052
vt 0.842372 0.228526
vt 0.873246 0.311052
vt 0.873246 0.228526
vt 0.795357 0.434013
vt 0.748378 0.384376
vt 0.748378 0.453473
vt 0.701398 0.434013
vt 0.681939 0.387034
vt 0.701398 0.340054
vt 0.748378 0.320595
vt 0.795357 0.340054
vt 0.814817 0.387034
vt 0.976723 0.055183
vt 0.928106 0.055183
vt 0.928106 0.011561
vt 0.976723 0.011560
vt 0.864956 0.055183
vt 0.864956 0.011560
vt 0.792437 0.055183
vt 0.792437 0.011561
vt 0.723087 0.055183
vt 0.723087 0.011561
vt 0.668897 0.055183
vt 0.668897 0.011561
vt 0.602176 0.055183
vt 0.602176 0.011561
vt 0.529141 0.055183
vt 0.529141 0.011561
vt 0.462421 0.055183
vt 0.462421 0.011561
vt 0.413551 0.055183
vt 0.413551 0.011561
vt 0.344201 0.055183
vt 0.344201 0.011560
vt 0.271681 0.055182
vt 0.271681 0.011560
vt 0.208531 0.055182
vt 0.208532 0.011559
vt 0.165671 0.055182
vt 0.165671 0.011559
vt 0.094231 0.055180
vt 0.094232 0.011558
vt 0.022793 0.055179
vt 0.022793 0.011557
vt 0.877709 0.591879
vt 0.938997 0.660738
vt 0.745500 0.761653
vt 0.793712 0.553902
vt 0.701530 0.553373
vt 0.617103 0.590382
vt 0.555028 0.658533
vt 0.526039 0.746039
vt 0.535148 0.837771
vt 0.580780 0.917867
vt 0.655046 0.972478
vt 0.745103 0.992161
vt 0.835380 0.973514
vt 0.910268 0.919759
vt 0.956817 0.840192
vt 0.966979 0.748571
vt 0.956604 0.840420
vt 0.910055 0.919987
vt 0.745287 0.761882
vt 0.835167 0.973742
vt 0.744890 0.992390
vt 0.654833 0.972706
vt 0.580568 0.918095
vt 0.534936 0.837999
vt 0.525827 0.746267
vt 0.554816 0.658761
vt 0.616890 0.590611
vt 0.701318 0.553601
vt 0.793499 0.554130
vt 0.877496 0.592107
vt 0.938784 0.660966
vt 0.966766 0.748799
vt 0.859933 0.009535
vt 0.928210 0.009535
vt 0.928210 0.056020
vt 0.859933 0.056020
vt 0.785194 0.009535
vt 0.785194 0.056020
vt 0.716917 0.009535
vt 0.716917 0.056020
vt 0.666907 0.009535
vt 0.666907 0.056020
vt 0.595939 0.009535
vt 0.595939 0.056020
vt 0.521728 0.009535
vt 0.521728 0.056020
vt 0.457105 0.009535
vt 0.457105 0.056020
vt 0.413245 0.009535
vt 0.413245 0.056020
vt 0.340139 0.009535
vt 0.340140 0.056020
vt 0.267034 0.009535
vt 0.267034 0.056020
vt 0.206569 0.009535
vt 0.206569 0.056020
vt 0.169200 0.009535
vt 0.169200 0.056020
vt 0.094989 0.009535
vt 0.094989 0.056020
vt 0.024021 0.009535
vt 0.024021 0.056020
vt 0.978220 0.009535
vt 0.978220 0.056020
vt 0.245264 0.530755
vt 0.277146 0.530755
vt 0.277146 0.932671
vt 0.245264 0.932671
vt 0.213383 0.530755
vt 0.213383 0.932671
vt 0.181501 0.530755
vt 0.181501 0.932671
vt 0.149620 0.530755
vt 0.149620 0.932671
vt 0.117739 0.530755
vt 0.117739 0.932671
vt 0.085857 0.530755
vt 0.085857 0.932671
vt 0.053976 0.530755
vt 0.053976 0.932671
vt 0.022095 0.530755
vt 0.022095 0.932671
vt 0.468433 0.530755
vt 0.500315 0.530755
vt 0.500315 0.932671
vt 0.468433 0.932671
vt 0.436552 0.530755
vt 0.436552 0.932671
vt 0.404671 0.530755
vt 0.404671 0.932671
vt 0.372789 0.530755
vt 0.372789 0.932671
vt 0.340908 0.530755
vt 0.340908 0.932671
vt 0.309027 0.530755
vt 0.309027 0.932671
vt 0.849063 0.444058
vt 0.896454 0.392280
vt 0.953188 0.426223
vt 0.887073 0.498691
vt 0.784665 0.472109
vt 0.797253 0.537971
vt 0.714396 0.471583
vt 0.699261 0.537271
vt 0.650404 0.442570
vt 0.610038 0.496713
vt 0.603756 0.390087
vt 0.545013 0.423308
vt 0.582517 0.323209
vt 0.515429 0.329750
vt 0.590359 0.253499
vt 0.526401 0.232215
vt 0.625927 0.193012
vt 0.576033 0.147569
vt 0.683070 0.152205
vt 0.655742 0.090447
vt 0.751908 0.138135
vt 0.751746 0.070726
vt 0.820538 0.153235
vt 0.847445 0.091816
vt 0.877094 0.194893
vt 0.926292 0.150071
vt 0.911796 0.255907
vt 0.974654 0.235417
vt 0.918644 0.325727
vt 0.984167 0.333098
vt 0.213383 0.128839
vt 0.245264 0.128839
vt 0.277146 0.128839
vt 0.309027 0.128839
vt 0.340908 0.128839
vt 0.372789 0.128839
vt 0.404671 0.128839
vt 0.436552 0.128839
vt 0.468433 0.128839
vt 0.500315 0.128839
vt 0.022095 0.128839
vt 0.053976 0.128839
vt 0.085857 0.128839
vt 0.117739 0.128839
vt 0.149620 0.128839
vt 0.181501 0.128839
s 0
usemtl pipes
f 1/1/1 2/2/1 3/3/1
f 1/1/1 3/3/1 4/4/1
f 4/4/2 3/3/2 5/5/2
f 4/4/2 5/5/2 6/6/2
f 6/6/3 5/5/3 7/7/3
f 6/6/3 7/7/3 8/8/3
f 8/8/4 7/7/4 9/9/4
f 8/8/4 9/9/4 10/10/4
f 10/10/5 9/9/5 11/11/5
f 10/10/5 11/11/5 12/12/5
f 12/12/6 11/11/6 13/13/6
f 12/12/6 13/13/6 14/14/6
f 14/14/7 13/13/7 15/15/7
f 14/14/7 15/15/7 16/16/7
f 16/16/8 15/15/8 17/17/8
f 16/16/8 17/17/8 18/18/8
f 19/19/9 20/20/9 21/21/9
f 21/21/9 20/20/9 22/22/9
f 22/22/9 20/20/9 23/23/9
f 23/23/9 20/20/9 24/24/9
f 24/24/9 20/20/9 25/25/9
f 25/25/9 20/20/9 26/26/9
f 26/26/9 20/20/9 27/27/9
f 27/27/9 20/20/9 19/19/9
f 28/1/7 29/2/7 30/3/7
f 28/1/7 30/3/7 31/4/7
f 31/4/8 30/3/8 32/5/8
f 31/4/8 32/5/8 33/6/8
f 33/6/1 32/5/1 34/7/1
f 33/6/1 34/7/1 35/8/1
f 35/8/2 34/7/2 36/9/2
f 35/8/2 36/9/2 37/10/2
f 37/10/3 36/9/3 38/11/3
f 37/10/3 38/11/3 39/12/3
f 39/12/4 38/11/4 40/13/4
f 39/12/4 40/13/4 41/14/4
f 41/14/5 40/13/5 42/15/5
f 41/14/5 42/15/5 43/16/5
f 43/16/6 42/15/6 44/17/6
f 43/16/6 44/17/6 45/18/6
f 46/19/9 47/20/9 48/21/9
f 48/21/9 47/20/9 49/22/9
f 49/22/9 47/20/9 50/23/9
f 50/23/9 47/20/9 51/24/9
f 51/24/9 47/20/9 52/25/9
f 52/25/9 47/20/9 53/26/9
f 53/26/9 47/20/9 54/27/9
f 54/27/9 47/20/9 46/19/9
f 55/1/5 56/2/5 57/3/5
f 55/1/5 57/3/5 58/4/5
f 58/4/6 57/3/6 59/5/6
f 58/4/6 59/5/6 60/6/6
f 60/6/7 59/5/7 61/7/7
f 60/6/7 61/7/7 62/8/7
f 62/8/8 61/7/8 63/9/8
f 62/8/8 63/9/8 64/10/8
f 64/10/1 63/9/1 65/11/1
f 64/10/1 65/11/1 66/12/1
f 66/12/2 65/11/2 67/13/2
f 66/12/2 67/13/2 68/14/2
f 68/14/3 67/13/3 69/15/3
f 68/14/3 69/15/3 70/16/3
f 70/16/4 69/15/4 71/17/4
f 70/16/4 71/17/4 72/18/4
f 73/19/9 74/20/9 75/21/9
f 75/21/9 74/20/9 76/22/9
f 76/22/9 74/20/9 77/23/9
f 77/23/9 74/20/9 78/24/9
f 78/24/9 74/20/9 79/25/9
f 79/25/9 74/20/9 80/26/9
f 80/26/9 74/20/9 81/27/9
f 81/27/9 74/20/9 73/19/9
f 82/1/3 83/2/3 84/3/3
f 82/1/3 84/3/3 85/4/3
f 85/4/4 84/3/4 86/5/4
f 85/4/4 86/5/4 87/6/4
f 87/6/5 86/5/5 88/7/5
f 87/6/5 88/7/5 89/8/5
f 89/8/6 88/7/6 90/9/6
f 89/8/6 90/9/6 91/10/6
f 91/10/7 90/9/7 92/11/7
f 91/10/7 92/11/7 93/12/7
f 93/12/8 92/11/8 94/13/8
f 93/12/8 94/13/8 95/14/8
f 95/14/1 94/13/1 96/15/1
f 95/14/1 96/15/1 97/16/1
f 97/16/2 96/15/2 98/17/2
f 97/16/2 98/17/2 99/18/2
f 100/19/9 101/20/9 102/21/9
f 102/21/9 101/20/9 103/22/9
f 103/22/9 101/20/9 104/23/9
f 104/23/9 101/20/9 105/24/9
f 105/24/9 101/20/9 106/25/9
f 106/25/9 101/20/9 107/26/9
f 107/26/9 101/20/9 108/27/9
f 108/27/9 101/20/9 100/19/9
f 109/28/10 110/29/10 111/30/10
f 109/28/10 111/30/10 112/31/10
f 110/29/11 113/32/11 114/33/11
f 110/29/11 114/33/11 111/30/11
f 113/32/12 115/34/12 116/35/12
f 113/32/12 116/35/12 114/33/12
f 115/34/13 117/36/13 118/37/13
f 115/34/13 118/37/13 116/35/13
f 117/36/14 119/38/14 120/39/14
f 117/36/14 120/39/14 118/37/14
f 119/38/15 121/40/15 122/41/15
f 119/38/15 122/41/15 120/39/15
f 121/40/16 123/42/16 124/43/16
f 121/40/16 124/43/16 122/41/16
f 123/42/17 125/44/17 126/45/17
f 123/42/17 126/45/17 124/43/17
f 125/44/18 127/46/18 128/47/18
f 125/44/18 128/47/18 126/45/18
f 127/46/19 129/48/19 130/49/19
f 127/46/19 130/49/19 128/47/19
f 129/48/20 131/50/20 132/51/20
f 129/48/20 132/51/20 130/49/20
f 131/50/21 133/52/21 134/53/21
f 131/50/21 134/53/21 132/51/21
f 133/52/22 135/54/22 136/55/22
f 133/52/22 136/55/22 134/53/22
f 135/54/23 137/56/23 138/57/23
f 135/54/23 138/57/23 136/55/23
f 137/56/24 139/58/24 140/59/24
f 137/56/24 140/59/24 138/57/24
f 141/60/9 142/61/9 143/62/9
f 144/63/9 141/60/9 143/62/9
f 145/64/9 144/63/9 143/62/9
f 146/65/9 145/64/9 143/62/9
f 147/66/9 146/65/9 143/62/9
f 148/67/9 147/66/9 143/62/9
f 149/68/9 148/67/9 143/62/9
f 150/69/9 149/68/9 143/62/9
f 151/70/9 150/69/9 143/62/9
f 152/71/9 151/70/9 143/62/9
f 153/72/9 152/71/9 143/62/9
f 154/73/9 153/72/9 143/62/9
f 155/74/9 154/73/9 143/62/9
f 156/75/9 155/74/9 143/62/9
f 142/61/9 156/75/9 143/62/9
f 157/76/25 158/77/25 159/78/25
f 158/77/25 160/79/25 159/78/25
f 160/79/25 161/80/25 159/78/25
f 161/80/25 162/81/25 159/78/25
f 162/81/25 163/82/25 159/78/25
f 163/82/25 164/83/25 159/78/25
f 164/83/25 165/84/25 159/78/25
f 165/84/25 166/85/25 159/78/25
f 166/85/25 167/86/25 159/78/25
f 167/86/25 168/87/25 159/78/25
f 168/87/25 169/88/25 159/78/25
f 169/88/25 170/89/25 159/78/25
f 170/89/25 171/90/25 159/78/25
f 171/90/25 172/91/25 159/78/25
f 172/91/25 157/76/25 159/78/25
f 173/92/17 174/93/17 175/94/17
f 173/92/17 175/94/17 176/95/17
f 177/96/16 173/92/16 176/95/16
f 177/96/16 176/95/16 178/97/16
f 179/98/15 177/96/15 178/97/15
f 179/98/15 178/97/15 180/99/15
f 181/100/14 179/98/14 180/99/14
f 181/100/14 180/99/14 182/101/14
f 183/102/13 181/100/13 182/101/13
f 183/102/13 182/101/13 184/103/13
f 185/104/12 183/102/12 184/103/12
f 185/104/12 184/103/12 186/105/12
f 187/106/11 185/104/11 186/105/11
f 187/106/11 186/105/11 188/107/11
f 189/108/10 187/106/10 188/107/10
f 189/108/10 188/107/10 190/109/10
f 191/110/24 189/108/24 190/109/24
f 191/110/24 190/109/24 192/111/24
f 193/112/23 191/110/23 192/111/23
f 193/112/23 192/111/23 194/113/23
f 195/114/22 193/112/22 194/113/22
f 195/114/22 194/113/22 196/115/22
f 197/116/21 195/114/21 196/115/21
f 197/116/21 196/115/21 198/117/21
f 199/118/20 197/116/20 198/117/20
f 199/118/20 198/117/20 200/119/20
f 201/120/19 199/118/19 200/119/19
f 201/120/19 200/119/19 202/121/19
f 174/93/18 203/122/18 204/123/18
f 174/93/18 204/123/18 175/94/18
f 205/124/26 206/125/26 207/126/26
f 205/124/26 207/126/26 208/127/26
f 209/128/16 205/124/16 208/127/16
f 209/128/16 208/127/16 210/129/16
f 211/130/27 209/128/27 210/129/27
f 211/130/27 210/129/27 212/131/27
f 213/132/28 211/130/28 212/131/28
f 213/132/28 212/131/28 214/133/28
f 215/134/29 213/132/29 214/133/29
f 215/134/29 214/133/29 216/135/29
f 217/136/30 215/134/30 216/135/30
f 217/136/30 216/135/30 218/137/30
f 219/138/31 217/136/31 218/137/31
f 219/138/31 218/137/31 220/139/31
f 221/140/32 219/138/32 220/139/32
f 221/140/32 220/139/32 222/141/32
f 223/142/33 224/143/33 225/144/33
f 223/142/33 225/144/33 226/145/33
f 227/146/34 223/142/34 226/145/34
f 227/146/34 226/145/34 228/147/34
f 229/148/35 227/146/35 228/147/35
f 229/148/35 228/147/35 230/149/35
f 231/150/36 229/148/36 230/149/36
f 231/150/36 230/149/36 232/151/36
f 233/152/37 231/150/37 232/151/37
f 233/152/37 232/151/37 234/153/37
f 235/154/38 233/152/38 234/153/38
f 235/154/38 234/153/38 236/155/38
f 206/125/39 235/154/39 236/155/39
f 206/125/39 236/155/39 207/126/39
f 237/156/25 238/157/25 239/158/25
f 237/156/25 239/158/25 240/159/25
f 241/160/25 237/156/25 240/159/25
f 241/160/25 240/159/25 242/161/25
f 243/162/25 241/160/25 242/161/25
f 243/162/25 242/161/25 244/163/25
f 245/164/25 243/162/25 244/163/25
f 245/164/25 244/163/25 246/165/25
f 247/166/25 245/164/25 246/165/25
f 247/166/25 246/165/25 248/167/25
f 249/168/25 247/166/25 248/167/25
f 249/168/25 248/167/25 250/169/25
f 251/170/25 249/168/25 250/169/25
f 251/170/25 250/169/25 252/171/25
f 253/172/25 251/170/25 252/171/25
f 253/172/25 252/171/25 254/173/25
f 255/174/25 253/172/25 254/173/25
f 255/174/25 254/173/25 256/175/25
f 257/176/25 255/174/25 256/175/25
f 257/176/25 256/175/25 258/177/25
f 259/178/25 257/176/25 258/177/25
f 259/178/25 258/177/25 260/179/25
f 261/180/25 259/178/25 260/179/25
f 261/180/25 260/179/25 262/181/25
f 263/182/25 261/180/25 262/181/25
f 263/182/25 262/181/25 264/183/25
f 265/184/25 263/182/25 264/183/25
f 265/184/25 264/183/25 266/185/25
f 238/157/25 265/184/25 266/185/25
f 238/157/25 266/185/25 239/158/25
f 267/168/9 268/166/9 269/167/9
f 267/168/9 269/167/9 270/169/9
f 271/170/9 267/168/9 270/169/9
f 271/170/9 270/169/9 272/171/9
f 273/172/9 271/170/9 272/171/9
f 273/172/9 272/171/9 274/173/9
f 275/174/9 273/172/9 274/173/9
f 275/174/9 274/173/9 276/175/9
f 277/176/9 275/174/9 276/175/9
f 277/176/9 276/175/9 278/177/9
f 279/178/9 277/176/9 278/177/9
f 279/178/9 278/177/9 280/179/9
f 281/180/9 279/178/9 280/179/9
f 281/180/9 280/179/9 282/181/9
f 283/182/9 281/180/9 282/181/9
f 283/182/9 282/181/9 284/183/9
f 285/184/9 283/182/9 284/183/9
f 285/184/9 284/183/9 286/185/9
f 287/157/9 285/184/9 286/185/9
f 287/157/9 286/185/9 288/158/9
f 289/156/9 287/157/9 288/158/9
f 289/156/9 288/158/9 290/159/9
f 291/160/9 289/156/9 290/159/9
f 291/160/9 290/159/9 292/161/9
f 293/162/9 291/160/9 292/161/9
f 293/162/9 292/161/9 294/163/9
f 295/164/9 293/162/9 294/163/9
f 295/164/9 294/163/9 296/165/9
f 268/166/9 295/164/9 296/165/9
f 268/166/9 296/165/9 269/167/9
f 297/1/1 298/4/1 299/3/1
f 297/1/1 299/3/1 300/2/1
f 298/4/2 301/6/2 302/5/2
f 298/4/2 302/5/2 299/3/2
f 301/6/3 303/8/3 304/7/3
f 301/6/3 304/7/3 302/5/3
f 303/8/4 305/10/4 306/9/4
f 303/8/4 306/9/4 304/7/4
f 305/10/5 307/12/5 308/11/5
f 305/10/5 308/11/5 306/9/5
f 307/12/6 309/14/6 310/13/6
f 307/12/6 310/13/6 308/11/6
f 309/14/7 311/16/7 312/15/7
f 309/14/7 312/15/7 310/13/7
f 311/16/8 313/18/8 314/17/8
f 311/16/8 314/17/8 312/15/8
f 315/19/25 316/21/25 317/20/25
f 316/21/25 318/22/25 317/20/25
f 318/22/25 319/23/25 317/20/25
f 319/23/25 320/24/25 317/20/25
f 320/24/25 321/25/25 317/20/25
f 321/25/25 322/26/25 317/20/25
f 322/26/25 323/27/25 317/20/25
f 323/27/25 315/19/25 317/20/25
f 324/1/7 325/4/7 326/3/7
f 324/1/7 326/3/7 327/2/7
f 325/4/8 328/6/8 329/5/8
f 325/4/8 329/5/8 326/3/8
f 328/6/1 330/8/1 331/7/1
f 328/6/1 331/7/1 329/5/1
f 330/8/2 332/10/2 333/9/2
f 330/8/2 333/9/2 331/7/2
f 332/10/3 334/12/3 335/11/3
f 332/10/3 335/11/3 333/9/3
f 334/12/4 336/14/4 337/13/4
f 334/12/4 337/13/4 335/11/4
f 336/14/5 338/16/5 339/15/5
f 336/14/5 339/15/5 337/13/5
f 338/16/6 340/18/6 341/17/6
f 338/16/6 341/17/6 339/15/6
f 342/19/25 343/21/25 344/20/25
f 343/21/25 345/22/25 344/20/25
f 345/22/25 346/23/25 344/20/25
f 346/23/25 347/24/25 344/20/25
f 347/24/25 348/25/25 344/20/25
f 348/25/25 349/26/25 344/20/25
f 349/26/25 350/27/25 344/20/25
f 350/27/25 342/19/25 344/20/25
f 351/1/5 352/4/5 353/3/5
f 351/1/5 353/3/5 354/2/5
f 352/4/6 355/6/6 356/5/6
f 352/4/6 356/5/6 353/3/6
f 355/6/7 357/8/7 358/7/7
f 355/6/7 358/7/7 356/5/7
f 357/8/8 359/10/8 360/9/8
f 357/8/8 360/9/8 358/7/8
f 359/10/1 361/12/1 362/11/1
f 359/10/1 362/11/1 360/9/1
f 361/12/2 363/14/2 364/13/2
f 361/12/2 364/13/2 362/11/2
f 363/14/3 365/16/3 366/15/3
f 363/14/3 366/15/3 364/13/3
f 365/16/4 367/18/4 368/17/4
f 365/16/4 368/17/4 366/15/4
f 369/19/25 370/21/25 371/20/25
f 370/21/25 372/22/25 371/20/25
f 372/22/25 373/23/25 371/20/25
f 373/23/25 374/24/25 371/20/25
f 374/24/25 375/25/25 371/20/25
f 375/25/25 376/26/25 371/20/25
f 376/26/25 377/27/25 371/20/25
f 377/27/25 369/19/25 371/20/25
f 378/1/3 379/4/3 380/3/3
f 378/1/3 380/3/3 381/2/3
f 379/4/4 382/6/4 383/5/4
f 379/4/4 383/5/4 380/3/4
f 382/6/5 384/8/5 385/7/5
f 382/6/5 385/7/5 383/5/5
f 384/8/6 386/10/6 387/9/6
f 384/8/6 387/9/6 385/7/6
f 386/10/7 388/12/7 389/11/7
f 386/10/7 389/11/7 387/9/7
f 388/12/8 390/14/8 391/13/8
f 388/12/8 391/13/8 389/11/8
f 390/14/1 392/16/1 393/15/1
f 390/14/1 393/15/1 391/13/1
f 392/16/2 394/18/2 395/17/2
f 392/16/2 395/17/2 393/15/2
f 396/19/25 397/21/25 398/20/25
f 397/21/25 399/22/25 398/20/25
f 399/22/25 400/23/25 398/20/25
f 400/23/25 401/24/25 398/20/25
f 401/24/25 402/25/25 398/20/25
f 402/25/25 403/26/25 398/20/25
f 403/26/25 404/27/25 398/20/25
f 404/27/25 396/19/25 398/20/25
f 405/186/16 406/187/16 205/124/16
f 405/186/16 205/124/16 209/128/16
f 406/187/26 407/188/26 206/125/26
f 406/187/26 206/125/26 205/124/26
f 407/188/39 408/189/39 235/154/39
f 407/188/39 235/154/39 206/125/39
f 408/189/38 409/190/38 233/152/38
f 408/189/38 233/152/38 235/154/38
f 409/190/37 410/191/37 231/150/37
f 409/190/37 231/150/37 233/152/37
f 410/191/36 411/192/36 229/148/36
f 410/191/36 229/148/36 231/150/36
f 411/192/35 412/193/35 227/146/35
f 411/192/35 227/146/35 229/148/35
f 412/193/34 413/194/34 223/142/34
f 412/193/34 223/142/34 227/146/34
f 413/194/33 414/195/33 224/143/33
f 413/194/33 224/143/33 223/142/33
f 415/196/32 416/197/32 219/138/32
f 415/196/32 219/138/32 221/140/32
f 416/197/31 417/198/31 217/136/31
f 416/197/31 217/136/31 219/138/31
f 417/198/30 418/199/30 215/134/30
f 417/198/30 215/134/30 217/136/30
f 418/199/29 419/200/29 213/132/29
f 418/199/29 213/132/29 215/134/29
f 419/200/28 420/201/28 211/130/28
f 419/200/28 211/130/28 213/132/28
f 420/201/27 405/186/27 209/128/27
f 420/201/27 209/128/27 211/130/27
o classname=mesh.001
v 24.797798 4.987683 -78.652023
v 24.636488 4.985611 -78.652023
v 24.635750 5.043096 -78.513237
v 24.797062 5.045168 -78.513237
v 24.636488 4.985611 -78.374451
v 24.797798 4.987683 -78.374451
v 24.638271 4.846837 -78.316963
v 24.799582 4.848908 -78.316963
v 24.640053 4.708062 -78.374451
v 24.801367 4.710132 -78.374451
v 24.640791 4.650580 -78.513237
v 24.802105 4.652650 -78.513237
v 24.640053 4.708062 -78.652023
v 24.801367 4.710132 -78.652023
v 24.638271 4.846837 -78.709511
v 24.799582 4.848908 -78.709511
v 24.636488 4.985611 -78.652023
v 24.797798 4.987683 -78.652023
v 24.636488 4.985611 -78.652023
v 24.638271 4.846837 -78.513237
v 24.635750 5.043096 -78.513237
v 24.636488 4.985611 -78.374451
v 24.638271 4.846837 -78.316963
v 24.640053 4.708062 -78.374451
v 24.640791 4.650580 -78.513237
v 24.640053 4.708062 -78.652023
v 24.638271 4.846837 -78.709511
v 24.775421 6.730538 -76.646523
v 24.614107 6.728468 -76.646523
v 24.612326 6.867242 -76.704010
v 24.773636 6.869316 -76.704010
v 24.610542 7.006018 -76.646523
v 24.771856 7.008090 -76.646523
v 24.609806 7.063501 -76.507736
v 24.771118 7.065573 -76.507736
v 24.610542 7.006018 -76.368950
v 24.771856 7.008090 -76.368950
v 24.612326 6.867242 -76.311462
v 24.773636 6.869316 -76.311462
v 24.614107 6.728468 -76.368950
v 24.775421 6.730538 -76.368950
v 24.614845 6.670985 -76.507736
v 24.776157 6.673058 -76.507736
v 24.614107 6.728468 -76.646523
v 24.775421 6.730538 -76.646523
v 24.614107 6.728468 -76.646523
v 24.612326 6.867242 -76.507736
v 24.612326 6.867242 -76.704010
v 24.610542 7.006018 -76.646523
v 24.609806 7.063501 -76.507736
v 24.610542 7.006018 -76.368950
v 24.612326 6.867242 -76.311462
v 24.614107 6.728468 -76.368950
v 24.614845 6.670985 -76.507736
v 24.749664 8.735878 -78.389519
v 24.588352 8.733806 -78.389519
v 24.589090 8.676321 -78.528305
v 24.750402 8.678393 -78.528305
v 24.588352 8.733806 -78.667091
v 24.749664 8.735878 -78.667091
v 24.586571 8.872580 -78.724579
v 24.747881 8.874652 -78.724579
v 24.584787 9.011355 -78.667091
v 24.746099 9.013428 -78.667091
v 24.584047 9.068836 -78.528305
v 24.745361 9.070907 -78.528305
v 24.584787 9.011355 -78.389519
v 24.746099 9.013428 -78.389519
v 24.586571 8.872580 -78.332031
v 24.747881 8.874652 -78.332031
v 24.588352 8.733806 -78.389519
v 24.749664 8.735878 -78.389519
v 24.588352 8.733806 -78.389519
v 24.586571 8.872580 -78.528305
v 24.589090 8.676321 -78.528305
v 24.588352 8.733806 -78.667091
v 24.586571 8.872580 -78.724579
v 24.584787 9.011355 -78.667091
v 24.584047 9.068836 -78.528305
v 24.584787 9.011355 -78.389519
v 24.586571 8.872580 -78.332031
v 24.772051 6.993020 -80.395027
v 24.610737 6.990950 -80.395027
v 24.612518 6.852174 -80.337532
v 24.773834 6.854246 -80.337532
v 24.614304 6.713398 -80.395027
v 24.775614 6.715471 -80.395027
v 24.615040 6.655915 -80.533806
v 24.776356 6.657987 -80.533806
v 24.614304 6.713398 -80.672600
v 24.775614 6.715471 -80.672600
v 24.612518 6.852174 -80.730080
v 24.773834 6.854246 -80.730080
v 24.610737 6.990950 -80.672600
v 24.772051 6.993020 -80.672600
v 24.610003 7.048431 -80.533806
v 24.771313 7.050503 -80.533806
v 24.610737 6.990950 -80.395027
v 24.772051 6.993020 -80.395027
v 24.610737 6.990950 -80.395027
v 24.612518 6.852174 -80.533806
v 24.612518 6.852174 -80.337532
v 24.614304 6.713398 -80.395027
v 24.615040 6.655915 -80.533806
v 24.614304 6.713398 -80.672600
v 24.612518 6.852174 -80.730080
v 24.610737 6.990950 -80.672600
v 24.610003 7.048431 -80.533806
v 17.440483 0.000000 -80.686020
v 16.640289 0.000000 -80.105568
v 16.640289 0.476624 -80.105568
v 17.440483 0.476624 -80.686020
v 16.145744 0.000000 -79.250351
v 16.145744 0.476624 -79.250351
v 16.042355 0.000000 -78.268242
v 16.042355 0.476624 -78.268242
v 16.348000 0.000000 -77.329056
v 16.348000 0.476624 -77.329056
v 17.009830 0.000000 -76.595184
v 17.009830 0.476624 -76.595184
v 17.913412 0.000000 -76.193527
v 17.913412 0.476624 -76.193527
v 18.902504 0.000000 -76.193527
v 18.902504 0.476624 -76.193527
v 19.806086 0.000000 -76.595184
v 19.806086 0.476624 -76.595184
v 20.467916 0.000000 -77.329056
v 20.467916 0.476624 -77.329056
v 20.773563 0.000000 -78.268242
v 20.773563 0.476624 -78.268242
v 20.670176 0.000000 -79.250351
v 20.670176 0.476624 -79.250351
v 20.175631 0.000000 -80.105568
v 20.175631 0.476624 -80.105568
v 19.375439 0.000000 -80.686020
v 19.375439 0.476624 -80.686020
v 18.407959 0.000000 -80.891335
v 18.407959 0.476624 -80.891335
v 17.440483 0.000000 -80.686020
v 17.440483 0.476624 -80.686020
v 16.640289 0.000000 -80.105568
v 17.440483 0.000000 -80.686020
v 18.407959 0.000000 -78.516479
v 16.145744 0.000000 -79.250351
v 16.042355 0.000000 -78.268242
v 16.348000 0.000000 -77.329056
v 17.009830 0.000000 -76.595184
v 17.913412 0.000000 -76.193527
v 18.902504 0.000000 -76.193527
v 19.806086 0.000000 -76.595184
v 20.467916 0.000000 -77.329056
v 20.773563 0.000000 -78.268242
v 20.670176 0.000000 -79.250351
v 20.175631 0.000000 -80.105568
v 19.375439 0.000000 -80.686020
v 18.407959 0.000000 -80.891335
v 25.246120 7.835405 -80.686020
v 25.235847 8.635530 -80.105568
v 25.258551 6.868005 -78.516479
v 25.229494 9.130035 -79.250351
v 25.228168 9.233416 -78.268242
v 25.232088 8.927796 -77.329056
v 25.240589 8.266019 -76.595184
v 25.252199 7.362513 -76.193520
v 25.264898 6.373498 -76.193520
v 25.276503 5.469997 -76.595184
v 25.284996 4.808218 -77.329056
v 25.288921 4.502595 -78.268242
v 25.287594 4.605978 -79.250351
v 25.281248 5.100483 -80.105568
v 25.270973 5.900609 -80.686020
v 25.258553 6.868005 -80.891335
v 24.757030 6.366981 -76.193520
v 24.768633 5.463472 -76.595184
v 25.276503 5.469997 -76.595184
v 25.264898 6.373498 -76.193520
v 24.744328 7.355991 -76.193520
v 25.252199 7.362513 -76.193520
v 24.732725 8.259496 -76.595184
v 25.240589 8.266019 -76.595184
v 24.724220 8.921273 -77.329056
v 25.232088 8.927796 -77.329056
v 24.720297 9.226893 -78.268242
v 25.228168 9.233416 -78.268242
v 24.721628 9.123513 -79.250351
v 25.229494 9.130035 -79.250351
v 24.727978 8.629008 -80.105568
v 25.235847 8.635530 -80.105568
v 24.738258 7.828882 -80.686020
v 25.246120 7.835405 -80.686020
v 24.750679 6.861483 -80.891335
v 25.258553 6.868005 -80.891335
v 24.763103 5.894085 -80.686020
v 25.270973 5.900609 -80.686020
v 24.773376 5.093958 -80.105568
v 25.281248 5.100483 -80.105568
v 24.779730 4.599455 -79.250351
v 25.287594 4.605978 -79.250351
v 24.781057 4.496075 -78.268242
v 25.288921 4.502595 -78.268242
v 24.777128 4.801692 -77.329056
v 25.284996 4.808218 -77.329056
v 24.777128 4.801692 -77.329056
v 25.284996 4.808218 -77.329056
v 19.441135 5.695784 -76.860466
v 19.921198 5.277253 -77.148079
v 20.654346 5.674135 -77.147797
v 20.412659 6.248661 -76.860123
v 18.915642 6.153924 -76.860466
v 20.148100 6.877558 -76.860123
v 18.435579 6.572457 -77.148079
v 19.906414 7.452085 -77.147797
v 18.083956 6.879010 -77.673576
v 19.729387 7.872896 -77.673401
v 17.921570 7.020585 -78.346092
v 19.647635 8.067238 -78.346054
v 17.976500 6.972695 -79.049347
v 19.675289 8.001500 -79.049454
v 18.239248 6.743624 -79.661736
v 19.807571 7.687048 -79.661964
v 18.664381 6.372983 -80.077377
v 20.021605 7.178262 -80.077690
v 19.178389 5.924853 -80.224396
v 18.664381 6.372983 -80.077377
v 20.021605 7.178262 -80.077690
v 20.280378 6.563108 -80.224739
v 19.692400 5.476725 -80.077377
v 20.539160 5.947955 -80.077690
v 20.117533 5.106084 -79.661736
v 20.753193 5.439168 -79.661964
v 20.380278 4.877013 -79.049347
v 20.885469 5.124720 -79.049446
v 20.435207 4.829124 -78.346092
v 20.913124 5.058981 -78.346054
v 20.272820 4.970699 -77.673576
v 20.831371 5.253323 -77.673401
v 17.144575 0.476624 -79.663383
v 17.716488 0.476624 -80.079636
v 17.440483 0.476624 -80.686020
v 16.640289 0.476624 -80.105568
v 16.791115 0.476624 -79.050095
v 16.145744 0.476624 -79.250351
v 16.717220 0.476624 -78.345810
v 16.042355 0.476624 -78.268242
v 16.935671 0.476624 -77.672302
v 16.348000 0.476624 -77.329056
v 17.408693 0.476624 -77.146027
v 17.009830 0.476624 -76.595184
v 18.054497 0.476624 -76.857994
v 17.913412 0.476624 -76.193527
v 18.761419 0.476624 -76.857994
v 18.902504 0.476624 -76.193527
v 19.407223 0.476624 -77.146027
v 19.806086 0.476624 -76.595184
v 19.880245 0.476624 -77.672302
v 20.467916 0.476624 -77.329056
v 20.098698 0.476624 -78.345802
v 20.773563 0.476624 -78.268242
v 20.024805 0.476624 -79.050095
v 20.670176 0.476624 -79.250351
v 19.671345 0.476624 -79.663383
v 20.175631 0.476624 -80.105568
v 19.099432 0.476624 -80.079636
v 19.375439 0.476624 -80.686020
v 18.407959 0.476624 -80.226868
v 18.407959 0.476624 -80.891335
v 24.755219 6.508052 -76.857986
v 24.763512 5.862300 -77.146027
v 24.768633 5.463472 -76.595184
v 24.757030 6.366981 -76.193520
v 24.746140 7.214916 -76.857986
v 24.744328 7.355991 -76.193520
v 24.737850 7.860667 -77.146027
v 24.732725 8.259496 -76.595184
v 24.731771 8.333650 -77.672295
v 24.724220 8.921273 -77.329056
v 24.728966 8.552082 -78.345802
v 24.720297 9.226893 -78.268242
v 24.729916 8.478195 -79.050095
v 24.721628 9.123513 -79.250351
v 24.734457 8.124763 -79.663383
v 24.727978 8.629008 -80.105568
v 24.741804 7.552899 -80.079628
v 24.738258 7.828882 -80.686020
v 24.750679 6.861483 -80.226868
v 24.750679 6.861483 -80.891335
v 24.759560 6.170067 -80.079628
v 24.763103 5.894085 -80.686020
v 24.766905 5.598202 -79.663383
v 24.773376 5.093958 -80.105568
v 24.771439 5.244772 -79.050087
v 24.779730 4.599455 -79.250351
v 24.772388 5.170886 -78.345802
v 24.781057 4.496075 -78.268242
v 24.769585 5.389317 -77.672295
v 24.777128 4.801692 -77.329056
v 20.282209 0.452635 -78.652023
v 20.224722 0.452635 -78.513237
v 20.224722 0.613929 -78.513237
v 20.282209 0.613929 -78.652023
v 20.282209 0.452635 -78.374451
v 20.282209 0.613929 -78.374451
v 20.420996 0.452635 -78.316963
v 20.420996 0.613929 -78.316963
v 20.559784 0.452635 -78.374451
v 20.559784 0.613929 -78.374451
v 20.617270 0.452635 -78.513237
v 20.617270 0.613929 -78.513237
v 20.559784 0.452635 -78.652023
v 20.559784 0.613929 -78.652023
v 20.420996 0.452635 -78.709511
v 20.420996 0.613929 -78.709511
v 20.282209 0.452635 -78.652023
v 20.282209 0.613929 -78.652023
v 20.282209 0.613929 -78.652023
v 20.224722 0.613929 -78.513237
v 20.420996 0.613929 -78.513237
v 20.282209 0.613929 -78.374451
v 20.420996 0.613929 -78.316963
v 20.559784 0.613929 -78.374451
v 20.617270 0.613929 -78.513237
v 20.559784 0.613929 -78.652023
v 20.420996 0.613929 -78.709511
v 18.539209 0.452635 -76.646523
v 18.400423 0.452635 -76.704010
v 18.400423 0.613929 -76.704010
v 18.539209 0.613929 -76.646523
v 18.261637 0.452635 -76.646523
v 18.261637 0.613929 -76.646523
v 18.204149 0.452635 -76.507736
v 18.204149 0.613929 -76.507736
v 18.261637 0.452635 -76.368950
v 18.261637 0.613929 -76.368950
v 18.400423 0.452635 -76.311462
v 18.400423 0.613929 -76.311462
v 18.539209 0.452635 -76.368950
v 18.539209 0.613929 -76.368950
v 18.596697 0.452635 -76.507736
v 18.596697 0.613929 -76.507736
v 18.539209 0.452635 -76.646523
v 18.539209 0.613929 -76.646523
v 18.539209 0.613929 -76.646523
v 18.400423 0.613929 -76.704010
v 18.400423 0.613929 -76.507736
v 18.261637 0.613929 -76.646523
v 18.204149 0.613929 -76.507736
v 18.261637 0.613929 -76.368950
v 18.400423 0.613929 -76.311462
v 18.539209 0.613929 -76.368950
v 18.596697 0.613929 -76.507736
v 16.533709 0.452635 -78.389526
v 16.591196 0.452635 -78.528313
v 16.591196 0.613929 -78.528313
v 16.533709 0.613929 -78.389526
v 16.533709 0.452635 -78.667099
v 16.533709 0.613929 -78.667099
v 16.394922 0.452635 -78.724586
v 16.394922 0.613929 -78.724586
v 16.256134 0.452635 -78.667099
v 16.256134 0.613929 -78.667099
v 16.198648 0.452635 -78.528313
v 16.198648 0.613929 -78.528313
v 16.256134 0.452635 -78.389526
v 16.256134 0.613929 -78.389526
v 16.394922 0.452635 -78.332039
v 16.394922 0.613929 -78.332039
v 16.533709 0.452635 -78.389526
v 16.533709 0.613929 -78.389526
v 16.533709 0.613929 -78.389526
v 16.591196 0.613929 -78.528313
v 16.394922 0.613929 -78.528313
v 16.533709 0.613929 -78.667099
v 16.394922 0.613929 -78.724586
v 16.256134 0.613929 -78.667099
v 16.198648 0.613929 -78.528313
v 16.256134 0.613929 -78.389526
v 16.394922 0.613929 -78.332039
v 18.276709 0.452635 -80.395027
v 18.415495 0.452635 -80.337540
v 18.415495 0.613929 -80.337540
v 18.276709 0.613929 -80.395027
v 18.554281 0.452635 -80.395027
v 18.554281 0.613929 -80.395027
v 18.611769 0.452635 -80.533813
v 18.611769 0.613929 -80.533813
v 18.554281 0.452635 -80.672600
v 18.554281 0.613929 -80.672600
v 18.415495 0.452635 -80.730087
v 18.415495 0.613929 -80.730087
v 18.276709 0.452635 -80.672600
v 18.276709 0.613929 -80.672600
v 18.219221 0.452635 -80.533813
v 18.219221 0.613929 -80.533813
v 18.276709 0.452635 -80.395027
v 18.276709 0.613929 -80.395027
v 18.276709 0.613929 -80.395027
v 18.415495 0.613929 -80.337540
v 18.415495 0.613929 -80.533813
v 18.554281 0.613929 -80.395027
v 18.611769 0.613929 -80.533813
v 18.554281 0.613929 -80.672600
v 18.415495 0.613929 -80.730087
v 18.276709 0.613929 -80.672600
v 18.219221 0.613929 -80.533813
v 18.761419 0.476624 -76.857994
v 19.407223 0.476624 -77.146027
v 19.391169 3.835071 -77.147369
v 18.761049 3.833719 -76.859612
v 19.880245 0.476624 -77.672302
v 19.852699 3.836060 -77.673134
v 20.098698 0.476624 -78.345802
v 20.065845 3.836517 -78.345993
v 20.024805 0.476624 -79.050095
v 19.993748 3.836362 -79.049606
v 19.671345 0.476624 -79.663383
v 19.648872 3.835624 -79.662308
v 19.099432 0.476624 -80.079636
v 19.090855 3.834426 -80.078156
v 18.407959 0.476624 -80.226868
v 18.416176 3.832979 -80.225250
v 17.716488 0.476624 -80.079636
v 17.741499 3.831535 -80.078156
v 17.716488 0.476624 -80.079636
v 17.144575 0.476624 -79.663383
v 17.183481 3.830337 -79.662308
v 17.741499 3.831535 -80.078156
v 16.791115 0.476624 -79.050095
v 16.838604 3.829597 -79.049606
v 16.717220 0.476624 -78.345810
v 16.766504 3.829443 -78.345993
v 16.935671 0.476624 -77.672302
v 16.979649 3.829900 -77.673134
v 17.408693 0.476624 -77.146027
v 17.441181 3.830891 -77.147369
v 18.054497 0.476624 -76.857994
v 18.071299 3.832241 -76.859612
v 21.403465 7.182144 -76.859818
v 21.418861 6.486660 -76.859818
v 24.755219 6.508052 -76.857986
v 24.746140 7.214916 -76.857986
v 21.389402 7.817500 -77.147545
v 24.737850 7.860667 -77.146027
v 21.379099 8.282867 -77.673241
v 24.731771 8.333650 -77.672295
v 21.374342 8.497786 -78.346016
v 24.728966 8.552082 -78.345802
v 21.375950 8.425087 -79.049545
v 24.729916 8.478195 -79.050095
v 21.383650 8.077342 -79.662170
v 24.734457 8.124763 -79.663383
v 21.396107 7.514686 -80.077965
v 24.741804 7.552899 -80.079628
v 21.411163 6.834401 -80.225044
v 21.396107 7.514686 -80.077965
v 24.741804 7.552899 -80.079628
v 24.750679 6.861483 -80.226868
v 21.426224 6.154115 -80.077965
v 24.759560 6.170067 -80.079628
v 21.438681 5.591458 -79.662170
v 24.766905 5.598202 -79.663383
v 21.446377 5.243717 -79.049545
v 24.771439 5.244772 -79.050087
v 21.447987 5.171019 -78.346016
v 24.772388 5.170886 -78.345802
v 21.443230 5.385936 -77.673241
v 24.769585 5.389317 -77.672295
v 21.432928 5.851304 -77.147545
v 24.763512 5.862300 -77.146027
v 19.949026 4.410157 -77.673355
v 19.536240 4.593330 -77.147720
v 18.972670 4.843410 -76.860031
v 18.355766 5.117158 -76.860031
v 17.792196 5.367241 -77.147720
v 17.379410 5.550411 -77.673355
v 17.188776 5.635005 -78.346046
v 17.253260 5.606390 -79.049477
v 17.561714 5.469516 -79.662025
v 18.060799 5.248050 -80.077766
v 18.060799 5.248050 -80.077766
v 18.664219 4.980283 -80.224831
v 19.267643 4.712518 -80.077766
v 19.766727 4.491053 -79.662025
v 20.075178 4.354178 -79.049477
v 20.139662 4.325564 -78.346046
vn -0.0119 0.9238 -0.3827
vn -0.0119 0.9238 0.3827
vn -0.0049 0.3827 0.9239
vn 0.0049 -0.3826 0.9239
vn 0.0049 -0.3827 0.9239
vn 0.0119 -0.9238 0.3827
vn 0.0119 -0.9238 -0.3827
vn 0.0049 -0.3827 -0.9239
vn 0.0049 -0.3826 -0.9239
vn -0.0049 0.3827 -0.9239
vn -0.9999 -0.0128 -0.0000
vn -0.0049 0.3826 0.9239
vn -0.0049 0.3826 -0.9239
vn -0.9999 -0.0129 -0.0000
vn -0.5872 -0.0000 -0.8095
vn -0.8657 -0.0000 -0.5006
vn -0.9945 -0.0000 -0.1047
vn -0.9509 -0.0000 0.3095
vn -0.7426 -0.0000 0.6697
vn -0.4062 -0.0000 0.9138
vn -0.0000 -0.0000 1.0000
vn 0.4062 -0.0000 0.9138
vn 0.7426 -0.0000 0.6697
vn 0.9509 -0.0000 0.3095
vn 0.9945 -0.0000 -0.1047
vn 0.8657 -0.0000 -0.5006
vn 0.5872 -0.0000 -0.8095
vn 0.2076 -0.0000 -0.9782
vn -0.2076 -0.0000 -0.9782
vn -0.0000 -1.0000 -0.0000
vn 0.9999 0.0128 -0.0000
vn 0.0052 -0.4062 0.9138
vn -0.0052 0.4062 0.9138
vn -0.0095 0.7426 0.6697
vn -0.0122 0.9508 0.3095
vn -0.0128 0.9944 -0.1047
vn -0.0111 0.8656 -0.5006
vn -0.0075 0.5871 -0.8095
vn -0.0027 0.2076 -0.9782
vn 0.0027 -0.2076 -0.9782
vn 0.0075 -0.5871 -0.8095
vn 0.0111 -0.8656 -0.5006
vn 0.0128 -0.9944 -0.1047
vn 0.0122 -0.9508 0.3095
vn 0.0095 -0.7426 0.6697
vn 0.2065 -0.3821 0.9007
vn 0.2082 -0.3665 0.9068
vn -0.0002 -0.0002 1.0000
vn -0.0002 -0.0001 1.0000
vn -0.2178 0.3706 0.9029
vn -0.2170 0.3625 0.9064
vn -0.3923 0.6558 0.6450
vn -0.3922 0.6491 0.6518
vn -0.4946 0.8187 0.2918
vn -0.4952 0.8167 0.2962
vn -0.5160 0.8509 -0.0982
vn -0.5154 0.8511 -0.0998
vn -0.4554 0.7519 -0.4767
vn -0.4515 0.7504 -0.4828
vn -0.3157 0.5246 -0.7907
vn -0.3090 0.5204 -0.7960
vn -0.1131 0.1902 -0.9752
vn -0.1089 0.1875 -0.9762
vn 0.1111 -0.1924 -0.9750
vn 0.1050 -0.1892 -0.9763
vn 0.2997 -0.5390 -0.7872
vn 0.2796 -0.5342 -0.7978
vn 0.4099 -0.7826 -0.4686
vn 0.3847 -0.7848 -0.4860
vn 0.4382 -0.8938 -0.0951
vn 0.4312 -0.8966 -0.1007
vn 0.4158 -0.8645 0.2824
vn 0.4308 -0.8517 0.2984
vn 0.3485 -0.6892 0.6353
vn 0.3600 -0.6654 0.6540
vn -0.0000 1.0000 -0.0000
vn -0.9239 -0.0000 -0.3827
vn -0.9239 -0.0000 0.3827
vn -0.3827 -0.0000 0.9239
vn 0.3827 -0.0000 0.9239
vn 0.9239 -0.0000 0.3827
vn 0.9239 -0.0000 -0.3827
vn 0.3827 -0.0000 -0.9239
vn -0.3827 -0.0000 -0.9239
vn 0.4073 0.0023 0.9133
vn 0.4154 0.0005 0.9096
vn 0.7437 0.0063 0.6685
vn 0.7515 0.0039 0.6597
vn 0.9512 0.0093 0.3085
vn 0.9533 0.0079 0.3020
vn 0.9945 0.0092 -0.1043
vn 0.9947 0.0097 -0.1019
vn 0.8664 0.0060 -0.4993
vn 0.8714 0.0081 -0.4905
vn 0.5885 0.0019 -0.8085
vn 0.5975 0.0043 -0.8018
vn 0.2083 -0.0000 -0.9781
vn 0.2130 0.0010 -0.9770
vn -0.2083 0.0020 -0.9781
vn -0.2130 0.0010 -0.9770
vn -0.5884 0.0071 -0.8085
vn -0.5975 0.0048 -0.8018
vn -0.8663 0.0123 -0.4993
vn -0.8714 0.0103 -0.4905
vn -0.9944 0.0146 -0.1043
vn -0.9947 0.0141 -0.1019
vn -0.9511 0.0126 0.3085
vn -0.9532 0.0140 0.3019
vn -0.7437 0.0075 0.6685
vn -0.7515 0.0100 0.6597
vn -0.4073 0.0025 0.9133
vn -0.4154 0.0044 0.9096
vn -0.0000 0.0005 1.0000
vn -0.0005 -0.0000 1.0000
vn -0.0045 0.4124 0.9110
vn -0.0057 0.4073 0.9133
vn -0.0100 0.7486 0.6629
vn -0.0115 0.7436 0.6685
vn -0.0145 0.9524 0.3044
vn -0.0154 0.9511 0.3085
vn -0.0161 0.9946 -0.1028
vn -0.0158 0.9944 -0.1043
vn -0.0138 0.8695 -0.4937
vn -0.0124 0.8663 -0.4993
vn -0.0087 0.5942 -0.8043
vn -0.0071 0.5884 -0.8085
vn -0.0029 0.2113 -0.9774
vn -0.0022 0.2083 -0.9781
vn 0.0012 -0.2113 -0.9774
vn 0.0005 -0.2083 -0.9781
vn 0.0024 -0.5943 -0.8043
vn 0.0009 -0.5885 -0.8085
vn 0.0016 -0.8697 -0.4937
vn 0.0002 -0.8664 -0.4993
vn 0.0003 -0.9947 -0.1028
vn -0.0000 -0.9945 -0.1043
vn -0.0001 -0.9526 0.3043
vn 0.0009 -0.9512 0.3085
vn 0.0006 -0.7488 0.6628
vn 0.0022 -0.7437 0.6685
vn 0.0009 -0.4125 0.9110
vn 0.0021 -0.4073 0.9133
vn 0.7458 -0.1249 0.6544
vn 0.7533 -0.1438 0.6417
vn 0.4143 -0.0788 0.9067
vn 0.4216 -0.0880 0.9025
vn -0.0000 0.0004 1.0000
vn 0.0001 0.0003 1.0000
vn -0.4138 0.0919 0.9057
vn -0.4185 0.0958 0.9031
vn -0.7408 0.1694 0.6500
vn -0.7444 0.1730 0.6449
vn -0.9308 0.2163 0.2947
vn -0.9315 0.2179 0.2914
vn -0.9689 0.2266 -0.0992
vn -0.9691 0.2262 -0.0980
vn -0.8540 0.1993 -0.4805
vn -0.8570 0.1978 -0.4758
vn -0.5921 0.1368 -0.7942
vn -0.5981 0.1350 -0.7899
vn -0.2129 0.0482 -0.9759
vn -0.2167 0.0472 -0.9751
vn 0.2129 -0.0457 -0.9760
vn 0.2183 -0.0435 -0.9749
vn 0.5935 -0.1191 -0.7960
vn 0.6073 -0.1089 -0.7870
vn 0.8610 -0.1546 -0.4845
vn 0.8721 -0.1370 -0.4698
vn 0.9828 -0.1545 -0.1007
vn 0.9842 -0.1486 -0.0963
vn 0.9436 -0.1424 0.2988
vn 0.9446 -0.1584 0.2876
vn 0.6585 -0.3801 0.6496
vn 0.6579 -0.3699 0.6560
vn 0.3700 -0.2078 0.9055
vn 0.3679 -0.2018 0.9077
vn 0.0002 0.0004 1.0000
vn 0.0002 0.0003 1.0000
vn -0.3728 0.2017 0.9057
vn -0.3708 0.1982 0.9073
vn -0.6698 0.3578 0.6507
vn -0.6683 0.3545 0.6540
vn -0.8440 0.4476 0.2955
vn -0.8439 0.4463 0.2977
vn -0.8796 0.4652 -0.0996
vn -0.8793 0.4655 -0.1004
vn -0.7745 0.4100 -0.4816
vn -0.7721 0.4107 -0.4849
vn -0.5357 0.2850 -0.7949
vn -0.5312 0.2853 -0.7978
vn -0.1920 0.1034 -0.9759
vn -0.1891 0.1034 -0.9765
vn 0.1917 -0.1039 -0.9759
vn 0.1884 -0.1042 -0.9765
vn 0.5310 -0.2947 -0.7945
vn 0.5221 -0.2974 -0.7993
vn 0.7618 -0.4343 -0.4807
vn 0.7539 -0.4398 -0.4880
vn 0.8594 -0.5015 -0.0992
vn 0.8580 -0.5036 -0.1013
vn 0.8242 -0.4837 0.2944
vn 0.8261 -0.4771 0.2999
vn 0.0939 -0.4139 0.9055
vn 0.0964 -0.4088 0.9075
vn -0.0003 -0.0001 1.0000
vn -0.0002 -0.0000 1.0000
vn -0.1001 0.4115 0.9059
vn -0.1008 0.4086 0.9071
vn -0.1817 0.7369 0.6512
vn -0.1826 0.7344 0.6537
vn -0.2304 0.9270 0.2958
vn -0.2310 0.9263 0.2975
vn -0.2407 0.9655 -0.0997
vn -0.2405 0.9655 -0.1003
vn -0.2118 0.8501 -0.4822
vn -0.2103 0.8491 -0.4846
vn -0.1458 0.5885 -0.7953
vn -0.1436 0.5861 -0.7974
vn -0.0520 0.2115 -0.9760
vn -0.0506 0.2100 -0.9764
vn 0.0506 -0.2120 -0.9760
vn 0.0485 -0.2100 -0.9765
vn 0.1372 -0.5915 -0.7945
vn 0.1303 -0.5874 -0.7988
vn 0.1901 -0.8561 -0.4806
vn 0.1812 -0.8543 -0.4872
vn 0.2065 -0.9734 -0.0991
vn 0.2040 -0.9737 -0.1011
vn 0.1959 -0.9355 0.2941
vn 0.2020 -0.9325 0.2993
vn 0.1609 -0.7433 0.6493
vn 0.1674 -0.7366 0.6553
vt 0.626259 0.228526
vt 0.626259 0.311052
vt 0.657132 0.311052
vt 0.657132 0.228526
vt 0.688006 0.311052
vt 0.688006 0.228526
vt 0.718879 0.311052
vt 0.718879 0.228526
vt 0.749752 0.311052
vt 0.749752 0.228526
vt 0.780626 0.311052
vt 0.780626 0.228526
vt 0.811499 0.311052
vt 0.811499 0.228526
vt 0.842372 0.311052
vt 0.842372 0.228526
vt 0.873246 0.311052
vt 0.873246 0.228526
vt 0.795357 0.434013
vt 0.748378 0.384376
vt 0.748378 0.453473
vt 0.701398 0.434013
vt 0.681939 0.387034
vt 0.701398 0.340054
vt 0.748378 0.320595
vt 0.795357 0.340054
vt 0.814817 0.387034
vt 0.976723 0.055183
vt 0.928106 0.055183
vt 0.928106 0.011561
vt 0.976723 0.011560
vt 0.864956 0.055183
vt 0.864956 0.011560
vt 0.792437 0.055183
vt 0.792437 0.011561
vt 0.723087 0.055183
vt 0.723087 0.011561
vt 0.668897 0.055183
vt 0.668897 0.011561
vt 0.602176 0.055183
vt 0.602176 0.011561
vt 0.529141 0.055183
vt 0.529141 0.011561
vt 0.462421 0.055183
vt 0.462421 0.011561
vt 0.413551 0.055183
vt 0.413551 0.011561
vt 0.344201 0.055183
vt 0.344201 0.011560
vt 0.271681 0.055182
vt 0.271681 0.011560
vt 0.208531 0.055182
vt 0.208532 0.011559
vt 0.165671 0.055182
vt 0.165671 0.011559
vt 0.094231 0.055180
vt 0.094232 0.011558
vt 0.022793 0.055179
vt 0.022793 0.011557
vt 0.877709 0.591879
vt 0.938997 0.660738
vt 0.745500 0.761653
vt 0.793712 0.553902
vt 0.701530 0.553373
vt 0.617103 0.590382
vt 0.555028 0.658533
vt 0.526039 0.746039
vt 0.535148 0.837771
vt 0.580780 0.917867
vt 0.655046 0.972478
vt 0.745103 0.992161
vt 0.835380 0.973514
vt 0.910268 0.919759
vt 0.956817 0.840192
vt 0.966979 0.748571
vt 0.956604 0.840420
vt 0.910055 0.919987
vt 0.745287 0.761882
vt 0.835167 0.973742
vt 0.744890 0.992390
vt 0.654833 0.972706
vt 0.580568 0.918095
vt 0.534936 0.837999
vt 0.525827 0.746267
vt 0.554816 0.658761
vt 0.616890 0.590611
vt 0.701318 0.553601
vt 0.793499 0.554130
vt 0.877496 0.592107
vt 0.938784 0.660966
vt 0.966766 0.748799
vt 0.859933 0.009535
vt 0.928210 0.009535
vt 0.928210 0.056020
vt 0.859933 0.056020
vt 0.785194 0.009535
vt 0.785194 0.056020
vt 0.716917 0.009535
vt 0.716917 0.056020
vt 0.666907 0.009535
vt 0.666907 0.056020
vt 0.595939 0.009535
vt 0.595939 0.056020
vt 0.521728 0.009535
vt 0.521728 0.056020
vt 0.457105 0.009535
vt 0.457105 0.056020
vt 0.413245 0.009535
vt 0.413245 0.056020
vt 0.340139 0.009535
vt 0.340140 0.056020
vt 0.267034 0.009535
vt 0.267034 0.056020
vt 0.206569 0.009535
vt 0.206569 0.056020
vt 0.169200 0.009535
vt 0.169200 0.056020
vt 0.094989 0.009535
vt 0.094989 0.056020
vt 0.024021 0.009535
vt 0.024021 0.056020
vt 0.978220 0.009535
vt 0.978220 0.056020
vt 0.245264 0.530755
vt 0.277146 0.530755
vt 0.277146 0.626859
vt 0.245264 0.626859
vt 0.213383 0.530755
vt 0.213383 0.626859
vt 0.181501 0.530755
vt 0.181501 0.626859
vt 0.149620 0.530755
vt 0.149620 0.626859
vt 0.117739 0.530755
vt 0.117739 0.626859
vt 0.085857 0.530755
vt 0.085857 0.626859
vt 0.053976 0.530755
vt 0.053976 0.626859
vt 0.022095 0.530755
vt 0.022095 0.626859
vt 0.468433 0.530755
vt 0.500315 0.530755
vt 0.500315 0.626859
vt 0.468433 0.626859
vt 0.436552 0.530755
vt 0.436552 0.626859
vt 0.404671 0.530755
vt 0.404671 0.626859
vt 0.372789 0.530755
vt 0.372789 0.626859
vt 0.340908 0.530755
vt 0.340908 0.626859
vt 0.309027 0.530755
vt 0.309027 0.626859
vt 0.849063 0.444058
vt 0.896454 0.392280
vt 0.953188 0.426223
vt 0.887073 0.498691
vt 0.784665 0.472109
vt 0.797253 0.537971
vt 0.714396 0.471583
vt 0.699261 0.537271
vt 0.650404 0.442570
vt 0.610038 0.496713
vt 0.603756 0.390087
vt 0.545013 0.423308
vt 0.582517 0.323209
vt 0.515429 0.329750
vt 0.590359 0.253499
vt 0.526401 0.232215
vt 0.625927 0.193012
vt 0.576033 0.147569
vt 0.683070 0.152205
vt 0.655742 0.090447
vt 0.751908 0.138135
vt 0.751746 0.070726
vt 0.820538 0.153235
vt 0.847445 0.091816
vt 0.877094 0.194893
vt 0.926292 0.150071
vt 0.911796 0.255907
vt 0.974654 0.235417
vt 0.918644 0.325727
vt 0.984167 0.333098
vt 0.245264 0.128839
vt 0.277146 0.128839
vt 0.277146 0.340042
vt 0.245264 0.340042
vt 0.309027 0.128839
vt 0.309027 0.340042
vt 0.340908 0.128839
vt 0.340908 0.340042
vt 0.372789 0.128839
vt 0.372789 0.340042
vt 0.404671 0.128839
vt 0.404671 0.340042
vt 0.436552 0.128839
vt 0.436552 0.340042
vt 0.468433 0.128839
vt 0.468433 0.340042
vt 0.500315 0.128839
vt 0.500315 0.340042
vt 0.022095 0.128839
vt 0.053976 0.128839
vt 0.053976 0.340042
vt 0.022095 0.340042
vt 0.085857 0.128839
vt 0.085857 0.340042
vt 0.117739 0.128839
vt 0.117739 0.340042
vt 0.149620 0.128839
vt 0.149620 0.340042
vt 0.181501 0.128839
vt 0.181501 0.340042
vt 0.213383 0.128839
vt 0.213383 0.340042
vt 0.213383 0.712992
vt 0.245264 0.712992
vt 0.245264 0.932671
vt 0.213383 0.932671
vt 0.181501 0.712992
vt 0.181501 0.932671
vt 0.149620 0.712992
vt 0.149620 0.932671
vt 0.117739 0.712992
vt 0.117739 0.932671
vt 0.085857 0.712992
vt 0.085857 0.932671
vt 0.053976 0.712992
vt 0.053976 0.932671
vt 0.022095 0.712992
vt 0.022095 0.932671
vt 0.468433 0.712992
vt 0.500315 0.712992
vt 0.500315 0.932671
vt 0.468433 0.932671
vt 0.436552 0.712992
vt 0.436552 0.932671
vt 0.404671 0.712992
vt 0.404671 0.932671
vt 0.372789 0.712992
vt 0.372789 0.932671
vt 0.340908 0.712992
vt 0.340908 0.932671
vt 0.309027 0.712992
vt 0.309027 0.932671
vt 0.277146 0.712992
vt 0.277146 0.932671
vt 0.309027 0.460578
vt 0.277146 0.460578
vt 0.245264 0.460578
vt 0.213383 0.460578
vt 0.181501 0.460578
vt 0.149620 0.460578
vt 0.117739 0.460578
vt 0.085857 0.460578
vt 0.053976 0.460578
vt 0.022095 0.460578
vt 0.500315 0.460578
vt 0.468433 0.460578
vt 0.436552 0.460578
vt 0.404671 0.460578
vt 0.372789 0.460578
vt 0.340908 0.460578
s 0
usemtl pipes
f 421/202/40 422/203/40 423/204/40
f 421/202/40 423/204/40 424/205/40
f 424/205/41 423/204/41 425/206/41
f 424/205/41 425/206/41 426/207/41
f 426/207/42 425/206/42 427/208/42
f 426/207/42 427/208/42 428/209/42
f 428/209/43 427/208/43 429/210/43
f 428/209/44 429/210/44 430/211/44
f 430/211/45 429/210/45 431/212/45
f 430/211/45 431/212/45 432/213/45
f 432/213/46 431/212/46 433/214/46
f 432/213/46 433/214/46 434/215/46
f 434/215/47 433/214/47 435/216/47
f 434/215/48 435/216/48 436/217/48
f 436/217/49 435/216/49 437/218/49
f 436/217/49 437/218/49 438/219/49
f 439/220/50 440/221/50 441/222/50
f 441/222/50 440/221/50 442/223/50
f 442/223/50 440/221/50 443/224/50
f 443/224/50 440/221/50 444/225/50
f 444/225/50 440/221/50 445/226/50
f 445/226/50 440/221/50 446/227/50
f 446/227/50 440/221/50 447/228/50
f 447/228/50 440/221/50 439/220/50
f 448/202/47 449/203/47 450/204/47
f 448/202/47 450/204/47 451/205/47
f 451/205/49 450/204/49 452/206/49
f 451/205/49 452/206/49 453/207/49
f 453/207/40 452/206/40 454/208/40
f 453/207/40 454/208/40 455/209/40
f 455/209/41 454/208/41 456/210/41
f 455/209/41 456/210/41 457/211/41
f 457/211/51 456/210/51 458/212/51
f 457/211/51 458/212/51 459/213/51
f 459/213/43 458/212/43 460/214/43
f 459/213/43 460/214/43 461/215/43
f 461/215/45 460/214/45 462/216/45
f 461/215/45 462/216/45 463/217/45
f 463/217/46 462/216/46 464/218/46
f 463/217/46 464/218/46 465/219/46
f 466/220/50 467/221/50 468/222/50
f 468/222/50 467/221/50 469/223/50
f 469/223/50 467/221/50 470/224/50
f 470/224/50 467/221/50 471/225/50
f 471/225/50 467/221/50 472/226/50
f 472/226/50 467/221/50 473/227/50
f 473/227/50 467/221/50 474/228/50
f 474/228/50 467/221/50 466/220/50
f 475/202/45 476/203/45 477/204/45
f 475/202/45 477/204/45 478/205/45
f 478/205/46 477/204/46 479/206/46
f 478/205/46 479/206/46 480/207/46
f 480/207/47 479/206/47 481/208/47
f 480/207/47 481/208/47 482/209/47
f 482/209/52 481/208/52 483/210/52
f 482/209/52 483/210/52 484/211/52
f 484/211/40 483/210/40 485/212/40
f 484/211/40 485/212/40 486/213/40
f 486/213/41 485/212/41 487/214/41
f 486/213/41 487/214/41 488/215/41
f 488/215/42 487/214/42 489/216/42
f 488/215/42 489/216/42 490/217/42
f 490/217/44 489/216/44 491/218/44
f 490/217/44 491/218/44 492/219/44
f 493/220/50 494/221/50 495/222/50
f 495/222/50 494/221/50 496/223/50
f 496/223/50 494/221/50 497/224/50
f 497/224/50 494/221/50 498/225/50
f 498/225/50 494/221/50 499/226/50
f 499/226/50 494/221/50 500/227/50
f 500/227/50 494/221/50 501/228/50
f 501/228/50 494/221/50 493/220/50
f 502/202/42 503/203/42 504/204/42
f 502/202/42 504/204/42 505/205/42
f 505/205/44 504/204/44 506/206/44
f 505/205/44 506/206/44 507/207/44
f 507/207/45 506/206/45 508/208/45
f 507/207/45 508/208/45 509/209/45
f 509/209/46 508/208/46 510/210/46
f 509/209/46 510/210/46 511/211/46
f 511/211/48 510/210/48 512/212/48
f 511/211/48 512/212/48 513/213/48
f 513/213/52 512/212/52 514/214/52
f 513/213/52 514/214/52 515/215/52
f 515/215/40 514/214/40 516/216/40
f 515/215/40 516/216/40 517/217/40
f 517/217/41 516/216/41 518/218/41
f 517/217/41 518/218/41 519/219/41
f 520/220/50 521/221/50 522/222/50
f 522/222/53 521/221/53 523/223/53
f 523/223/50 521/221/50 524/224/50
f 524/224/50 521/221/50 525/225/50
f 525/225/53 521/221/53 526/226/53
f 526/226/50 521/221/50 527/227/50
f 527/227/50 521/221/50 528/228/50
f 528/228/50 521/221/50 520/220/50
f 529/229/54 530/230/54 531/231/54
f 529/229/54 531/231/54 532/232/54
f 530/230/55 533/233/55 534/234/55
f 530/230/55 534/234/55 531/231/55
f 533/233/56 535/235/56 536/236/56
f 533/233/56 536/236/56 534/234/56
f 535/235/57 537/237/57 538/238/57
f 535/235/57 538/238/57 536/236/57
f 537/237/58 539/239/58 540/240/58
f 537/237/58 540/240/58 538/238/58
f 539/239/59 541/241/59 542/242/59
f 539/239/59 542/242/59 540/240/59
f 541/241/60 543/243/60 544/244/60
f 541/241/60 544/244/60 542/242/60
f 543/243/61 545/245/61 546/246/61
f 543/243/61 546/246/61 544/244/61
f 545/245/62 547/247/62 548/248/62
f 545/245/62 548/248/62 546/246/62
f 547/247/63 549/249/63 550/250/63
f 547/247/63 550/250/63 548/248/63
f 549/249/64 551/251/64 552/252/64
f 549/249/64 552/252/64 550/250/64
f 551/251/65 553/253/65 554/254/65
f 551/251/65 554/254/65 552/252/65
f 553/253/66 555/255/66 556/256/66
f 553/253/66 556/256/66 554/254/66
f 555/255/67 557/257/67 558/258/67
f 555/255/67 558/258/67 556/256/67
f 557/257/68 559/259/68 560/260/68
f 557/257/68 560/260/68 558/258/68
f 561/261/69 562/262/69 563/263/69
f 564/264/69 561/261/69 563/263/69
f 565/265/69 564/264/69 563/263/69
f 566/266/69 565/265/69 563/263/69
f 567/267/69 566/266/69 563/263/69
f 568/268/69 567/267/69 563/263/69
f 569/269/69 568/268/69 563/263/69
f 570/270/69 569/269/69 563/263/69
f 571/271/69 570/270/69 563/263/69
f 572/272/69 571/271/69 563/263/69
f 573/273/69 572/272/69 563/263/69
f 574/274/69 573/273/69 563/263/69
f 575/275/69 574/274/69 563/263/69
f 576/276/69 575/275/69 563/263/69
f 562/262/69 576/276/69 563/263/69
f 577/277/70 578/278/70 579/279/70
f 578/278/70 580/280/70 579/279/70
f 580/280/70 581/281/70 579/279/70
f 581/281/70 582/282/70 579/279/70
f 582/282/70 583/283/70 579/279/70
f 583/283/70 584/284/70 579/279/70
f 584/284/70 585/285/70 579/279/70
f 585/285/70 586/286/70 579/279/70
f 586/286/70 587/287/70 579/279/70
f 587/287/70 588/288/70 579/279/70
f 588/288/70 589/289/70 579/279/70
f 589/289/70 590/290/70 579/279/70
f 590/290/70 591/291/70 579/279/70
f 591/291/70 592/292/70 579/279/70
f 592/292/70 577/277/70 579/279/70
f 593/293/71 594/294/71 595/295/71
f 593/293/71 595/295/71 596/296/71
f 597/297/60 593/293/60 596/296/60
f 597/297/60 596/296/60 598/298/60
f 599/299/72 597/297/72 598/298/72
f 599/299/72 598/298/72 600/300/72
f 601/301/73 599/299/73 600/300/73
f 601/301/73 600/300/73 602/302/73
f 603/303/74 601/301/74 602/302/74
f 603/303/74 602/302/74 604/304/74
f 605/305/75 603/303/75 604/304/75
f 605/305/75 604/304/75 606/306/75
f 607/307/76 605/305/76 606/306/76
f 607/307/76 606/306/76 608/308/76
f 609/309/77 607/307/77 608/308/77
f 609/309/77 608/308/77 610/310/77
f 611/311/78 609/309/78 610/310/78
f 611/311/78 610/310/78 612/312/78
f 613/313/79 611/311/79 612/312/79
f 613/313/79 612/312/79 614/314/79
f 615/315/80 613/313/80 614/314/80
f 615/315/80 614/314/80 616/316/80
f 617/317/81 615/315/81 616/316/81
f 617/317/81 616/316/81 618/318/81
f 619/319/82 617/317/82 618/318/82
f 619/319/82 618/318/82 620/320/82
f 621/321/83 619/319/83 620/320/83
f 621/321/83 620/320/83 622/322/83
f 594/294/84 623/323/84 624/324/84
f 594/294/84 624/324/84 595/295/84
f 625/325/85 626/326/85 627/327/85
f 625/325/86 627/327/86 628/328/86
f 629/329/87 625/325/87 628/328/87
f 629/329/88 628/328/88 630/330/88
f 631/331/89 629/329/89 630/330/89
f 631/331/90 630/330/90 632/332/90
f 633/333/91 631/331/91 632/332/91
f 633/333/92 632/332/92 634/334/92
f 635/335/93 633/333/93 634/334/93
f 635/335/94 634/334/94 636/336/94
f 637/337/95 635/335/95 636/336/95
f 637/337/96 636/336/96 638/338/96
f 639/339/97 637/337/97 638/338/97
f 639/339/98 638/338/98 640/340/98
f 641/341/99 639/339/99 640/340/99
f 641/341/100 640/340/100 642/342/100
f 643/343/101 644/344/101 645/345/101
f 643/343/102 645/345/102 646/346/102
f 647/347/103 643/343/103 646/346/103
f 647/347/104 646/346/104 648/348/104
f 649/349/105 647/347/105 648/348/105
f 649/349/106 648/348/106 650/350/106
f 651/351/107 649/349/107 650/350/107
f 651/351/108 650/350/108 652/352/108
f 653/353/109 651/351/109 652/352/109
f 653/353/110 652/352/110 654/354/110
f 655/355/111 653/353/111 654/354/111
f 655/355/112 654/354/112 656/356/112
f 626/326/113 655/355/113 656/356/113
f 626/326/114 656/356/114 627/327/114
f 657/357/115 658/358/115 659/359/115
f 657/357/115 659/359/115 660/360/115
f 661/361/115 657/357/115 660/360/115
f 661/361/115 660/360/115 662/362/115
f 663/363/115 661/361/115 662/362/115
f 663/363/115 662/362/115 664/364/115
f 665/365/115 663/363/115 664/364/115
f 665/365/115 664/364/115 666/366/115
f 667/367/115 665/365/115 666/366/115
f 667/367/115 666/366/115 668/368/115
f 669/369/115 667/367/115 668/368/115
f 669/369/115 668/368/115 670/370/115
f 671/371/115 669/369/115 670/370/115
f 671/371/115 670/370/115 672/372/115
f 673/373/115 671/371/115 672/372/115
f 673/373/115 672/372/115 674/374/115
f 675/375/115 673/373/115 674/374/115
f 675/375/115 674/374/115 676/376/115
f 677/377/115 675/375/115 676/376/115
f 677/377/115 676/376/115 678/378/115
f 679/379/115 677/377/115 678/378/115
f 679/379/115 678/378/115 680/380/115
f 681/381/115 679/379/115 680/380/115
f 681/381/115 680/380/115 682/382/115
f 683/383/115 681/381/115 682/382/115
f 683/383/115 682/382/115 684/384/115
f 685/385/115 683/383/115 684/384/115
f 685/385/115 684/384/115 686/386/115
f 658/358/115 685/385/115 686/386/115
f 658/358/115 686/386/115 659/359/115
f 687/369/50 688/367/50 689/368/50
f 687/369/50 689/368/50 690/370/50
f 691/371/50 687/369/50 690/370/50
f 691/371/50 690/370/50 692/372/50
f 693/373/50 691/371/50 692/372/50
f 693/373/50 692/372/50 694/374/50
f 695/375/53 693/373/53 694/374/53
f 695/375/50 694/374/50 696/376/50
f 697/377/50 695/375/50 696/376/50
f 697/377/50 696/376/50 698/378/50
f 699/379/50 697/377/50 698/378/50
f 699/379/50 698/378/50 700/380/50
f 701/381/50 699/379/50 700/380/50
f 701/381/50 700/380/50 702/382/50
f 703/383/50 701/381/50 702/382/50
f 703/383/50 702/382/50 704/384/50
f 705/385/50 703/383/50 704/384/50
f 705/385/50 704/384/50 706/386/50
f 707/358/50 705/385/50 706/386/50
f 707/358/50 706/386/50 708/359/50
f 709/357/50 707/358/50 708/359/50
f 709/357/50 708/359/50 710/360/50
f 711/361/50 709/357/50 710/360/50
f 711/361/50 710/360/50 712/362/50
f 713/363/50 711/361/50 712/362/50
f 713/363/50 712/362/50 714/364/50
f 715/365/50 713/363/50 714/364/50
f 715/365/50 714/364/50 716/366/50
f 688/367/50 715/365/50 716/366/50
f 688/367/50 716/366/50 689/368/50
f 717/202/116 718/205/116 719/204/116
f 717/202/116 719/204/116 720/203/116
f 718/205/117 721/207/117 722/206/117
f 718/205/117 722/206/117 719/204/117
f 721/207/118 723/209/118 724/208/118
f 721/207/118 724/208/118 722/206/118
f 723/209/119 725/211/119 726/210/119
f 723/209/119 726/210/119 724/208/119
f 725/211/120 727/213/120 728/212/120
f 725/211/120 728/212/120 726/210/120
f 727/213/121 729/215/121 730/214/121
f 727/213/121 730/214/121 728/212/121
f 729/215/122 731/217/122 732/216/122
f 729/215/122 732/216/122 730/214/122
f 731/217/123 733/219/123 734/218/123
f 731/217/123 734/218/123 732/216/123
f 735/220/115 736/222/115 737/221/115
f 736/222/115 738/223/115 737/221/115
f 738/223/115 739/224/115 737/221/115
f 739/224/115 740/225/115 737/221/115
f 740/225/115 741/226/115 737/221/115
f 741/226/115 742/227/115 737/221/115
f 742/227/115 743/228/115 737/221/115
f 743/228/115 735/220/115 737/221/115
f 744/202/122 745/205/122 746/204/122
f 744/202/122 746/204/122 747/203/122
f 745/205/123 748/207/123 749/206/123
f 745/205/123 749/206/123 746/204/123
f 748/207/116 750/209/116 751/208/116
f 748/207/116 751/208/116 749/206/116
f 750/209/117 752/211/117 753/210/117
f 750/209/117 753/210/117 751/208/117
f 752/211/118 754/213/118 755/212/118
f 752/211/118 755/212/118 753/210/118
f 754/213/119 756/215/119 757/214/119
f 754/213/119 757/214/119 755/212/119
f 756/215/120 758/217/120 759/216/120
f 756/215/120 759/216/120 757/214/120
f 758/217/121 760/219/121 761/218/121
f 758/217/121 761/218/121 759/216/121
f 762/220/115 763/222/115 764/221/115
f 763/222/115 765/223/115 764/221/115
f 765/223/115 766/224/115 764/221/115
f 766/224/115 767/225/115 764/221/115
f 767/225/115 768/226/115 764/221/115
f 768/226/115 769/227/115 764/221/115
f 769/227/115 770/228/115 764/221/115
f 770/228/115 762/220/115 764/221/115
f 771/202/120 772/205/120 773/204/120
f 771/202/120 773/204/120 774/203/120
f 772/205/121 775/207/121 776/206/121
f 772/205/121 776/206/121 773/204/121
f 775/207/122 777/209/122 778/208/122
f 775/207/122 778/208/122 776/206/122
f 777/209/123 779/211/123 780/210/123
f 777/209/123 780/210/123 778/208/123
f 779/211/116 781/213/116 782/212/116
f 779/211/116 782/212/116 780/210/116
f 781/213/117 783/215/117 784/214/117
f 781/213/117 784/214/117 782/212/117
f 783/215/118 785/217/118 786/216/118
f 783/215/118 786/216/118 784/214/118
f 785/217/119 787/219/119 788/218/119
f 785/217/119 788/218/119 786/216/119
f 789/220/115 790/222/115 791/221/115
f 790/222/115 792/223/115 791/221/115
f 792/223/115 793/224/115 791/221/115
f 793/224/115 794/225/115 791/221/115
f 794/225/115 795/226/115 791/221/115
f 795/226/115 796/227/115 791/221/115
f 796/227/115 797/228/115 791/221/115
f 797/228/115 789/220/115 791/221/115
f 798/202/118 799/205/118 800/204/118
f 798/202/118 800/204/118 801/203/118
f 799/205/119 802/207/119 803/206/119
f 799/205/119 803/206/119 800/204/119
f 802/207/120 804/209/120 805/208/120
f 802/207/120 805/208/120 803/206/120
f 804/209/121 806/211/121 807/210/121
f 804/209/121 807/210/121 805/208/121
f 806/211/122 808/213/122 809/212/122
f 806/211/122 809/212/122 807/210/122
f 808/213/123 810/215/123 811/214/123
f 808/213/123 811/214/123 809/212/123
f 810/215/116 812/217/116 813/216/116
f 810/215/116 813/216/116 811/214/116
f 812/217/117 814/219/117 815/218/117
f 812/217/117 815/218/117 813/216/117
f 816/220/115 817/222/115 818/221/115
f 817/222/115 819/223/115 818/221/115
f 819/223/115 820/224/115 818/221/115
f 820/224/115 821/225/115 818/221/115
f 821/225/115 822/226/115 818/221/115
f 822/226/115 823/227/115 818/221/115
f 823/227/115 824/228/115 818/221/115
f 824/228/115 816/220/115 818/221/115
f 825/387/124 826/388/124 827/389/124
f 825/387/125 827/389/125 828/390/125
f 826/388/126 829/391/126 830/392/126
f 826/388/127 830/392/127 827/389/127
f 829/391/128 831/393/128 832/394/128
f 829/391/129 832/394/129 830/392/129
f 831/393/130 833/395/130 834/396/130
f 831/393/131 834/396/131 832/394/131
f 833/395/132 835/397/132 836/398/132
f 833/395/133 836/398/133 834/396/133
f 835/397/134 837/399/134 838/400/134
f 835/397/135 838/400/135 836/398/135
f 837/399/136 839/401/136 840/402/136
f 837/399/137 840/402/137 838/400/137
f 839/401/138 841/403/138 842/404/138
f 839/401/139 842/404/139 840/402/139
f 843/405/140 844/406/140 845/407/140
f 843/405/141 845/407/141 846/408/141
f 844/406/142 847/409/142 848/410/142
f 844/406/143 848/410/143 845/407/143
f 847/409/144 849/411/144 850/412/144
f 847/409/145 850/412/145 848/410/145
f 849/411/146 851/413/146 852/414/146
f 849/411/147 852/414/147 850/412/147
f 851/413/148 853/415/148 854/416/148
f 851/413/149 854/416/149 852/414/149
f 853/415/150 855/417/150 856/418/150
f 853/415/151 856/418/151 854/416/151
f 855/417/152 825/387/152 828/390/152
f 855/417/152 828/390/152 856/418/152
f 857/419/153 858/420/153 859/421/153
f 857/419/153 859/421/153 860/422/153
f 861/423/154 857/419/154 860/422/154
f 861/423/155 860/422/155 862/424/155
f 863/425/156 861/423/156 862/424/156
f 863/425/157 862/424/157 864/426/157
f 865/427/158 863/425/158 864/426/158
f 865/427/159 864/426/159 866/428/159
f 867/429/160 865/427/160 866/428/160
f 867/429/161 866/428/161 868/430/161
f 869/431/162 867/429/162 868/430/162
f 869/431/163 868/430/163 870/432/163
f 871/433/164 869/431/164 870/432/164
f 871/433/165 870/432/165 872/434/165
f 873/435/166 874/436/166 875/437/166
f 873/435/167 875/437/167 876/438/167
f 877/439/168 873/435/168 876/438/168
f 877/439/169 876/438/169 878/440/169
f 879/441/170 877/439/170 878/440/170
f 879/441/171 878/440/171 880/442/171
f 881/443/172 879/441/172 880/442/172
f 881/443/173 880/442/173 882/444/173
f 883/445/174 881/443/174 882/444/174
f 883/445/175 882/444/175 884/446/175
f 885/447/176 883/445/176 884/446/176
f 885/447/177 884/446/177 886/448/177
f 887/449/178 885/447/178 886/448/178
f 887/449/179 886/448/179 888/450/179
f 858/420/180 887/449/180 888/450/180
f 858/420/181 888/450/181 859/421/181
f 827/389/182 830/392/182 889/451/182
f 827/389/183 889/451/183 890/452/183
f 828/390/184 827/389/184 890/452/184
f 828/390/185 890/452/185 891/453/185
f 856/418/186 828/390/186 891/453/186
f 856/418/187 891/453/187 892/454/187
f 854/416/188 856/418/188 892/454/188
f 854/416/189 892/454/189 893/455/189
f 852/414/190 854/416/190 893/455/190
f 852/414/191 893/455/191 894/456/191
f 850/412/192 852/414/192 894/456/192
f 850/412/193 894/456/193 895/457/193
f 848/410/194 850/412/194 895/457/194
f 848/410/195 895/457/195 896/458/195
f 845/407/196 848/410/196 896/458/196
f 845/407/197 896/458/197 897/459/197
f 846/408/198 845/407/198 897/459/198
f 846/408/199 897/459/199 898/460/199
f 840/402/200 842/404/200 899/461/200
f 840/402/201 899/461/201 900/462/201
f 838/400/202 840/402/202 900/462/202
f 838/400/203 900/462/203 901/463/203
f 836/398/204 838/400/204 901/463/204
f 836/398/205 901/463/205 902/464/205
f 834/396/206 836/398/206 902/464/206
f 834/396/207 902/464/207 903/465/207
f 832/394/208 834/396/208 903/465/208
f 832/394/209 903/465/209 904/466/209
f 830/392/210 832/394/210 904/466/210
f 830/392/211 904/466/211 889/451/211
f 890/452/212 889/451/212 655/355/212
f 890/452/213 655/355/213 626/326/213
f 891/453/214 890/452/214 626/326/214
f 891/453/215 626/326/215 625/325/215
f 892/454/216 891/453/216 625/325/216
f 892/454/217 625/325/217 629/329/217
f 893/455/218 892/454/218 629/329/218
f 893/455/219 629/329/219 631/331/219
f 894/456/220 893/455/220 631/331/220
f 894/456/221 631/331/221 633/333/221
f 895/457/222 894/456/222 633/333/222
f 895/457/223 633/333/223 635/335/223
f 896/458/224 895/457/224 635/335/224
f 896/458/225 635/335/225 637/337/225
f 897/459/226 896/458/226 637/337/226
f 897/459/227 637/337/227 639/339/227
f 898/460/228 897/459/228 639/339/228
f 898/460/229 639/339/229 641/341/229
f 900/462/230 899/461/230 644/344/230
f 900/462/231 644/344/231 643/343/231
f 901/463/232 900/462/232 643/343/232
f 901/463/233 643/343/233 647/347/233
f 902/464/234 901/463/234 647/347/234
f 902/464/235 647/347/235 649/349/235
f 903/465/236 902/464/236 649/349/236
f 903/465/237 649/349/237 651/351/237
f 904/466/238 903/465/238 651/351/238
f 904/466/239 651/351/239 653/353/239
f 889/451/240 904/466/240 653/353/240
f 889/451/241 653/353/241 655/355/241
f 628/328/242 627/327/242 887/449/242
f 628/328/243 887/449/243 858/420/243
f 630/330/244 628/328/244 858/420/244
f 630/330/245 858/420/245 857/419/245
f 632/332/246 630/330/246 857/419/246
f 632/332/247 857/419/247 861/423/247
f 634/334/248 632/332/248 861/423/248
f 634/334/249 861/423/249 863/425/249
f 636/336/250 634/334/250 863/425/250
f 636/336/251 863/425/251 865/427/251
f 638/338/252 636/336/252 865/427/252
f 638/338/253 865/427/253 867/429/253
f 640/340/254 638/338/254 867/429/254
f 640/340/255 867/429/255 869/431/255
f 642/342/256 640/340/256 869/431/256
f 642/342/257 869/431/257 871/433/257
f 646/346/258 645/345/258 874/436/258
f 646/346/259 874/436/259 873/435/259
f 648/348/260 646/346/260 873/435/260
f 648/348/261 873/435/261 877/439/261
f 650/350/262 648/348/262 877/439/262
f 650/350/263 877/439/263 879/441/263
f 652/352/264 650/350/264 879/441/264
f 652/352/265 879/441/265 881/443/265
f 654/354/266 652/352/266 881/443/266
f 654/354/267 881/443/267 883/445/267
f 656/356/268 654/354/268 883/445/268
f 656/356/269 883/445/269 885/447/269
f 627/327/270 656/356/270 885/447/270
f 627/327/271 885/447/271 887/449/271
o classname=mesh.002
v 18.555449 -33.948608 -76.595078
v 18.555449 -34.144505 -76.595078
v 18.416660 -34.144505 -76.652565
v 18.416660 -33.948608 -76.652565
v 18.277874 -34.144505 -76.595078
v 18.277874 -33.948608 -76.595078
v 18.220387 -34.144505 -76.456291
v 18.220387 -33.948608 -76.456291
v 18.277874 -34.144505 -76.317505
v 18.277874 -33.948608 -76.317505
v 18.416660 -34.144505 -76.260017
v 18.416660 -33.948608 -76.260017
v 18.555449 -34.144505 -76.317505
v 18.555449 -33.948608 -76.317505
v 18.612936 -34.144505 -76.456291
v 18.612936 -33.948608 -76.456291
v 18.555449 -34.144505 -76.595078
v 18.555449 -33.948608 -76.595078
v 18.555449 -34.144505 -76.595078
v 18.416660 -34.144505 -76.456291
v 18.416660 -34.144505 -76.652565
v 18.277874 -34.144505 -76.595078
v 18.220387 -34.144505 -76.456291
v 18.277874 -34.144505 -76.317505
v 18.416660 -34.144505 -76.260017
v 18.555449 -34.144505 -76.317505
v 18.612936 -34.144505 -76.456291
v 16.549944 -33.948608 -78.338081
v 16.549944 -34.144505 -78.338081
v 16.607433 -34.144505 -78.476868
v 16.607433 -33.948608 -78.476868
v 16.549944 -34.144505 -78.615654
v 16.549944 -33.948608 -78.615654
v 16.411160 -34.144505 -78.673141
v 16.411160 -33.948608 -78.673141
v 16.272371 -34.144505 -78.615654
v 16.272371 -33.948608 -78.615654
v 16.214886 -34.144505 -78.476868
v 16.214886 -33.948608 -78.476868
v 16.272371 -34.144505 -78.338081
v 16.272371 -33.948608 -78.338081
v 16.411160 -34.144505 -78.280594
v 16.411160 -33.948608 -78.280594
v 16.549944 -34.144505 -78.338081
v 16.549944 -33.948608 -78.338081
v 16.549944 -34.144505 -78.338081
v 16.411160 -34.144505 -78.476868
v 16.607433 -34.144505 -78.476868
v 16.549944 -34.144505 -78.615654
v 16.411160 -34.144505 -78.673141
v 16.272371 -34.144505 -78.615654
v 16.214886 -34.144505 -78.476868
v 16.272371 -34.144505 -78.338081
v 16.411160 -34.144505 -78.280594
v 18.292944 -33.948608 -80.343582
v 18.292944 -34.144505 -80.343582
v 18.431732 -34.144505 -80.286095
v 18.431730 -33.948608 -80.286095
v 18.570518 -34.144505 -80.343582
v 18.570518 -33.948608 -80.343582
v 18.628006 -34.144505 -80.482368
v 18.628006 -33.948608 -80.482368
v 18.570518 -34.144505 -80.621155
v 18.570518 -33.948608 -80.621155
v 18.431732 -34.144505 -80.678642
v 18.431730 -33.948608 -80.678642
v 18.292944 -34.144505 -80.621155
v 18.292944 -33.948608 -80.621155
v 18.235456 -34.144505 -80.482368
v 18.235456 -33.948608 -80.482368
v 18.292944 -34.144505 -80.343582
v 18.292944 -33.948608 -80.343582
v 18.292944 -34.144505 -80.343582
v 18.431732 -34.144505 -80.482368
v 18.431732 -34.144505 -80.286095
v 18.570518 -34.144505 -80.343582
v 18.628006 -34.144505 -80.482368
v 18.570518 -34.144505 -80.621155
v 18.431732 -34.144505 -80.678642
v 18.292944 -34.144505 -80.621155
v 18.235456 -34.144505 -80.482368
v 20.298447 -33.948608 -78.600578
v 20.298447 -34.144505 -78.600578
v 20.240959 -34.144505 -78.461792
v 20.240959 -33.948608 -78.461792
v 20.298447 -34.144505 -78.323006
v 20.298447 -33.948608 -78.323006
v 20.437233 -34.144505 -78.265518
v 20.437233 -33.948608 -78.265518
v 20.576021 -34.144505 -78.323006
v 20.576021 -33.948608 -78.323006
v 20.633507 -34.144505 -78.461792
v 20.633507 -33.948608 -78.461792
v 20.576021 -34.144505 -78.600578
v 20.576021 -33.948608 -78.600578
v 20.437233 -34.144505 -78.658066
v 20.437233 -33.948608 -78.658066
v 20.298447 -34.144505 -78.600578
v 20.298447 -33.948608 -78.600578
v 20.298447 -34.144505 -78.600578
v 20.437233 -34.144505 -78.461792
v 20.240959 -34.144505 -78.461792
v 20.298447 -34.144505 -78.323006
v 20.437233 -34.144505 -78.265518
v 20.576021 -34.144505 -78.323006
v 20.633507 -34.144505 -78.461792
v 20.576021 -34.144505 -78.600578
v 20.437233 -34.144505 -78.658066
v 20.589445 -66.815468 -79.436806
v 20.008995 -66.815468 -80.237000
v 20.008995 -66.236710 -80.237000
v 20.589445 -66.236710 -79.436806
v 19.153778 -66.815468 -80.731544
v 19.153778 -66.236710 -80.731544
v 18.171669 -66.815468 -80.834938
v 18.171669 -66.236710 -80.834938
v 17.232481 -66.815468 -80.529289
v 17.232481 -66.236710 -80.529289
v 16.498610 -66.815468 -79.867455
v 16.498610 -66.236710 -79.867455
v 16.096949 -66.815468 -78.963875
v 16.096949 -66.236710 -78.963875
v 16.096949 -66.815468 -77.974785
v 16.096949 -66.236710 -77.974785
v 16.498610 -66.815468 -77.071205
v 16.498610 -66.236710 -77.071205
v 17.232481 -66.815468 -76.409370
v 17.232479 -66.236710 -76.409370
v 18.171667 -66.815468 -76.103722
v 18.171667 -66.236710 -76.103722
v 19.153778 -66.815468 -76.207115
v 19.153778 -66.236710 -76.207115
v 20.008995 -66.815468 -76.701660
v 20.008995 -66.236710 -76.701660
v 20.589445 -66.815468 -77.501854
v 20.589445 -66.236710 -77.501854
v 20.794764 -66.815468 -78.469330
v 20.794764 -66.236710 -78.469330
v 20.589445 -66.815468 -79.436806
v 20.589445 -66.236710 -79.436806
v 20.008995 -66.815468 -80.237000
v 20.589445 -66.815468 -79.436806
v 18.419909 -66.815468 -78.469330
v 19.153778 -66.815468 -80.731544
v 18.171669 -66.815468 -80.834938
v 17.232481 -66.815468 -80.529289
v 16.498610 -66.815468 -79.867455
v 16.096949 -66.815468 -78.963875
v 16.096949 -66.815468 -77.974785
v 16.498610 -66.815468 -77.071205
v 17.232481 -66.815468 -76.409370
v 18.171667 -66.815468 -76.103722
v 19.153778 -66.815468 -76.207115
v 20.008995 -66.815468 -76.701660
v 20.589445 -66.815468 -77.501854
v 20.794764 -66.815468 -78.469330
v 20.589441 -33.359859 -79.436806
v 20.008991 -33.359859 -80.237000
v 18.419903 -33.359859 -78.469330
v 19.153774 -33.359859 -80.731544
v 18.171663 -33.359859 -80.834938
v 17.232477 -33.359859 -80.529289
v 16.498606 -33.359859 -79.867455
v 16.096945 -33.359859 -78.963875
v 16.096945 -33.359859 -77.974785
v 16.498606 -33.359859 -77.071205
v 17.232475 -33.359859 -76.409370
v 18.171663 -33.359859 -76.103722
v 19.153774 -33.359859 -76.207115
v 20.008991 -33.359859 -76.701660
v 20.589441 -33.359859 -77.501854
v 20.794758 -33.359859 -78.469330
v 16.096945 -33.976604 -77.974785
v 16.498606 -33.976604 -77.071205
v 16.498606 -33.359859 -77.071205
v 16.096945 -33.359859 -77.974785
v 16.096945 -33.976604 -78.963875
v 16.096945 -33.359859 -78.963875
v 16.498606 -33.976604 -79.867455
v 16.498606 -33.359859 -79.867455
v 17.232477 -33.976604 -80.529289
v 17.232477 -33.359859 -80.529289
v 18.171663 -33.976604 -80.834938
v 18.171663 -33.359859 -80.834938
v 19.153774 -33.976604 -80.731544
v 19.153774 -33.359859 -80.731544
v 20.008991 -33.976604 -80.237000
v 20.008991 -33.359859 -80.237000
v 20.589441 -33.976604 -79.436806
v 20.589441 -33.359859 -79.436806
v 20.794760 -33.976604 -78.469330
v 20.794758 -33.359859 -78.469330
v 20.589441 -33.976604 -77.501854
v 20.589441 -33.359859 -77.501854
v 20.008991 -33.976604 -76.701660
v 20.008991 -33.359859 -76.701660
v 19.153774 -33.976604 -76.207115
v 19.153774 -33.359859 -76.207115
v 18.171663 -33.976604 -76.103722
v 18.171663 -33.359859 -76.103722
v 17.232475 -33.976604 -76.409370
v 17.232475 -33.359859 -76.409370
v 17.232475 -33.976604 -76.409370
v 17.232475 -33.359859 -76.409370
v 16.761415 -50.106659 -78.115868
v 17.049452 -50.106659 -77.470062
v 17.049450 -33.976604 -77.470062
v 16.761414 -33.976604 -78.115868
v 16.761415 -50.106659 -78.822792
v 16.761414 -33.976604 -78.822792
v 17.049452 -50.106659 -79.468597
v 17.049450 -33.976604 -79.468597
v 17.575724 -50.106659 -79.941620
v 17.575722 -33.976604 -79.941620
v 18.249229 -50.106659 -80.160065
v 18.249228 -33.976604 -80.160065
v 18.953516 -50.106659 -80.086174
v 18.953514 -33.976604 -80.086174
v 19.566807 -50.106659 -79.732712
v 19.566805 -33.976604 -79.732712
v 19.983057 -50.106659 -79.160805
v 19.983055 -33.976604 -79.160805
v 20.130293 -50.106659 -78.469330
v 19.983057 -50.106659 -79.160805
v 19.983055 -33.976604 -79.160805
v 20.130291 -33.976604 -78.469330
v 19.983057 -50.106659 -77.777855
v 19.983055 -33.976604 -77.777855
v 19.566807 -50.106659 -77.205948
v 19.566805 -33.976604 -77.205948
v 18.953516 -50.106659 -76.852486
v 18.953514 -33.976604 -76.852486
v 18.249229 -50.106659 -76.778595
v 18.249228 -33.976604 -76.778595
v 17.575722 -50.106659 -76.997040
v 17.575720 -33.976604 -76.997040
v 19.566809 -66.236710 -79.732712
v 19.983059 -66.236710 -79.160805
v 20.589445 -66.236710 -79.436806
v 20.008995 -66.236710 -80.237000
v 18.953518 -66.236710 -80.086174
v 19.153778 -66.236710 -80.731544
v 18.249231 -66.236710 -80.160065
v 18.171669 -66.236710 -80.834938
v 17.575726 -66.236710 -79.941620
v 17.232481 -66.236710 -80.529289
v 17.049454 -66.236710 -79.468597
v 16.498610 -66.236710 -79.867455
v 16.761417 -66.236710 -78.822792
v 16.096949 -66.236710 -78.963875
v 16.761417 -66.236710 -78.115868
v 16.096949 -66.236710 -77.974785
v 17.049454 -66.236710 -77.470062
v 16.498610 -66.236710 -77.071205
v 17.575724 -66.236710 -76.997040
v 17.232479 -66.236710 -76.409370
v 18.249231 -66.236710 -76.778595
v 18.171667 -66.236710 -76.103722
v 18.953518 -66.236710 -76.852486
v 19.153778 -66.236710 -76.207115
v 19.566809 -66.236710 -77.205948
v 20.008995 -66.236710 -76.701660
v 19.983059 -66.236710 -77.777855
v 20.589445 -66.236710 -77.501854
v 20.130295 -66.236710 -78.469330
v 20.794764 -66.236710 -78.469330
v 16.761414 -33.976604 -78.115868
v 17.049450 -33.976604 -77.470062
v 16.498606 -33.976604 -77.071205
v 16.096945 -33.976604 -77.974785
v 16.761414 -33.976604 -78.822792
v 16.096945 -33.976604 -78.963875
v 17.049450 -33.976604 -79.468597
v 16.498606 -33.976604 -79.867455
v 17.575722 -33.976604 -79.941620
v 17.232477 -33.976604 -80.529289
v 18.249228 -33.976604 -80.160065
v 18.171663 -33.976604 -80.834938
v 18.953514 -33.976604 -80.086174
v 19.153774 -33.976604 -80.731544
v 19.566805 -33.976604 -79.732712
v 20.008991 -33.976604 -80.237000
v 19.983055 -33.976604 -79.160805
v 20.589441 -33.976604 -79.436806
v 20.130291 -33.976604 -78.469330
v 20.794760 -33.976604 -78.469330
v 19.983055 -33.976604 -77.777855
v 20.589441 -33.976604 -77.501854
v 19.566805 -33.976604 -77.205948
v 20.008991 -33.976604 -76.701660
v 18.953514 -33.976604 -76.852486
v 19.153774 -33.976604 -76.207115
v 18.249228 -33.976604 -76.778595
v 18.171663 -33.976604 -76.103722
v 17.575720 -33.976604 -76.997040
v 17.232475 -33.976604 -76.409370
v 18.555452 -66.265839 -76.595078
v 18.416664 -66.265839 -76.652565
v 18.416664 -66.069984 -76.652565
v 18.555452 -66.069984 -76.595078
v 18.277878 -66.265839 -76.595078
v 18.277878 -66.069984 -76.595078
v 18.220390 -66.265839 -76.456291
v 18.220390 -66.069984 -76.456291
v 18.277878 -66.265839 -76.317505
v 18.277878 -66.069984 -76.317505
v 18.416664 -66.265839 -76.260017
v 18.416664 -66.069984 -76.260017
v 18.555452 -66.265839 -76.317505
v 18.555452 -66.069984 -76.317505
v 18.612940 -66.265839 -76.456291
v 18.612940 -66.069984 -76.456291
v 18.555452 -66.265839 -76.595078
v 18.555452 -66.069984 -76.595078
v 18.555452 -66.069984 -76.595078
v 18.416664 -66.069984 -76.652565
v 18.416664 -66.069984 -76.456291
v 18.277878 -66.069984 -76.595078
v 18.220390 -66.069984 -76.456291
v 18.277878 -66.069984 -76.317505
v 18.416664 -66.069984 -76.260017
v 18.555452 -66.069984 -76.317505
v 18.612940 -66.069984 -76.456291
v 16.549948 -66.265839 -78.338081
v 16.607437 -66.265839 -78.476868
v 16.607437 -66.069984 -78.476868
v 16.549948 -66.069984 -78.338081
v 16.549948 -66.265839 -78.615654
v 16.549948 -66.069984 -78.615654
v 16.411163 -66.265839 -78.673141
v 16.411163 -66.069984 -78.673141
v 16.272375 -66.265839 -78.615654
v 16.272375 -66.069984 -78.615654
v 16.214890 -66.265839 -78.476868
v 16.214890 -66.069984 -78.476868
v 16.272375 -66.265839 -78.338081
v 16.272375 -66.069984 -78.338081
v 16.411163 -66.265839 -78.280594
v 16.411163 -66.069984 -78.280594
v 16.549948 -66.265839 -78.338081
v 16.549948 -66.069984 -78.338081
v 16.549948 -66.069984 -78.338081
v 16.607437 -66.069984 -78.476868
v 16.411163 -66.069984 -78.476868
v 16.549948 -66.069984 -78.615654
v 16.411163 -66.069984 -78.673141
v 16.272375 -66.069984 -78.615654
v 16.214890 -66.069984 -78.476868
v 16.272375 -66.069984 -78.338081
v 16.411163 -66.069984 -78.280594
v 18.292948 -66.265839 -80.343582
v 18.431736 -66.265839 -80.286095
v 18.431736 -66.069984 -80.286095
v 18.292948 -66.069984 -80.343582
v 18.570522 -66.265839 -80.343582
v 18.570522 -66.069984 -80.343582
v 18.628010 -66.265839 -80.482368
v 18.628010 -66.069984 -80.482368
v 18.570522 -66.265839 -80.621155
v 18.570522 -66.069984 -80.621155
v 18.431736 -66.265839 -80.678642
v 18.431736 -66.069984 -80.678642
v 18.292948 -66.265839 -80.621155
v 18.292948 -66.069984 -80.621155
v 18.235460 -66.265839 -80.482368
v 18.235460 -66.069984 -80.482368
v 18.292948 -66.265839 -80.343582
v 18.292948 -66.069984 -80.343582
v 18.292948 -66.069984 -80.343582
v 18.431736 -66.069984 -80.286095
v 18.431736 -66.069984 -80.482368
v 18.570522 -66.069984 -80.343582
v 18.628010 -66.069984 -80.482368
v 18.570522 -66.069984 -80.621155
v 18.431736 -66.069984 -80.678642
v 18.292948 -66.069984 -80.621155
v 18.235460 -66.069984 -80.482368
v 20.298450 -66.265839 -78.600578
v 20.240963 -66.265839 -78.461792
v 20.240963 -66.069984 -78.461792
v 20.298450 -66.069984 -78.600578
v 20.298450 -66.265839 -78.323006
v 20.298450 -66.069984 -78.323006
v 20.437237 -66.265839 -78.265518
v 20.437237 -66.069984 -78.265518
v 20.576025 -66.265839 -78.323006
v 20.576025 -66.069984 -78.323006
v 20.633511 -66.265839 -78.461792
v 20.633511 -66.069984 -78.461792
v 20.576025 -66.265839 -78.600578
v 20.576025 -66.069984 -78.600578
v 20.437237 -66.265839 -78.658066
v 20.437237 -66.069984 -78.658066
v 20.298450 -66.265839 -78.600578
v 20.298450 -66.069984 -78.600578
v 20.298450 -66.069984 -78.600578
v 20.240963 -66.069984 -78.461792
v 20.437237 -66.069984 -78.461792
v 20.298450 -66.069984 -78.323006
v 20.437237 -66.069984 -78.265518
v 20.576025 -66.069984 -78.323006
v 20.633511 -66.069984 -78.461792
v 20.576025 -66.069984 -78.600578
v 20.437237 -66.069984 -78.658066
v 16.761417 -66.236710 -78.822792
v 16.761417 -66.236710 -78.115868
v 17.049454 -66.236710 -77.470062
v 17.575724 -66.236710 -76.997040
v 18.249231 -66.236710 -76.778595
v 18.953518 -66.236710 -76.852486
v 19.566809 -66.236710 -77.205948
v 19.983059 -66.236710 -77.777855
v 20.130295 -66.236710 -78.469330
v 19.983059 -66.236710 -79.160805
v 19.983059 -66.236710 -79.160805
v 19.566809 -66.236710 -79.732712
v 18.953518 -66.236710 -80.086174
v 18.249231 -66.236710 -80.160065
v 17.575726 -66.236710 -79.941620
v 17.049454 -66.236710 -79.468597
vn 0.3827 -0.0000 -0.9239
vn -0.3827 -0.0000 -0.9239
vn -0.9239 -0.0000 -0.3827
vn -0.9239 -0.0000 0.3827
vn -0.3827 -0.0000 0.9239
vn 0.3827 -0.0000 0.9239
vn 0.9239 -0.0000 0.3827
vn 0.9239 -0.0000 -0.3827
vn -0.0000 -1.0000 -0.0000
vn 0.8095 -0.0000 -0.5872
vn 0.5006 -0.0000 -0.8657
vn 0.1047 -0.0000 -0.9945
vn -0.3095 -0.0000 -0.9509
vn -0.6697 -0.0000 -0.7426
vn -0.9138 -0.0000 -0.4062
vn -1.0000 -0.0000 -0.0000
vn -0.9138 -0.0000 0.4062
vn -0.6697 -0.0000 0.7426
vn -0.3095 -0.0000 0.9509
vn 0.1047 -0.0000 0.9945
vn 0.5006 -0.0000 0.8657
vn 0.8095 -0.0000 0.5872
vn 0.9782 -0.0000 0.2076
vn 0.9782 -0.0000 -0.2076
vn -0.0000 1.0000 -0.0000
vn -0.9133 -0.0000 0.4073
vn -0.9133 -0.0000 -0.4073
vn -0.6685 -0.0000 -0.7437
vn -0.3085 -0.0000 -0.9512
vn 0.1043 -0.0000 -0.9945
vn 0.4993 -0.0000 -0.8664
vn 0.8085 -0.0000 -0.5885
vn 0.9781 -0.0000 -0.2083
vn 0.9781 -0.0000 0.2083
vn 0.8085 -0.0000 0.5885
vn 0.4993 -0.0000 0.8664
vn 0.1043 -0.0000 0.9945
vn -0.3085 -0.0000 0.9512
vn -0.6685 -0.0000 0.7437
vt 0.626259 0.228526
vt 0.626259 0.311052
vt 0.657132 0.311052
vt 0.657132 0.228526
vt 0.688006 0.311052
vt 0.688006 0.228526
vt 0.718879 0.311052
vt 0.718879 0.228526
vt 0.749752 0.311052
vt 0.749752 0.228526
vt 0.780626 0.311052
vt 0.780626 0.228526
vt 0.811499 0.311052
vt 0.811499 0.228526
vt 0.842372 0.311052
vt 0.842372 0.228526
vt 0.873246 0.311052
vt 0.873246 0.228526
vt 0.795357 0.434013
vt 0.748378 0.384376
vt 0.748378 0.453473
vt 0.701398 0.434013
vt 0.681939 0.387034
vt 0.701398 0.340054
vt 0.748378 0.320595
vt 0.795357 0.340054
vt 0.814817 0.387034
vt 0.976723 0.055183
vt 0.928106 0.055183
vt 0.928106 0.011561
vt 0.976723 0.011560
vt 0.864956 0.055183
vt 0.864956 0.011560
vt 0.792437 0.055183
vt 0.792437 0.011561
vt 0.723087 0.055183
vt 0.723087 0.011561
vt 0.668897 0.055183
vt 0.668897 0.011561
vt 0.602176 0.055183
vt 0.602176 0.011561
vt 0.529141 0.055183
vt 0.529141 0.011561
vt 0.462421 0.055183
vt 0.462421 0.011561
vt 0.413551 0.055183
vt 0.413551 0.011561
vt 0.344201 0.055183
vt 0.344201 0.011560
vt 0.271681 0.055182
vt 0.271681 0.011560
vt 0.208531 0.055182
vt 0.208532 0.011559
vt 0.165671 0.055182
vt 0.165671 0.011559
vt 0.094231 0.055180
vt 0.094232 0.011558
vt 0.022793 0.055179
vt 0.022793 0.011557
vt 0.877709 0.591879
vt 0.938997 0.660738
vt 0.745500 0.761653
vt 0.793712 0.553902
vt 0.701530 0.553373
vt 0.617103 0.590382
vt 0.555028 0.658533
vt 0.526039 0.746039
vt 0.535148 0.837771
vt 0.580780 0.917867
vt 0.655046 0.972478
vt 0.745103 0.992161
vt 0.835380 0.973514
vt 0.910268 0.919759
vt 0.956817 0.840192
vt 0.966979 0.748571
vt 0.956604 0.840420
vt 0.910055 0.919987
vt 0.745287 0.761882
vt 0.835167 0.973742
vt 0.744890 0.992390
vt 0.654833 0.972706
vt 0.580568 0.918095
vt 0.534936 0.837999
vt 0.525827 0.746267
vt 0.554816 0.658761
vt 0.616890 0.590611
vt 0.701318 0.553601
vt 0.793499 0.554130
vt 0.877496 0.592107
vt 0.938784 0.660966
vt 0.966766 0.748799
vt 0.859933 0.009535
vt 0.928210 0.009535
vt 0.928210 0.056020
vt 0.859933 0.056020
vt 0.785194 0.009535
vt 0.785194 0.056020
vt 0.716917 0.009535
vt 0.716917 0.056020
vt 0.666907 0.009535
vt 0.666907 0.056020
vt 0.595939 0.009535
vt 0.595939 0.056020
vt 0.521728 0.009535
vt 0.521728 0.056020
vt 0.457105 0.009535
vt 0.457105 0.056020
vt 0.413245 0.009535
vt 0.413245 0.056020
vt 0.340139 0.009535
vt 0.340140 0.056020
vt 0.267034 0.009535
vt 0.267034 0.056020
vt 0.206569 0.009535
vt 0.206569 0.056020
vt 0.169200 0.009535
vt 0.169200 0.056020
vt 0.094989 0.009535
vt 0.094989 0.056020
vt 0.024021 0.009535
vt 0.024021 0.056020
vt 0.978220 0.009535
vt 0.978220 0.056020
vt 0.245264 0.530755
vt 0.277146 0.530755
vt 0.277146 0.932671
vt 0.245264 0.932671
vt 0.213383 0.530755
vt 0.213383 0.932671
vt 0.181501 0.530755
vt 0.181501 0.932671
vt 0.149620 0.530755
vt 0.149620 0.932671
vt 0.117739 0.530755
vt 0.117739 0.932671
vt 0.085857 0.530755
vt 0.085857 0.932671
vt 0.053976 0.530755
vt 0.053976 0.932671
vt 0.022095 0.530755
vt 0.022095 0.932671
vt 0.468433 0.530755
vt 0.500315 0.530755
vt 0.500315 0.932671
vt 0.468433 0.932671
vt 0.436552 0.530755
vt 0.436552 0.932671
vt 0.404671 0.530755
vt 0.404671 0.932671
vt 0.372789 0.530755
vt 0.372789 0.932671
vt 0.340908 0.530755
vt 0.340908 0.932671
vt 0.309027 0.530755
vt 0.309027 0.932671
vt 0.849063 0.444058
vt 0.896454 0.392280
vt 0.953188 0.426223
vt 0.887073 0.498691
vt 0.784665 0.472109
vt 0.797253 0.537971
vt 0.714396 0.471583
vt 0.699261 0.537271
vt 0.650404 0.442570
vt 0.610038 0.496713
vt 0.603756 0.390087
vt 0.545013 0.423308
vt 0.582517 0.323209
vt 0.515429 0.329750
vt 0.590359 0.253499
vt 0.526401 0.232215
vt 0.625927 0.193012
vt 0.576033 0.147569
vt 0.683070 0.152205
vt 0.655742 0.090447
vt 0.751908 0.138135
vt 0.751746 0.070726
vt 0.820538 0.153235
vt 0.847445 0.091816
vt 0.877094 0.194893
vt 0.926292 0.150071
vt 0.911796 0.255907
vt 0.974654 0.235417
vt 0.918644 0.325727
vt 0.984167 0.333098
vt 0.213383 0.128839
vt 0.245264 0.128839
vt 0.277146 0.128839
vt 0.309027 0.128839
vt 0.340908 0.128839
vt 0.372789 0.128839
vt 0.404671 0.128839
vt 0.436552 0.128839
vt 0.468433 0.128839
vt 0.500315 0.128839
vt 0.022095 0.128839
vt 0.053976 0.128839
vt 0.085857 0.128839
vt 0.117739 0.128839
vt 0.149620 0.128839
vt 0.181501 0.128839
s 0
usemtl pipes
f 905/467/272 906/468/272 907/469/272
f 905/467/272 907/469/272 908/470/272
f 908/470/273 907/469/273 909/471/273
f 908/470/273 909/471/273 910/472/273
f 910/472/274 909/471/274 911/473/274
f 910/472/274 911/473/274 912/474/274
f 912/474/275 911/473/275 913/475/275
f 912/474/275 913/475/275 914/476/275
f 914/476/276 913/475/276 915/477/276
f 914/476/276 915/477/276 916/478/276
f 916/478/277 915/477/277 917/479/277
f 916/478/277 917/479/277 918/480/277
f 918/480/278 917/479/278 919/481/278
f 918/480/278 919/481/278 920/482/278
f 920/482/279 919/481/279 921/483/279
f 920/482/279 921/483/279 922/484/279
f 923/485/280 924/486/280 925/487/280
f 925/487/280 924/486/280 926/488/280
f 926/488/280 924/486/280 927/489/280
f 927/489/280 924/486/280 928/490/280
f 928/490/280 924/486/280 929/491/280
f 929/491/280 924/486/280 930/492/280
f 930/492/280 924/486/280 931/493/280
f 931/493/280 924/486/280 923/485/280
f 932/467/278 933/468/278 934/469/278
f 932/467/278 934/469/278 935/470/278
f 935/470/279 934/469/279 936/471/279
f 935/470/279 936/471/279 937/472/279
f 937/472/272 936/471/272 938/473/272
f 937/472/272 938/473/272 939/474/272
f 939/474/273 938/473/273 940/475/273
f 939/474/273 940/475/273 941/476/273
f 941/476/274 940/475/274 942/477/274
f 941/476/274 942/477/274 943/478/274
f 943/478/275 942/477/275 944/479/275
f 943/478/275 944/479/275 945/480/275
f 945/480/276 944/479/276 946/481/276
f 945/480/276 946/481/276 947/482/276
f 947/482/277 946/481/277 948/483/277
f 947/482/277 948/483/277 949/484/277
f 950/485/280 951/486/280 952/487/280
f 952/487/280 951/486/280 953/488/280
f 953/488/280 951/486/280 954/489/280
f 954/489/280 951/486/280 955/490/280
f 955/490/280 951/486/280 956/491/280
f 956/491/280 951/486/280 957/492/280
f 957/492/280 951/486/280 958/493/280
f 958/493/280 951/486/280 950/485/280
f 959/467/276 960/468/276 961/469/276
f 959/467/276 961/469/276 962/470/276
f 962/470/277 961/469/277 963/471/277
f 962/470/277 963/471/277 964/472/277
f 964/472/278 963/471/278 965/473/278
f 964/472/278 965/473/278 966/474/278
f 966/474/279 965/473/279 967/475/279
f 966/474/279 967/475/279 968/476/279
f 968/476/272 967/475/272 969/477/272
f 968/476/272 969/477/272 970/478/272
f 970/478/273 969/477/273 971/479/273
f 970/478/273 971/479/273 972/480/273
f 972/480/274 971/479/274 973/481/274
f 972/480/274 973/481/274 974/482/274
f 974/482/275 973/481/275 975/483/275
f 974/482/275 975/483/275 976/484/275
f 977/485/280 978/486/280 979/487/280
f 979/487/280 978/486/280 980/488/280
f 980/488/280 978/486/280 981/489/280
f 981/489/280 978/486/280 982/490/280
f 982/490/280 978/486/280 983/491/280
f 983/491/280 978/486/280 984/492/280
f 984/492/280 978/486/280 985/493/280
f 985/493/280 978/486/280 977/485/280
f 986/467/274 987/468/274 988/469/274
f 986/467/274 988/469/274 989/470/274
f 989/470/275 988/469/275 990/471/275
f 989/470/275 990/471/275 991/472/275
f 991/472/276 990/471/276 992/473/276
f 991/472/276 992/473/276 993/474/276
f 993/474/277 992/473/277 994/475/277
f 993/474/277 994/475/277 995/476/277
f 995/476/278 994/475/278 996/477/278
f 995/476/278 996/477/278 997/478/278
f 997/478/279 996/477/279 998/479/279
f 997/478/279 998/479/279 999/480/279
f 999/480/272 998/479/272 1000/481/272
f 999/480/272 1000/481/272 1001/482/272
f 1001/482/273 1000/481/273 1002/483/273
f 1001/482/273 1002/483/273 1003/484/273
f 1004/485/280 1005/486/280 1006/487/280
f 1006/487/280 1005/486/280 1007/488/280
f 1007/488/280 1005/486/280 1008/489/280
f 1008/489/280 1005/486/280 1009/490/280
f 1009/490/280 1005/486/280 1010/491/280
f 1010/491/280 1005/486/280 1011/492/280
f 1011/492/280 1005/486/280 1012/493/280
f 1012/493/280 1005/486/280 1004/485/280
f 1013/494/281 1014/495/281 1015/496/281
f 1013/494/281 1015/496/281 1016/497/281
f 1014/495/282 1017/498/282 1018/499/282
f 1014/495/282 1018/499/282 1015/496/282
f 1017/498/283 1019/500/283 1020/501/283
f 1017/498/283 1020/501/283 1018/499/283
f 1019/500/284 1021/502/284 1022/503/284
f 1019/500/284 1022/503/284 1020/501/284
f 1021/502/285 1023/504/285 1024/505/285
f 1021/502/285 1024/505/285 1022/503/285
f 1023/504/286 1025/506/286 1026/507/286
f 1023/504/286 1026/507/286 1024/505/286
f 1025/506/287 1027/508/287 1028/509/287
f 1025/506/287 1028/509/287 1026/507/287
f 1027/508/288 1029/510/288 1030/511/288
f 1027/508/288 1030/511/288 1028/509/288
f 1029/510/289 1031/512/289 1032/513/289
f 1029/510/289 1032/513/289 1030/511/289
f 1031/512/290 1033/514/290 1034/515/290
f 1031/512/290 1034/515/290 1032/513/290
f 1033/514/291 1035/516/291 1036/517/291
f 1033/514/291 1036/517/291 1034/515/291
f 1035/516/292 1037/518/292 1038/519/292
f 1035/516/292 1038/519/292 1036/517/292
f 1037/518/293 1039/520/293 1040/521/293
f 1037/518/293 1040/521/293 1038/519/293
f 1039/520/294 1041/522/294 1042/523/294
f 1039/520/294 1042/523/294 1040/521/294
f 1041/522/295 1043/524/295 1044/525/295
f 1041/522/295 1044/525/295 1042/523/295
f 1045/526/280 1046/527/280 1047/528/280
f 1048/529/280 1045/526/280 1047/528/280
f 1049/530/280 1048/529/280 1047/528/280
f 1050/531/280 1049/530/280 1047/528/280
f 1051/532/280 1050/531/280 1047/528/280
f 1052/533/280 1051/532/280 1047/528/280
f 1053/534/280 1052/533/280 1047/528/280
f 1054/535/280 1053/534/280 1047/528/280
f 1055/536/280 1054/535/280 1047/528/280
f 1056/537/280 1055/536/280 1047/528/280
f 1057/538/280 1056/537/280 1047/528/280
f 1058/539/280 1057/538/280 1047/528/280
f 1059/540/280 1058/539/280 1047/528/280
f 1060/541/280 1059/540/280 1047/528/280
f 1046/527/280 1060/541/280 1047/528/280
f 1061/542/296 1062/543/296 1063/544/296
f 1062/543/296 1064/545/296 1063/544/296
f 1064/545/296 1065/546/296 1063/544/296
f 1065/546/296 1066/547/296 1063/544/296
f 1066/547/296 1067/548/296 1063/544/296
f 1067/548/296 1068/549/296 1063/544/296
f 1068/549/296 1069/550/296 1063/544/296
f 1069/550/296 1070/551/296 1063/544/296
f 1070/551/296 1071/552/296 1063/544/296
f 1071/552/296 1072/553/296 1063/544/296
f 1072/553/296 1073/554/296 1063/544/296
f 1073/554/296 1074/555/296 1063/544/296
f 1074/555/296 1075/556/296 1063/544/296
f 1075/556/296 1076/557/296 1063/544/296
f 1076/557/296 1061/542/296 1063/544/296
f 1077/558/288 1078/559/288 1079/560/288
f 1077/558/288 1079/560/288 1080/561/288
f 1081/562/287 1077/558/287 1080/561/287
f 1081/562/287 1080/561/287 1082/563/287
f 1083/564/286 1081/562/286 1082/563/286
f 1083/564/286 1082/563/286 1084/565/286
f 1085/566/285 1083/564/285 1084/565/285
f 1085/566/285 1084/565/285 1086/567/285
f 1087/568/284 1085/566/284 1086/567/284
f 1087/568/284 1086/567/284 1088/569/284
f 1089/570/283 1087/568/283 1088/569/283
f 1089/570/283 1088/569/283 1090/571/283
f 1091/572/282 1089/570/282 1090/571/282
f 1091/572/282 1090/571/282 1092/573/282
f 1093/574/281 1091/572/281 1092/573/281
f 1093/574/281 1092/573/281 1094/575/281
f 1095/576/295 1093/574/295 1094/575/295
f 1095/576/295 1094/575/295 1096/577/295
f 1097/578/294 1095/576/294 1096/577/294
f 1097/578/294 1096/577/294 1098/579/294
f 1099/580/293 1097/578/293 1098/579/293
f 1099/580/293 1098/579/293 1100/581/293
f 1101/582/292 1099/580/292 1100/581/292
f 1101/582/292 1100/581/292 1102/583/292
f 1103/584/291 1101/582/291 1102/583/291
f 1103/584/291 1102/583/291 1104/585/291
f 1105/586/290 1103/584/290 1104/585/290
f 1105/586/290 1104/585/290 1106/587/290
f 1078/559/289 1107/588/289 1108/589/289
f 1078/559/289 1108/589/289 1079/560/289
f 1109/590/297 1110/591/297 1111/592/297
f 1109/590/297 1111/592/297 1112/593/297
f 1113/594/287 1109/590/287 1112/593/287
f 1113/594/287 1112/593/287 1114/595/287
f 1115/596/298 1113/594/298 1114/595/298
f 1115/596/298 1114/595/298 1116/597/298
f 1117/598/299 1115/596/299 1116/597/299
f 1117/598/299 1116/597/299 1118/599/299
f 1119/600/300 1117/598/300 1118/599/300
f 1119/600/300 1118/599/300 1120/601/300
f 1121/602/301 1119/600/301 1120/601/301
f 1121/602/301 1120/601/301 1122/603/301
f 1123/604/302 1121/602/302 1122/603/302
f 1123/604/302 1122/603/302 1124/605/302
f 1125/606/303 1123/604/303 1124/605/303
f 1125/606/303 1124/605/303 1126/607/303
f 1127/608/304 1128/609/304 1129/610/304
f 1127/608/304 1129/610/304 1130/611/304
f 1131/612/305 1127/608/305 1130/611/305
f 1131/612/305 1130/611/305 1132/613/305
f 1133/614/306 1131/612/306 1132/613/306
f 1133/614/306 1132/613/306 1134/615/306
f 1135/616/307 1133/614/307 1134/615/307
f 1135/616/307 1134/615/307 1136/617/307
f 1137/618/308 1135/616/308 1136/617/308
f 1137/618/308 1136/617/308 1138/619/308
f 1139/620/309 1137/618/309 1138/619/309
f 1139/620/309 1138/619/309 1140/621/309
f 1110/591/310 1139/620/310 1140/621/310
f 1110/591/310 1140/621/310 1111/592/310
f 1141/622/296 1142/623/296 1143/624/296
f 1141/622/296 1143/624/296 1144/625/296
f 1145/626/296 1141/622/296 1144/625/296
f 1145/626/296 1144/625/296 1146/627/296
f 1147/628/296 1145/626/296 1146/627/296
f 1147/628/296 1146/627/296 1148/629/296
f 1149/630/296 1147/628/296 1148/629/296
f 1149/630/296 1148/629/296 1150/631/296
f 1151/632/296 1149/630/296 1150/631/296
f 1151/632/296 1150/631/296 1152/633/296
f 1153/634/296 1151/632/296 1152/633/296
f 1153/634/296 1152/633/296 1154/635/296
f 1155/636/296 1153/634/296 1154/635/296
f 1155/636/296 1154/635/296 1156/637/296
f 1157/638/296 1155/636/296 1156/637/296
f 1157/638/296 1156/637/296 1158/639/296
f 1159/640/296 1157/638/296 1158/639/296
f 1159/640/296 1158/639/296 1160/641/296
f 1161/642/296 1159/640/296 1160/641/296
f 1161/642/296 1160/641/296 1162/643/296
f 1163/644/296 1161/642/296 1162/643/296
f 1163/644/296 1162/643/296 1164/645/296
f 1165/646/296 1163/644/296 1164/645/296
f 1165/646/296 1164/645/296 1166/647/296
f 1167/648/296 1165/646/296 1166/647/296
f 1167/648/296 1166/647/296 1168/649/296
f 1169/650/296 1167/648/296 1168/649/296
f 1169/650/296 1168/649/296 1170/651/296
f 1142/623/296 1169/650/296 1170/651/296
f 1142/623/296 1170/651/296 1143/624/296
f 1171/634/280 1172/632/280 1173/633/280
f 1171/634/280 1173/633/280 1174/635/280
f 1175/636/280 1171/634/280 1174/635/280
f 1175/636/280 1174/635/280 1176/637/280
f 1177/638/280 1175/636/280 1176/637/280
f 1177/638/280 1176/637/280 1178/639/280
f 1179/640/280 1177/638/280 1178/639/280
f 1179/640/280 1178/639/280 1180/641/280
f 1181/642/280 1179/640/280 1180/641/280
f 1181/642/280 1180/641/280 1182/643/280
f 1183/644/280 1181/642/280 1182/643/280
f 1183/644/280 1182/643/280 1184/645/280
f 1185/646/280 1183/644/280 1184/645/280
f 1185/646/280 1184/645/280 1186/647/280
f 1187/648/280 1185/646/280 1186/647/280
f 1187/648/280 1186/647/280 1188/649/280
f 1189/650/280 1187/648/280 1188/649/280
f 1189/650/280 1188/649/280 1190/651/280
f 1191/623/280 1189/650/280 1190/651/280
f 1191/623/280 1190/651/280 1192/624/280
f 1193/622/280 1191/623/280 1192/624/280
f 1193/622/280 1192/624/280 1194/625/280
f 1195/626/280 1193/622/280 1194/625/280
f 1195/626/280 1194/625/280 1196/627/280
f 1197/628/280 1195/626/280 1196/627/280
f 1197/628/280 1196/627/280 1198/629/280
f 1199/630/280 1197/628/280 1198/629/280
f 1199/630/280 1198/629/280 1200/631/280
f 1172/632/280 1199/630/280 1200/631/280
f 1172/632/280 1200/631/280 1173/633/280
f 1201/467/272 1202/470/272 1203/469/272
f 1201/467/272 1203/469/272 1204/468/272
f 1202/470/273 1205/472/273 1206/471/273
f 1202/470/273 1206/471/273 1203/469/273
f 1205/472/274 1207/474/274 1208/473/274
f 1205/472/274 1208/473/274 1206/471/274
f 1207/474/275 1209/476/275 1210/475/275
f 1207/474/275 1210/475/275 1208/473/275
f 1209/476/276 1211/478/276 1212/477/276
f 1209/476/276 1212/477/276 1210/475/276
f 1211/478/277 1213/480/277 1214/479/277
f 1211/478/277 1214/479/277 1212/477/277
f 1213/480/278 1215/482/278 1216/481/278
f 1213/480/278 1216/481/278 1214/479/278
f 1215/482/279 1217/484/279 1218/483/279
f 1215/482/279 1218/483/279 1216/481/279
f 1219/485/296 1220/487/296 1221/486/296
f 1220/487/296 1222/488/296 1221/486/296
f 1222/488/296 1223/489/296 1221/486/296
f 1223/489/296 1224/490/296 1221/486/296
f 1224/490/296 1225/491/296 1221/486/296
f 1225/491/296 1226/492/296 1221/486/296
f 1226/492/296 1227/493/296 1221/486/296
f 1227/493/296 1219/485/296 1221/486/296
f 1228/467/278 1229/470/278 1230/469/278
f 1228/467/278 1230/469/278 1231/468/278
f 1229/470/279 1232/472/279 1233/471/279
f 1229/470/279 1233/471/279 1230/469/279
f 1232/472/272 1234/474/272 1235/473/272
f 1232/472/272 1235/473/272 1233/471/272
f 1234/474/273 1236/476/273 1237/475/273
f 1234/474/273 1237/475/273 1235/473/273
f 1236/476/274 1238/478/274 1239/477/274
f 1236/476/274 1239/477/274 1237/475/274
f 1238/478/275 1240/480/275 1241/479/275
f 1238/478/275 1241/479/275 1239/477/275
f 1240/480/276 1242/482/276 1243/481/276
f 1240/480/276 1243/481/276 1241/479/276
f 1242/482/277 1244/484/277 1245/483/277
f 1242/482/277 1245/483/277 1243/481/277
f 1246/485/296 1247/487/296 1248/486/296
f 1247/487/296 1249/488/296 1248/486/296
f 1249/488/296 1250/489/296 1248/486/296
f 1250/489/296 1251/490/296 1248/486/296
f 1251/490/296 1252/491/296 1248/486/296
f 1252/491/296 1253/492/296 1248/486/296
f 1253/492/296 1254/493/296 1248/486/296
f 1254/493/296 1246/485/296 1248/486/296
f 1255/467/276 1256/470/276 1257/469/276
f 1255/467/276 1257/469/276 1258/468/276
f 1256/470/277 1259/472/277 1260/471/277
f 1256/470/277 1260/471/277 1257/469/277
f 1259/472/278 1261/474/278 1262/473/278
f 1259/472/278 1262/473/278 1260/471/278
f 1261/474/279 1263/476/279 1264/475/279
f 1261/474/279 1264/475/279 1262/473/279
f 1263/476/272 1265/478/272 1266/477/272
f 1263/476/272 1266/477/272 1264/475/272
f 1265/478/273 1267/480/273 1268/479/273
f 1265/478/273 1268/479/273 1266/477/273
f 1267/480/274 1269/482/274 1270/481/274
f 1267/480/274 1270/481/274 1268/479/274
f 1269/482/275 1271/484/275 1272/483/275
f 1269/482/275 1272/483/275 1270/481/275
f 1273/485/296 1274/487/296 1275/486/296
f 1274/487/296 1276/488/296 1275/486/296
f 1276/488/296 1277/489/296 1275/486/296
f 1277/489/296 1278/490/296 1275/486/296
f 1278/490/296 1279/491/296 1275/486/296
f 1279/491/296 1280/492/296 1275/486/296
f 1280/492/296 1281/493/296 1275/486/296
f 1281/493/296 1273/485/296 1275/486/296
f 1282/467/274 1283/470/274 1284/469/274
f 1282/467/274 1284/469/274 1285/468/274
f 1283/470/275 1286/472/275 1287/471/275
f 1283/470/275 1287/471/275 1284/469/275
f 1286/472/276 1288/474/276 1289/473/276
f 1286/472/276 1289/473/276 1287/471/276
f 1288/474/277 1290/476/277 1291/475/277
f 1288/474/277 1291/475/277 1289/473/277
f 1290/476/278 1292/478/278 1293/477/278
f 1290/476/278 1293/477/278 1291/475/278
f 1292/478/279 1294/480/279 1295/479/279
f 1292/478/279 1295/479/279 1293/477/279
f 1294/480/272 1296/482/272 1297/481/272
f 1294/480/272 1297/481/272 1295/479/272
f 1296/482/273 1298/484/273 1299/483/273
f 1296/482/273 1299/483/273 1297/481/273
f 1300/485/296 1301/487/296 1302/486/296
f 1301/487/296 1303/488/296 1302/486/296
f 1303/488/296 1304/489/296 1302/486/296
f 1304/489/296 1305/490/296 1302/486/296
f 1305/490/296 1306/491/296 1302/486/296
f 1306/491/296 1307/492/296 1302/486/296
f 1307/492/296 1308/493/296 1302/486/296
f 1308/493/296 1300/485/296 1302/486/296
f 1309/652/287 1310/653/287 1109/590/287
f 1309/652/287 1109/590/287 1113/594/287
f 1310/653/297 1311/654/297 1110/591/297
f 1310/653/297 1110/591/297 1109/590/297
f 1311/654/310 1312/655/310 1139/620/310
f 1311/654/310 1139/620/310 1110/591/310
f 1312/655/309 1313/656/309 1137/618/309
f 1312/655/309 1137/618/309 1139/620/309
f 1313/656/308 1314/657/308 1135/616/308
f 1313/656/308 1135/616/308 1137/618/308
f 1314/657/307 1315/658/307 1133/614/307
f 1314/657/307 1133/614/307 1135/616/307
f 1315/658/306 1316/659/306 1131/612/306
f 1315/658/306 1131/612/306 1133/614/306
f 1316/659/305 1317/660/305 1127/608/305
f 1316/659/305 1127/608/305 1131/612/305
f 1317/660/304 1318/661/304 1128/609/304
f 1317/660/304 1128/609/304 1127/608/304
f 1319/662/303 1320/663/303 1123/604/303
f 1319/662/303 1123/604/303 1125/606/303
f 1320/663/302 1321/664/302 1121/602/302
f 1320/663/302 1121/602/302 1123/604/302
f 1321/664/301 1322/665/301 1119/600/301
f 1321/664/301 1119/600/301 1121/602/301
f 1322/665/300 1323/666/300 1117/598/300
f 1322/665/300 1117/598/300 1119/600/300
f 1323/666/299 1324/667/299 1115/596/299
f 1323/666/299 1115/596/299 1117/598/299
f 1324/667/298 1309/652/298 1113/594/298
f 1324/667/298 1113/594/298 1115/596/298
o classname=mesh.003
v -34.713749 11.168452 -75.075905
v -35.073887 11.085904 -70.959488
v -34.772038 13.588687 -74.916878
v -35.117924 13.572840 -70.963341
v -34.790894 15.139194 -74.615776
v -35.110760 14.885219 -70.959625
v -34.760292 16.472591 -74.182869
v -35.042538 16.028114 -70.956749
v -34.701229 17.536123 -73.396912
v -34.915955 17.329811 -70.942581
v -34.824360 18.044113 -71.989532
v -34.915955 18.044113 -70.942581
v -35.009102 10.014488 -70.953819
v -34.670135 10.062112 -74.828293
v -34.915684 9.456190 -70.945648
v -34.655575 9.265687 -73.918762
v -34.915684 8.678372 -70.945648
v -34.775936 8.789473 -72.542992
v -35.689777 11.061859 -71.013741
v -35.329639 11.144406 -75.130180
v -35.733292 13.610636 -71.015564
v -35.387394 13.626523 -74.969231
v -35.405941 15.182586 -74.668060
v -35.727055 14.928726 -71.015091
v -35.376682 16.472591 -74.236794
v -35.659195 16.028114 -71.007607
v -35.317619 17.536123 -73.450836
v -35.532341 17.329811 -70.996513
v -35.440746 18.044113 -72.043457
v -35.532341 18.044113 -70.996513
v -35.622601 9.954121 -71.006920
v -35.283630 10.001745 -74.881386
v -35.530754 9.414236 -70.998581
v -35.272038 9.223656 -73.971832
v -35.532074 8.678372 -70.999573
v -35.392326 8.789473 -72.596924
v -34.772038 13.588687 -74.916878
v -34.713749 11.168452 -75.075905
v -34.790894 15.139194 -74.615776
v -34.670135 10.062112 -74.828293
v -34.760292 16.472591 -74.182869
v -34.701229 17.536123 -73.396912
v -34.824360 18.044113 -71.989532
v -34.915955 18.044113 -70.942581
v -34.655575 9.265687 -73.918762
v -34.775936 8.789473 -72.542992
v -34.915684 8.678372 -70.945648
v -35.073887 11.085904 -70.959488
v -35.434292 11.168453 -66.839996
v -35.117924 13.572840 -70.963341
v -35.464081 13.588688 -67.006721
v -35.430363 15.139195 -67.306534
v -35.110760 14.885219 -70.959625
v -35.325054 16.472591 -67.727547
v -35.042538 16.028114 -70.956749
v -35.130409 17.536123 -68.491302
v -34.915955 17.329811 -70.942581
v -35.007282 18.044113 -69.898697
v -34.915955 18.044113 -70.942581
v -35.009102 10.014488 -70.953819
v -35.348343 10.062113 -67.076271
v -34.915684 9.456190 -70.945648
v -35.176064 9.265688 -67.969460
v -34.915684 8.678372 -70.945648
v -35.055702 8.789473 -69.345222
v -36.050247 11.144407 -66.893509
v -35.689777 11.061859 -71.013741
v -36.079178 13.626524 -67.062019
v -35.733292 13.610636 -71.015564
v -36.045143 15.182587 -67.361862
v -35.727055 14.928726 -71.015091
v -35.941441 16.472591 -67.781479
v -35.659195 16.028114 -71.007607
v -35.746799 17.536123 -68.545235
v -35.532341 17.329811 -70.996513
v -35.623669 18.044113 -69.952621
v -35.532341 18.044113 -70.996513
v -35.622601 9.954121 -71.006920
v -35.961739 10.001746 -67.130508
v -35.530754 9.414236 -70.998581
v -35.792377 9.223657 -68.024261
v -35.532074 8.678372 -70.999573
v -35.672089 8.789473 -69.399155
v -35.464081 13.588688 -67.006721
v -35.434292 11.168453 -66.839996
v -35.430363 15.139195 -67.306534
v -35.348343 10.062113 -67.076271
v -35.325054 16.472591 -67.727547
v -35.130409 17.536123 -68.491302
v -35.007282 18.044113 -69.898697
v -34.915955 18.044113 -70.942581
v -35.176064 9.265688 -67.969460
v -35.055702 8.789473 -69.345222
v -34.915684 8.678372 -70.945648
v -33.578579 7.866098 -70.828667
v -33.151573 7.870293 -74.939232
v -31.562931 7.717512 -70.649231
v -31.203932 7.718327 -74.604713
v -29.921862 7.652249 -74.189789
v -30.446524 7.673810 -70.554649
v -28.869122 7.633176 -73.667465
v -29.510180 7.670857 -70.472733
v -28.052809 7.718250 -72.815254
v -28.433823 7.735769 -70.378563
v -27.765852 7.675169 -71.371994
v -27.861010 7.675169 -70.284325
v -34.448708 7.901954 -70.901703
v -34.070889 7.904400 -74.775871
v -34.903763 8.003963 -70.941513
v -34.797676 7.994252 -73.931190
v -35.533581 7.964340 -70.999710
v -35.303822 7.969973 -72.589180
v -33.152699 7.008956 -74.939720
v -33.580002 7.004761 -70.825340
v -31.155066 6.861146 -74.598953
v -31.513851 6.860332 -70.646416
v -30.010963 6.798837 -74.196068
v -30.535818 6.818300 -70.560921
v -28.993420 6.781318 -73.678337
v -29.634478 6.818999 -70.483604
v -28.177069 6.866430 -72.826126
v -28.558121 6.883911 -70.389442
v -27.890150 6.823350 -71.382874
v -27.981745 6.823350 -70.335922
v -34.479271 7.042248 -70.904953
v -34.101589 7.044695 -74.777969
v -34.919319 7.143054 -70.943756
v -34.813461 7.131361 -73.931717
v -35.515507 7.103586 -70.995033
v -35.285439 7.109258 -72.587570
v -31.155066 6.861146 -74.598953
v -33.152699 7.008956 -74.939720
v -30.010963 6.798837 -74.196068
v -34.101589 7.044695 -74.777969
v -28.993420 6.781318 -73.678337
v -28.177069 6.866430 -72.826126
v -27.890150 6.823350 -71.382874
v -27.981745 6.823350 -70.335922
v -34.813461 7.131361 -73.931717
v -35.285439 7.109258 -72.587570
v -35.515507 7.103586 -70.995033
v -33.872112 7.870294 -66.703323
v -33.578579 7.866098 -70.828667
v -31.895973 7.718328 -66.694557
v -31.562931 7.717512 -70.649231
v -30.561331 7.652250 -66.880547
v -30.446524 7.673810 -70.554649
v -29.433884 7.633177 -67.212143
v -29.510180 7.670857 -70.472733
v -28.481991 7.718250 -67.909645
v -28.433823 7.735769 -70.378563
v -27.948774 7.675169 -69.281158
v -27.861010 7.675169 -70.284325
v -34.448708 7.901954 -70.901703
v -34.749096 7.904401 -67.023842
v -34.903763 8.003963 -70.941513
v -35.318165 7.994252 -67.981895
v -35.533581 7.964340 -70.999710
v -35.583588 7.969974 -69.391411
v -33.580002 7.004761 -70.825340
v -33.873306 7.008957 -66.703056
v -31.513851 6.860332 -70.646416
v -31.846851 6.861147 -66.691742
v -30.650166 6.798838 -66.889870
v -30.535818 6.818300 -70.560921
v -29.558182 6.781319 -67.223015
v -29.634478 6.818999 -70.483604
v -28.606251 6.866430 -67.920517
v -28.558121 6.883911 -70.389442
v -28.073072 6.823350 -69.292038
v -27.981745 6.823350 -70.335922
v -34.479271 7.042248 -70.904953
v -34.779697 7.044696 -67.027100
v -34.919319 7.143054 -70.943756
v -35.333801 7.131361 -67.984138
v -35.515507 7.103586 -70.995033
v -35.565205 7.109258 -69.389801
v -31.846851 6.861147 -66.691742
v -33.873306 7.008957 -66.703056
v -30.650166 6.798838 -66.889870
v -34.779697 7.044696 -67.027100
v -29.558182 6.781319 -67.223015
v -28.606251 6.866430 -67.920517
v -28.073072 6.823350 -69.292038
v -27.981745 6.823350 -70.335922
v -35.333801 7.131361 -67.984138
v -35.565205 7.109258 -69.389801
v -35.515507 7.103586 -70.995033
v -35.654827 8.729300 -70.358658
v -35.557777 8.729300 -71.467926
v -35.255768 8.729300 -70.323746
v -35.158722 8.729300 -71.433014
v -35.773514 8.253706 -70.369041
v -35.654827 8.729300 -70.358658
v -35.374454 8.253706 -70.334129
v -35.255768 8.729300 -70.323746
v -35.559521 7.884938 -71.468079
v -35.656567 7.884939 -70.358810
v -35.160423 7.884939 -71.433167
v -35.257469 7.884939 -70.323898
v -35.557777 8.729300 -71.467926
v -35.676468 8.253706 -71.478310
v -35.158722 8.729300 -71.433014
v -35.277409 8.253706 -71.443398
v -35.773514 8.253706 -70.369041
v -35.676468 8.253706 -71.478310
v -35.654827 8.729300 -70.358658
v -35.557777 8.729300 -71.467926
v -35.277409 8.253706 -71.443398
v -35.374454 8.253706 -70.334129
v -35.158722 8.729300 -71.433014
v -35.255768 8.729300 -70.323746
v -35.559521 7.884938 -71.468079
v -35.656567 7.884939 -70.358810
v -35.656567 7.884939 -70.358810
v -35.257469 7.884939 -70.323898
v -35.160423 7.884939 -71.433167
v -35.559521 7.884938 -71.468079
v -35.257469 7.884939 -70.323898
v -35.160423 7.884939 -71.433167
v -31.515869 7.151988 -74.690926
v -32.900269 7.221833 -74.907425
v -31.534863 7.454833 -74.628944
v -32.909103 7.556338 -74.843857
v -33.054443 8.103060 -74.905273
v -31.534975 7.757911 -74.693176
v -30.109428 7.627000 -74.475929
v -30.086016 7.370381 -74.412346
v -30.043888 7.113919 -74.472687
v -31.478296 7.758378 -75.071808
v -32.990944 8.103564 -75.329323
v -31.459267 7.455494 -75.133789
v -32.833511 7.556960 -75.348656
v -32.843586 7.222300 -75.286057
v -31.459190 7.152454 -75.069557
v -29.988192 7.114385 -74.840096
v -30.011209 7.371003 -74.908165
v -30.052906 7.627466 -74.852310
v -31.459190 7.152454 -75.069557
v -32.843586 7.222300 -75.286057
v -31.484327 7.051221 -74.879860
v -32.879337 7.110539 -75.098495
v -32.900269 7.221833 -74.907425
v -31.515869 7.151988 -74.690926
v -30.043888 7.113919 -74.472687
v -30.005194 7.028652 -74.655113
v -29.988192 7.114385 -74.840096
v -31.478296 7.758378 -75.071808
v -30.052906 7.627466 -74.852310
v -31.509800 7.859144 -74.882866
v -30.092033 7.712771 -74.665398
v -30.109428 7.627000 -74.475929
v -31.534975 7.757911 -74.693176
v -33.054443 8.103060 -74.905273
v -32.838120 8.242129 -75.086472
v -32.990944 8.103564 -75.329323
v -29.266781 7.387435 -74.308037
v -29.340080 7.589125 -74.367012
v -29.013075 7.786657 -74.326393
v -28.879183 7.649297 -74.270500
v -28.728512 7.511588 -74.324387
v -29.175348 7.185862 -74.366325
v -29.339314 7.656561 -74.554939
v -29.284185 7.589591 -74.736664
v -28.958872 7.784560 -74.692329
v -29.033102 7.831524 -74.513329
v -29.013075 7.786657 -74.326393
v -29.340080 7.589125 -74.367012
v -29.194324 7.388056 -74.776962
v -29.122597 7.186367 -74.700066
v -28.603678 7.547598 -74.635635
v -28.809916 7.646500 -74.724380
v -28.958872 7.784560 -74.692329
v -29.284185 7.589591 -74.736664
v -33.504341 7.590367 -74.942955
v -33.506119 7.245296 -75.008659
v -33.614899 7.334915 -75.038261
v -33.655174 7.590600 -75.006226
v -33.671715 8.191278 -75.006615
v -33.520275 8.184132 -74.943146
v -33.428745 7.590989 -75.447800
v -33.444679 8.184752 -75.447983
v -33.605579 8.191822 -75.448334
v -33.589035 7.591145 -75.447975
v -33.560307 7.335382 -75.402840
v -33.449440 7.245762 -75.387291
v -32.838120 8.242129 -75.086472
v -33.322266 9.008254 -75.155228
v -33.402885 9.017304 -74.976311
v -33.402885 9.017304 -74.976311
v -33.407524 9.842826 -74.973679
v -33.322266 9.008254 -75.155228
v -33.328724 9.822120 -75.152748
v -33.350845 9.843330 -75.352310
v -33.346207 9.017771 -75.354942
v -32.990944 8.103564 -75.329323
v -32.838120 8.242129 -75.086472
v -33.569225 9.045079 -74.944344
v -33.722530 9.072971 -75.008331
v -33.716103 9.970746 -75.005119
v -33.568367 9.905679 -74.941231
v -33.407524 9.842826 -74.973679
v -33.493629 9.045701 -75.449181
v -33.346207 9.017771 -75.354942
v -33.350845 9.843330 -75.352310
v -33.492767 9.906301 -75.446068
v -33.649967 9.971290 -75.446838
v -33.656391 9.073515 -75.450089
v -33.224060 10.348370 -75.142502
v -33.295666 10.385740 -74.962761
v -33.077358 10.703346 -74.942451
v -33.017441 10.652535 -75.123215
v -33.020313 10.703813 -75.325264
v -33.238987 10.386206 -75.341393
v -33.434799 10.498433 -74.928452
v -33.560928 10.619788 -74.990570
v -33.272434 11.024410 -74.964432
v -33.181503 10.856361 -74.905083
v -33.077358 10.703346 -74.942451
v -33.295666 10.385740 -74.962761
v -33.359238 10.499055 -75.433296
v -33.238987 10.386206 -75.341393
v -33.020313 10.703813 -75.325264
v -33.104454 10.856983 -75.426559
v -33.204109 11.024955 -75.431145
v -33.494793 10.620332 -75.432281
v -33.017441 10.652535 -75.123215
v -33.077358 10.703346 -74.942451
v -32.717979 10.800229 -75.093582
v -32.762684 10.853099 -74.911530
v -32.227482 10.903560 -74.840256
v -32.195503 10.853371 -75.023460
v -32.168251 10.904064 -75.248062
v -32.704510 10.853603 -75.306793
v -33.020313 10.703813 -75.325264
v -32.821251 11.012406 -74.870132
v -32.866127 11.188885 -74.926353
v -32.253922 11.223303 -74.851807
v -32.247929 11.054827 -74.795525
v -32.227482 10.903560 -74.840256
v -32.762684 10.853099 -74.911530
v -32.739819 11.013028 -75.441650
v -32.704510 10.853603 -75.306793
v -32.739819 11.013028 -75.441650
v -32.162121 11.055449 -75.417076
v -32.162121 11.055449 -75.417076
v -32.172466 11.223846 -75.468636
v -32.791237 11.189429 -75.468140
v -31.319849 10.873920 -74.882515
v -31.347609 10.923255 -74.698936
v -30.469425 10.821712 -74.553047
v -30.447174 10.773931 -74.736946
v -30.412119 10.820351 -74.962471
v -31.288013 10.923720 -75.110924
v -31.355320 11.071803 -74.653130
v -31.347784 11.237598 -74.716110
v -30.439447 11.121410 -74.573433
v -30.463388 10.963306 -74.506584
v -30.469425 10.821712 -74.553047
v -31.347609 10.923255 -74.698936
v -31.268057 11.072463 -75.291321
v -30.379690 10.961441 -75.133896
v -30.379690 10.961441 -75.133896
v -30.359400 11.119700 -75.198685
v -31.268057 11.072463 -75.291321
v -31.264139 11.238181 -75.357933
v -29.057535 9.046090 -74.517532
v -29.007586 9.055725 -74.327629
v -28.954729 8.378596 -74.502571
v -28.914328 8.362047 -74.314049
v -29.013075 7.786657 -74.326393
v -29.033102 7.831524 -74.513329
v -28.958872 7.784560 -74.692329
v -28.863806 8.352259 -74.686943
v -28.961067 9.038942 -74.710464
v -28.796230 9.062328 -74.263947
v -28.570215 9.067417 -74.302307
v -28.725071 8.299350 -74.254089
v -28.521498 8.234749 -74.299332
v -28.914328 8.362047 -74.314049
v -29.007586 9.055725 -74.327629
v -28.733341 9.039876 -74.783112
v -28.961067 9.038942 -74.710464
v -28.659157 8.286298 -74.734703
v -28.863806 8.352259 -74.686943
v -28.456955 8.301681 -74.705902
v -28.512289 9.067340 -74.765175
v -29.933605 10.465376 -74.652824
v -29.939283 10.508573 -74.468025
v -29.939283 10.508573 -74.468025
v -29.590528 10.073961 -74.414856
v -29.933605 10.465376 -74.652824
v -29.606936 10.038145 -74.601280
v -29.546427 10.060869 -74.807961
v -29.888897 10.501735 -74.869667
v -29.888897 10.501735 -74.869667
v -29.256447 9.608001 -74.364647
v -29.294922 9.582169 -74.553314
v -29.212893 9.590870 -74.752853
v -29.891973 10.629189 -74.419548
v -29.820576 10.764180 -74.477913
v -29.350986 10.264657 -74.408600
v -29.484451 10.164123 -74.362366
v -29.590528 10.073961 -74.414856
v -29.939283 10.508573 -74.468025
v -28.890459 9.721587 -74.344406
v -29.084297 9.662891 -74.305252
v -29.256447 9.608001 -74.364647
v -29.819052 10.619788 -75.014153
v -29.888897 10.501735 -74.869667
v -29.546427 10.060869 -74.807961
v -29.819052 10.619788 -75.014153
v -29.421860 10.146292 -74.921379
v -29.292580 10.248652 -74.930420
v -29.751457 10.755712 -75.053589
v -29.212893 9.590870 -74.752853
v -29.023750 9.639777 -74.844864
v -28.835186 9.701077 -74.837143
v -33.589035 7.591145 -75.447975
v -33.605579 8.191822 -75.448334
v -33.658249 7.591028 -75.365982
v -33.674946 8.194037 -75.366821
v -33.696232 8.193804 -75.242493
v -33.679523 7.590795 -75.241386
v -33.659924 7.335148 -75.236748
v -33.621517 7.245802 -75.325882
v -33.560307 7.335382 -75.402840
v -33.712742 8.193687 -75.114403
v -33.671715 8.191278 -75.006615
v -33.696045 7.590717 -75.113602
v -33.655174 7.590600 -75.006226
v -33.614899 7.334915 -75.038261
v -33.649895 7.245568 -75.136551
v -29.121792 7.118930 -74.530098
v -29.175348 7.185862 -74.366325
v -28.728512 7.511588 -74.324387
v -28.658121 7.465672 -74.466644
v -28.603678 7.547598 -74.635635
v -29.122597 7.186367 -74.700066
v -33.510220 7.130506 -75.205162
v -33.449440 7.245762 -75.387291
v -33.510220 7.130506 -75.205162
v -33.621517 7.245802 -75.325882
v -33.510220 7.130506 -75.205162
v -33.649895 7.245568 -75.136551
v -33.510220 7.130506 -75.205162
v -33.506119 7.245296 -75.008659
v -33.764118 9.082294 -75.117294
v -33.747543 9.082373 -75.246124
v -33.739105 10.002561 -75.244530
v -33.755779 9.998172 -75.115005
v -33.716103 9.970746 -75.005119
v -33.722530 9.072971 -75.008331
v -33.726318 9.082605 -75.369713
v -33.656391 9.073515 -75.450089
v -33.649967 9.971290 -75.446838
v -33.717979 9.998482 -75.367424
v -33.593296 10.683069 -75.100204
v -33.576637 10.700277 -75.230003
v -33.275295 11.150350 -75.208511
v -33.292683 11.120360 -75.073944
v -33.272434 11.024410 -74.964432
v -33.560928 10.619788 -74.990570
v -33.555538 10.683379 -75.352631
v -33.494793 10.620332 -75.432281
v -33.555538 10.683379 -75.352631
v -33.253426 11.120671 -75.343048
v -33.253426 11.120671 -75.343048
v -33.292683 11.120360 -75.073944
v -33.275295 11.150350 -75.208511
v -32.869686 11.293343 -75.037209
v -32.850235 11.327682 -75.186028
v -32.220657 11.359420 -75.139763
v -32.242657 11.325119 -74.971672
v -32.253922 11.223303 -74.851807
v -32.866127 11.188885 -74.926353
v -32.869686 11.293343 -75.037209
v -33.292683 11.120360 -75.073944
v -32.826057 11.293692 -75.356308
v -32.791237 11.189429 -75.468140
v -32.172466 11.223846 -75.468636
v -32.826057 11.293692 -75.356308
v -32.194649 11.325429 -75.340805
v -33.253426 11.120671 -75.343048
v -31.329823 11.338521 -74.859016
v -31.305819 11.372861 -75.046898
v -30.378586 11.251855 -74.923660
v -30.408007 11.218680 -74.729584
v -30.439447 11.121410 -74.573433
v -31.347784 11.237598 -74.716110
v -31.280354 11.338870 -75.244827
v -31.264139 11.238181 -75.357933
v -31.280354 11.338870 -75.244827
v -30.360716 11.217709 -75.104317
v -30.360716 11.217709 -75.104317
v -28.476244 9.072584 -74.418556
v -28.452215 9.091969 -74.563080
v -28.438108 8.212529 -74.426567
v -28.410263 8.288745 -74.569229
v -28.603678 7.547598 -74.635635
v -28.658121 7.465672 -74.466644
v -28.728512 7.511588 -74.324387
v -28.521498 8.234749 -74.299332
v -28.570215 9.067417 -74.302307
v -28.435900 9.139671 -74.686279
v -28.373402 8.519375 -74.660767
v -28.456955 8.301681 -74.705902
v -28.373402 8.519375 -74.660767
v -28.435900 9.139671 -74.686279
v -29.754074 10.850535 -74.613609
v -29.711878 10.880291 -74.786133
v -29.203135 10.354081 -74.665581
v -29.252316 10.331433 -74.518394
v -29.252316 10.331433 -74.518394
v -29.754074 10.850535 -74.613609
v -29.820576 10.764180 -74.477913
v -29.713348 10.845601 -74.955185
v -29.218126 10.322227 -74.824043
v -29.218126 10.322227 -74.824043
v -29.203135 10.354081 -74.665581
v -29.713348 10.845601 -74.955185
v -29.711878 10.880291 -74.786133
v -29.713348 10.845601 -74.955185
v -28.754913 9.747070 -74.737541
v -28.754913 9.747070 -74.737541
v -28.749874 9.769174 -74.593216
v -28.787014 9.758841 -74.451286
v -28.890459 9.721587 -74.344406
v -28.787014 9.758841 -74.451286
v -29.252316 10.331433 -74.518394
v -33.611526 7.221834 -66.777618
v -32.210564 7.151989 -66.750450
v -33.609188 7.556339 -66.841782
v -32.218506 7.454834 -66.814789
v -33.762985 8.103061 -66.806526
v -32.229771 7.757912 -66.751541
v -30.788157 7.627001 -66.717957
v -30.754059 7.370382 -66.776512
v -30.723049 7.113920 -66.709755
v -33.774086 8.103566 -66.377899
v -32.239700 7.758379 -66.368820
v -33.622402 7.556961 -66.331497
v -32.231720 7.455495 -66.304482
v -33.621452 7.222301 -66.394913
v -32.220493 7.152455 -66.367737
v -30.731997 7.114386 -66.338264
v -30.766487 7.371004 -66.275208
v -30.797852 7.627467 -66.337463
v -33.621452 7.222301 -66.394913
v -32.220493 7.152455 -66.367737
v -33.624092 7.110540 -66.585831
v -32.212311 7.051222 -66.558914
v -33.611526 7.221834 -66.777618
v -32.210564 7.151989 -66.750450
v -30.723049 7.113920 -66.709755
v -30.716619 7.028653 -66.523392
v -30.731997 7.114386 -66.338264
v -30.797852 7.627467 -66.337463
v -32.239700 7.758379 -66.368820
v -30.803928 7.712772 -66.528320
v -32.237919 7.859145 -66.560349
v -30.788157 7.627001 -66.717957
v -32.229771 7.757912 -66.751541
v -33.762985 8.103061 -66.806526
v -33.581409 8.242130 -66.590538
v -33.774086 8.103566 -66.377899
v -30.011581 7.589126 -66.691635
v -29.929157 7.387436 -66.736961
v -29.682491 7.786658 -66.674850
v -29.540928 7.649298 -66.706627
v -29.401901 7.511589 -66.627419
v -29.849234 7.185863 -66.663689
v -30.020725 7.589592 -66.317886
v -30.043461 7.656562 -66.506424
v -29.692657 7.784561 -66.305038
v -29.734676 7.831525 -66.494217
v -29.682491 7.786658 -66.674850
v -30.011581 7.589126 -66.691635
v -29.855238 7.186368 -66.325851
v -29.939228 7.388057 -66.262581
v -29.333015 7.547599 -66.299187
v -29.551529 7.646501 -66.247612
v -29.692657 7.784561 -66.305038
v -30.020725 7.589592 -66.317886
v -34.225754 7.245297 -66.783127
v -34.212593 7.590368 -66.847534
v -34.338017 7.334916 -66.772888
v -34.372120 7.590601 -66.811424
v -34.388474 8.191279 -66.813911
v -34.228313 8.184133 -66.850121
v -34.241531 8.184753 -66.339821
v -34.225807 7.590990 -66.337234
v -34.400047 8.191823 -66.367409
v -34.383694 7.591146 -66.364899
v -34.347565 7.335382 -66.404350
v -34.235683 7.245763 -66.400421
v -33.581409 8.242130 -66.590538
v -34.118469 9.017305 -66.797073
v -34.070145 9.008255 -66.606857
v -34.122578 9.842827 -66.800484
v -34.118469 9.017305 -66.797073
v -34.076069 9.822121 -66.610428
v -34.070145 9.008255 -66.606857
v -34.132507 9.843331 -66.417763
v -34.128399 9.017772 -66.414352
v -33.774086 8.103566 -66.377899
v -33.581409 8.242130 -66.590538
v -34.438820 9.072972 -66.821022
v -34.276733 9.045080 -66.857430
v -34.431931 9.970747 -66.823097
v -34.275345 9.905680 -66.860352
v -34.122578 9.842827 -66.800484
v -34.128399 9.017772 -66.414352
v -34.289948 9.045702 -66.347137
v -34.132507 9.843331 -66.417763
v -34.288559 9.906301 -66.350067
v -34.443501 9.971291 -66.376595
v -34.450390 9.073516 -66.374519
v -34.010525 10.385741 -66.791786
v -33.971222 10.348371 -66.602348
v -33.792007 10.703347 -66.773880
v -33.764389 10.652536 -66.585480
v -33.802303 10.703815 -66.386993
v -34.020458 10.386207 -66.409065
v -34.276588 10.619789 -66.810478
v -34.141582 10.498434 -66.849762
v -33.987934 11.024411 -66.786125
v -33.888081 10.856362 -66.828789
v -33.792007 10.703347 -66.773880
v -34.010525 10.385741 -66.791786
v -34.020458 10.386207 -66.409065
v -34.154839 10.499056 -66.339462
v -33.802303 10.703815 -66.386993
v -33.902756 10.856985 -66.301826
v -34.001698 11.024957 -66.314613
v -34.288162 10.620333 -66.363976
v -33.792007 10.703347 -66.773880
v -33.764389 10.652536 -66.585480
v -33.476746 10.853100 -66.749702
v -33.464333 10.800230 -66.562637
v -32.937294 10.903561 -66.726967
v -32.937614 10.853373 -66.540993
v -32.949780 10.904066 -66.315056
v -33.488094 10.853605 -66.350319
v -33.802303 10.703815 -66.386993
v -33.581192 11.188886 -66.753044
v -33.527229 11.012407 -66.800652
v -32.965340 11.223304 -66.720161
v -32.949665 11.054828 -66.774559
v -32.937294 10.903561 -66.726967
v -33.476746 10.853100 -66.749702
v -33.488094 10.853605 -66.350319
v -33.546280 11.013030 -66.223656
v -32.973091 11.055450 -66.147537
v -33.546280 11.013030 -66.223656
v -32.992233 11.223848 -66.098579
v -32.973091 11.055450 -66.147537
v -33.601517 11.189431 -66.206490
v -32.046253 10.923257 -66.713326
v -32.050793 10.873922 -66.527725
v -31.156076 10.821712 -66.704506
v -31.166094 10.773932 -66.519569
v -31.170732 10.820353 -66.291382
v -32.059101 10.923722 -66.297256
v -32.049404 11.237600 -66.696457
v -32.045891 11.071805 -66.759804
v -31.130091 11.121411 -66.679260
v -31.142061 10.963307 -66.749237
v -31.156076 10.821712 -66.704506
v -32.046253 10.923257 -66.713326
v -32.070774 11.072465 -66.116127
v -31.168566 10.961443 -66.116920
v -31.159834 11.119702 -66.049583
v -31.168566 10.961443 -66.116920
v -32.078480 11.238183 -66.049873
v -32.070774 11.072465 -66.116127
v -29.677299 9.055726 -66.672676
v -29.759468 9.046091 -66.494308
v -29.583101 8.362048 -66.669838
v -29.655624 8.378597 -66.491219
v -29.682491 7.786658 -66.674850
v -29.734676 7.831525 -66.494217
v -29.692657 7.784561 -66.305038
v -29.598101 8.352260 -66.293831
v -29.697968 9.038943 -66.287575
v -29.242178 9.067418 -66.621658
v -29.458097 9.062329 -66.698700
v -29.193684 8.234750 -66.616135
v -29.386307 8.299351 -66.696045
v -29.583101 8.362048 -66.669838
v -29.677299 9.055726 -66.672676
v -29.697968 9.038943 -66.287575
v -29.486315 9.039877 -66.176483
v -29.598101 8.352260 -66.293831
v -29.404852 8.286299 -66.211281
v -29.200722 8.301682 -66.204514
v -29.265507 9.067341 -66.155769
v -30.619225 10.508574 -66.696190
v -30.645723 10.465377 -66.513199
v -30.266535 10.073962 -66.687981
v -30.619225 10.508574 -66.696190
v -30.315063 10.038146 -66.507263
v -30.645723 10.465377 -66.513199
v -30.291363 10.060871 -66.293198
v -30.639345 10.501737 -66.291908
v -30.639345 10.501737 -66.291908
v -29.928808 9.608002 -66.679428
v -29.999462 9.582170 -66.500305
v -29.953327 9.590871 -66.289551
v -30.504038 10.764181 -66.665825
v -30.564215 10.629190 -66.735703
v -30.029543 10.264658 -66.652573
v -30.152954 10.164124 -66.721260
v -30.266535 10.073962 -66.687981
v -30.619225 10.508574 -66.696190
v -29.564865 9.721588 -66.635826
v -29.748962 9.662892 -66.708023
v -29.928808 9.608002 -66.679428
v -30.595650 10.619790 -66.137505
v -30.291363 10.060871 -66.293198
v -30.639345 10.501737 -66.291908
v -30.188383 10.146294 -66.159882
v -30.595650 10.619790 -66.137505
v -30.062637 10.248653 -66.128517
v -30.535929 10.755713 -66.086929
v -29.953327 9.590871 -66.289551
v -29.783035 9.639778 -66.166107
v -29.595997 9.701077 -66.140953
v -34.400047 8.191823 -66.367409
v -34.383694 7.591146 -66.364899
v -34.454205 8.194038 -66.459724
v -34.437622 7.591029 -66.457642
v -34.453583 8.193805 -66.585869
v -34.436932 7.590796 -66.584068
v -34.416824 7.335149 -66.585243
v -34.394478 7.245803 -66.490784
v -34.347565 7.335382 -66.404350
v -34.388474 8.191279 -66.813911
v -34.447598 8.193688 -66.714867
v -34.372120 7.590601 -66.811424
v -34.431015 7.590718 -66.712784
v -34.338017 7.334916 -66.772888
v -34.389553 7.245569 -66.682144
v -29.849234 7.185863 -66.663689
v -29.824930 7.118931 -66.493103
v -29.401901 7.511589 -66.627419
v -29.357285 7.465672 -66.475090
v -29.333015 7.547599 -66.299187
v -29.855238 7.186368 -66.325851
v -34.235683 7.245763 -66.400421
v -34.263912 7.130507 -66.590340
v -34.394478 7.245803 -66.490784
v -34.263912 7.130507 -66.590340
v -34.263912 7.130507 -66.590340
v -34.389553 7.245569 -66.682144
v -34.263912 7.130507 -66.590340
v -34.225754 7.245297 -66.783127
v -34.504745 9.082374 -66.591194
v -34.498695 9.082295 -66.720940
v -34.496155 10.002562 -66.591301
v -34.490086 9.998173 -66.721771
v -34.431931 9.970747 -66.823097
v -34.438820 9.072972 -66.821022
v -34.450390 9.073516 -66.374519
v -34.505302 9.082606 -66.465797
v -34.443501 9.971291 -66.376595
v -34.496693 9.998483 -66.466629
v -34.333633 10.700278 -66.577408
v -34.327499 10.683070 -66.708130
v -34.033138 11.150351 -66.546219
v -34.026894 11.120361 -66.681778
v -33.987934 11.024411 -66.786125
v -34.276588 10.619789 -66.810478
v -34.288162 10.620333 -66.363976
v -34.334148 10.683380 -66.452988
v -34.034962 11.120672 -66.409958
v -34.334148 10.683380 -66.452988
v -34.034962 11.120672 -66.409958
v -34.033138 11.150351 -66.546219
v -34.026894 11.120361 -66.681778
v -33.610630 11.327683 -66.494568
v -33.603947 11.293344 -66.644516
v -32.982586 11.359422 -66.430817
v -32.975060 11.325121 -66.600166
v -32.965340 11.223304 -66.720161
v -33.581192 11.188886 -66.753044
v -34.026894 11.120361 -66.681778
v -33.603947 11.293344 -66.644516
v -33.616386 11.293694 -66.322670
v -32.992233 11.223848 -66.098579
v -33.601517 11.189431 -66.206490
v -32.991879 11.325431 -66.228310
v -33.616386 11.293694 -66.322670
v -34.034962 11.120672 -66.409958
v -32.065521 11.372863 -66.363396
v -32.056534 11.338523 -66.552597
v -31.130970 11.251857 -66.323776
v -31.126244 11.218682 -66.520020
v -31.130091 11.121411 -66.679260
v -32.049404 11.237600 -66.696457
v -32.078480 11.238183 -66.049873
v -32.074810 11.338872 -66.164062
v -31.144743 11.217710 -66.142746
v -32.074810 11.338872 -66.164062
v -31.144743 11.217710 -66.142746
v -29.171251 9.091969 -66.344376
v -29.169819 9.072585 -66.490868
v -29.131006 8.288746 -66.331024
v -29.133656 8.212530 -66.476357
v -29.333015 7.547599 -66.299187
v -29.357285 7.465672 -66.475090
v -29.401901 7.511589 -66.627419
v -29.193684 8.234750 -66.616135
v -29.242178 9.067418 -66.621658
v -29.176577 9.139672 -66.220215
v -29.110598 8.519376 -66.234482
v -29.200722 8.301682 -66.204514
v -29.110598 8.519376 -66.234482
v -29.176577 9.139672 -66.220215
v -30.450510 10.880293 -66.343422
v -30.462107 10.850536 -66.520676
v -29.928566 10.354082 -66.373787
v -29.951439 10.331434 -66.527313
v -29.951439 10.331434 -66.527313
v -30.462107 10.850536 -66.520676
v -30.504038 10.764181 -66.665825
v -30.481314 10.845603 -66.177216
v -29.970844 10.322228 -66.220352
v -29.928566 10.354082 -66.373787
v -29.970844 10.322228 -66.220352
v -30.450510 10.880293 -66.343422
v -30.481314 10.845603 -66.177216
v -30.481314 10.845603 -66.177216
v -29.499647 9.747071 -66.225098
v -29.469622 9.769175 -66.366371
v -29.499647 9.747071 -66.225098
v -29.564865 9.721588 -66.635826
v -29.481552 9.758842 -66.512604
v -29.481552 9.758842 -66.512604
v -29.951439 10.331434 -66.527313
v -30.749016 6.586699 -69.778534
v -31.199762 6.586699 -69.479362
v -30.749016 7.142510 -69.778534
v -31.199762 7.142510 -69.479362
v -30.472679 6.586699 -70.243660
v -30.472679 7.142510 -70.243660
v -30.425526 6.586699 -70.782616
v -30.425526 7.142510 -70.782616
v -30.616899 6.586699 -71.288658
v -30.616899 7.142510 -71.288658
v -31.008850 6.586699 -71.661530
v -31.008850 7.142510 -71.661530
v -31.523806 6.586699 -71.827423
v -31.523806 7.142510 -71.827423
v -32.059746 6.586699 -71.753471
v -32.059746 7.142510 -71.753471
v -32.510529 6.586699 -71.454323
v -32.510529 7.142510 -71.454323
v -32.786827 6.586699 -70.989197
v -32.786827 7.142510 -70.989197
v -32.833977 6.586699 -70.450241
v -32.786827 6.586699 -70.989197
v -32.833977 7.142510 -70.450241
v -32.786827 7.142510 -70.989197
v -32.642647 6.586699 -69.944206
v -32.642647 7.142510 -69.944206
v -32.250660 6.586699 -69.571304
v -32.250660 7.142510 -69.571304
v -31.735703 6.586699 -69.405403
v -31.735703 7.142510 -69.405403
v -31.199762 7.142510 -69.479362
v -31.735703 7.142510 -69.405403
v -30.749016 7.142510 -69.778534
v -32.250660 7.142510 -69.571304
v -30.472679 7.142510 -70.243660
v -32.642647 7.142510 -69.944206
v -30.425526 7.142510 -70.782616
v -32.833977 7.142510 -70.450241
v -30.616899 7.142510 -71.288658
v -32.786827 7.142510 -70.989197
v -31.008850 7.142510 -71.661530
v -32.510529 7.142510 -71.454323
v -31.523806 7.142510 -71.827423
v -32.059746 7.142510 -71.753471
v -31.688368 0.796342 -69.946442
v -31.391863 0.796342 -69.987358
v -31.973265 0.796342 -70.038223
v -31.142477 0.796342 -70.152870
v -32.190121 0.796342 -70.244530
v -30.989607 0.796342 -70.410194
v -32.295986 0.796342 -70.524490
v -30.963520 0.796342 -70.708366
v -32.269897 0.796342 -70.822662
v -31.069386 0.796342 -70.988335
v -32.117027 0.796342 -71.079987
v -31.286240 0.796342 -71.194633
v -31.867643 0.796342 -71.245499
v -31.571136 0.796342 -71.286415
v -31.971575 6.408861 -70.041046
v -31.688084 6.408861 -69.949707
v -32.187389 6.408861 -70.246338
v -32.292751 6.408861 -70.524940
v -32.266792 6.408861 -70.821655
v -32.114655 6.408861 -71.077721
v -32.266792 6.408861 -70.821655
v -31.866468 6.408861 -71.242432
v -31.571423 6.408861 -71.283150
v -31.287930 6.408861 -71.191818
v -31.072119 6.408861 -70.986511
v -30.966797 6.408861 -70.707924
v -30.992756 6.408861 -70.411209
v -31.144854 6.408861 -70.155128
v -31.393036 6.408861 -69.990433
v -31.870285 5.524915 -70.211563
v -31.670795 5.524915 -70.147301
v -32.022125 5.524915 -70.356018
v -32.096264 5.524915 -70.552048
v -32.077995 5.524915 -70.760834
v -31.970945 5.524915 -70.941010
v -32.077995 5.524915 -70.760834
v -31.796328 5.524915 -71.056908
v -31.588711 5.524915 -71.085556
v -31.389221 5.524915 -71.021294
v -31.237379 5.524915 -70.876831
v -31.163282 5.524915 -70.680809
v -31.181547 5.524915 -70.472023
v -31.288559 5.524915 -70.291840
v -31.463177 5.524915 -70.175949
v -31.842482 1.610313 -70.258377
v -31.666050 1.610313 -70.201538
v -31.976755 1.610313 -70.386131
v -32.042305 1.610313 -70.559494
v -32.026150 1.610313 -70.744133
v -31.931494 1.610313 -70.903481
v -32.026150 1.610313 -70.744133
v -31.777075 1.610313 -71.005981
v -31.593454 1.610313 -71.031319
v -31.417063 1.610313 -70.974480
v -31.282751 1.610313 -70.846725
v -31.217201 1.610313 -70.673363
v -31.233356 1.610313 -70.488716
v -31.328012 1.610313 -70.329369
v -31.482468 1.610313 -70.226875
v -31.988909 1.153843 -70.011871
v -31.691040 1.153843 -69.915901
v -32.215664 1.153843 -70.227577
v -32.326340 1.153843 -70.520294
v -32.299065 1.153843 -70.832062
v -32.139236 1.153843 -71.101120
v -32.299065 1.153843 -70.832062
v -31.878471 1.153843 -71.274178
v -31.568466 1.153843 -71.316940
v -31.270597 1.153843 -71.220993
v -31.043842 1.153843 -71.005287
v -30.933167 1.153843 -70.712563
v -30.960442 1.153843 -70.400795
v -31.120266 1.153843 -70.131744
v -31.381033 1.153843 -69.958687
v -31.973265 0.796342 -70.038223
v -31.688368 0.796342 -69.946442
v -32.190121 0.796342 -70.244530
v -32.295986 0.796342 -70.524490
v -32.269897 0.796342 -70.822662
v -32.117027 0.796342 -71.079987
v -32.269897 0.796342 -70.822662
v -31.867643 0.796342 -71.245499
v -31.571136 0.796342 -71.286415
v -31.286240 0.796342 -71.194633
v -31.069386 0.796342 -70.988335
v -30.963520 0.796342 -70.708366
v -30.989607 0.796342 -70.410194
v -31.142477 0.796342 -70.152870
v -31.391863 0.796342 -69.987358
v -29.303925 0.991520 -70.211243
v -31.074102 1.330562 -70.366112
v -29.268900 0.991520 -70.611580
v -31.039078 1.330562 -70.766449
v -27.269897 0.000001 -70.033287
v -26.869987 0.003389 -69.998299
v -27.234873 0.000001 -70.433632
v -26.834961 0.003389 -70.398643
v -31.074102 0.928691 -70.366112
v -29.303925 0.589649 -70.211243
v -31.039078 0.928691 -70.766449
v -29.268900 0.589649 -70.611580
v -31.074102 1.330562 -70.366112
v -31.074102 0.928691 -70.366112
v -31.039078 1.330562 -70.766449
v -31.039078 0.928691 -70.766449
v -29.303925 0.589649 -70.211243
v -31.074102 0.928691 -70.366112
v -29.303925 0.991520 -70.211243
v -31.074102 1.330562 -70.366112
v -31.039078 0.928691 -70.766449
v -29.268900 0.589649 -70.611580
v -31.039078 1.330562 -70.766449
v -29.268900 0.991520 -70.611580
v -28.396910 0.490712 -70.131889
v -28.396910 0.892584 -70.131889
v -28.396910 0.892584 -70.131889
v -28.361885 0.892584 -70.532227
v -28.361885 0.490712 -70.532227
v -28.396910 0.490712 -70.131889
v -28.361885 0.892584 -70.532227
v -28.361885 0.490712 -70.532227
v -27.917244 0.403211 -70.089920
v -27.587729 0.669828 -70.061096
v -27.272297 0.285557 -70.033501
v -26.872387 0.288948 -69.998512
v -27.587729 0.669828 -70.061096
v -27.552704 0.669828 -70.461433
v -26.872387 0.288948 -69.998512
v -26.837362 0.288948 -70.398849
v -27.882217 0.403211 -70.490265
v -27.917244 0.403211 -70.089920
v -27.237272 0.285557 -70.433838
v -27.272297 0.285557 -70.033501
v -27.552704 0.669828 -70.461433
v -27.882217 0.403211 -70.490265
v -26.837362 0.288948 -70.398849
v -27.237272 0.285557 -70.433838
v -27.269897 0.000001 -70.033287
v -27.272297 0.285557 -70.033501
v -26.869987 0.003389 -69.998299
v -26.872387 0.288948 -69.998512
v -26.869987 0.003389 -69.998299
v -26.872387 0.288948 -69.998512
v -26.834961 0.003389 -70.398643
v -26.837362 0.288948 -70.398849
v -27.234873 0.000001 -70.433632
v -27.237272 0.285557 -70.433838
v -27.269897 0.000001 -70.033287
v -27.272297 0.285557 -70.033501
v -26.834961 0.003389 -70.398643
v -26.837362 0.288948 -70.398849
v -27.234873 0.000001 -70.433632
v -27.237272 0.285557 -70.433838
v -32.112728 1.330562 -70.456978
v -33.882874 0.991520 -70.611839
v -32.077702 1.330562 -70.857315
v -33.847847 0.991520 -71.012184
v -36.316845 0.003389 -70.824783
v -35.916935 0.000001 -70.789795
v -36.281822 0.003389 -71.225128
v -35.881912 0.000001 -71.190140
v -33.882874 0.589649 -70.611839
v -32.112728 0.928691 -70.456978
v -33.847847 0.589649 -71.012184
v -32.077702 0.928691 -70.857315
v -32.112728 0.928691 -70.456978
v -32.112728 1.330562 -70.456978
v -32.077702 0.928691 -70.857315
v -32.077702 1.330562 -70.857315
v -32.112728 0.928691 -70.456978
v -33.882874 0.589649 -70.611839
v -32.112728 1.330562 -70.456978
v -33.882874 0.991520 -70.611839
v -33.847847 0.589649 -71.012184
v -32.077702 0.928691 -70.857315
v -33.847847 0.991520 -71.012184
v -32.077702 1.330562 -70.857315
v -34.789921 0.490711 -70.691200
v -34.789921 0.892583 -70.691200
v -34.789921 0.892583 -70.691200
v -34.754898 0.892583 -71.091537
v -34.754898 0.490711 -71.091537
v -34.789921 0.490711 -70.691200
v -34.754898 0.892583 -71.091537
v -34.754898 0.490711 -71.091537
v -35.269588 0.403210 -70.733162
v -35.599106 0.669827 -70.761993
v -36.314445 0.288948 -70.824577
v -35.914536 0.285557 -70.789589
v -35.599106 0.669827 -70.761993
v -35.564079 0.669827 -71.162331
v -36.279423 0.288948 -71.224915
v -36.314445 0.288948 -70.824577
v -35.234566 0.403210 -71.133507
v -35.269588 0.403210 -70.733162
v -35.914536 0.285557 -70.789589
v -35.879513 0.285557 -71.189926
v -35.564079 0.669827 -71.162331
v -35.234566 0.403210 -71.133507
v -35.879513 0.285557 -71.189926
v -36.279423 0.288948 -71.224915
v -35.914536 0.285557 -70.789589
v -35.916935 0.000001 -70.789795
v -36.314445 0.288948 -70.824577
v -36.316845 0.003389 -70.824783
v -36.314445 0.288948 -70.824577
v -36.316845 0.003389 -70.824783
v -36.279423 0.288948 -71.224915
v -36.281822 0.003389 -71.225128
v -35.879513 0.285557 -71.189926
v -35.881912 0.000001 -71.190140
v -35.914536 0.285557 -70.789589
v -35.916935 0.000001 -70.789795
v -36.279423 0.288948 -71.224915
v -36.281822 0.003389 -71.225128
v -35.879513 0.285557 -71.189926
v -35.881912 0.000001 -71.190140
v -31.157928 0.991520 -72.880516
v -31.326454 1.330562 -71.111595
v -31.557993 0.991520 -72.918640
v -31.726480 1.330562 -71.149704
v -30.964308 0.000000 -74.913132
v -30.926224 0.003388 -75.312775
v -31.364372 0.000000 -74.951256
v -31.326288 0.003388 -75.350891
v -31.326454 0.928691 -71.111595
v -31.157928 0.589649 -72.880516
v -31.726480 0.928691 -71.149704
v -31.557993 0.589649 -72.918640
v -31.326454 1.330562 -71.111595
v -31.326454 0.928691 -71.111595
v -31.726480 1.330562 -71.149704
v -31.726480 0.928691 -71.149704
v -31.157928 0.589649 -72.880516
v -31.326454 0.928691 -71.111595
v -31.157928 0.991520 -72.880516
v -31.326454 1.330562 -71.111595
v -31.726480 0.928691 -71.149704
v -31.557993 0.589649 -72.918640
v -31.726480 1.330562 -71.149704
v -31.557993 0.991520 -72.918640
v -31.071573 0.490711 -73.786919
v -31.071573 0.892583 -73.786919
v -31.071573 0.892583 -73.786919
v -31.471638 0.892583 -73.825035
v -31.471638 0.490711 -73.825035
v -31.071573 0.490711 -73.786919
v -31.471638 0.892583 -73.825035
v -31.471638 0.490711 -73.825035
v -31.025936 0.403210 -74.266220
v -30.994551 0.669827 -74.595558
v -30.964518 0.285556 -74.910736
v -30.926476 0.288948 -75.310379
v -30.994551 0.669827 -74.595558
v -31.394617 0.669827 -74.633636
v -30.926476 0.288948 -75.310379
v -31.326540 0.288948 -75.348495
v -31.426001 0.403210 -74.304344
v -31.025936 0.403210 -74.266220
v -31.364582 0.285556 -74.948853
v -30.964518 0.285556 -74.910736
v -31.394617 0.669827 -74.633636
v -31.426001 0.403210 -74.304344
v -31.326540 0.288948 -75.348495
v -31.364582 0.285556 -74.948853
v -30.964308 0.000000 -74.913132
v -30.964518 0.285556 -74.910736
v -30.926224 0.003388 -75.312775
v -30.926476 0.288948 -75.310379
v -30.926224 0.003388 -75.312775
v -30.926476 0.288948 -75.310379
v -31.326288 0.003388 -75.350891
v -31.326540 0.288948 -75.348495
v -31.364372 0.000000 -74.951256
v -31.364582 0.285556 -74.948853
v -30.964308 0.000000 -74.913132
v -30.964518 0.285556 -74.910736
v -31.326288 0.003388 -75.350891
v -31.326540 0.288948 -75.348495
v -31.364372 0.000000 -74.951256
v -31.364582 0.285556 -74.948853
v -31.425287 1.330562 -70.073723
v -31.593813 0.991520 -68.304802
v -31.825352 1.330562 -70.111832
v -31.993877 0.991520 -68.342911
v -31.825518 0.003390 -65.872543
v -31.787436 0.000001 -66.272186
v -32.225582 0.003390 -65.910652
v -32.187500 0.000001 -66.310295
v -31.593813 0.589649 -68.304802
v -31.425287 0.928691 -70.073723
v -31.993877 0.589649 -68.342911
v -31.825352 0.928691 -70.111832
v -31.425287 0.928691 -70.073723
v -31.425287 1.330562 -70.073723
v -31.825352 0.928691 -70.111832
v -31.825352 1.330562 -70.111832
v -31.425287 0.928691 -70.073723
v -31.593813 0.589649 -68.304802
v -31.425287 1.330562 -70.073723
v -31.593813 0.991520 -68.304802
v -31.993877 0.589649 -68.342911
v -31.825352 0.928691 -70.111832
v -31.993877 0.991520 -68.342911
v -31.825352 1.330562 -70.111832
v -31.680170 0.490712 -67.398399
v -31.680170 0.892584 -67.398399
v -31.680170 0.892584 -67.398399
v -32.080196 0.892584 -67.436501
v -32.080196 0.490712 -67.436501
v -31.680170 0.490712 -67.398399
v -32.080196 0.892584 -67.436501
v -32.080196 0.490712 -67.436501
v -31.725809 0.403211 -66.919083
v -31.757193 0.669828 -66.589775
v -31.825268 0.288949 -65.874939
v -31.787226 0.285557 -66.274590
v -31.757193 0.669828 -66.589775
v -32.157257 0.669828 -66.627884
v -32.225334 0.288949 -65.913048
v -31.825268 0.288949 -65.874939
v -32.125874 0.403211 -66.957191
v -31.725809 0.403211 -66.919083
v -31.787226 0.285557 -66.274590
v -32.187252 0.285557 -66.312691
v -32.157257 0.669828 -66.627884
v -32.125874 0.403211 -66.957191
v -32.187252 0.285557 -66.312691
v -32.225334 0.288949 -65.913048
v -31.787226 0.285557 -66.274590
v -31.787436 0.000001 -66.272186
v -31.825268 0.288949 -65.874939
v -31.825518 0.003390 -65.872543
v -31.825268 0.288949 -65.874939
v -31.825518 0.003390 -65.872543
v -32.225334 0.288949 -65.913048
v -32.225582 0.003390 -65.910652
v -32.187252 0.285557 -66.312691
v -32.187500 0.000001 -66.310295
v -31.787226 0.285557 -66.274590
v -31.787436 0.000001 -66.272186
v -32.225334 0.288949 -65.913048
v -32.225582 0.003390 -65.910652
v -32.187252 0.285557 -66.312691
v -32.187500 0.000001 -66.310295
v -29.690815 0.991520 -71.941620
v -31.048035 1.330562 -70.794701
v -29.950186 0.991520 -72.248543
v -31.307438 1.330562 -71.101654
v -28.131239 0.000001 -73.259483
v -27.824610 0.003389 -73.518600
v -28.390642 0.000001 -73.566444
v -28.084017 0.003389 -73.825531
v -31.048035 0.928691 -70.794701
v -29.690815 0.589649 -71.941620
v -31.307438 0.928691 -71.101654
v -29.950186 0.589649 -72.248543
v -31.048035 1.330562 -70.794701
v -31.048035 0.928691 -70.794701
v -31.307438 1.330562 -71.101654
v -31.307438 0.928691 -71.101654
v -29.690815 0.589649 -71.941620
v -31.048035 0.928691 -70.794701
v -29.690815 0.991520 -71.941620
v -31.048035 1.330562 -70.794701
v -31.307438 0.928691 -71.101654
v -29.950186 0.589649 -72.248543
v -31.307438 1.330562 -71.101654
v -29.950186 0.991520 -72.248543
v -28.995369 0.490711 -72.529297
v -28.995369 0.892583 -72.529297
v -28.995369 0.892583 -72.529297
v -29.254738 0.892583 -72.836220
v -29.254738 0.490711 -72.836220
v -28.995369 0.490711 -72.529297
v -29.254738 0.892583 -72.836220
v -29.254738 0.490711 -72.836220
v -28.627605 0.403210 -72.840042
v -28.374914 0.669827 -73.053581
v -28.133093 0.285557 -73.257927
v -27.826462 0.288948 -73.517044
v -28.374914 0.669827 -73.053581
v -28.634321 0.669827 -73.360504
v -27.826462 0.288948 -73.517044
v -28.085831 0.288948 -73.823975
v -28.886967 0.403210 -73.147003
v -28.627605 0.403210 -72.840042
v -28.392458 0.285557 -73.564888
v -28.133093 0.285557 -73.257927
v -28.634321 0.669827 -73.360504
v -28.886967 0.403210 -73.147003
v -28.085831 0.288948 -73.823975
v -28.392458 0.285557 -73.564888
v -28.131239 0.000001 -73.259483
v -28.133093 0.285557 -73.257927
v -27.824610 0.003389 -73.518600
v -27.826462 0.288948 -73.517044
v -27.824610 0.003389 -73.518600
v -27.826462 0.288948 -73.517044
v -28.084017 0.003389 -73.825531
v -28.085831 0.288948 -73.823975
v -28.390642 0.000001 -73.566444
v -28.392458 0.285557 -73.564888
v -28.131239 0.000001 -73.259483
v -28.133093 0.285557 -73.257927
v -28.084017 0.003389 -73.825531
v -28.085831 0.288948 -73.823975
v -28.390642 0.000001 -73.566444
v -28.392458 0.285557 -73.564888
v -31.844370 1.330562 -70.121780
v -33.201622 0.991520 -68.974876
v -32.103737 1.330562 -70.428734
v -33.460991 0.991520 -69.281822
v -35.067791 0.003389 -67.397888
v -34.761166 0.000001 -67.656998
v -35.327198 0.003389 -67.704842
v -35.020569 0.000001 -67.963959
v -33.201622 0.589649 -68.974876
v -31.844370 0.928691 -70.121780
v -33.460991 0.589649 -69.281822
v -32.103737 0.928691 -70.428734
v -31.844370 0.928691 -70.121780
v -31.844370 1.330562 -70.121780
v -32.103737 0.928691 -70.428734
v -32.103737 1.330562 -70.428734
v -31.844370 0.928691 -70.121780
v -33.201622 0.589649 -68.974876
v -31.844370 1.330562 -70.121780
v -33.201622 0.991520 -68.974876
v -33.460991 0.589649 -69.281822
v -32.103737 0.928691 -70.428734
v -33.460991 0.991520 -69.281822
v -32.103737 1.330562 -70.428734
v -33.897072 0.490712 -68.387192
v -33.897072 0.892584 -68.387192
v -33.897072 0.892584 -68.387192
v -34.156441 0.892584 -68.694145
v -34.156441 0.490712 -68.694145
v -33.897072 0.490712 -68.387192
v -34.156441 0.892584 -68.694145
v -34.156441 0.490712 -68.694145
v -34.264839 0.403211 -68.076424
v -34.517487 0.669828 -67.862915
v -35.065941 0.288948 -67.399437
v -34.759312 0.285557 -67.658554
v -34.517487 0.669828 -67.862915
v -34.776894 0.669828 -68.169868
v -35.325344 0.288948 -67.706398
v -35.065941 0.288948 -67.399437
v -34.524204 0.403211 -68.383377
v -34.264839 0.403211 -68.076424
v -34.759312 0.285557 -67.658554
v -35.018715 0.285557 -67.965508
v -34.776894 0.669828 -68.169868
v -34.524204 0.403211 -68.383377
v -35.018715 0.285557 -67.965508
v -35.325344 0.288948 -67.706398
v -34.759312 0.285557 -67.658554
v -34.761166 0.000001 -67.656998
v -35.065941 0.288948 -67.399437
v -35.067791 0.003389 -67.397888
v -35.065941 0.288948 -67.399437
v -35.067791 0.003389 -67.397888
v -35.325344 0.288948 -67.706398
v -35.327198 0.003389 -67.704842
v -35.018715 0.285557 -67.965508
v -35.020569 0.000001 -67.963959
v -34.759312 0.285557 -67.658554
v -34.761166 0.000001 -67.656998
v -35.325344 0.288948 -67.706398
v -35.327198 0.003389 -67.704842
v -35.018715 0.285557 -67.965508
v -35.020569 0.000001 -67.963959
v -30.085880 0.991520 -68.850479
v -31.347328 1.330562 -70.101929
v -29.802814 0.991520 -69.135773
v -31.064301 1.330562 -70.387230
v -28.636347 0.000001 -67.412468
v -28.351349 0.003390 -67.129730
v -28.353321 0.000001 -67.697762
v -28.068321 0.003389 -67.415031
v -31.347328 0.928691 -70.101929
v -30.085880 0.589649 -68.850479
v -31.064301 0.928691 -70.387230
v -29.802814 0.589649 -69.135773
v -31.347328 1.330562 -70.101929
v -31.347328 0.928691 -70.101929
v -31.064301 1.330562 -70.387230
v -31.064301 0.928691 -70.387230
v -30.085880 0.589649 -68.850479
v -31.347328 0.928691 -70.101929
v -30.085880 0.991520 -68.850479
v -31.347328 1.330562 -70.101929
v -31.064301 0.928691 -70.387230
v -29.802814 0.589649 -69.135773
v -31.064301 1.330562 -70.387230
v -29.802814 0.991520 -69.135773
v -29.439457 0.490712 -68.209221
v -29.439457 0.892584 -68.209221
v -29.439457 0.892584 -68.209221
v -29.156429 0.892584 -68.494522
v -29.156429 0.490712 -68.494522
v -29.439457 0.490712 -68.209221
v -29.156429 0.892584 -68.494522
v -29.156429 0.490712 -68.494522
v -29.097662 0.403211 -67.870125
v -28.862823 0.669828 -67.637146
v -28.638031 0.285557 -67.414162
v -28.353035 0.288949 -67.131424
v -28.862823 0.669828 -67.637146
v -28.579796 0.669828 -67.922447
v -28.353035 0.288949 -67.131424
v -28.070007 0.288949 -67.416725
v -28.814634 0.403211 -68.155426
v -29.097662 0.403211 -67.870125
v -28.355005 0.285557 -67.699463
v -28.638031 0.285557 -67.414162
v -28.579796 0.669828 -67.922447
v -28.814634 0.403211 -68.155426
v -28.070007 0.288949 -67.416725
v -28.355005 0.285557 -67.699463
v -28.636347 0.000001 -67.412468
v -28.638031 0.285557 -67.414162
v -28.351349 0.003390 -67.129730
v -28.353035 0.288949 -67.131424
v -28.351349 0.003390 -67.129730
v -28.353035 0.288949 -67.131424
v -28.068321 0.003389 -67.415031
v -28.070007 0.288949 -67.416725
v -28.353321 0.000001 -67.697762
v -28.355005 0.285557 -67.699463
v -28.636347 0.000001 -67.412468
v -28.638031 0.285557 -67.414162
v -28.068321 0.003389 -67.415031
v -28.070007 0.288949 -67.416725
v -28.353321 0.000001 -67.697762
v -28.355005 0.285557 -67.699463
v -32.087505 1.330562 -70.836197
v -33.348953 0.991520 -72.087669
v -31.804443 1.330562 -71.121498
v -33.065926 0.991520 -72.372955
v -35.083485 0.003388 -73.808403
v -34.798485 0.000000 -73.525681
v -34.800461 0.003388 -74.093689
v -34.515461 0.000000 -73.810966
v -33.348953 0.589649 -72.087669
v -32.087505 0.928691 -70.836197
v -33.065926 0.589649 -72.372955
v -31.804443 0.928691 -71.121498
v -32.087505 0.928691 -70.836197
v -32.087505 1.330562 -70.836197
v -31.804443 0.928691 -71.121498
v -31.804443 1.330562 -71.121498
v -32.087505 0.928691 -70.836197
v -33.348953 0.589649 -72.087669
v -32.087505 1.330562 -70.836197
v -33.348953 0.991520 -72.087669
v -33.065926 0.589649 -72.372955
v -31.804443 0.928691 -71.121498
v -33.065926 0.991520 -72.372955
v -31.804443 1.330562 -71.121498
v -33.995377 0.490711 -72.728912
v -33.995377 0.892583 -72.728912
v -33.995377 0.892583 -72.728912
v -33.712315 0.892583 -73.014191
v -33.712315 0.490711 -73.014191
v -33.995377 0.490711 -72.728912
v -33.712315 0.892583 -73.014191
v -33.712315 0.490711 -73.014191
v -34.337173 0.403210 -73.068001
v -34.572010 0.669827 -73.300987
v -35.081802 0.288948 -73.806702
v -34.796803 0.285556 -73.523972
v -34.572010 0.669827 -73.300987
v -34.288986 0.669827 -73.586273
v -34.798775 0.288948 -74.091988
v -35.081802 0.288948 -73.806702
v -34.054146 0.403210 -73.353325
v -34.337173 0.403210 -73.068001
v -34.796803 0.285556 -73.523972
v -34.513741 0.285556 -73.809250
v -34.288986 0.669827 -73.586273
v -34.054146 0.403210 -73.353325
v -34.513741 0.285556 -73.809250
v -34.798775 0.288948 -74.091988
v -34.796803 0.285556 -73.523972
v -34.798485 0.000000 -73.525681
v -35.081802 0.288948 -73.806702
v -35.083485 0.003388 -73.808403
v -35.081802 0.288948 -73.806702
v -35.083485 0.003388 -73.808403
v -34.798775 0.288948 -74.091988
v -34.800461 0.003388 -74.093689
v -34.513741 0.285556 -73.809250
v -34.515461 0.000000 -73.810966
v -34.796803 0.285556 -73.523972
v -34.798485 0.000000 -73.525681
v -34.798775 0.288948 -74.091988
v -34.800461 0.003388 -74.093689
v -34.513741 0.285556 -73.809250
v -34.515461 0.000000 -73.810966
vn 0.9960 0.0182 0.0875
vn 0.9960 0.0178 0.0872
vn 0.9962 -0.0047 0.0868
vn 0.9962 -0.0057 0.0871
vn 0.9956 -0.0489 0.0804
vn 0.9948 -0.0596 0.0829
vn 0.9907 -0.1121 0.0772
vn 0.9925 -0.0973 0.0734
vn 0.9962 -0.0000 0.0872
vn 0.9943 0.0606 0.0877
vn 0.9944 0.0589 0.0882
vn 0.9833 0.1656 0.0754
vn 0.9890 0.1186 0.0880
vn -0.9960 -0.0171 -0.0875
vn -0.9960 -0.0175 -0.0872
vn -0.9962 0.0050 -0.0871
vn -0.9962 0.0047 -0.0872
vn -0.9952 0.0506 -0.0840
vn -0.9950 0.0619 -0.0785
vn -0.9915 0.1082 -0.0719
vn -0.9921 0.0974 -0.0786
vn -0.9962 -0.0000 -0.0872
vn -0.9942 -0.0608 -0.0882
vn -0.9944 -0.0591 -0.0877
vn -0.9818 -0.1684 -0.0880
vn -0.9910 -0.1075 -0.0793
vn -0.9962 0.0019 -0.0868
vn 0.0887 0.0674 -0.9938
vn 0.0850 0.0664 -0.9942
vn 0.0965 0.1909 -0.9769
vn 0.0948 0.1903 -0.9771
vn 0.0940 -0.2139 -0.9723
vn 0.1046 -0.2076 -0.9726
vn 0.0830 0.3060 -0.9484
vn 0.1024 0.3133 -0.9441
vn 0.0703 0.5903 -0.8041
vn 0.0295 0.9410 -0.3371
vn -0.0000 1.0000 -0.0000
vn 0.1299 -0.7449 -0.6544
vn 0.1072 -0.7548 -0.6471
vn 0.0918 -0.9435 -0.3185
vn 0.0262 -0.9539 -0.2989
vn 0.0060 -0.9976 -0.0689
vn 0.9961 0.0178 0.0868
vn 0.9960 0.0183 0.0871
vn 0.9962 -0.0048 0.0872
vn 0.9961 -0.0057 0.0875
vn 0.9946 -0.0500 0.0905
vn 0.9937 -0.0596 0.0951
vn 0.9889 -0.1082 0.1014
vn 0.9907 -0.0974 0.0949
vn 0.9945 0.0606 0.0858
vn 0.9945 0.0588 0.0863
vn 0.9826 0.1656 0.0839
vn 0.9896 0.1091 0.0936
vn -0.9961 -0.0175 -0.0868
vn -0.9961 -0.0171 -0.0871
vn -0.9944 0.0494 -0.0938
vn -0.9939 0.0620 -0.0908
vn -0.9891 0.1121 -0.0960
vn -0.9902 0.0974 -0.1000
vn -0.9944 -0.0608 -0.0863
vn -0.9945 -0.0592 -0.0858
vn -0.9809 -0.1684 -0.0971
vn -0.9894 -0.1176 -0.0851
vn -0.9962 0.0019 -0.0873
vn -0.9962 0.0012 -0.0875
vn -0.0853 0.0665 0.9941
vn -0.0890 0.0674 0.9938
vn -0.0747 0.1903 0.9789
vn -0.0762 0.1909 0.9786
vn -0.0766 -0.2082 0.9751
vn -0.0652 -0.2133 0.9748
vn -0.0827 0.3143 0.9457
vn -0.0640 0.3051 0.9502
vn -0.0703 0.5903 0.8041
vn -0.0295 0.9410 0.3371
vn 0.0159 -0.7526 0.6582
vn -0.0081 -0.7471 0.6646
vn 0.0379 -0.9519 0.3039
vn -0.0284 -0.9454 0.3248
vn -0.0060 -0.9976 0.0687
vn 0.0728 0.9973 0.0086
vn 0.0766 0.9970 0.0072
vn 0.0499 0.9987 0.0047
vn 0.0391 0.9992 -0.0003
vn 0.0196 0.9998 -0.0031
vn 0.0041 0.9999 -0.0110
vn -0.0757 0.9968 -0.0270
vn -0.0588 0.9981 -0.0164
vn 0.1037 0.9946 0.0091
vn 0.0407 0.9992 0.0053
vn 0.0378 0.9993 0.0043
vn 0.2169 0.9760 0.0218
vn 0.1240 0.9923 0.0012
vn -0.0623 0.9980 -0.0055
vn -0.0624 0.9980 -0.0055
vn -0.0723 -0.9973 -0.0085
vn -0.0692 -0.9976 -0.0065
vn -0.0535 -0.9986 -0.0024
vn -0.0426 -0.9991 -0.0041
vn -0.0211 -0.9997 0.0076
vn 0.0003 -1.0000 0.0054
vn 0.0829 -0.9964 0.0201
vn 0.0581 -0.9980 0.0234
vn -0.1037 -0.9946 -0.0091
vn -0.0412 -0.9991 -0.0047
vn -0.0385 -0.9992 -0.0050
vn -0.2229 -0.9748 -0.0041
vn -0.1372 -0.9904 -0.0140
vn 0.0655 -0.9978 0.0059
vn 0.0643 -0.9979 0.0062
vn 0.1684 0.0030 -0.9857
vn 0.1693 0.0003 -0.9856
vn 0.3307 -0.0276 -0.9433
vn 0.3084 0.0112 -0.9512
vn -0.1680 0.0008 -0.9858
vn -0.1746 0.0086 -0.9846
vn 0.4521 -0.0546 -0.8903
vn 0.4435 -0.0397 -0.8954
vn 0.7236 -0.0968 -0.6834
vn 0.7236 -0.0969 -0.6834
vn 0.9705 -0.1391 -0.1971
vn 0.9857 -0.1449 0.0862
vn -0.7635 0.0288 -0.6452
vn -0.7572 0.0142 -0.6530
vn -0.9435 0.0175 -0.3310
vn -0.9353 -0.0206 -0.3531
vn -0.9895 -0.0214 -0.1430
vn -0.9895 -0.0216 -0.1431
vn 0.0767 0.9970 0.0044
vn 0.0730 0.9973 0.0059
vn 0.0505 0.9987 0.0074
vn 0.0389 0.9992 0.0031
vn 0.0202 0.9997 0.0111
vn 0.0026 1.0000 0.0059
vn -0.0851 0.9964 0.0054
vn -0.0613 0.9980 0.0130
vn 0.0410 0.9992 0.0025
vn 0.0382 0.9993 0.0017
vn 0.2158 0.9759 0.0334
vn 0.1392 0.9902 0.0102
vn -0.0623 0.9980 -0.0054
vn -0.0694 -0.9976 -0.0039
vn -0.0727 -0.9973 -0.0059
vn -0.0527 -0.9986 -0.0042
vn -0.0424 -0.9991 -0.0066
vn -0.0178 -0.9998 -0.0059
vn 0.0018 -0.9999 -0.0116
vn 0.0793 -0.9968 -0.0134
vn 0.0607 -0.9981 -0.0059
vn -0.0415 -0.9991 -0.0019
vn -0.0386 -0.9993 -0.0024
vn -0.2219 -0.9749 -0.0166
vn -0.1196 -0.9926 -0.0207
vn 0.0656 -0.9978 0.0052
vn 0.0622 -0.9980 0.0055
vn -0.0042 0.0030 1.0000
vn -0.0056 0.0003 1.0000
vn 0.1368 -0.0251 0.9903
vn 0.1640 0.0126 0.9864
vn -0.3432 0.0008 0.9392
vn -0.3363 0.0084 0.9417
vn 0.2809 -0.0532 0.9583
vn 0.2910 -0.0407 0.9559
vn 0.5939 -0.0968 0.7987
vn 0.5939 -0.0969 0.7987
vn 0.9215 -0.1391 0.3626
vn -0.8582 0.0286 0.5125
vn -0.8648 0.0144 0.5020
vn -0.9826 0.0173 0.1847
vn -0.9865 -0.0208 0.1627
vn -0.9993 -0.0214 -0.0310
vn -0.9993 -0.0212 -0.0309
vn -0.0872 -0.0000 0.9962
vn -0.0000 -1.0000 -0.0000
vn 0.0872 -0.0000 -0.9962
vn -0.9663 0.2430 -0.0845
vn 0.9663 -0.2430 0.0845
vn -0.9493 -0.3033 -0.0830
vn 0.9492 0.3034 0.0830
vn -0.1614 -0.2076 0.9648
vn -0.1653 -0.1883 0.9681
vn -0.1490 0.0712 0.9863
vn -0.0891 0.2065 0.9744
vn -0.1290 0.2056 0.9701
vn -0.1310 0.2271 0.9650
vn -0.1574 -0.2506 0.9552
vn -0.1487 -0.2072 0.9669
vn 0.2102 0.2086 -0.9551
vn 0.1598 0.0808 -0.9838
vn 0.1383 -0.1861 -0.9727
vn 0.1411 -0.2052 -0.9685
vn 0.1457 -0.2051 -0.9678
vn 0.1355 -0.2427 -0.9606
vn 0.1630 0.2352 -0.9582
vn 0.1675 0.2077 -0.9637
vn 0.0286 -0.8834 -0.4677
vn 0.0426 -0.8618 -0.5054
vn -0.1136 -0.8639 0.4907
vn -0.1154 -0.8843 0.4524
vn -0.0906 -0.8849 0.4568
vn -0.0760 -0.9094 0.4089
vn 0.0494 -0.9079 -0.4163
vn 0.0497 -0.8839 -0.4651
vn 0.1497 0.8826 -0.4457
vn 0.1529 0.9107 -0.3837
vn 0.0303 0.9095 0.4145
vn 0.0091 0.8817 0.4717
vn 0.1300 0.8675 0.4802
vn 0.1046 0.7247 0.6811
vn 0.3045 0.7321 -0.6093
vn 0.2692 0.8677 -0.4179
vn -0.1277 0.2275 0.9654
vn -0.1248 0.2364 0.9636
vn -0.2350 0.1932 0.9526
vn -0.2151 0.1808 0.9597
vn 0.0922 -0.2737 0.9574
vn 0.0850 -0.2410 0.9668
vn -0.0897 -0.3140 0.9452
vn -0.1174 -0.2457 0.9622
vn 0.1254 0.9122 -0.3901
vn 0.0944 0.9431 -0.3189
vn -0.4225 0.8013 -0.4235
vn -0.4168 0.8218 -0.3884
vn -0.5057 0.8250 0.2522
vn -0.5212 0.8039 0.2864
vn -0.0015 0.9412 0.3378
vn 0.0074 0.9107 0.4129
vn 0.1588 -0.2398 -0.9577
vn 0.1765 -0.2952 -0.9390
vn 0.2886 -0.2497 -0.9243
vn 0.2861 -0.2366 -0.9285
vn -0.0109 0.2149 -0.9766
vn 0.0127 0.2015 -0.9794
vn 0.1562 0.2602 -0.9529
vn 0.1494 0.2336 -0.9608
vn -0.1718 -0.1883 0.9670
vn -0.1689 -0.1835 0.9684
vn -0.3871 -0.1705 0.9061
vn -0.3811 -0.1738 0.9080
vn -0.3868 -0.0100 0.9221
vn -0.3869 -0.0101 0.9220
vn -0.0814 -0.0019 0.9967
vn -0.1601 0.0681 0.9848
vn 0.1684 0.0832 -0.9822
vn 0.2541 0.0065 -0.9672
vn 0.0022 -0.0003 -1.0000
vn 0.0011 -0.0006 -1.0000
vn 0.0009 -0.1737 -0.9848
vn -0.0013 -0.1725 -0.9850
vn 0.1554 -0.1796 -0.9714
vn 0.1511 -0.1862 -0.9708
vn 0.4526 0.3593 0.8161
vn 0.8586 0.3559 0.3689
vn 0.9118 0.0038 0.4107
vn 0.9155 0.0060 0.4022
vn 0.9940 0.0082 -0.1093
vn 0.9929 0.0060 -0.1187
vn 0.9288 0.3583 -0.0943
vn 0.6763 0.3702 -0.6368
vn -0.3873 -0.0207 0.9217
vn -0.3883 -0.0206 0.9213
vn -0.3853 -0.0005 0.9228
vn -0.3980 -0.0029 0.9174
vn 0.1964 -0.0037 0.9805
vn 0.1884 -0.0021 0.9821
vn 0.2114 0.1556 0.9649
vn -0.0816 -0.0032 0.9967
vn 0.2552 0.0132 -0.9668
vn 0.5542 0.1927 -0.8098
vn 0.5394 0.0057 -0.8420
vn 0.5520 0.0025 -0.8339
vn 0.0064 0.0036 -1.0000
vn 0.0062 0.0036 -1.0000
vn 0.0053 -0.0017 -1.0000
vn 0.0021 -0.0013 -1.0000
vn 0.8914 -0.1853 0.4137
vn 0.8971 -0.1928 0.3975
vn 0.7407 -0.5351 0.4063
vn 0.7472 -0.5327 0.3974
vn 0.8221 -0.5489 -0.1510
vn 0.8161 -0.5534 -0.1665
vn 0.9738 -0.1984 -0.1108
vn 0.9732 -0.1910 -0.1282
vn -0.3723 0.0639 0.9259
vn -0.3846 0.0713 0.9203
vn -0.3085 0.1594 0.9378
vn -0.3136 0.1608 0.9358
vn 0.1263 -0.1534 0.9801
vn 0.1228 -0.1472 0.9815
vn 0.1933 -0.0595 0.9793
vn 0.1746 -0.0605 0.9828
vn 0.5178 -0.0983 -0.8498
vn 0.5461 -0.0958 -0.8322
vn 0.4282 -0.2507 -0.8682
vn 0.4519 -0.3059 -0.8380
vn 0.0353 -0.0063 -0.9994
vn -0.0030 0.0050 -1.0000
vn 0.0104 0.0199 -0.9997
vn 0.0126 0.0187 -0.9997
vn 0.3824 -0.8487 0.3653
vn 0.3761 -0.8610 0.3424
vn 0.0515 -0.9556 0.2901
vn 0.0609 -0.9599 0.2736
vn 0.1261 -0.9709 -0.2038
vn 0.1165 -0.9652 -0.2343
vn 0.4297 -0.8820 -0.1936
vn 0.4488 -0.8646 -0.2258
vn -0.1931 0.2322 0.9533
vn -0.1914 0.2534 0.9482
vn -0.1313 0.2704 0.9537
vn -0.1452 0.3089 0.9400
vn -0.1018 -0.2947 0.9501
vn -0.1001 -0.2846 0.9534
vn 0.0210 -0.2442 0.9695
vn 0.0066 -0.2330 0.9725
vn 0.1687 -0.4776 -0.8622
vn 0.3152 -0.5712 -0.7578
vn 0.1428 -0.6206 -0.7710
vn 0.0828 -0.7438 -0.6632
vn 0.0618 -0.2887 -0.9554
vn 0.0073 -0.1464 -0.9892
vn -0.0263 -0.1560 -0.9874
vn -0.0237 -0.0413 -0.9989
vn -0.0194 -0.9651 0.2610
vn -0.0196 -0.9663 0.2567
vn -0.1501 -0.9602 0.2354
vn -0.1488 -0.9613 0.2318
vn -0.0762 -0.9742 -0.2124
vn -0.0770 -0.9719 -0.2226
vn 0.0538 -0.9772 -0.2055
vn 0.0572 -0.9753 -0.2132
vn -0.1556 0.3080 0.9386
vn -0.1438 0.3571 0.9229
vn -0.1002 0.3573 0.9286
vn -0.1009 0.4004 0.9108
vn -0.1900 -0.2988 0.9352
vn -0.1899 -0.2983 0.9354
vn -0.1448 -0.2984 0.9434
vn -0.1448 -0.2985 0.9433
vn 0.1071 -0.7425 -0.6612
vn 0.1145 -0.7727 -0.6244
vn 0.0165 -0.7723 -0.6350
vn 0.0156 -0.7735 -0.6336
vn 0.1134 -0.3888 -0.9143
vn 0.1133 -0.3729 -0.9209
vn 0.1181 -0.3727 -0.9204
vn 0.1389 -0.2821 -0.9493
vn -0.9556 -0.1414 0.2585
vn -0.9721 -0.1268 0.1972
vn -0.9622 0.1604 0.2203
vn -0.9808 0.1378 0.1381
vn -0.9017 0.1372 -0.4099
vn -0.8778 0.1513 -0.4545
vn -0.8957 -0.1413 -0.4216
vn -0.8869 -0.1464 -0.4381
vn 0.1667 0.0283 0.9856
vn 0.2219 0.0165 0.9749
vn 0.1894 -0.0881 0.9779
vn 0.2642 -0.0869 0.9606
vn -0.3354 0.0558 0.9404
vn -0.2929 0.0298 0.9557
vn -0.3088 -0.0229 0.9508
vn -0.2881 -0.0145 0.9575
vn -0.3023 -0.0907 -0.9489
vn -0.2475 -0.0682 -0.9665
vn -0.2133 0.0450 -0.9760
vn -0.1855 0.0279 -0.9823
vn 0.3532 -0.0982 -0.9304
vn 0.1490 -0.1204 -0.9815
vn 0.1456 -0.0659 -0.9871
vn 0.0876 -0.0553 -0.9946
vn -0.5272 -0.8358 0.1533
vn -0.5215 -0.8343 0.1790
vn -0.7814 -0.6125 0.1192
vn -0.7916 -0.5834 0.1817
vn -0.7447 -0.6037 -0.2844
vn -0.7455 -0.6151 -0.2568
vn -0.4736 -0.8475 -0.2397
vn -0.4689 -0.8479 -0.2474
vn -0.8920 -0.3862 0.2348
vn -0.8907 -0.3775 0.2534
vn -0.8281 -0.3934 -0.3995
vn -0.8372 -0.4098 -0.3621
vn -0.7500 -0.5713 -0.3333
vn -0.7757 -0.5612 -0.2888
vn -0.8209 -0.5431 0.1766
vn -0.8012 -0.5488 0.2385
vn 0.0804 0.3778 0.9224
vn 0.0677 0.3656 0.9283
vn 0.1867 0.3051 0.9339
vn 0.1465 0.2461 0.9581
vn -0.3203 -0.1660 0.9326
vn -0.3932 -0.2059 0.8961
vn -0.2973 -0.2534 0.9206
vn -0.3051 -0.2851 0.9086
vn 0.1555 0.1390 0.9780
vn 0.1624 0.1450 0.9760
vn -0.2857 -0.0713 0.9557
vn -0.3043 -0.0734 0.9497
vn -0.2933 -0.1080 0.9499
vn -0.3284 -0.1560 0.9316
vn 0.1561 0.2340 0.9596
vn 0.1278 0.2226 0.9665
vn -0.2957 -0.7094 -0.6398
vn -0.2862 -0.6696 -0.6854
vn -0.5343 -0.5095 -0.6745
vn -0.3878 -0.4796 -0.7872
vn 0.0505 -0.1510 -0.9872
vn -0.0325 -0.2636 -0.9641
vn 0.0477 -0.3001 -0.9527
vn -0.0308 -0.3753 -0.9264
vn -0.3740 -0.2394 -0.8960
vn -0.2943 -0.2378 -0.9257
vn 0.0881 -0.0597 -0.9943
vn 0.0665 -0.0791 -0.9947
vn 0.0751 -0.1062 -0.9915
vn 0.0303 -0.1259 -0.9916
vn -0.4155 -0.4463 -0.7925
vn -0.3379 -0.3426 -0.8766
vn -0.7640 -0.0214 -0.6449
vn -0.7617 -0.0220 -0.6476
vn -0.9853 -0.0275 -0.1688
vn -0.9854 -0.0276 -0.1683
vn -0.9827 -0.0784 -0.1679
vn -0.9517 -0.1334 -0.2764
vn -0.6769 -0.1556 -0.7194
vn -0.7492 -0.1958 -0.6327
vn -0.9345 -0.0254 0.3551
vn -0.9343 -0.0255 0.3556
vn -0.9179 -0.1883 0.3492
vn -0.8817 -0.1477 0.4482
vn -0.9912 -0.1313 -0.0182
vn -0.9887 -0.0781 -0.1279
vn -0.9914 -0.0277 -0.1282
vn -0.9914 -0.0276 -0.1278
vn 0.0316 -0.9029 0.4287
vn 0.0291 -0.9219 0.3863
vn 0.4935 -0.7366 0.4624
vn 0.4838 -0.7342 0.4764
vn 0.6048 -0.7755 -0.1811
vn 0.5693 -0.7633 -0.3055
vn 0.1358 -0.9207 -0.3659
vn 0.1494 -0.9023 -0.4044
vn 0.0577 -0.8624 -0.5029
vn 0.0541 -0.8518 -0.5210
vn -0.4618 -0.6718 -0.5792
vn 0.0829 -0.6814 -0.7272
vn -0.8042 -0.5558 0.2106
vn -0.6896 -0.5728 -0.4431
vn -0.2189 -0.6819 0.6979
vn -0.6458 -0.6533 0.3951
vn -0.1172 -0.8564 0.5028
vn -0.1104 -0.8640 0.4912
vn -0.9901 -0.0577 -0.1277
vn -0.9902 -0.0577 -0.1274
vn -0.9918 0.0093 -0.1276
vn -0.9918 0.0093 -0.1274
vn -0.9399 0.0077 0.3413
vn -0.9341 0.0054 0.3570
vn -0.9344 -0.0532 0.3521
vn -0.9337 -0.0528 0.3542
vn -0.7614 -0.0461 -0.6467
vn -0.7562 -0.0449 -0.6528
vn -0.7540 0.0078 -0.6569
vn -0.7580 0.0085 -0.6522
vn -0.9855 0.0094 -0.1697
vn -0.9855 0.0093 -0.1692
vn -0.9839 -0.0575 -0.1691
vn -0.9840 -0.0574 -0.1686
vn -0.9658 0.2316 -0.1165
vn -0.9692 0.2276 -0.0942
vn -0.8298 0.5571 -0.0326
vn -0.8245 0.5656 0.0195
vn -0.7121 0.4575 0.5325
vn -0.7232 0.4838 0.4928
vn -0.8996 0.2065 0.3847
vn -0.9028 0.2060 0.3774
vn -0.7145 0.1840 -0.6750
vn -0.7059 0.1841 -0.6840
vn -0.5504 0.3974 -0.7343
vn -0.5488 0.3953 -0.7366
vn -0.7938 0.5539 -0.2512
vn -0.8068 0.5504 -0.2147
vn -0.9543 0.2263 -0.1954
vn -0.9576 0.2308 -0.1723
vn -0.3854 0.9100 0.1530
vn -0.3873 0.9082 0.1589
vn -0.0650 0.9742 0.2163
vn -0.0696 0.9792 0.1907
vn -0.1053 0.7628 0.6380
vn -0.1236 0.7203 0.6826
vn -0.3363 0.6800 0.6515
vn -0.3340 0.6775 0.6553
vn -0.2583 0.5788 -0.7735
vn -0.3182 0.6419 -0.6976
vn -0.0408 0.7244 -0.6881
vn -0.0239 0.7807 -0.6245
vn -0.0452 0.9840 -0.1722
vn -0.0346 0.9791 -0.2004
vn -0.3641 0.9021 -0.2318
vn -0.3695 0.8930 -0.2571
vn -0.0384 0.9801 0.1950
vn -0.0323 0.9839 0.1757
vn 0.1019 0.9762 0.1915
vn 0.1015 0.9779 0.1826
vn 0.0350 0.8451 0.5335
vn 0.0136 0.8160 0.5780
vn -0.0977 0.8187 0.5659
vn -0.0902 0.7632 0.6399
vn 0.0531 0.7863 -0.6156
vn 0.0683 0.7500 -0.6579
vn 0.2091 0.7451 -0.6333
vn 0.1975 0.6813 -0.7049
vn 0.1540 0.9735 -0.1688
vn 0.1474 0.9778 -0.1490
vn 0.0027 0.9856 -0.1689
vn 0.0030 0.9861 -0.1663
vn 0.9847 0.0421 0.1694
vn 0.9750 0.0493 0.2166
vn 0.9652 -0.2565 0.0514
vn 0.9437 -0.2868 0.1649
vn 0.8256 -0.2698 0.4956
vn 0.7905 -0.2457 0.5610
vn 0.8394 0.0510 0.5412
vn 0.7767 0.0286 0.6292
vn 0.6988 0.0410 -0.7142
vn 0.5294 -0.0274 -0.8479
vn 0.8274 -0.2095 -0.5210
vn 0.9526 -0.2309 -0.1980
vn 0.8849 0.0427 0.4639
vn 0.9796 0.1057 0.1707
vn 0.4496 0.8667 0.2163
vn 0.4302 0.8661 0.2546
vn 0.6569 0.6995 0.2813
vn 0.6502 0.6877 0.3230
vn 0.4295 0.5469 0.7186
vn 0.5236 0.5789 0.6250
vn 0.3207 0.7201 0.6154
vn 0.3355 0.7678 0.5458
vn 0.4926 0.6070 -0.6236
vn 0.4879 0.5421 -0.6842
vn 0.6418 0.4260 -0.6377
vn 0.6015 0.3952 -0.6943
vn 0.7362 0.6466 -0.1996
vn 0.7277 0.6706 -0.1439
vn 0.5068 0.8436 -0.1775
vn 0.5142 0.8506 -0.1099
vn 0.6841 0.2717 -0.6769
vn 0.5793 0.2385 -0.7795
vn 0.8368 0.4640 0.2905
vn 0.9130 0.3972 -0.0927
vn 0.7919 0.5989 -0.1194
vn 0.7781 0.5975 -0.1937
vn 0.6088 0.3861 -0.6931
vn 0.6155 0.3983 -0.6801
vn 0.7195 0.3543 0.5973
vn 0.6114 0.3451 0.7121
vn 0.5168 0.5188 0.6810
vn 0.4864 0.4808 0.7296
vn 0.7123 0.6178 0.3331
vn 0.7524 0.6129 0.2415
vn 0.8799 0.3983 0.2592
vn 0.8883 0.4120 0.2029
vn 0.0096 -0.1884 -0.9820
vn 0.0038 -0.2077 -0.9782
vn 0.0535 0.0792 -0.9954
vn 0.0340 0.2054 -0.9781
vn 0.0433 0.2277 -0.9728
vn 0.0374 0.2055 -0.9779
vn 0.0201 -0.2496 -0.9681
vn 0.0136 -0.2074 -0.9782
vn 0.0140 0.0884 0.9960
vn -0.0038 0.2077 0.9782
vn -0.0283 -0.1862 0.9821
vn -0.0340 -0.2054 0.9781
vn -0.0254 -0.2418 0.9700
vn -0.0314 -0.2053 0.9782
vn 0.0003 0.2359 0.9718
vn -0.0076 0.2076 0.9782
vn -0.0527 -0.8615 0.5050
vn -0.0460 -0.8836 0.4659
vn -0.0333 -0.8635 -0.5033
vn -0.0283 -0.8845 -0.4656
vn -0.0119 -0.9094 -0.4157
vn -0.0023 -0.8850 -0.4656
vn -0.0315 -0.9080 0.4179
vn -0.0244 -0.8839 0.4670
vn 0.0739 0.9113 0.4050
vn 0.0796 0.8819 0.4647
vn 0.0921 0.9101 -0.4040
vn 0.1003 0.8811 -0.4623
vn 0.1906 0.7447 -0.6397
vn 0.2549 0.8590 -0.4440
vn 0.1652 0.7511 0.6392
vn 0.2348 0.8594 0.4543
vn 0.0441 0.2278 -0.9727
vn 0.0417 0.2353 -0.9710
vn -0.0534 0.1725 -0.9836
vn -0.0564 0.1970 -0.9788
vn 0.2671 -0.2636 -0.9269
vn 0.2396 -0.2464 -0.9391
vn 0.0710 -0.2432 -0.9674
vn 0.0520 -0.3229 -0.9450
vn 0.0342 0.9128 0.4069
vn 0.0603 0.9429 0.3277
vn -0.4945 0.8115 0.3113
vn -0.4730 0.8107 0.3450
vn -0.4715 0.8143 -0.3385
vn -0.4462 0.8135 -0.3730
vn 0.0583 0.9114 -0.4074
vn 0.0790 0.9410 -0.3290
vn 0.0058 -0.2379 0.9713
vn -0.0083 -0.3025 0.9531
vn 0.1180 -0.2416 0.9632
vn 0.1282 -0.2479 0.9603
vn -0.1709 0.2244 0.9594
vn -0.1685 0.1969 0.9658
vn -0.0131 0.2344 0.9721
vn -0.0200 0.2570 0.9662
vn 0.0016 -0.1884 -0.9821
vn -0.0010 -0.1835 -0.9830
vn -0.2268 -0.1747 -0.9582
vn -0.2178 -0.1711 -0.9609
vn -0.2210 -0.0101 -0.9752
vn -0.2208 -0.0101 -0.9753
vn 0.1092 0.0945 -0.9895
vn 0.0093 -0.0041 -0.9999
vn 0.0999 0.1117 0.9887
vn -0.0093 0.0041 0.9999
vn -0.1715 -0.0006 0.9852
vn -0.1726 -0.0003 0.9850
vn -0.1734 -0.1740 0.9694
vn -0.1702 -0.1727 0.9702
vn -0.0159 -0.1862 0.9824
vn -0.0195 -0.1795 0.9836
vn 0.6501 0.2601 -0.7140
vn 0.8302 0.5256 -0.1859
vn 0.9714 0.0039 -0.2373
vn 0.9693 0.0060 -0.2460
vn 0.9598 0.0059 0.2805
vn 0.9572 0.0082 0.2893
vn 0.6197 0.2695 0.7371
vn 0.8199 0.5277 0.2220
vn -0.2214 -0.0205 -0.9750
vn -0.2225 -0.0208 -0.9747
vn -0.2317 -0.0005 -0.9728
vn -0.2196 -0.0030 -0.9756
vn 0.3642 -0.0020 -0.9313
vn 0.3557 -0.0038 -0.9346
vn 0.1018 0.0498 -0.9936
vn 0.3582 0.0122 -0.9336
vn 0.0941 0.0760 0.9927
vn 0.3883 0.0297 0.9210
vn 0.3999 0.0058 0.9165
vn 0.3845 0.0025 0.9231
vn -0.1673 0.0036 0.9859
vn -0.1676 0.0036 0.9858
vn -0.1715 -0.0018 0.9852
vn -0.1684 -0.0011 0.9857
vn 0.9483 -0.1917 -0.2529
vn 0.9540 -0.1865 -0.2347
vn 0.8018 -0.5369 -0.2623
vn 0.8028 -0.5309 -0.2713
vn 0.7787 -0.5552 0.2922
vn 0.7794 -0.5469 0.3056
vn 0.9347 -0.1976 0.2955
vn 0.9414 -0.1918 0.2774
vn -0.2042 0.0679 -0.9766
vn -0.2223 0.0675 -0.9726
vn -0.1446 0.1619 -0.9762
vn -0.1423 0.1580 -0.9771
vn 0.2975 -0.1515 -0.9426
vn 0.2895 -0.1497 -0.9454
vn 0.3443 -0.0560 -0.9372
vn 0.3572 -0.0640 -0.9318
vn 0.3654 -0.0903 0.9264
vn 0.3873 -0.1038 0.9161
vn 0.3264 -0.2868 0.9007
vn 0.2507 -0.2741 0.9284
vn -0.1510 -0.0137 0.9884
vn -0.1679 0.0146 0.9857
vn -0.1608 0.0193 0.9868
vn -0.1638 0.0193 0.9863
vn 0.4284 -0.8546 -0.2933
vn 0.4416 -0.8553 -0.2710
vn 0.1008 -0.9606 -0.2590
vn 0.1077 -0.9548 -0.2770
vn 0.0766 -0.9720 0.2222
vn 0.0869 -0.9638 0.2520
vn 0.3820 -0.8745 0.2989
vn 0.4095 -0.8729 0.2653
vn -0.0167 0.2367 -0.9714
vn -0.0330 0.2509 -0.9675
vn 0.0334 0.3099 -0.9502
vn 0.0239 0.2672 -0.9634
vn 0.0677 -0.2944 -0.9533
vn 0.0642 -0.2855 -0.9562
vn 0.1820 -0.2289 -0.9563
vn 0.1811 -0.2470 -0.9519
vn 0.1013 -0.4319 0.8962
vn 0.0881 -0.5997 0.7953
vn 0.0253 -0.7399 0.6722
vn -0.0556 -0.6335 0.7718
vn -0.1508 -0.2917 0.9445
vn -0.1208 -0.1335 0.9837
vn -0.2354 -0.0648 0.9697
vn -0.1520 -0.1428 0.9780
vn 0.0253 -0.9652 -0.2604
vn 0.0262 -0.9663 -0.2562
vn -0.1071 -0.9612 -0.2541
vn -0.1062 -0.9603 -0.2579
vn -0.1146 -0.9739 0.1958
vn -0.1118 -0.9721 0.2060
vn 0.0171 -0.9754 0.2198
vn 0.0195 -0.9771 0.2118
vn 0.0198 0.3088 -0.9509
vn 0.0085 0.3571 -0.9340
vn 0.0676 0.3995 -0.9142
vn 0.0538 0.3574 -0.9324
vn -0.0246 -0.2990 -0.9539
vn -0.0247 -0.2985 -0.9541
vn 0.0212 -0.2985 -0.9542
vn 0.0212 -0.2986 -0.9541
vn 0.0030 -0.7417 0.6707
vn -0.0075 -0.7730 0.6343
vn -0.0942 -0.7735 0.6267
vn -0.0945 -0.7723 0.6281
vn -0.0504 -0.3886 0.9200
vn -0.0450 -0.3726 0.9269
vn -0.0466 -0.2837 0.9578
vn -0.0253 -0.3721 0.9278
vn -0.8987 -0.1238 -0.4207
vn -0.9214 -0.1450 -0.3607
vn -0.9360 0.1644 -0.3112
vn -0.9138 0.1341 -0.3834
vn -0.9557 0.1542 0.2506
vn -0.9463 0.1351 0.2938
vn -0.9503 -0.1407 0.2778
vn -0.9547 -0.1473 0.2586
vn 0.3357 0.0133 -0.9419
vn 0.3926 0.0337 -0.9191
vn 0.4121 -0.1045 -0.9051
vn 0.3618 -0.0709 -0.9295
vn -0.1818 0.0400 -0.9825
vn -0.1180 0.0442 -0.9920
vn -0.1173 -0.0200 -0.9929
vn -0.1371 -0.0163 -0.9904
vn -0.4632 -0.0754 0.8831
vn -0.4163 -0.0868 0.9051
vn -0.3439 0.0388 0.9382
vn -0.3824 0.0352 0.9233
vn 0.1619 -0.1508 0.9752
vn -0.0293 -0.0500 0.9983
vn -0.0845 -0.0704 0.9939
vn -0.0293 -0.0493 0.9984
vn -0.4859 -0.8395 -0.2432
vn -0.4891 -0.8304 -0.2669
vn -0.7337 -0.6014 -0.3162
vn -0.7638 -0.5946 -0.2510
vn -0.7757 -0.6127 0.1509
vn -0.7857 -0.6064 0.1223
vn -0.5073 -0.8464 0.1619
vn -0.5053 -0.8491 0.1541
vn -0.8308 -0.3833 -0.4035
vn -0.8402 -0.3805 -0.3863
vn -0.8796 -0.4061 0.2476
vn -0.8929 -0.3974 0.2119
vn -0.8032 -0.5765 0.1501
vn -0.8071 -0.5556 0.1996
vn -0.7653 -0.5605 -0.3166
vn -0.7592 -0.5312 -0.3761
vn 0.2352 0.3785 -0.8952
vn 0.2315 0.3638 -0.9022
vn 0.2993 0.2599 -0.9181
vn 0.3644 0.2948 -0.8834
vn -0.1648 -0.1521 -0.9745
vn -0.2109 -0.2161 -0.9533
vn -0.1511 -0.2842 -0.9468
vn -0.1259 -0.2565 -0.9583
vn 0.3296 0.1424 -0.9333
vn 0.3220 0.1414 -0.9361
vn -0.1157 -0.0648 -0.9912
vn -0.1328 -0.0796 -0.9879
vn -0.1723 -0.1428 -0.9746
vn -0.1193 -0.1222 -0.9853
vn 0.3147 0.2410 -0.9181
vn 0.2966 0.2144 -0.9306
vn -0.4208 -0.7028 0.5736
vn -0.3822 -0.6787 0.6271
vn -0.5531 -0.4386 0.7083
vn -0.6005 -0.5442 0.5860
vn -0.1017 -0.1752 0.9793
vn -0.2350 -0.2466 0.9402
vn -0.1662 -0.3783 0.9107
vn -0.1395 -0.2909 0.9465
vn -0.4540 -0.2069 0.8667
vn -0.5137 -0.2682 0.8150
vn -0.0849 -0.0675 0.9941
vn -0.1099 -0.0715 0.9914
vn -0.1338 -0.1363 0.9816
vn -0.1024 -0.0941 0.9903
vn -0.5764 -0.4091 0.7074
vn -0.4672 -0.3837 0.7965
vn -0.8626 -0.0214 0.5055
vn -0.8643 -0.0220 0.5026
vn -0.9996 -0.0276 -0.0049
vn -0.9996 -0.0275 -0.0054
vn -0.9842 -0.0781 0.1589
vn -0.9923 -0.1235 -0.0052
vn -0.7571 -0.2027 0.6210
vn -0.8540 -0.1544 0.4968
vn -0.8586 -0.0255 -0.5120
vn -0.8583 -0.0254 -0.5125
vn -0.7580 -0.1949 -0.6224
vn -0.8493 -0.1470 -0.5070
vn -0.9759 -0.0758 -0.2046
vn -0.9913 -0.1231 -0.0455
vn -0.9985 -0.0277 -0.0463
vn -0.9986 -0.0276 -0.0459
vn 0.0964 -0.9038 -0.4169
vn 0.1060 -0.9204 -0.3762
vn 0.5634 -0.7308 -0.3853
vn 0.5624 -0.7393 -0.3702
vn 0.5332 -0.7927 0.2956
vn 0.5366 -0.7444 0.3974
vn 0.0681 -0.9031 0.4239
vn 0.0800 -0.9194 0.3852
vn -0.0375 -0.8622 0.5052
vn -0.0303 -0.8525 0.5219
vn -0.4280 -0.5014 0.7519
vn -0.3001 -0.7950 0.5271
vn -0.9634 -0.2668 -0.0245
vn -0.6688 -0.7433 -0.0163
vn -0.4582 -0.4893 -0.7420
vn -0.3283 -0.7816 -0.5304
vn -0.0285 -0.8638 -0.5031
vn -0.0231 -0.8570 -0.5148
vn -0.9973 -0.0577 -0.0462
vn -0.9973 -0.0577 -0.0465
vn -0.9989 0.0093 -0.0468
vn -0.9989 0.0094 -0.0466
vn -0.8666 0.0055 -0.4989
vn -0.8578 0.0076 -0.5139
vn -0.8580 -0.0531 -0.5109
vn -0.8591 -0.0529 -0.5091
vn -0.8621 -0.0452 0.5047
vn -0.8580 -0.0458 0.5116
vn -0.8599 0.0078 0.5104
vn -0.8565 0.0085 0.5161
vn -0.9999 0.0093 -0.0040
vn -0.9999 0.0094 -0.0045
vn -0.9983 -0.0575 -0.0048
vn -0.9983 -0.0574 -0.0044
vn -0.9723 0.2275 -0.0529
vn -0.9698 0.2317 -0.0760
vn -0.8157 0.5557 -0.1605
vn -0.8156 0.5675 -0.1130
vn -0.5982 0.4660 -0.6519
vn -0.6359 0.4738 -0.6093
vn -0.8232 0.2073 -0.5286
vn -0.8197 0.2052 -0.5347
vn -0.8204 0.1858 0.5408
vn -0.8149 0.1824 0.5502
vn -0.6678 0.3959 0.6304
vn -0.6702 0.3968 0.6273
vn -0.8302 0.5468 0.1080
vn -0.8265 0.5583 0.0724
vn -0.9739 0.2268 0.0032
vn -0.9727 0.2303 0.0273
vn -0.3550 0.9092 -0.2175
vn -0.3520 0.9088 -0.2238
vn -0.0292 0.9794 -0.1997
vn -0.0334 0.9739 -0.2245
vn -0.0080 0.7622 -0.6473
vn 0.0123 0.7217 -0.6921
vn -0.2166 0.6770 -0.7034
vn -0.2166 0.6803 -0.7002
vn -0.4229 0.5615 0.7112
vn -0.4038 0.6546 0.6391
vn -0.1519 0.7784 0.6091
vn -0.1384 0.7282 0.6712
vn -0.0662 0.9845 0.1622
vn -0.0786 0.9785 0.1909
vn -0.3996 0.8968 0.1900
vn -0.4059 0.8991 0.1642
vn 0.0002 0.9801 -0.1985
vn -0.0051 0.9839 -0.1788
vn 0.1335 0.9777 -0.1621
vn 0.1318 0.9764 -0.1710
vn 0.1167 0.8463 -0.5198
vn 0.1248 0.8151 -0.5657
vn 0.0048 0.7627 -0.6467
vn 0.0178 0.8189 -0.5736
vn -0.0452 0.7866 0.6158
vn -0.0572 0.7497 0.6593
vn 0.0874 0.6792 0.7287
vn 0.0821 0.7462 0.6606
vn 0.1180 0.9741 0.1927
vn 0.1234 0.9773 0.1724
vn -0.0265 0.9861 0.1643
vn -0.0261 0.9856 0.1668
vn 0.9987 0.0501 0.0031
vn 0.9984 0.0413 -0.0399
vn 0.9646 -0.2634 -0.0104
vn 0.9497 -0.2841 0.1317
vn 0.9045 -0.2551 -0.3418
vn 0.8711 -0.2615 -0.4157
vn 0.8732 0.0476 -0.4850
vn 0.9202 0.0321 -0.3901
vn 0.5877 -0.0018 0.8090
vn 0.2950 0.0094 0.9555
vn 0.8471 -0.2099 0.4883
vn 0.8294 -0.2766 0.4854
vn 0.9985 0.0504 0.0235
vn 0.8921 0.1050 -0.4394
vn 0.4718 0.8712 -0.1359
vn 0.4771 0.8611 -0.1758
vn 0.6889 0.6952 -0.2052
vn 0.7024 0.6930 -0.1623
vn 0.5690 0.5237 -0.6340
vn 0.6013 0.5983 -0.5296
vn 0.4438 0.7599 -0.4749
vn 0.4041 0.7301 -0.5511
vn 0.3924 0.6012 0.6961
vn 0.3482 0.5505 0.7588
vn 0.4808 0.3841 0.7883
vn 0.5095 0.4357 0.7420
vn 0.6810 0.6568 0.3240
vn 0.7007 0.6613 0.2679
vn 0.4742 0.8579 0.1979
vn 0.4823 0.8354 0.2637
vn 0.4520 0.2155 0.8656
vn 0.5443 0.2958 0.7850
vn 0.9105 0.3975 -0.1136
vn 0.8534 0.4559 0.2527
vn 0.7417 0.5861 0.3261
vn 0.7490 0.6115 0.2549
vn 0.4771 0.3887 0.7883
vn 0.4900 0.3951 0.7770
vn 0.8010 0.3852 -0.4583
vn 0.7386 0.3167 -0.5951
vn 0.5970 0.4913 -0.6342
vn 0.6355 0.5065 -0.5828
vn 0.7715 0.6027 -0.2039
vn 0.7699 0.6291 -0.1073
vn 0.9147 0.4016 -0.0442
vn 0.9069 0.4087 -0.1029
vn 0.5530 -0.0000 0.8332
vn 0.8597 -0.0000 0.5108
vn 0.9353 -0.0000 -0.3537
vn 0.6893 -0.0000 -0.7245
vn 0.3066 -0.0000 -0.9518
vn -0.1367 -0.0000 -0.9906
vn -0.5529 -0.0000 -0.8332
vn -0.8598 -0.0000 -0.5107
vn -0.9354 -0.0000 0.3537
vn -0.6892 -0.0000 0.7245
vn -0.3066 -0.0000 0.9518
vn 0.1367 -0.0000 0.9906
vn -0.0971 -0.9485 0.3014
vn -0.2183 -0.9485 0.2294
vn -0.2962 -0.9485 0.1120
vn -0.3155 -0.9485 -0.0276
vn -0.2723 -0.9485 -0.1617
vn -0.2723 -0.9485 -0.1618
vn -0.1751 -0.9485 -0.2639
vn -0.1751 -0.9485 -0.2638
vn -0.0433 -0.9485 -0.3137
vn 0.0971 -0.9485 -0.3014
vn 0.2183 -0.9485 -0.2294
vn 0.2962 -0.9485 -0.1120
vn 0.3155 -0.9485 0.0276
vn 0.2723 -0.9485 0.1618
vn 0.2723 -0.9485 0.1617
vn 0.1751 -0.9485 0.2638
vn 0.1751 -0.9485 0.2639
vn 0.0433 -0.9485 0.3137
vn -0.2996 -0.2137 0.9298
vn -0.2995 -0.2137 0.9298
vn -0.6733 -0.2137 0.7078
vn -0.9137 -0.2137 0.3456
vn -0.9732 -0.2137 -0.0851
vn -0.8398 -0.2137 -0.4990
vn -0.5402 -0.2137 -0.8140
vn -0.5402 -0.2137 -0.8139
vn -0.1336 -0.2137 -0.9677
vn -0.1335 -0.2137 -0.9677
vn 0.2996 -0.2137 -0.9298
vn 0.2995 -0.2137 -0.9298
vn 0.6733 -0.2137 -0.7078
vn 0.6734 -0.2137 -0.7078
vn 0.9138 -0.2137 -0.3455
vn 0.9138 -0.2137 -0.3454
vn 0.9732 -0.2137 0.0851
vn 0.8399 -0.2137 0.4989
vn 0.8399 -0.2137 0.4988
vn 0.5402 -0.2137 0.8140
vn 0.5402 -0.2137 0.8139
vn 0.1336 -0.2137 0.9677
vn 0.1335 -0.2137 0.9677
vn -0.3066 -0.0136 0.9517
vn -0.6892 -0.0136 0.7244
vn -0.9353 -0.0136 0.3537
vn -0.9353 -0.0136 0.3536
vn -0.9961 -0.0136 -0.0871
vn -0.8596 -0.0136 -0.5107
vn -0.8597 -0.0136 -0.5107
vn -0.5529 -0.0136 -0.8331
vn -0.5530 -0.0136 -0.8331
vn -0.1367 -0.0136 -0.9905
vn 0.3066 -0.0136 -0.9517
vn 0.3067 -0.0136 -0.9517
vn 0.6892 -0.0136 -0.7244
vn 0.6891 -0.0136 -0.7245
vn 0.9353 -0.0136 -0.3535
vn 0.9353 -0.0136 -0.3536
vn 0.9961 -0.0136 0.0871
vn 0.8597 -0.0136 0.5106
vn 0.8597 -0.0136 0.5107
vn 0.5529 -0.0136 0.8331
vn 0.5529 -0.0136 0.8332
vn 0.1367 -0.0136 0.9905
vn -0.2615 0.5222 0.8117
vn -0.5878 0.5223 0.6178
vn -0.5878 0.5222 0.6179
vn -0.7977 0.5222 0.3016
vn -0.8495 0.5222 -0.0743
vn -0.7332 0.5223 -0.4355
vn -0.4716 0.5222 -0.7105
vn -0.4715 0.5223 -0.7106
vn -0.1166 0.5222 -0.8448
vn -0.1165 0.5222 -0.8448
vn 0.2615 0.5223 -0.8117
vn 0.2615 0.5222 -0.8117
vn 0.5877 0.5223 -0.6179
vn 0.5878 0.5223 -0.6179
vn 0.7977 0.5223 -0.3016
vn 0.8496 0.5222 0.0743
vn 0.7332 0.5222 0.4355
vn 0.4715 0.5223 0.7106
vn 0.4716 0.5222 0.7106
vn 0.1166 0.5222 0.8448
vn -0.3056 -0.0833 0.9485
vn -0.6868 -0.0833 0.7220
vn -0.6869 -0.0833 0.7220
vn -0.9321 -0.0833 0.3524
vn -0.9321 -0.0833 0.3525
vn -0.9927 -0.0833 -0.0869
vn -0.8568 -0.0833 -0.5089
vn -0.8567 -0.0833 -0.5090
vn -0.5510 -0.0833 -0.8303
vn -0.1362 -0.0833 -0.9872
vn 0.3055 -0.0833 -0.9485
vn 0.3056 -0.0833 -0.9485
vn 0.6868 -0.0833 -0.7220
vn 0.6869 -0.0833 -0.7220
vn 0.9321 -0.0833 -0.3524
vn 0.9321 -0.0833 -0.3525
vn 0.9927 -0.0833 0.0869
vn 0.8568 -0.0833 0.5089
vn 0.8567 -0.0833 0.5090
vn 0.5510 -0.0833 0.8303
vn 0.5511 -0.0833 0.8303
vn 0.1362 -0.0833 0.9872
vn 0.1867 0.9823 0.0163
vn 0.0084 -1.0000 0.0007
vn -0.1867 -0.9823 -0.0163
vn 0.1076 0.9941 0.0094
vn -0.1076 -0.9941 -0.0094
vn 0.2635 0.9644 0.0231
vn 0.2635 0.9644 0.0230
vn 0.4668 0.8834 0.0408
vn -0.1781 -0.9839 -0.0156
vn 0.9962 0.0084 0.0872
vn -0.9962 -0.0084 -0.0872
vn -0.1867 0.9823 -0.0163
vn -0.0084 -1.0000 -0.0007
vn 0.1867 -0.9823 0.0163
vn -0.1076 0.9941 -0.0094
vn 0.1076 -0.9941 0.0094
vn -0.2635 0.9644 -0.0231
vn -0.4668 0.8834 -0.0408
vn 0.1781 -0.9839 0.0156
vn -0.9962 0.0084 -0.0872
vn 0.9962 -0.0084 0.0872
vn 0.0178 0.9823 -0.1866
vn 0.0008 -1.0000 -0.0084
vn -0.0178 -0.9823 0.1866
vn -0.0948 -0.0000 0.9955
vn 0.9955 -0.0000 0.0948
vn -0.9955 -0.0000 -0.0948
vn 0.0102 0.9941 -0.1075
vn -0.0102 -0.9941 0.1075
vn 0.9955 -0.0001 0.0948
vn 0.9955 -0.0000 0.0949
vn 0.9955 0.0001 0.0948
vn 0.0251 0.9644 -0.2633
vn 0.0444 0.8834 -0.4665
vn -0.0170 -0.9839 0.1780
vn -0.9955 0.0001 -0.0948
vn -0.9955 -0.0005 -0.0948
vn 0.9955 -0.0001 0.0949
vn 0.0949 0.0084 -0.9955
vn -0.0949 -0.0084 0.9955
vn -0.9955 -0.0001 -0.0949
vn -0.0178 0.9823 0.1866
vn -0.0008 -1.0000 0.0084
vn 0.0178 -0.9823 -0.1866
vn 0.0948 -0.0000 -0.9955
vn -0.0102 0.9941 0.1075
vn 0.0102 -0.9941 -0.1075
vn 0.9955 -0.0005 0.0948
vn -0.0251 0.9644 0.2633
vn -0.0444 0.8834 0.4665
vn 0.0170 -0.9839 -0.1780
vn -0.9955 -0.0000 -0.0949
vn -0.9955 -0.0001 -0.0948
vn -0.0948 0.0085 0.9955
vn -0.0948 0.0084 0.9955
vn 0.0948 -0.0084 -0.9955
vn -0.9955 0.0001 -0.0949
vn 0.1432 0.9823 -0.1210
vn 0.1431 0.9823 -0.1210
vn 0.0064 -1.0000 -0.0054
vn -0.1431 -0.9823 0.1210
vn -0.1432 -0.9823 0.1210
vn -0.7638 -0.0000 0.6455
vn 0.6455 -0.0000 0.7638
vn -0.6454 -0.0000 -0.7638
vn 0.6454 -0.0000 0.7638
vn 0.0825 0.9941 -0.0697
vn -0.0825 -0.9941 0.0697
vn 0.6454 0.0001 0.7638
vn 0.2020 0.9644 -0.1707
vn 0.3579 0.8834 -0.3025
vn 0.3579 0.8834 -0.3024
vn -0.1366 -0.9839 0.1154
vn -0.6455 -0.0000 -0.7638
vn -0.6454 0.0003 -0.7638
vn 0.7637 0.0085 -0.6455
vn 0.7638 0.0084 -0.6454
vn -0.7638 -0.0084 0.6454
vn -0.7638 -0.0085 0.6454
vn -0.6454 0.0001 -0.7638
vn -0.1432 0.9823 0.1210
vn -0.0064 -1.0000 0.0054
vn 0.1432 -0.9823 -0.1210
vn 0.7638 -0.0000 -0.6454
vn -0.0825 0.9941 0.0697
vn 0.0825 -0.9941 -0.0697
vn -0.2020 0.9644 0.1707
vn -0.3579 0.8834 0.3025
vn 0.1366 -0.9839 -0.1154
vn -0.7638 0.0085 0.6454
vn 0.7638 -0.0085 -0.6454
vn 0.1330 0.9823 0.1320
vn 0.1331 0.9823 0.1320
vn 0.0060 -1.0000 0.0059
vn -0.1331 -0.9823 -0.1320
vn -0.1330 -0.9823 -0.1320
vn -0.7099 -0.0000 -0.7043
vn -0.7043 -0.0000 0.7099
vn 0.7043 -0.0000 -0.7099
vn 0.0767 0.9941 0.0761
vn -0.0767 -0.9941 -0.0761
vn 0.1878 0.9644 0.1863
vn 0.3327 0.8834 0.3300
vn -0.1269 -0.9839 -0.1259
vn 0.7043 0.0001 -0.7099
vn -0.7043 0.0001 0.7099
vn 0.7099 0.0084 0.7043
vn -0.7099 -0.0084 -0.7042
vn 0.7043 -0.0001 -0.7099
vn -0.1330 0.9823 -0.1320
vn -0.1331 0.9823 -0.1320
vn -0.0060 -1.0000 -0.0059
vn 0.1331 -0.9823 0.1320
vn 0.1330 -0.9823 0.1320
vn 0.7099 -0.0000 0.7043
vn -0.0767 0.9941 -0.0761
vn 0.0767 -0.9941 0.0761
vn -0.1877 0.9644 -0.1863
vn -0.3327 0.8834 -0.3300
vn 0.1269 -0.9839 0.1259
vn 0.7042 0.0001 -0.7100
vn -0.7043 -0.0001 0.7099
vn -0.7099 0.0084 -0.7043
vn 0.7098 -0.0085 0.7043
vn 0.7099 -0.0084 0.7043
vt 0.107455 0.796253
vt 0.112027 0.863932
vt 0.223005 0.793945
vt 0.223005 0.863488
vt 0.120461 0.907289
vt 0.223005 0.900187
vt 0.132446 0.944576
vt 0.223005 0.932147
vt 0.154196 0.974316
vt 0.223005 0.968546
vt 0.193702 0.988521
vt 0.223005 0.988521
vt 0.223005 0.763983
vt 0.114246 0.765315
vt 0.223005 0.748372
vt 0.139548 0.743045
vt 0.223005 0.726621
vt 0.178167 0.729728
vt 0.657670 0.782292
vt 0.657481 0.843877
vt 0.750834 0.784575
vt 0.747057 0.844419
vt 0.740224 0.881925
vt 0.657462 0.875810
vt 0.730558 0.912948
vt 0.657560 0.902550
vt 0.713268 0.938525
vt 0.657822 0.934409
vt 0.682053 0.951426
vt 0.658212 0.953308
vt 0.657817 0.755413
vt 0.745411 0.757266
vt 0.657964 0.742030
vt 0.725407 0.738351
vt 0.658242 0.723933
vt 0.694545 0.727405
vt 0.761343 0.844929
vt 0.765090 0.784557
vt 0.754542 0.885181
vt 0.757615 0.749948
vt 0.742858 0.921280
vt 0.721051 0.951044
vt 0.686445 0.966180
vt 0.660239 0.969850
vt 0.732839 0.724830
vt 0.697610 0.712384
vt 0.659701 0.708334
vt 0.223091 0.793945
vt 0.223091 0.863488
vt 0.338641 0.796253
vt 0.334069 0.863932
vt 0.325635 0.907289
vt 0.223091 0.900187
vt 0.313650 0.944576
vt 0.223091 0.932147
vt 0.291899 0.974316
vt 0.223091 0.968546
vt 0.252393 0.988521
vt 0.223091 0.988521
vt 0.223091 0.763983
vt 0.331849 0.765315
vt 0.223091 0.748372
vt 0.306548 0.743045
vt 0.223091 0.726621
vt 0.267929 0.729728
vt 0.562380 0.786817
vt 0.566114 0.846205
vt 0.654842 0.784569
vt 0.655019 0.845708
vt 0.572883 0.883420
vt 0.655027 0.877400
vt 0.582458 0.914176
vt 0.654917 0.903928
vt 0.599633 0.939515
vt 0.654674 0.935426
vt 0.630633 0.952238
vt 0.654254 0.953056
vt 0.654681 0.757848
vt 0.567754 0.759723
vt 0.654577 0.744399
vt 0.587606 0.740981
vt 0.654254 0.725563
vt 0.618135 0.730069
vt 0.551917 0.846679
vt 0.548240 0.786718
vt 0.558686 0.886788
vt 0.555627 0.752499
vt 0.570460 0.922581
vt 0.591835 0.951813
vt 0.626424 0.966894
vt 0.652727 0.969658
vt 0.580233 0.727587
vt 0.614879 0.715174
vt 0.652431 0.710110
vt 0.199039 0.530032
vt 0.200427 0.576304
vt 0.273996 0.528227
vt 0.272589 0.573209
vt 0.268011 0.603458
vt 0.201295 0.601932
vt 0.260778 0.628495
vt 0.202147 0.623411
vt 0.247408 0.648291
vt 0.203418 0.648303
vt 0.223574 0.659863
vt 0.204530 0.664427
vt 0.198548 0.509919
vt 0.269035 0.508524
vt 0.198350 0.498900
vt 0.252657 0.494502
vt 0.198320 0.484072
vt 0.227822 0.486018
vt 0.986761 0.503864
vt 0.983130 0.559460
vt 0.896008 0.502017
vt 0.895967 0.559104
vt 0.976505 0.591799
vt 0.895966 0.586128
vt 0.967125 0.620944
vt 0.895999 0.611030
vt 0.950042 0.645374
vt 0.895999 0.640771
vt 0.919013 0.656704
vt 0.895999 0.656704
vt 0.895987 0.477166
vt 0.981406 0.478232
vt 0.895980 0.465007
vt 0.961528 0.460742
vt 0.895999 0.448536
vt 0.931216 0.451024
vt 0.288885 0.577381
vt 0.290038 0.527427
vt 0.284763 0.608507
vt 0.282153 0.496918
vt 0.275916 0.638530
vt 0.257140 0.662516
vt 0.230011 0.678866
vt 0.209135 0.685876
vt 0.260033 0.476320
vt 0.230867 0.465854
vt 0.199494 0.463035
vt 0.117444 0.524808
vt 0.118646 0.569496
vt 0.191893 0.527063
vt 0.190335 0.573040
vt 0.123048 0.599627
vt 0.189390 0.598490
vt 0.130167 0.624612
vt 0.188516 0.619778
vt 0.143450 0.644333
vt 0.187395 0.644168
vt 0.167328 0.655699
vt 0.186342 0.657796
vt 0.192447 0.507002
vt 0.122438 0.505312
vt 0.192796 0.495647
vt 0.138742 0.491516
vt 0.192970 0.479864
vt 0.163390 0.482987
vt 0.890587 0.504481
vt 0.890627 0.561568
vt 0.799834 0.506328
vt 0.803466 0.561924
vt 0.810091 0.594263
vt 0.890628 0.588592
vt 0.819470 0.623408
vt 0.890595 0.613494
vt 0.836553 0.647838
vt 0.890595 0.643235
vt 0.867581 0.659168
vt 0.890595 0.659168
vt 0.890607 0.479630
vt 0.805189 0.480696
vt 0.890614 0.467471
vt 0.825068 0.463206
vt 0.890595 0.451000
vt 0.855379 0.453488
vt 0.102505 0.573225
vt 0.101608 0.524097
vt 0.106170 0.603868
vt 0.109630 0.493832
vt 0.114405 0.634556
vt 0.134193 0.659200
vt 0.161652 0.674712
vt 0.183027 0.679758
vt 0.131200 0.473731
vt 0.160059 0.462842
vt 0.191320 0.458902
vt 0.690373 0.191745
vt 0.652671 0.191745
vt 0.690373 0.296544
vt 0.652671 0.296544
vt 0.349185 0.354801
vt 0.349185 0.392505
vt 0.393945 0.366013
vt 0.393945 0.403715
vt 0.652671 0.406938
vt 0.690373 0.406938
vt 0.652671 0.302137
vt 0.690373 0.302137
vt 0.228559 0.283567
vt 0.228559 0.245865
vt 0.183798 0.294779
vt 0.183798 0.257076
vt 0.730673 0.406938
vt 0.775434 0.406938
vt 0.730673 0.302137
vt 0.775434 0.302137
vt 0.730673 0.296544
vt 0.775434 0.296544
vt 0.730673 0.191745
vt 0.775434 0.191745
vt 0.695965 0.302137
vt 0.695965 0.406938
vt 0.314477 0.365852
vt 0.314477 0.403554
vt 0.149091 0.246026
vt 0.149091 0.283729
vt 0.695965 0.191745
vt 0.695965 0.296544
vt 0.504633 0.203040
vt 0.505233 0.218206
vt 0.566603 0.206538
vt 0.566747 0.223288
vt 0.573402 0.250663
vt 0.505486 0.233380
vt 0.441697 0.226826
vt 0.440417 0.213977
vt 0.438791 0.201135
vt 0.206233 0.227067
vt 0.206832 0.211902
vt 0.138443 0.244353
vt 0.145320 0.216983
vt 0.145116 0.200225
vt 0.207085 0.196727
vt 0.272927 0.194822
vt 0.271648 0.207671
vt 0.270022 0.220513
vt 0.083601 0.262021
vt 0.092075 0.261593
vt 0.079389 0.192019
vt 0.087810 0.191055
vt 0.096327 0.190843
vt 0.100540 0.260845
vt 0.104489 0.335222
vt 0.096285 0.336357
vt 0.088050 0.336398
vt 0.191330 0.309929
vt 0.194231 0.315889
vt 0.241190 0.283779
vt 0.243808 0.289854
vt 0.247169 0.295510
vt 0.197349 0.321726
vt 0.144652 0.350209
vt 0.147787 0.340284
vt 0.137911 0.336997
vt 0.403840 0.214829
vt 0.407304 0.224928
vt 0.392707 0.234820
vt 0.386578 0.227942
vt 0.380133 0.221047
vt 0.400028 0.204738
vt 0.270025 0.275895
vt 0.268024 0.269601
vt 0.279284 0.263472
vt 0.280621 0.270123
vt 0.285121 0.274861
vt 0.273883 0.281131
vt 0.308226 0.208524
vt 0.311690 0.198425
vt 0.334853 0.216513
vt 0.325404 0.221466
vt 0.318949 0.228379
vt 0.304414 0.218616
vt 0.593415 0.224991
vt 0.593747 0.207713
vt 0.598664 0.212201
vt 0.600319 0.225002
vt 0.601051 0.255081
vt 0.594119 0.254723
vt 0.118651 0.218686
vt 0.117948 0.248418
vt 0.110841 0.248771
vt 0.111574 0.218694
vt 0.113016 0.205887
vt 0.117973 0.201400
vt 0.564549 0.257627
vt 0.586194 0.295988
vt 0.589063 0.296441
vt 0.534734 0.308156
vt 0.528082 0.307789
vt 0.534843 0.341639
vt 0.528191 0.340799
vt 0.521123 0.341659
vt 0.521014 0.308175
vt 0.520819 0.271096
vt 0.529027 0.276716
vt 0.596284 0.297832
vt 0.603302 0.299228
vt 0.603005 0.344183
vt 0.596234 0.340924
vt 0.589258 0.337778
vt 0.115782 0.291527
vt 0.122656 0.290128
vt 0.122462 0.331465
vt 0.115832 0.334620
vt 0.108887 0.337874
vt 0.108591 0.292919
vt 0.528230 0.362143
vt 0.534883 0.363658
vt 0.534926 0.376540
vt 0.528274 0.374480
vt 0.521056 0.376559
vt 0.521163 0.363678
vt 0.590288 0.370606
vt 0.596097 0.376682
vt 0.583257 0.396942
vt 0.579013 0.388527
vt 0.574558 0.380865
vt 0.584276 0.364962
vt 0.121778 0.364300
vt 0.127443 0.358649
vt 0.137162 0.374553
vt 0.133054 0.382222
vt 0.128636 0.390633
vt 0.115796 0.370373
vt 0.485928 0.246945
vt 0.486050 0.259149
vt 0.492580 0.245163
vt 0.492702 0.257986
vt 0.493576 0.279862
vt 0.486924 0.280508
vt 0.478805 0.280814
vt 0.478382 0.258939
vt 0.478710 0.246115
vt 0.562970 0.396341
vt 0.565168 0.405178
vt 0.537847 0.406901
vt 0.537364 0.398465
vt 0.536635 0.390892
vt 0.560543 0.388365
vt 0.149097 0.390036
vt 0.151177 0.382052
vt 0.473669 0.257035
vt 0.472740 0.280465
vt 0.174702 0.392160
vt 0.174046 0.400591
vt 0.146725 0.398869
vt 0.489224 0.316386
vt 0.495877 0.315913
vt 0.498347 0.351912
vt 0.491701 0.352160
vt 0.483525 0.352780
vt 0.480955 0.316865
vt 0.497398 0.399316
vt 0.497309 0.407617
vt 0.456647 0.401798
vt 0.457446 0.393883
vt 0.457892 0.386793
vt 0.497235 0.391877
vt 0.474440 0.317033
vt 0.477292 0.353484
vt 0.254504 0.387452
vt 0.214667 0.393012
vt 0.255149 0.395377
vt 0.214583 0.401309
vt 0.508693 0.317243
vt 0.508478 0.290170
vt 0.502056 0.317633
vt 0.501863 0.289499
vt 0.501994 0.266161
vt 0.508618 0.267980
vt 0.515253 0.266077
vt 0.515358 0.289102
vt 0.515895 0.316953
vt 0.382891 0.298695
vt 0.379711 0.260493
vt 0.373058 0.298951
vt 0.370896 0.257258
vt 0.388300 0.263632
vt 0.392469 0.298365
vt 0.328558 0.291236
vt 0.332021 0.253501
vt 0.318782 0.291189
vt 0.323169 0.256805
vt 0.341061 0.254272
vt 0.338389 0.292609
vt 0.493102 0.373208
vt 0.499729 0.373632
vt 0.504162 0.376559
vt 0.510790 0.374807
vt 0.503352 0.358932
vt 0.509968 0.357479
vt 0.517550 0.358401
vt 0.518685 0.376281
vt 0.485207 0.374249
vt 0.502601 0.340034
vt 0.509229 0.338985
vt 0.516623 0.339339
vt 0.431877 0.377152
vt 0.428950 0.383911
vt 0.407946 0.358900
vt 0.413661 0.353866
vt 0.418548 0.349350
vt 0.434154 0.371113
vt 0.387362 0.331706
vt 0.395770 0.328767
vt 0.403603 0.326019
vt 0.479821 0.376559
vt 0.277197 0.364433
vt 0.279723 0.370345
vt 0.292558 0.342358
vt 0.297622 0.346636
vt 0.303295 0.351762
vt 0.282556 0.377151
vt 0.307499 0.318825
vt 0.315496 0.321273
vt 0.323853 0.324344
vt 0.276949 0.300484
vt 0.275392 0.297883
vt 0.256820 0.312536
vt 0.255194 0.309994
vt 0.252962 0.306264
vt 0.273156 0.294145
vt 0.281662 0.288915
vt 0.286295 0.289849
vt 0.284756 0.294082
vt 0.250668 0.302438
vt 0.270866 0.290327
vt 0.248900 0.299313
vt 0.269029 0.287261
vt 0.278219 0.283167
vt 0.282900 0.284182
vt 0.098392 0.380968
vt 0.105831 0.379010
vt 0.105957 0.401484
vt 0.099403 0.404374
vt 0.091730 0.406351
vt 0.090890 0.380186
vt 0.085537 0.159118
vt 0.077260 0.161356
vt 0.115991 0.195629
vt 0.110610 0.201402
vt 0.288186 0.284253
vt 0.600589 0.207727
vt 0.594688 0.201965
vt 0.094197 0.160181
vt 0.220891 0.320266
vt 0.223199 0.324114
vt 0.192378 0.342598
vt 0.190201 0.338642
vt 0.189231 0.334949
vt 0.219335 0.316969
vt 0.225417 0.327822
vt 0.227255 0.330192
vt 0.197151 0.348173
vt 0.194726 0.346199
vt 0.167261 0.352403
vt 0.169014 0.356624
vt 0.154033 0.365822
vt 0.152623 0.361200
vt 0.153923 0.356089
vt 0.167485 0.347977
vt 0.171787 0.359959
vt 0.175405 0.361200
vt 0.113422 0.373529
vt 0.126799 0.395425
vt 0.157447 0.369252
vt 0.627691 0.410409
vt 0.627680 0.389150
vt 0.621682 0.410130
vt 0.621033 0.388829
vt 0.620644 0.357223
vt 0.628151 0.357585
vt 0.633488 0.357625
vt 0.632560 0.388488
vt 0.565753 0.410409
vt 0.584573 0.401746
vt 0.145619 0.404089
vt 0.608347 0.387117
vt 0.613420 0.388366
vt 0.605936 0.356254
vt 0.611666 0.356802
vt 0.615657 0.409625
vt 0.629599 0.311560
vt 0.621210 0.311183
vt 0.623071 0.264394
vt 0.631754 0.265014
vt 0.638771 0.265901
vt 0.635979 0.311834
vt 0.612372 0.310776
vt 0.607315 0.310462
vt 0.214305 0.406351
vt 0.255456 0.400284
vt 0.615024 0.264291
vt 0.466155 0.303241
vt 0.465749 0.268358
vt 0.460911 0.304026
vt 0.460559 0.271448
vt 0.458789 0.241388
vt 0.465004 0.238065
vt 0.470313 0.239928
vt 0.470561 0.269259
vt 0.470607 0.303031
vt 0.342066 0.296232
vt 0.344926 0.265172
vt 0.455816 0.271973
vt 0.457170 0.280803
vt 0.456453 0.305961
vt 0.634349 0.231889
vt 0.626567 0.230537
vt 0.629924 0.204634
vt 0.636615 0.206445
vt 0.404014 0.362244
vt 0.426538 0.388235
vt 0.640597 0.234614
vt 0.284619 0.381653
vt 0.306994 0.355445
vt 0.453973 0.353924
vt 0.450833 0.375153
vt 0.459593 0.355218
vt 0.456874 0.376559
vt 0.619109 0.231348
vt 0.327783 0.326647
vt 0.455617 0.330598
vt 0.460764 0.331494
vt 0.465957 0.331075
vt 0.470104 0.329563
vt 0.383207 0.333573
vt 0.465013 0.354299
vt 0.455883 0.104542
vt 0.486796 0.104542
vt 0.455883 0.094762
vt 0.486796 0.094762
vt 0.455883 0.114321
vt 0.486796 0.114321
vt 0.455883 0.124101
vt 0.486796 0.124101
vt 0.455883 0.133881
vt 0.486796 0.133881
vt 0.455883 0.143661
vt 0.486796 0.143661
vt 0.455883 0.153440
vt 0.486796 0.153440
vt 0.455883 0.163220
vt 0.486796 0.163220
vt 0.455883 0.173000
vt 0.486796 0.173000
vt 0.455883 0.182779
vt 0.486796 0.182779
vt 0.455883 0.055643
vt 0.486796 0.055643
vt 0.455883 0.045863
vt 0.486796 0.045863
vt 0.455883 0.065423
vt 0.486796 0.065423
vt 0.455883 0.075203
vt 0.486796 0.075203
vt 0.455883 0.084982
vt 0.486796 0.084982
vt 0.982830 0.702831
vt 0.971485 0.688604
vt 0.986880 0.720571
vt 0.982830 0.738312
vt 0.955090 0.680709
vt 0.971485 0.752538
vt 0.936893 0.680709
vt 0.955090 0.760433
vt 0.920498 0.688604
vt 0.936893 0.760433
vt 0.909154 0.702831
vt 0.920498 0.752538
vt 0.905104 0.720571
vt 0.909154 0.738312
vt 0.968612 0.720571
vt 0.966372 0.730386
vt 0.966372 0.710756
vt 0.960095 0.702886
vt 0.960095 0.738257
vt 0.951025 0.698518
vt 0.951025 0.742625
vt 0.940958 0.698518
vt 0.940958 0.742625
vt 0.931888 0.702886
vt 0.931888 0.738257
vt 0.925611 0.710756
vt 0.925611 0.730386
vt 0.923371 0.720571
vt 0.445991 0.075203
vt 0.445991 0.084982
vt 0.445991 0.065423
vt 0.445991 0.055643
vt 0.445991 0.045863
vt 0.445991 0.173000
vt 0.445991 0.182779
vt 0.445991 0.163220
vt 0.445991 0.153440
vt 0.445991 0.143661
vt 0.445991 0.133881
vt 0.445991 0.124101
vt 0.445991 0.114321
vt 0.445991 0.104542
vt 0.445991 0.094762
vt 0.396827 0.075203
vt 0.396827 0.084982
vt 0.396827 0.065423
vt 0.396827 0.055643
vt 0.396827 0.045863
vt 0.396827 0.172999
vt 0.396827 0.182779
vt 0.396827 0.163220
vt 0.396827 0.153440
vt 0.396827 0.143661
vt 0.396827 0.133881
vt 0.396827 0.124101
vt 0.396827 0.114321
vt 0.396827 0.104542
vt 0.396827 0.094762
vt 0.160241 0.075202
vt 0.160241 0.084982
vt 0.160241 0.065423
vt 0.160241 0.055643
vt 0.160241 0.045863
vt 0.160241 0.173000
vt 0.160241 0.182779
vt 0.160241 0.163220
vt 0.160241 0.153440
vt 0.160241 0.143661
vt 0.160241 0.133881
vt 0.160241 0.124101
vt 0.160241 0.114322
vt 0.160241 0.104542
vt 0.160241 0.094762
vt 0.134853 0.075203
vt 0.134853 0.084982
vt 0.134853 0.065423
vt 0.134853 0.055643
vt 0.134853 0.045863
vt 0.134853 0.172999
vt 0.134853 0.182779
vt 0.134853 0.163220
vt 0.134853 0.153440
vt 0.134853 0.143661
vt 0.134853 0.133881
vt 0.134853 0.124101
vt 0.134853 0.114321
vt 0.134853 0.104542
vt 0.134853 0.094762
vt 0.114969 0.075203
vt 0.114969 0.084982
vt 0.114969 0.065423
vt 0.114969 0.055643
vt 0.114969 0.045863
vt 0.114969 0.173000
vt 0.114969 0.182779
vt 0.114969 0.163220
vt 0.114969 0.153440
vt 0.114969 0.143661
vt 0.114969 0.133881
vt 0.114969 0.124101
vt 0.114969 0.114322
vt 0.114969 0.104542
vt 0.114969 0.094762
vt 0.853774 0.858849
vt 0.910511 0.858849
vt 0.853774 0.779408
vt 0.910511 0.779408
vt 0.886802 0.319213
vt 0.839522 0.319213
vt 0.886802 0.366443
vt 0.839522 0.366443
vt 0.788649 0.950025
vt 0.845385 0.950025
vt 0.788649 0.870584
vt 0.845385 0.870584
vt 0.785250 0.366443
vt 0.832531 0.366443
vt 0.785250 0.319163
vt 0.832531 0.319163
vt 0.670040 0.139585
vt 0.670040 0.179300
vt 0.795473 0.139585
vt 0.795473 0.179300
vt 0.604766 0.080868
vt 0.604766 0.120583
vt 0.730199 0.080868
vt 0.730199 0.120583
vt 0.605767 0.129807
vt 0.605767 0.169523
vt 0.853774 0.899555
vt 0.910511 0.899555
vt 0.845385 0.829878
vt 0.788649 0.829878
vt 0.794471 0.110806
vt 0.794471 0.071091
vt 0.571779 0.121160
vt 0.548428 0.147509
vt 0.526079 0.109533
vt 0.497740 0.109868
vt 0.853774 0.935870
vt 0.910511 0.935870
vt 0.853774 0.967972
vt 0.910511 0.967972
vt 0.845385 0.808352
vt 0.788649 0.808352
vt 0.845385 0.779408
vt 0.788649 0.779408
vt 0.851810 0.088792
vt 0.828459 0.062443
vt 0.902498 0.051151
vt 0.874160 0.050816
vt 0.832481 0.373434
vt 0.785250 0.373833
vt 0.832765 0.407030
vt 0.785534 0.407429
vt 0.900615 0.376096
vt 0.853335 0.376096
vt 0.900615 0.409692
vt 0.853335 0.409692
vt 0.445677 0.263093
vt 0.398397 0.263093
vt 0.445677 0.296688
vt 0.398397 0.296688
vt 0.257846 0.344390
vt 0.210615 0.343992
vt 0.257563 0.377986
vt 0.210332 0.377587
s 0
usemtl officeseat_a
f 1325/668/311 1327/669/311 1326/670/311
f 1326/670/312 1327/669/312 1328/671/312
f 1329/672/313 1330/673/313 1327/669/313
f 1327/669/314 1330/673/314 1328/671/314
f 1331/674/315 1332/675/315 1329/672/315
f 1329/672/316 1332/675/316 1330/673/316
f 1333/676/317 1334/677/317 1331/674/317
f 1331/674/318 1334/677/318 1332/675/318
f 1335/678/319 1336/679/319 1333/676/319
f 1333/676/319 1336/679/319 1334/677/319
f 1337/680/320 1338/681/320 1326/670/320
f 1326/670/321 1338/681/321 1325/668/321
f 1339/682/322 1340/683/322 1337/680/322
f 1337/680/323 1340/683/323 1338/681/323
f 1341/684/319 1342/685/319 1339/682/319
f 1339/682/319 1342/685/319 1340/683/319
f 1343/686/324 1345/687/324 1344/688/324
f 1344/688/325 1345/687/325 1346/689/325
f 1346/689/326 1345/687/326 1347/690/326
f 1347/690/327 1345/687/327 1348/691/327
f 1347/690/328 1348/691/328 1349/692/328
f 1349/692/329 1348/691/329 1350/693/329
f 1349/692/330 1350/693/330 1351/694/330
f 1351/694/331 1350/693/331 1352/695/331
f 1351/694/332 1352/695/332 1353/696/332
f 1353/696/332 1352/695/332 1354/697/332
f 1343/686/333 1344/688/333 1355/698/333
f 1355/698/334 1344/688/334 1356/699/334
f 1355/698/335 1356/699/335 1357/700/335
f 1357/700/336 1356/699/336 1358/701/336
f 1357/700/337 1358/701/337 1359/702/337
f 1359/702/332 1358/701/332 1360/703/332
f 1361/704/338 1362/705/338 1346/689/338
f 1346/689/339 1362/705/339 1344/688/339
f 1363/706/340 1361/704/340 1347/690/340
f 1347/690/341 1361/704/341 1346/689/341
f 1362/705/342 1364/707/342 1344/688/342
f 1344/688/343 1364/707/343 1356/699/343
f 1365/708/344 1363/706/344 1349/692/344
f 1349/692/345 1363/706/345 1347/690/345
f 1366/709/346 1365/708/346 1351/694/346
f 1351/694/346 1365/708/346 1349/692/346
f 1367/710/347 1366/709/347 1353/696/347
f 1353/696/347 1366/709/347 1351/694/347
f 1368/711/348 1367/710/348 1354/697/348
f 1354/697/348 1367/710/348 1353/696/348
f 1364/707/349 1369/712/349 1356/699/349
f 1356/699/350 1369/712/350 1358/701/350
f 1369/712/351 1370/713/351 1358/701/351
f 1358/701/352 1370/713/352 1360/703/352
f 1370/713/353 1371/714/353 1360/703/353
f 1360/703/353 1371/714/353 1359/702/353
f 1372/715/354 1374/716/354 1373/717/354
f 1373/717/355 1374/716/355 1375/718/355
f 1375/718/356 1374/716/356 1376/719/356
f 1376/719/357 1374/716/357 1377/720/357
f 1376/719/358 1377/720/358 1378/721/358
f 1378/721/359 1377/720/359 1379/722/359
f 1378/721/360 1379/722/360 1380/723/360
f 1380/723/361 1379/722/361 1381/724/361
f 1380/723/319 1381/724/319 1382/725/319
f 1382/725/319 1381/724/319 1383/726/319
f 1372/715/362 1373/717/362 1384/727/362
f 1384/727/363 1373/717/363 1385/728/363
f 1384/727/364 1385/728/364 1386/729/364
f 1386/729/365 1385/728/365 1387/730/365
f 1386/729/319 1387/730/319 1388/731/319
f 1388/731/319 1387/730/319 1389/732/319
f 1390/733/366 1392/734/366 1391/735/366
f 1391/735/367 1392/734/367 1393/736/367
f 1394/737/326 1395/738/326 1392/734/326
f 1392/734/327 1395/738/327 1393/736/327
f 1396/739/368 1397/740/368 1394/737/368
f 1394/737/369 1397/740/369 1395/738/369
f 1398/741/370 1399/742/370 1396/739/370
f 1396/739/371 1399/742/371 1397/740/371
f 1400/743/332 1401/744/332 1398/741/332
f 1398/741/332 1401/744/332 1399/742/332
f 1402/745/372 1403/746/372 1391/735/372
f 1391/735/373 1403/746/373 1390/733/373
f 1404/747/374 1405/748/374 1402/745/374
f 1402/745/375 1405/748/375 1403/746/375
f 1406/749/376 1407/750/376 1404/747/376
f 1404/747/377 1407/750/377 1405/748/377
f 1392/734/378 1390/733/378 1408/751/378
f 1408/751/379 1390/733/379 1409/752/379
f 1394/737/380 1392/734/380 1410/753/380
f 1410/753/381 1392/734/381 1408/751/381
f 1390/733/382 1403/746/382 1409/752/382
f 1409/752/383 1403/746/383 1411/754/383
f 1396/739/384 1394/737/384 1412/755/384
f 1412/755/385 1394/737/385 1410/753/385
f 1398/741/386 1396/739/386 1413/756/386
f 1413/756/386 1396/739/386 1412/755/386
f 1400/743/387 1398/741/387 1414/757/387
f 1414/757/387 1398/741/387 1413/756/387
f 1401/744/348 1400/743/348 1415/758/348
f 1415/758/348 1400/743/348 1414/757/348
f 1403/746/388 1405/748/388 1411/754/388
f 1411/754/389 1405/748/389 1416/759/389
f 1405/748/390 1407/750/390 1416/759/390
f 1416/759/391 1407/750/391 1417/760/391
f 1407/750/392 1406/749/392 1417/760/392
f 1417/760/392 1406/749/392 1418/761/392
f 1419/762/393 1421/763/393 1420/764/393
f 1420/764/394 1421/763/394 1422/765/394
f 1422/765/395 1421/763/395 1423/766/395
f 1423/766/396 1421/763/396 1424/767/396
f 1423/766/397 1424/767/397 1425/768/397
f 1425/768/398 1424/767/398 1426/769/398
f 1425/768/399 1426/769/399 1427/770/399
f 1427/770/400 1426/769/400 1428/771/400
f 1427/770/401 1428/771/401 1429/772/401
f 1429/772/401 1428/771/401 1430/773/401
f 1419/762/402 1420/764/402 1431/774/402
f 1431/774/403 1420/764/403 1432/775/403
f 1431/774/404 1432/775/404 1433/776/404
f 1433/776/405 1432/775/405 1434/777/405
f 1433/776/406 1434/777/406 1435/778/406
f 1435/778/407 1434/777/407 1436/779/407
f 1437/780/408 1439/781/408 1438/782/408
f 1438/782/409 1439/781/409 1440/783/409
f 1441/784/410 1442/785/410 1439/781/410
f 1439/781/411 1442/785/411 1440/783/411
f 1443/786/412 1444/787/412 1441/784/412
f 1441/784/413 1444/787/413 1442/785/413
f 1445/788/414 1446/789/414 1443/786/414
f 1443/786/415 1446/789/415 1444/787/415
f 1447/790/416 1448/791/416 1445/788/416
f 1445/788/416 1448/791/416 1446/789/416
f 1449/792/417 1450/793/417 1438/782/417
f 1438/782/418 1450/793/418 1437/780/418
f 1451/794/419 1452/795/419 1449/792/419
f 1449/792/420 1452/795/420 1450/793/420
f 1453/796/421 1454/797/421 1451/794/421
f 1451/794/422 1454/797/422 1452/795/422
f 1455/798/423 1456/799/423 1422/765/423
f 1422/765/424 1456/799/424 1420/764/424
f 1457/800/425 1455/798/425 1423/766/425
f 1423/766/426 1455/798/426 1422/765/426
f 1456/799/427 1458/801/427 1420/764/427
f 1420/764/428 1458/801/428 1432/775/428
f 1459/802/429 1457/800/429 1425/768/429
f 1425/768/430 1457/800/430 1423/766/430
f 1460/803/431 1459/802/431 1427/770/431
f 1427/770/432 1459/802/432 1425/768/432
f 1461/804/433 1460/803/433 1429/772/433
f 1429/772/433 1460/803/433 1427/770/433
f 1462/805/434 1461/804/434 1430/773/434
f 1430/773/434 1461/804/434 1429/772/434
f 1458/801/435 1463/806/435 1432/775/435
f 1432/775/436 1463/806/436 1434/777/436
f 1463/806/437 1464/807/437 1434/777/437
f 1434/777/438 1464/807/438 1436/779/438
f 1464/807/439 1465/808/439 1436/779/439
f 1436/779/440 1465/808/440 1435/778/440
f 1466/809/441 1468/810/441 1467/811/441
f 1467/811/442 1468/810/442 1469/812/442
f 1470/813/443 1471/814/443 1468/810/443
f 1468/810/444 1471/814/444 1469/812/444
f 1472/815/445 1473/816/445 1470/813/445
f 1470/813/446 1473/816/446 1471/814/446
f 1474/817/447 1475/818/447 1472/815/447
f 1472/815/448 1475/818/448 1473/816/448
f 1476/819/401 1477/820/401 1474/817/401
f 1474/817/401 1477/820/401 1475/818/401
f 1478/821/449 1479/822/449 1467/811/449
f 1467/811/450 1479/822/450 1466/809/450
f 1480/823/451 1481/824/451 1478/821/451
f 1478/821/452 1481/824/452 1479/822/452
f 1482/825/453 1483/826/453 1480/823/453
f 1480/823/406 1483/826/406 1481/824/406
f 1484/827/454 1486/828/454 1485/829/454
f 1485/829/455 1486/828/455 1487/830/455
f 1487/830/456 1486/828/456 1488/831/456
f 1488/831/457 1486/828/457 1489/832/457
f 1488/831/458 1489/832/458 1490/833/458
f 1490/833/459 1489/832/459 1491/834/459
f 1490/833/460 1491/834/460 1492/835/460
f 1492/835/461 1491/834/461 1493/836/461
f 1492/835/416 1493/836/416 1494/837/416
f 1494/837/416 1493/836/416 1495/838/416
f 1484/827/462 1485/829/462 1496/839/462
f 1496/839/463 1485/829/463 1497/840/463
f 1496/839/464 1497/840/464 1498/841/464
f 1498/841/465 1497/840/465 1499/842/465
f 1498/841/466 1499/842/466 1500/843/466
f 1500/843/467 1499/842/467 1501/844/467
f 1468/810/468 1466/809/468 1502/845/468
f 1502/845/469 1466/809/469 1503/846/469
f 1470/813/470 1468/810/470 1504/847/470
f 1504/847/471 1468/810/471 1502/845/471
f 1466/809/472 1479/822/472 1503/846/472
f 1503/846/473 1479/822/473 1505/848/473
f 1472/815/474 1470/813/474 1506/849/474
f 1506/849/475 1470/813/475 1504/847/475
f 1474/817/476 1472/815/476 1507/850/476
f 1507/850/477 1472/815/477 1506/849/477
f 1476/819/478 1474/817/478 1508/851/478
f 1508/851/478 1474/817/478 1507/850/478
f 1477/820/434 1476/819/434 1509/852/434
f 1509/852/434 1476/819/434 1508/851/434
f 1479/822/479 1481/824/479 1505/848/479
f 1505/848/480 1481/824/480 1510/853/480
f 1481/824/481 1483/826/481 1510/853/481
f 1510/853/482 1483/826/482 1511/854/482
f 1483/826/483 1482/825/483 1511/854/483
f 1511/854/484 1482/825/484 1512/855/484
f 1513/856/348 1515/857/348 1514/858/348
f 1514/858/348 1515/857/348 1516/859/348
f 1517/860/485 1519/861/485 1518/862/485
f 1518/862/485 1519/861/485 1520/863/485
f 1521/864/486 1523/865/486 1522/866/486
f 1522/866/486 1523/865/486 1524/867/486
f 1525/868/487 1527/869/487 1526/870/487
f 1526/870/487 1527/869/487 1528/871/487
f 1529/872/488 1531/873/488 1530/874/488
f 1530/874/488 1531/873/488 1532/875/488
f 1533/876/489 1535/877/489 1534/878/489
f 1534/878/489 1535/877/489 1536/879/489
f 1537/880/490 1538/881/490 1530/874/490
f 1530/874/490 1538/881/490 1529/872/490
f 1539/882/485 1540/883/485 1517/860/485
f 1517/860/485 1540/883/485 1519/861/485
f 1541/884/487 1542/885/487 1528/871/487
f 1528/871/487 1542/885/487 1526/870/487
f 1543/886/491 1544/887/491 1534/878/491
f 1534/878/491 1544/887/491 1533/876/491
f 1545/888/492 1547/889/492 1546/890/492
f 1546/890/493 1547/889/493 1548/891/493
f 1548/891/494 1547/889/494 1549/892/494
f 1549/892/495 1547/889/495 1550/893/495
f 1550/893/496 1547/889/496 1551/894/496
f 1551/894/497 1547/889/497 1552/895/497
f 1552/895/498 1547/889/498 1553/896/498
f 1553/896/499 1547/889/499 1545/888/499
f 1554/897/500 1556/898/500 1555/899/500
f 1555/899/501 1556/898/501 1557/900/501
f 1557/900/502 1556/898/502 1558/901/502
f 1558/901/503 1556/898/503 1559/902/503
f 1559/902/504 1556/898/504 1560/903/504
f 1560/903/505 1556/898/505 1561/904/505
f 1561/904/506 1556/898/506 1562/905/506
f 1562/905/507 1556/898/507 1554/897/507
f 1563/906/508 1565/907/508 1564/908/508
f 1564/908/509 1565/907/509 1566/909/509
f 1566/909/510 1565/907/510 1567/910/510
f 1567/910/511 1565/907/511 1568/911/511
f 1568/911/512 1565/907/512 1569/912/512
f 1569/912/513 1565/907/513 1570/913/513
f 1570/913/514 1565/907/514 1571/914/514
f 1571/914/515 1565/907/515 1563/906/515
f 1572/915/516 1574/916/516 1573/917/516
f 1573/917/517 1574/916/517 1575/918/517
f 1575/918/518 1574/916/518 1576/919/518
f 1576/919/519 1574/916/519 1577/920/519
f 1577/920/520 1574/916/520 1578/921/520
f 1578/921/521 1574/916/521 1579/922/521
f 1579/922/522 1574/916/522 1580/923/522
f 1580/923/523 1574/916/523 1572/915/523
f 1552/895/524 1581/924/524 1551/894/524
f 1551/894/525 1581/924/525 1582/925/525
f 1582/925/526 1581/924/526 1583/926/526
f 1583/926/527 1581/924/527 1584/927/527
f 1584/927/528 1581/924/528 1585/928/528
f 1585/928/529 1581/924/529 1586/929/529
f 1586/929/530 1581/924/530 1553/896/530
f 1553/896/531 1581/924/531 1552/895/531
f 1575/918/532 1587/930/532 1573/917/532
f 1573/917/533 1587/930/533 1588/931/533
f 1588/931/534 1587/930/534 1589/932/534
f 1589/932/535 1587/930/535 1590/933/535
f 1590/933/536 1587/930/536 1591/934/536
f 1591/934/537 1587/930/537 1592/935/537
f 1592/935/538 1587/930/538 1576/919/538
f 1576/919/539 1587/930/539 1575/918/539
f 1561/904/540 1593/936/540 1560/903/540
f 1560/903/541 1593/936/541 1594/937/541
f 1594/937/542 1593/936/542 1595/938/542
f 1595/938/543 1593/936/543 1596/939/543
f 1596/939/544 1593/936/544 1597/940/544
f 1597/940/545 1593/936/545 1598/941/545
f 1598/941/546 1593/936/546 1562/905/546
f 1562/905/547 1593/936/547 1561/904/547
f 1548/891/548 1599/942/548 1546/890/548
f 1546/890/549 1599/942/549 1600/943/549
f 1600/943/550 1599/942/550 1601/944/550
f 1601/944/551 1599/942/551 1602/945/551
f 1602/945/552 1599/942/552 1603/946/552
f 1603/946/553 1599/942/553 1604/947/553
f 1604/947/554 1599/942/554 1549/892/554
f 1549/892/555 1599/942/555 1548/891/555
f 1557/900/556 1605/948/556 1555/899/556
f 1555/899/557 1605/948/557 1606/949/557
f 1606/949/558 1605/948/558 1607/950/558
f 1607/950/559 1605/948/559 1608/951/559
f 1608/951/560 1605/948/560 1609/952/560
f 1609/952/561 1605/948/561 1610/953/561
f 1610/953/562 1605/948/562 1558/901/562
f 1558/901/563 1605/948/563 1557/900/563
f 1611/954/564 1612/955/564 1549/892/564
f 1549/892/565 1612/955/565 1613/956/565
f 1614/957/566 1616/958/566 1615/959/566
f 1615/959/567 1616/958/567 1617/960/567
f 1617/960/568 1616/958/568 1618/961/568
f 1618/961/569 1616/958/569 1619/962/569
f 1619/962/570 1616/958/570 1620/963/570
f 1620/963/571 1616/958/571 1621/964/571
f 1604/947/572 1622/965/572 1603/946/572
f 1603/946/573 1622/965/573 1623/966/573
f 1623/966/574 1622/965/574 1624/967/574
f 1624/967/575 1622/965/575 1625/968/575
f 1625/968/576 1622/965/576 1626/969/576
f 1626/969/577 1622/965/577 1613/956/577
f 1613/956/578 1622/965/578 1549/892/578
f 1549/892/579 1622/965/579 1604/947/579
f 1606/949/580 1627/970/580 1555/899/580
f 1555/899/581 1627/970/581 1628/971/581
f 1628/971/582 1627/970/582 1629/972/582
f 1629/972/583 1627/970/583 1630/973/583
f 1630/973/584 1627/970/584 1631/974/584
f 1631/974/585 1627/970/585 1632/975/585
f 1632/975/586 1627/970/586 1607/950/586
f 1607/950/587 1627/970/587 1606/949/587
f 1617/960/588 1633/976/588 1615/959/588
f 1615/959/589 1633/976/589 1634/977/589
f 1634/977/590 1633/976/590 1635/978/590
f 1635/978/591 1633/976/591 1636/979/591
f 1636/979/592 1633/976/592 1637/980/592
f 1637/980/593 1633/976/593 1638/981/593
f 1638/981/594 1633/976/594 1618/961/594
f 1618/961/595 1633/976/595 1617/960/595
f 1625/968/596 1639/982/596 1624/967/596
f 1624/967/597 1639/982/597 1640/983/597
f 1640/983/598 1639/982/598 1641/984/598
f 1641/984/599 1639/982/599 1642/985/599
f 1642/985/600 1639/982/600 1643/986/600
f 1643/986/601 1639/982/601 1644/987/601
f 1644/987/602 1639/982/602 1626/969/602
f 1626/969/603 1639/982/603 1625/968/603
f 1630/973/604 1645/988/604 1629/972/604
f 1629/972/605 1645/988/605 1646/989/605
f 1646/989/606 1645/988/606 1647/990/606
f 1647/990/607 1645/988/607 1648/991/607
f 1648/991/608 1645/988/608 1649/992/608
f 1649/992/609 1645/988/609 1650/993/609
f 1650/993/610 1645/988/610 1631/974/610
f 1631/974/611 1645/988/611 1630/973/611
f 1651/994/612 1653/995/612 1652/996/612
f 1652/996/613 1653/995/613 1654/997/613
f 1654/997/614 1653/995/614 1655/998/614
f 1655/998/615 1653/995/615 1656/999/615
f 1656/999/616 1653/995/616 1657/1000/616
f 1657/1000/617 1653/995/617 1658/1001/617
f 1658/1001/618 1653/995/618 1659/1002/618
f 1659/1002/619 1653/995/619 1651/994/619
f 1642/985/620 1660/1003/620 1641/984/620
f 1641/984/621 1660/1003/621 1661/1004/621
f 1661/1004/622 1660/1003/622 1662/1005/622
f 1662/1005/623 1660/1003/623 1663/1006/623
f 1663/1006/624 1660/1003/624 1664/1007/624
f 1664/1007/625 1660/1003/625 1665/1008/625
f 1665/1008/626 1660/1003/626 1643/986/626
f 1643/986/627 1660/1003/627 1642/985/627
f 1648/991/628 1666/1009/628 1647/990/628
f 1647/990/629 1666/1009/629 1667/1010/629
f 1658/1001/630 1668/1011/630 1657/1000/630
f 1657/1000/631 1668/1011/631 1669/1012/631
f 1670/1013/632 1666/1009/632 1671/1014/632
f 1671/1014/633 1666/1009/633 1672/1015/633
f 1672/1015/634 1666/1009/634 1649/992/634
f 1649/992/635 1666/1009/635 1648/991/635
f 1656/999/636 1673/1016/636 1655/998/636
f 1655/998/637 1673/1016/637 1674/1017/637
f 1674/1017/638 1673/1016/638 1675/1018/638
f 1675/1018/639 1673/1016/639 1676/1019/639
f 1676/1019/640 1673/1016/640 1677/1020/640
f 1677/1020/641 1673/1016/641 1678/1021/641
f 1678/1021/642 1673/1016/642 1657/1000/642
f 1657/1000/643 1673/1016/643 1656/999/643
f 1663/1006/644 1679/1022/644 1662/1005/644
f 1662/1005/645 1679/1022/645 1680/1023/645
f 1680/1023/646 1679/1022/646 1681/1024/646
f 1681/1024/647 1679/1022/647 1682/1025/647
f 1682/1025/648 1679/1022/648 1683/1026/648
f 1683/1026/649 1679/1022/649 1684/1027/649
f 1684/1027/650 1679/1022/650 1664/1007/650
f 1664/1007/651 1679/1022/651 1663/1006/651
f 1669/1012/652 1685/1028/652 1657/1000/652
f 1657/1000/653 1685/1028/653 1678/1021/653
f 1678/1021/654 1685/1028/654 1677/1020/654
f 1677/1020/655 1685/1028/655 1686/1029/655
f 1687/1030/656 1689/1031/656 1688/1032/656
f 1688/1032/657 1689/1031/657 1690/1033/657
f 1690/1033/658 1689/1031/658 1671/1014/658
f 1671/1014/659 1689/1031/659 1670/1013/659
f 1691/1034/660 1693/1035/660 1692/1036/660
f 1692/1036/661 1693/1035/661 1694/1037/661
f 1694/1037/662 1693/1035/662 1695/1038/662
f 1695/1038/663 1693/1035/663 1696/1039/663
f 1696/1039/664 1693/1035/664 1697/1040/664
f 1697/1040/665 1693/1035/665 1698/1041/665
f 1698/1041/666 1693/1035/666 1699/1042/666
f 1699/1042/667 1693/1035/667 1691/1034/667
f 1700/1043/668 1702/1044/668 1701/1045/668
f 1701/1045/669 1702/1044/669 1703/1046/669
f 1703/1046/670 1702/1044/670 1585/928/670
f 1585/928/671 1702/1044/671 1584/927/671
f 1584/927/672 1702/1044/672 1583/926/672
f 1583/926/673 1702/1044/673 1704/1047/673
f 1704/1047/674 1702/1044/674 1705/1048/674
f 1705/1048/675 1702/1044/675 1700/1043/675
f 1706/1049/676 1708/1050/676 1707/1051/676
f 1707/1051/677 1708/1050/677 1709/1052/677
f 1709/1052/678 1708/1050/678 1597/940/678
f 1597/940/679 1708/1050/679 1596/939/679
f 1596/939/680 1708/1050/680 1595/938/680
f 1595/938/681 1708/1050/681 1710/1053/681
f 1710/1053/682 1708/1050/682 1711/1054/682
f 1711/1054/683 1708/1050/683 1706/1049/683
f 1676/1019/684 1712/1055/684 1675/1018/684
f 1675/1018/685 1712/1055/685 1713/1056/685
f 1714/1057/686 1716/1058/686 1715/1059/686
f 1715/1059/687 1716/1058/687 1717/1060/687
f 1717/1060/688 1716/1058/688 1718/1061/688
f 1718/1061/689 1716/1058/689 1719/1062/689
f 1720/1063/690 1712/1055/690 1677/1020/690
f 1677/1020/691 1712/1055/691 1676/1019/691
f 1721/1064/692 1722/1065/692 1692/1036/692
f 1692/1036/693 1722/1065/693 1691/1034/693
f 1691/1034/694 1722/1065/694 1699/1042/694
f 1699/1042/695 1722/1065/695 1723/1066/695
f 1723/1066/696 1722/1065/696 1718/1061/696
f 1718/1061/697 1722/1065/697 1717/1060/697
f 1717/1060/698 1722/1065/698 1715/1059/698
f 1715/1059/699 1722/1065/699 1721/1064/699
f 1682/1025/700 1724/1067/700 1681/1024/700
f 1681/1024/701 1724/1067/701 1725/1068/701
f 1725/1068/702 1724/1067/702 1726/1069/702
f 1726/1069/703 1724/1067/703 1727/1070/703
f 1727/1070/704 1724/1067/704 1728/1071/704
f 1728/1071/705 1724/1067/705 1729/1072/705
f 1729/1072/706 1724/1067/706 1683/1026/706
f 1683/1026/707 1724/1067/707 1682/1025/707
f 1730/1073/708 1731/1074/708 1701/1045/708
f 1701/1045/709 1731/1074/709 1700/1043/709
f 1700/1043/710 1731/1074/710 1705/1048/710
f 1705/1048/711 1731/1074/711 1732/1075/711
f 1732/1075/712 1731/1074/712 1728/1071/712
f 1728/1071/713 1731/1074/713 1727/1070/713
f 1727/1070/714 1731/1074/714 1726/1069/714
f 1726/1069/715 1731/1074/715 1730/1073/715
f 1686/1029/716 1733/1076/716 1677/1020/716
f 1677/1020/717 1733/1076/717 1720/1063/717
f 1734/1077/718 1736/1078/718 1735/1079/718
f 1735/1079/719 1736/1078/719 1737/1080/719
f 1737/1080/720 1736/1078/720 1738/1081/720
f 1738/1081/721 1736/1078/721 1739/1082/721
f 1739/1082/722 1736/1078/722 1688/1032/722
f 1688/1032/723 1736/1078/723 1687/1030/723
f 1740/1083/724 1741/1084/724 1707/1051/724
f 1707/1051/725 1741/1084/725 1706/1049/725
f 1706/1049/726 1741/1084/726 1711/1054/726
f 1711/1054/727 1741/1084/727 1742/1085/727
f 1742/1085/728 1741/1084/728 1738/1081/728
f 1738/1081/729 1741/1084/729 1737/1080/729
f 1737/1080/730 1741/1084/730 1735/1079/730
f 1735/1079/731 1741/1084/731 1740/1083/731
f 1743/1086/732 1745/1087/732 1744/1088/732
f 1744/1088/733 1745/1087/733 1746/1089/733
f 1746/1089/734 1745/1087/734 1747/1090/734
f 1747/1090/735 1745/1087/735 1748/1091/735
f 1748/1091/736 1745/1087/736 1749/1092/736
f 1749/1092/737 1745/1087/737 1750/1093/737
f 1750/1093/738 1745/1087/738 1751/1094/738
f 1751/1094/739 1745/1087/739 1743/1086/739
f 1752/1095/740 1754/1096/740 1753/1097/740
f 1753/1097/741 1754/1096/741 1755/1098/741
f 1755/1098/742 1754/1096/742 1756/1099/742
f 1756/1099/743 1754/1096/743 1757/1100/743
f 1757/1100/744 1754/1096/744 1749/1092/744
f 1749/1092/745 1754/1096/745 1748/1091/745
f 1748/1091/746 1754/1096/746 1747/1090/746
f 1747/1090/747 1754/1096/747 1752/1095/747
f 1570/913/748 1758/1101/748 1569/912/748
f 1569/912/749 1758/1101/749 1759/1102/749
f 1759/1102/750 1758/1101/750 1760/1103/750
f 1760/1103/751 1758/1101/751 1761/1104/751
f 1761/1104/752 1758/1101/752 1762/1105/752
f 1762/1105/753 1758/1101/753 1763/1106/753
f 1763/1106/754 1758/1101/754 1571/914/754
f 1571/914/755 1758/1101/755 1570/913/755
f 1566/909/756 1764/1107/756 1564/908/756
f 1564/908/757 1764/1107/757 1765/1108/757
f 1610/953/758 1766/1109/758 1609/952/758
f 1609/952/759 1766/1109/759 1767/1110/759
f 1750/1093/760 1768/1111/760 1749/1092/760
f 1749/1092/761 1768/1111/761 1757/1100/761
f 1769/1112/762 1770/1113/762 1601/944/762
f 1601/944/763 1770/1113/763 1600/943/763
f 1771/1114/764 1764/1107/764 1567/910/764
f 1567/910/765 1764/1107/765 1566/909/765
f 1752/1095/766 1772/1115/766 1747/1090/766
f 1747/1090/767 1772/1115/767 1773/1116/767
f 1773/1116/768 1772/1115/768 1774/1117/768
f 1774/1117/769 1772/1115/769 1775/1118/769
f 1775/1118/770 1772/1115/770 1776/1119/770
f 1776/1119/771 1772/1115/771 1777/1120/771
f 1777/1120/772 1772/1115/772 1753/1097/772
f 1753/1097/773 1772/1115/773 1752/1095/773
f 1746/1089/774 1778/1121/774 1744/1088/774
f 1744/1088/775 1778/1121/775 1779/1122/775
f 1779/1122/776 1778/1121/776 1780/1123/776
f 1780/1123/777 1778/1121/777 1781/1124/777
f 1781/1124/778 1778/1121/778 1774/1117/778
f 1774/1117/779 1778/1121/779 1773/1116/779
f 1773/1116/780 1778/1121/780 1747/1090/780
f 1747/1090/781 1778/1121/781 1746/1089/781
f 1775/1118/782 1782/1125/782 1774/1117/782
f 1774/1117/783 1782/1125/783 1783/1126/783
f 1783/1126/784 1782/1125/784 1784/1127/784
f 1784/1127/785 1782/1125/785 1785/1128/785
f 1785/1128/786 1782/1125/786 1786/1129/786
f 1786/1129/787 1782/1125/787 1787/1130/787
f 1787/1130/788 1782/1125/788 1776/1119/788
f 1776/1119/789 1782/1125/789 1775/1118/789
f 1781/1124/790 1788/1131/790 1780/1123/790
f 1780/1123/791 1788/1131/791 1789/1132/791
f 1650/993/792 1790/1133/792 1649/992/792
f 1649/992/793 1790/1133/793 1791/1134/793
f 1792/1135/794 1788/1131/794 1784/1127/794
f 1784/1127/795 1788/1131/795 1783/1126/795
f 1783/1126/796 1788/1131/796 1774/1117/796
f 1774/1117/797 1788/1131/797 1781/1124/797
f 1793/1136/798 1795/1137/798 1794/1138/798
f 1794/1138/799 1795/1137/799 1796/1139/799
f 1796/1139/800 1795/1137/800 1797/1140/800
f 1797/1140/801 1795/1137/801 1798/1141/801
f 1798/1141/802 1795/1137/802 1799/1142/802
f 1799/1142/803 1795/1137/803 1800/1143/803
f 1661/1004/804 1801/1144/804 1641/984/804
f 1641/984/805 1801/1144/805 1802/1145/805
f 1791/1134/806 1803/1146/806 1649/992/806
f 1649/992/807 1803/1146/807 1672/1015/807
f 1804/1147/808 1806/1148/808 1805/1149/808
f 1805/1149/809 1806/1148/809 1807/1150/809
f 1807/1150/810 1806/1148/810 1797/1140/810
f 1797/1140/811 1806/1148/811 1796/1139/811
f 1796/1139/812 1806/1148/812 1794/1138/812
f 1794/1138/813 1806/1148/813 1808/1151/813
f 1798/1141/814 1809/1152/814 1797/1140/814
f 1797/1140/815 1809/1152/815 1810/1153/815
f 1810/1153/816 1809/1152/816 1811/1154/816
f 1811/1154/817 1809/1152/817 1812/1155/817
f 1812/1155/818 1809/1152/818 1813/1156/818
f 1813/1156/819 1809/1152/819 1814/1157/819
f 1814/1157/820 1809/1152/820 1799/1142/820
f 1799/1142/821 1809/1152/821 1798/1141/821
f 1807/1150/822 1815/1158/822 1805/1149/822
f 1805/1149/823 1815/1158/823 1816/1159/823
f 1690/1033/824 1817/1160/824 1688/1032/824
f 1688/1032/825 1817/1160/825 1818/1161/825
f 1819/1162/826 1815/1158/826 1811/1154/826
f 1811/1154/827 1815/1158/827 1810/1153/827
f 1810/1153/828 1815/1158/828 1797/1140/828
f 1797/1140/829 1815/1158/829 1807/1150/829
f 1820/1163/830 1822/1164/830 1821/1165/830
f 1821/1165/831 1822/1164/831 1823/1166/831
f 1823/1166/832 1822/1164/832 1824/1167/832
f 1824/1167/833 1822/1164/833 1825/1168/833
f 1825/1168/834 1822/1164/834 1826/1169/834
f 1826/1169/835 1822/1164/835 1827/1170/835
f 1827/1170/836 1822/1164/836 1828/1171/836
f 1828/1171/837 1822/1164/837 1820/1163/837
f 1829/1172/838 1830/1173/838 1711/1054/838
f 1711/1054/839 1830/1173/839 1710/1053/839
f 1831/1174/840 1832/1175/840 1824/1167/840
f 1824/1167/841 1832/1175/841 1823/1166/841
f 1823/1166/842 1832/1175/842 1821/1165/842
f 1821/1165/843 1832/1175/843 1833/1176/843
f 1812/1155/844 1834/1177/844 1811/1154/844
f 1811/1154/845 1834/1177/845 1835/1178/845
f 1835/1178/846 1834/1177/846 1836/1179/846
f 1836/1179/847 1834/1177/847 1837/1180/847
f 1838/1181/848 1839/1182/848 1726/1069/848
f 1726/1069/849 1839/1182/849 1725/1068/849
f 1840/1183/850 1834/1177/850 1813/1156/850
f 1813/1156/851 1834/1177/851 1812/1155/851
f 1818/1161/852 1841/1184/852 1688/1032/852
f 1688/1032/853 1841/1184/853 1739/1082/853
f 1739/1082/854 1841/1184/854 1738/1081/854
f 1738/1081/855 1841/1184/855 1842/1185/855
f 1843/1186/856 1845/1187/856 1844/1188/856
f 1844/1188/857 1845/1187/857 1846/1189/857
f 1835/1178/858 1847/1190/858 1811/1154/858
f 1811/1154/859 1847/1190/859 1819/1162/859
f 1742/1085/860 1848/1191/860 1711/1054/860
f 1711/1054/861 1848/1191/861 1829/1172/861
f 1833/1176/862 1849/1192/862 1821/1165/862
f 1821/1165/863 1849/1192/863 1850/1193/863
f 1850/1193/864 1849/1192/864 1844/1188/864
f 1844/1188/865 1849/1192/865 1843/1186/865
f 1842/1185/866 1848/1191/866 1738/1081/866
f 1738/1081/867 1848/1191/867 1742/1085/867
f 1820/1163/868 1851/1194/868 1828/1171/868
f 1828/1171/869 1851/1194/869 1852/1195/869
f 1730/1073/870 1853/1196/870 1726/1069/870
f 1726/1069/871 1853/1196/871 1838/1181/871
f 1854/1197/872 1851/1194/872 1844/1188/872
f 1844/1188/873 1851/1194/873 1850/1193/873
f 1850/1193/874 1851/1194/874 1821/1165/874
f 1821/1165/875 1851/1194/875 1820/1163/875
f 1855/890/876 1857/891/876 1856/888/876
f 1856/888/877 1857/891/877 1858/889/877
f 1859/892/878 1860/893/878 1857/891/878
f 1857/891/879 1860/893/879 1858/889/879
f 1861/894/880 1862/895/880 1860/893/880
f 1860/893/881 1862/895/881 1858/889/881
f 1863/896/882 1856/888/882 1862/895/882
f 1862/895/883 1856/888/883 1858/889/883
f 1864/899/884 1866/900/884 1865/897/884
f 1865/897/885 1866/900/885 1867/898/885
f 1868/901/886 1869/902/886 1866/900/886
f 1866/900/887 1869/902/887 1867/898/887
f 1870/903/888 1871/904/888 1869/902/888
f 1869/902/889 1871/904/889 1867/898/889
f 1872/905/890 1865/897/890 1871/904/890
f 1871/904/891 1865/897/891 1867/898/891
f 1873/908/892 1875/909/892 1874/906/892
f 1874/906/893 1875/909/893 1876/907/893
f 1877/910/894 1878/911/894 1875/909/894
f 1875/909/895 1878/911/895 1876/907/895
f 1879/912/896 1880/913/896 1878/911/896
f 1878/911/897 1880/913/897 1876/907/897
f 1881/914/898 1874/906/898 1880/913/898
f 1880/913/899 1874/906/899 1876/907/899
f 1882/917/900 1884/918/900 1883/915/900
f 1883/915/901 1884/918/901 1885/916/901
f 1886/919/902 1887/920/902 1884/918/902
f 1884/918/903 1887/920/903 1885/916/903
f 1888/921/904 1889/922/904 1887/920/904
f 1887/920/905 1889/922/905 1885/916/905
f 1890/923/906 1883/915/906 1889/922/906
f 1889/922/907 1883/915/907 1885/916/907
f 1861/894/908 1891/925/908 1862/895/908
f 1862/895/909 1891/925/909 1892/924/909
f 1893/926/910 1894/927/910 1891/925/910
f 1891/925/911 1894/927/911 1892/924/911
f 1895/928/912 1896/929/912 1894/927/912
f 1894/927/913 1896/929/913 1892/924/913
f 1863/896/914 1862/895/914 1896/929/914
f 1896/929/915 1862/895/915 1892/924/915
f 1882/917/916 1897/931/916 1884/918/916
f 1884/918/917 1897/931/917 1898/930/917
f 1899/932/918 1900/933/918 1897/931/918
f 1897/931/919 1900/933/919 1898/930/919
f 1901/934/920 1902/935/920 1900/933/920
f 1900/933/921 1902/935/921 1898/930/921
f 1886/919/922 1884/918/922 1902/935/922
f 1902/935/923 1884/918/923 1898/930/923
f 1870/903/924 1903/937/924 1871/904/924
f 1871/904/925 1903/937/925 1904/936/925
f 1905/938/926 1906/939/926 1903/937/926
f 1903/937/927 1906/939/927 1904/936/927
f 1907/940/928 1908/941/928 1906/939/928
f 1906/939/929 1908/941/929 1904/936/929
f 1872/905/930 1871/904/930 1908/941/930
f 1908/941/931 1871/904/931 1904/936/931
f 1855/890/932 1909/943/932 1857/891/932
f 1857/891/933 1909/943/933 1910/942/933
f 1911/944/934 1912/945/934 1909/943/934
f 1909/943/935 1912/945/935 1910/942/935
f 1913/946/936 1914/947/936 1912/945/936
f 1912/945/937 1914/947/937 1910/942/937
f 1859/892/938 1857/891/938 1914/947/938
f 1914/947/939 1857/891/939 1910/942/939
f 1864/899/940 1915/949/940 1866/900/940
f 1866/900/941 1915/949/941 1916/948/941
f 1917/950/942 1918/951/942 1915/949/942
f 1915/949/943 1918/951/943 1916/948/943
f 1919/952/944 1920/953/944 1918/951/944
f 1918/951/945 1920/953/945 1916/948/945
f 1868/901/946 1866/900/946 1920/953/946
f 1920/953/947 1866/900/947 1916/948/947
f 1859/892/948 1922/956/948 1921/954/948
f 1921/954/949 1922/956/949 1923/955/949
f 1924/959/950 1926/960/950 1925/957/950
f 1925/957/951 1926/960/951 1927/958/951
f 1928/961/952 1929/962/952 1926/960/952
f 1926/960/953 1929/962/953 1927/958/953
f 1930/963/954 1931/964/954 1929/962/954
f 1929/962/955 1931/964/955 1927/958/955
f 1913/946/956 1932/966/956 1914/947/956
f 1914/947/957 1932/966/957 1933/965/957
f 1934/967/958 1935/968/958 1932/966/958
f 1932/966/959 1935/968/959 1933/965/959
f 1936/969/960 1922/956/960 1935/968/960
f 1935/968/961 1922/956/961 1933/965/961
f 1859/892/962 1914/947/962 1922/956/962
f 1922/956/963 1914/947/963 1933/965/963
f 1864/899/964 1937/971/964 1915/949/964
f 1915/949/965 1937/971/965 1938/970/965
f 1939/972/966 1940/973/966 1937/971/966
f 1937/971/967 1940/973/967 1938/970/967
f 1941/974/968 1942/975/968 1940/973/968
f 1940/973/969 1942/975/969 1938/970/969
f 1917/950/970 1915/949/970 1942/975/970
f 1942/975/971 1915/949/971 1938/970/971
f 1924/959/972 1943/977/972 1926/960/972
f 1926/960/973 1943/977/973 1944/976/973
f 1945/978/974 1946/979/974 1943/977/974
f 1943/977/975 1946/979/975 1944/976/975
f 1947/980/976 1948/981/976 1946/979/976
f 1946/979/977 1948/981/977 1944/976/977
f 1928/961/978 1926/960/978 1948/981/978
f 1948/981/979 1926/960/979 1944/976/979
f 1934/967/980 1949/983/980 1935/968/980
f 1935/968/981 1949/983/981 1950/982/981
f 1951/984/982 1952/985/982 1949/983/982
f 1949/983/983 1952/985/983 1950/982/983
f 1953/986/984 1954/987/984 1952/985/984
f 1952/985/985 1954/987/985 1950/982/985
f 1936/969/986 1935/968/986 1954/987/986
f 1954/987/987 1935/968/987 1950/982/987
f 1939/972/988 1955/989/988 1940/973/988
f 1940/973/989 1955/989/989 1956/988/989
f 1957/990/990 1958/991/990 1955/989/990
f 1955/989/991 1958/991/991 1956/988/991
f 1959/992/992 1960/993/992 1958/991/992
f 1958/991/993 1960/993/993 1956/988/993
f 1941/974/994 1940/973/994 1960/993/994
f 1960/993/995 1940/973/995 1956/988/995
f 1961/996/996 1963/997/996 1962/994/996
f 1962/994/997 1963/997/997 1964/995/997
f 1965/998/998 1966/999/998 1963/997/998
f 1963/997/999 1966/999/999 1964/995/999
f 1967/1000/1000 1968/1001/1000 1966/999/1000
f 1966/999/1001 1968/1001/1001 1964/995/1001
f 1969/1002/1002 1962/994/1002 1968/1001/1002
f 1968/1001/1003 1962/994/1003 1964/995/1003
f 1951/984/1004 1970/1004/1004 1952/985/1004
f 1952/985/1005 1970/1004/1005 1971/1003/1005
f 1972/1005/1006 1973/1006/1006 1970/1004/1006
f 1970/1004/1007 1973/1006/1007 1971/1003/1007
f 1974/1007/1008 1975/1008/1008 1973/1006/1008
f 1973/1006/1009 1975/1008/1009 1971/1003/1009
f 1953/986/1010 1952/985/1010 1975/1008/1010
f 1975/1008/1011 1952/985/1011 1971/1003/1011
f 1957/990/1012 1976/1010/1012 1958/991/1012
f 1958/991/1013 1976/1010/1013 1977/1009/1013
f 1967/1000/1014 1978/1012/1014 1968/1001/1014
f 1968/1001/1015 1978/1012/1015 1979/1011/1015
f 1980/1014/1016 1982/1015/1016 1981/1013/1016
f 1981/1013/1017 1982/1015/1017 1977/1009/1017
f 1959/992/1018 1958/991/1018 1982/1015/1018
f 1982/1015/1019 1958/991/1019 1977/1009/1019
f 1965/998/1020 1983/1017/1020 1966/999/1020
f 1966/999/1021 1983/1017/1021 1984/1016/1021
f 1985/1018/1022 1986/1019/1022 1983/1017/1022
f 1983/1017/1023 1986/1019/1023 1984/1016/1023
f 1987/1020/1024 1988/1021/1024 1986/1019/1024
f 1986/1019/1025 1988/1021/1025 1984/1016/1025
f 1967/1000/1026 1966/999/1026 1988/1021/1026
f 1988/1021/1027 1966/999/1027 1984/1016/1027
f 1972/1005/1028 1989/1023/1028 1973/1006/1028
f 1973/1006/1029 1989/1023/1029 1990/1022/1029
f 1991/1024/1030 1992/1025/1030 1989/1023/1030
f 1989/1023/1031 1992/1025/1031 1990/1022/1031
f 1993/1026/1032 1994/1027/1032 1992/1025/1032
f 1992/1025/1033 1994/1027/1033 1990/1022/1033
f 1974/1007/1034 1973/1006/1034 1994/1027/1034
f 1994/1027/1035 1973/1006/1035 1990/1022/1035
f 1967/1000/1036 1988/1021/1036 1978/1012/1036
f 1978/1012/1037 1988/1021/1037 1995/1028/1037
f 1987/1020/1038 1996/1029/1038 1988/1021/1038
f 1988/1021/1039 1996/1029/1039 1995/1028/1039
f 1997/1032/1040 1999/1033/1040 1998/1030/1040
f 1998/1030/1041 1999/1033/1041 2000/1031/1041
f 1980/1014/1042 1981/1013/1042 1999/1033/1042
f 1999/1033/1043 1981/1013/1043 2000/1031/1043
f 2001/1036/1044 2003/1037/1044 2002/1034/1044
f 2002/1034/1045 2003/1037/1045 2004/1035/1045
f 2005/1038/1046 2006/1039/1046 2003/1037/1046
f 2003/1037/1047 2006/1039/1047 2004/1035/1047
f 2007/1040/1048 2008/1041/1048 2006/1039/1048
f 2006/1039/1049 2008/1041/1049 2004/1035/1049
f 2009/1042/1050 2002/1034/1050 2008/1041/1050
f 2008/1041/1051 2002/1034/1051 2004/1035/1051
f 2010/1045/1052 2012/1046/1052 2011/1043/1052
f 2011/1043/1053 2012/1046/1053 2013/1044/1053
f 1895/928/1054 1894/927/1054 2012/1046/1054
f 2012/1046/1055 1894/927/1055 2013/1044/1055
f 1893/926/1056 2014/1047/1056 1894/927/1056
f 1894/927/1057 2014/1047/1057 2013/1044/1057
f 2015/1048/1058 2011/1043/1058 2014/1047/1058
f 2014/1047/1059 2011/1043/1059 2013/1044/1059
f 2016/1051/1060 2018/1052/1060 2017/1049/1060
f 2017/1049/1061 2018/1052/1061 2019/1050/1061
f 1907/940/1062 1906/939/1062 2018/1052/1062
f 2018/1052/1063 1906/939/1063 2019/1050/1063
f 1905/938/1064 2020/1053/1064 1906/939/1064
f 1906/939/1065 2020/1053/1065 2019/1050/1065
f 2021/1054/1066 2017/1049/1066 2020/1053/1066
f 2020/1053/1067 2017/1049/1067 2019/1050/1067
f 1985/1018/1068 2022/1056/1068 1986/1019/1068
f 1986/1019/1069 2022/1056/1069 2023/1055/1069
f 2024/1059/1070 2026/1060/1070 2025/1057/1070
f 2025/1057/1071 2026/1060/1071 2027/1058/1071
f 2028/1061/1072 2029/1062/1072 2026/1060/1072
f 2026/1060/1073 2029/1062/1073 2027/1058/1073
f 1987/1020/1074 1986/1019/1074 2030/1063/1074
f 2030/1063/1075 1986/1019/1075 2023/1055/1075
f 2001/1036/1076 2002/1034/1076 2031/1064/1076
f 2031/1064/1077 2002/1034/1077 2032/1065/1077
f 2009/1042/1078 2033/1066/1078 2002/1034/1078
f 2002/1034/1079 2033/1066/1079 2032/1065/1079
f 2028/1061/1080 2026/1060/1080 2033/1066/1080
f 2033/1066/1081 2026/1060/1081 2032/1065/1081
f 2024/1059/1082 2031/1064/1082 2026/1060/1082
f 2026/1060/1083 2031/1064/1083 2032/1065/1083
f 1991/1024/1084 2034/1068/1084 1992/1025/1084
f 1992/1025/1085 2034/1068/1085 2035/1067/1085
f 2036/1069/1086 2037/1070/1086 2034/1068/1086
f 2034/1068/1087 2037/1070/1087 2035/1067/1087
f 2038/1071/1088 2039/1072/1088 2037/1070/1088
f 2037/1070/1089 2039/1072/1089 2035/1067/1089
f 1993/1026/1090 1992/1025/1090 2039/1072/1090
f 2039/1072/1091 1992/1025/1091 2035/1067/1091
f 2010/1045/1092 2011/1043/1092 2040/1073/1092
f 2040/1073/1093 2011/1043/1093 2041/1074/1093
f 2015/1048/1094 2042/1075/1094 2011/1043/1094
f 2011/1043/1095 2042/1075/1095 2041/1074/1095
f 2038/1071/1096 2037/1070/1096 2042/1075/1096
f 2042/1075/1097 2037/1070/1097 2041/1074/1097
f 2036/1069/1098 2040/1073/1098 2037/1070/1098
f 2037/1070/1099 2040/1073/1099 2041/1074/1099
f 1987/1020/1100 2030/1063/1100 1996/1029/1100
f 1996/1029/1101 2030/1063/1101 2043/1076/1101
f 2044/1079/1102 2046/1080/1102 2045/1077/1102
f 2045/1077/1103 2046/1080/1103 2047/1078/1103
f 2048/1081/1104 2049/1082/1104 2046/1080/1104
f 2046/1080/1105 2049/1082/1105 2047/1078/1105
f 1997/1032/1106 1998/1030/1106 2049/1082/1106
f 2049/1082/1107 1998/1030/1107 2047/1078/1107
f 2016/1051/1108 2017/1049/1108 2050/1083/1108
f 2050/1083/1109 2017/1049/1109 2051/1084/1109
f 2021/1054/1110 2052/1085/1110 2017/1049/1110
f 2017/1049/1111 2052/1085/1111 2051/1084/1111
f 2048/1081/1112 2046/1080/1112 2052/1085/1112
f 2052/1085/1113 2046/1080/1113 2051/1084/1113
f 2044/1079/1114 2050/1083/1114 2046/1080/1114
f 2046/1080/1115 2050/1083/1115 2051/1084/1115
f 2053/1088/1116 2055/1089/1116 2054/1086/1116
f 2054/1086/1117 2055/1089/1117 2056/1087/1117
f 2057/1090/1118 2058/1091/1118 2055/1089/1118
f 2055/1089/1119 2058/1091/1119 2056/1087/1119
f 2059/1092/1120 2060/1093/1120 2058/1091/1120
f 2058/1091/1121 2060/1093/1121 2056/1087/1121
f 2061/1094/1122 2054/1086/1122 2060/1093/1122
f 2060/1093/1123 2054/1086/1123 2056/1087/1123
f 2062/1097/1124 2064/1098/1124 2063/1095/1124
f 2063/1095/1125 2064/1098/1125 2065/1096/1125
f 2066/1099/1126 2067/1100/1126 2064/1098/1126
f 2064/1098/1127 2067/1100/1127 2065/1096/1127
f 2059/1092/1128 2058/1091/1128 2067/1100/1128
f 2067/1100/1129 2058/1091/1129 2065/1096/1129
f 2057/1090/1130 2063/1095/1130 2058/1091/1130
f 2058/1091/1131 2063/1095/1131 2065/1096/1131
f 1879/912/1132 2068/1102/1132 1880/913/1132
f 1880/913/1133 2068/1102/1133 2069/1101/1133
f 2070/1103/1134 2071/1104/1134 2068/1102/1134
f 2068/1102/1135 2071/1104/1135 2069/1101/1135
f 2072/1105/1136 2073/1106/1136 2071/1104/1136
f 2071/1104/1137 2073/1106/1137 2069/1101/1137
f 1881/914/1138 1880/913/1138 2073/1106/1138
f 2073/1106/1139 1880/913/1139 2069/1101/1139
f 1873/908/1140 2074/1108/1140 1875/909/1140
f 1875/909/1141 2074/1108/1141 2075/1107/1141
f 1919/952/1142 2076/1110/1142 1920/953/1142
f 1920/953/1143 2076/1110/1143 2077/1109/1143
f 2059/1092/1144 2067/1100/1144 2060/1093/1144
f 2060/1093/1145 2067/1100/1145 2078/1111/1145
f 1911/944/1146 1909/943/1146 2079/1112/1146
f 2079/1112/1147 1909/943/1147 2080/1113/1147
f 1877/910/1148 1875/909/1148 2081/1114/1148
f 2081/1114/1149 1875/909/1149 2075/1107/1149
f 2057/1090/1150 2082/1116/1150 2063/1095/1150
f 2063/1095/1151 2082/1116/1151 2083/1115/1151
f 2084/1117/1152 2085/1118/1152 2082/1116/1152
f 2082/1116/1153 2085/1118/1153 2083/1115/1153
f 2086/1119/1154 2087/1120/1154 2085/1118/1154
f 2085/1118/1155 2087/1120/1155 2083/1115/1155
f 2062/1097/1156 2063/1095/1156 2087/1120/1156
f 2087/1120/1157 2063/1095/1157 2083/1115/1157
f 2053/1088/1158 2088/1122/1158 2055/1089/1158
f 2055/1089/1159 2088/1122/1159 2089/1121/1159
f 2090/1123/1160 2091/1124/1160 2088/1122/1160
f 2088/1122/1161 2091/1124/1161 2089/1121/1161
f 2084/1117/1162 2082/1116/1162 2091/1124/1162
f 2091/1124/1163 2082/1116/1163 2089/1121/1163
f 2057/1090/1164 2055/1089/1164 2082/1116/1164
f 2082/1116/1165 2055/1089/1165 2089/1121/1165
f 2084/1117/1166 2092/1126/1166 2085/1118/1166
f 2085/1118/1167 2092/1126/1167 2093/1125/1167
f 2094/1127/1168 2095/1128/1168 2092/1126/1168
f 2092/1126/1169 2095/1128/1169 2093/1125/1169
f 2096/1129/1170 2097/1130/1170 2095/1128/1170
f 2095/1128/1171 2097/1130/1171 2093/1125/1171
f 2086/1119/1172 2085/1118/1172 2097/1130/1172
f 2097/1130/1173 2085/1118/1173 2093/1125/1173
f 2090/1123/1174 2098/1132/1174 2091/1124/1174
f 2091/1124/1175 2098/1132/1175 2099/1131/1175
f 1959/992/1176 2100/1134/1176 1960/993/1176
f 1960/993/1177 2100/1134/1177 2101/1133/1177
f 2094/1127/1178 2092/1126/1178 2102/1135/1178
f 2102/1135/1179 2092/1126/1179 2099/1131/1179
f 2084/1117/1180 2091/1124/1180 2092/1126/1180
f 2092/1126/1181 2091/1124/1181 2099/1131/1181
f 2103/1138/1182 2105/1139/1182 2104/1136/1182
f 2104/1136/1183 2105/1139/1183 2106/1137/1183
f 2107/1140/1184 2108/1141/1184 2105/1139/1184
f 2105/1139/1185 2108/1141/1185 2106/1137/1185
f 2109/1142/1186 2110/1143/1186 2108/1141/1186
f 2108/1141/1187 2110/1143/1187 2106/1137/1187
f 1951/984/1188 2111/1145/1188 1970/1004/1188
f 1970/1004/1189 2111/1145/1189 2112/1144/1189
f 1959/992/1190 1982/1015/1190 2100/1134/1190
f 2100/1134/1191 1982/1015/1191 2113/1146/1191
f 2114/1149/1192 2116/1150/1192 2115/1147/1192
f 2115/1147/1193 2116/1150/1193 2117/1148/1193
f 2107/1140/1194 2105/1139/1194 2116/1150/1194
f 2116/1150/1195 2105/1139/1195 2117/1148/1195
f 2103/1138/1196 2118/1151/1196 2105/1139/1196
f 2105/1139/1197 2118/1151/1197 2117/1148/1197
f 2107/1140/1198 2119/1153/1198 2108/1141/1198
f 2108/1141/1199 2119/1153/1199 2120/1152/1199
f 2121/1154/1200 2122/1155/1200 2119/1153/1200
f 2119/1153/1201 2122/1155/1201 2120/1152/1201
f 2123/1156/1202 2124/1157/1202 2122/1155/1202
f 2122/1155/1203 2124/1157/1203 2120/1152/1203
f 2109/1142/1204 2108/1141/1204 2124/1157/1204
f 2124/1157/1205 2108/1141/1205 2120/1152/1205
f 2114/1149/1206 2125/1159/1206 2116/1150/1206
f 2116/1150/1207 2125/1159/1207 2126/1158/1207
f 1997/1032/1208 2127/1161/1208 1999/1033/1208
f 1999/1033/1209 2127/1161/1209 2128/1160/1209
f 2121/1154/1210 2119/1153/1210 2129/1162/1210
f 2129/1162/1211 2119/1153/1211 2126/1158/1211
f 2107/1140/1212 2116/1150/1212 2119/1153/1212
f 2119/1153/1213 2116/1150/1213 2126/1158/1213
f 2130/1165/1214 2132/1166/1214 2131/1163/1214
f 2131/1163/1215 2132/1166/1215 2133/1164/1215
f 2134/1167/1216 2135/1168/1216 2132/1166/1216
f 2132/1166/1217 2135/1168/1217 2133/1164/1217
f 2136/1169/1218 2137/1170/1218 2135/1168/1218
f 2135/1168/1219 2137/1170/1219 2133/1164/1219
f 2138/1171/1220 2131/1163/1220 2137/1170/1220
f 2137/1170/1221 2131/1163/1221 2133/1164/1221
f 2021/1054/1222 2020/1053/1222 2139/1172/1222
f 2139/1172/1223 2020/1053/1223 2140/1173/1223
f 2134/1167/1224 2132/1166/1224 2141/1174/1224
f 2141/1174/1225 2132/1166/1225 2142/1175/1225
f 2130/1165/1226 2143/1176/1226 2132/1166/1226
f 2132/1166/1227 2143/1176/1227 2142/1175/1227
f 2121/1154/1228 2144/1178/1228 2122/1155/1228
f 2122/1155/1229 2144/1178/1229 2145/1177/1229
f 2146/1179/1230 2147/1180/1230 2144/1178/1230
f 2144/1178/1231 2147/1180/1231 2145/1177/1231
f 2036/1069/1232 2034/1068/1232 2148/1181/1232
f 2148/1181/1233 2034/1068/1233 2149/1182/1233
f 2123/1156/1234 2122/1155/1234 2150/1183/1234
f 2150/1183/1235 2122/1155/1235 2145/1177/1235
f 1997/1032/1236 2049/1082/1236 2127/1161/1236
f 2127/1161/1237 2049/1082/1237 2151/1184/1237
f 2048/1081/1238 2152/1185/1238 2049/1082/1238
f 2049/1082/1239 2152/1185/1239 2151/1184/1239
f 2153/1188/1240 2155/1189/1240 2154/1186/1240
f 2154/1186/1241 2155/1189/1241 2156/1187/1241
f 2121/1154/1242 2129/1162/1242 2144/1178/1242
f 2144/1178/1243 2129/1162/1243 2157/1190/1243
f 2021/1054/1244 2139/1172/1244 2052/1085/1244
f 2052/1085/1245 2139/1172/1245 2158/1191/1245
f 2130/1165/1246 2159/1193/1246 2143/1176/1246
f 2143/1176/1247 2159/1193/1247 2160/1192/1247
f 2153/1188/1248 2154/1186/1248 2159/1193/1248
f 2159/1193/1249 2154/1186/1249 2160/1192/1249
f 2048/1081/1250 2052/1085/1250 2152/1185/1250
f 2152/1185/1251 2052/1085/1251 2158/1191/1251
f 2138/1171/1252 2161/1195/1252 2131/1163/1252
f 2131/1163/1253 2161/1195/1253 2162/1194/1253
f 2036/1069/1254 2148/1181/1254 2040/1073/1254
f 2040/1073/1255 2148/1181/1255 2163/1196/1255
f 2153/1188/1256 2159/1193/1256 2164/1197/1256
f 2164/1197/1257 2159/1193/1257 2162/1194/1257
f 2130/1165/1258 2131/1163/1258 2159/1193/1258
f 2159/1193/1259 2131/1163/1259 2162/1194/1259
f 2165/1198/1260 2167/1199/1260 2166/1200/1260
f 2166/1200/1260 2167/1199/1260 2168/1201/1260
f 2169/1202/1261 2170/1203/1261 2165/1198/1261
f 2165/1198/1261 2170/1203/1261 2167/1199/1261
f 2171/1204/319 2172/1205/319 2169/1202/319
f 2169/1202/319 2172/1205/319 2170/1203/319
f 2173/1206/1262 2174/1207/1262 2171/1204/1262
f 2171/1204/1262 2174/1207/1262 2172/1205/1262
f 2175/1208/1263 2176/1209/1263 2173/1206/1263
f 2173/1206/1263 2176/1209/1263 2174/1207/1263
f 2177/1210/1264 2178/1211/1264 2175/1208/1264
f 2175/1208/1264 2178/1211/1264 2176/1209/1264
f 2179/1212/1265 2180/1213/1265 2177/1210/1265
f 2177/1210/1265 2180/1213/1265 2178/1211/1265
f 2181/1214/1266 2182/1215/1266 2179/1212/1266
f 2179/1212/1266 2182/1215/1266 2180/1213/1266
f 2183/1216/1267 2184/1217/1267 2181/1214/1267
f 2181/1214/1267 2184/1217/1267 2182/1215/1267
f 2185/1218/332 2187/1219/332 2186/1220/332
f 2186/1220/332 2187/1219/332 2188/1221/332
f 2189/1222/1268 2190/1223/1268 2185/1218/1268
f 2185/1218/1268 2190/1223/1268 2187/1219/1268
f 2191/1224/1269 2192/1225/1269 2189/1222/1269
f 2189/1222/1269 2192/1225/1269 2190/1223/1269
f 2193/1226/1270 2194/1227/1270 2191/1224/1270
f 2191/1224/1270 2194/1227/1270 2192/1225/1270
f 2166/1200/1271 2168/1201/1271 2193/1226/1271
f 2193/1226/1271 2168/1201/1271 2194/1227/1271
f 2195/1228/348 2197/1229/348 2196/1230/348
f 2196/1230/348 2197/1229/348 2198/1231/348
f 2197/1229/348 2199/1232/348 2198/1231/348
f 2198/1231/348 2199/1232/348 2200/1233/348
f 2199/1232/348 2201/1234/348 2200/1233/348
f 2200/1233/348 2201/1234/348 2202/1235/348
f 2201/1234/348 2203/1236/348 2202/1235/348
f 2202/1235/348 2203/1236/348 2204/1237/348
f 2203/1236/348 2205/1238/348 2204/1237/348
f 2204/1237/348 2205/1238/348 2206/1239/348
f 2205/1238/348 2207/1240/348 2206/1239/348
f 2206/1239/348 2207/1240/348 2208/1241/348
f 2209/1242/486 2211/1243/486 2210/1244/486
f 2210/1244/486 2211/1243/486 2212/1245/486
f 2211/1243/486 2213/1246/486 2212/1245/486
f 2212/1245/486 2213/1246/486 2214/1247/486
f 2213/1246/486 2215/1248/486 2214/1247/486
f 2214/1247/486 2215/1248/486 2216/1249/486
f 2215/1248/486 2217/1250/486 2216/1249/486
f 2216/1249/486 2217/1250/486 2218/1251/486
f 2217/1250/486 2219/1252/486 2218/1251/486
f 2218/1251/486 2219/1252/486 2220/1253/486
f 2219/1252/486 2221/1254/486 2220/1253/486
f 2220/1253/486 2221/1254/486 2222/1255/486
f 2191/1224/1272 2223/1256/1272 2193/1226/1272
f 2193/1226/1272 2223/1256/1272 2224/1257/1272
f 2189/1222/1273 2225/1258/1273 2191/1224/1273
f 2191/1224/1273 2225/1258/1273 2223/1256/1273
f 2185/1218/1274 2226/1259/1274 2189/1222/1274
f 2189/1222/1274 2226/1259/1274 2225/1258/1274
f 2186/1220/1275 2227/1260/1275 2185/1218/1275
f 2185/1218/1275 2227/1260/1275 2226/1259/1275
f 2181/1214/1276 2228/1261/1276 2183/1216/1276
f 2183/1216/1277 2228/1261/1277 2229/1262/1277
f 2179/1212/1278 2230/1263/1278 2181/1214/1278
f 2181/1214/1279 2230/1263/1279 2228/1261/1279
f 2177/1210/1280 2231/1264/1280 2179/1212/1280
f 2179/1212/1280 2231/1264/1280 2230/1263/1280
f 2175/1208/1281 2232/1265/1281 2177/1210/1281
f 2177/1210/1281 2232/1265/1281 2231/1264/1281
f 2173/1206/1282 2233/1266/1282 2175/1208/1282
f 2175/1208/1282 2233/1266/1282 2232/1265/1282
f 2171/1204/1283 2234/1267/1283 2173/1206/1283
f 2173/1206/1283 2234/1267/1283 2233/1266/1283
f 2169/1202/1284 2235/1268/1284 2171/1204/1284
f 2171/1204/1284 2235/1268/1284 2234/1267/1284
f 2165/1198/1285 2236/1269/1285 2169/1202/1285
f 2169/1202/1286 2236/1269/1286 2235/1268/1286
f 2166/1200/1287 2237/1270/1287 2165/1198/1287
f 2165/1198/1288 2237/1270/1288 2236/1269/1288
f 2193/1226/1289 2224/1257/1289 2166/1200/1289
f 2166/1200/1289 2224/1257/1289 2237/1270/1289
f 2223/1256/1290 2238/1271/1290 2224/1257/1290
f 2224/1257/1291 2238/1271/1291 2239/1272/1291
f 2225/1258/1292 2240/1273/1292 2223/1256/1292
f 2223/1256/1292 2240/1273/1292 2238/1271/1292
f 2226/1259/1293 2241/1274/1293 2225/1258/1293
f 2225/1258/1293 2241/1274/1293 2240/1273/1293
f 2227/1260/1294 2242/1275/1294 2226/1259/1294
f 2226/1259/1294 2242/1275/1294 2241/1274/1294
f 2228/1261/1295 2243/1276/1295 2229/1262/1295
f 2229/1262/1295 2243/1276/1295 2244/1277/1295
f 2230/1263/1296 2245/1278/1296 2228/1261/1296
f 2228/1261/1297 2245/1278/1297 2243/1276/1297
f 2231/1264/1298 2246/1279/1298 2230/1263/1298
f 2230/1263/1299 2246/1279/1299 2245/1278/1299
f 2232/1265/1300 2247/1280/1300 2231/1264/1300
f 2231/1264/1301 2247/1280/1301 2246/1279/1301
f 2233/1266/1302 2248/1281/1302 2232/1265/1302
f 2232/1265/1303 2248/1281/1303 2247/1280/1303
f 2234/1267/1304 2249/1282/1304 2233/1266/1304
f 2233/1266/1305 2249/1282/1305 2248/1281/1305
f 2235/1268/1306 2250/1283/1306 2234/1267/1306
f 2234/1267/1306 2250/1283/1306 2249/1282/1306
f 2236/1269/1307 2251/1284/1307 2235/1268/1307
f 2235/1268/1308 2251/1284/1308 2250/1283/1308
f 2237/1270/1309 2252/1285/1309 2236/1269/1309
f 2236/1269/1310 2252/1285/1310 2251/1284/1310
f 2224/1257/1311 2239/1272/1311 2237/1270/1311
f 2237/1270/1312 2239/1272/1312 2252/1285/1312
f 2238/1271/1313 2253/1286/1313 2239/1272/1313
f 2239/1272/1313 2253/1286/1313 2254/1287/1313
f 2240/1273/1314 2255/1288/1314 2238/1271/1314
f 2238/1271/1314 2255/1288/1314 2253/1286/1314
f 2241/1274/1315 2256/1289/1315 2240/1273/1315
f 2240/1273/1316 2256/1289/1316 2255/1288/1316
f 2242/1275/1317 2257/1290/1317 2241/1274/1317
f 2241/1274/1317 2257/1290/1317 2256/1289/1317
f 2243/1276/1318 2258/1291/1318 2244/1277/1318
f 2244/1277/1319 2258/1291/1319 2259/1292/1319
f 2245/1278/1320 2260/1293/1320 2243/1276/1320
f 2243/1276/1321 2260/1293/1321 2258/1291/1321
f 2246/1279/1322 2261/1294/1322 2245/1278/1322
f 2245/1278/1322 2261/1294/1322 2260/1293/1322
f 2247/1280/1323 2262/1295/1323 2246/1279/1323
f 2246/1279/1324 2262/1295/1324 2261/1294/1324
f 2248/1281/1325 2263/1296/1325 2247/1280/1325
f 2247/1280/1326 2263/1296/1326 2262/1295/1326
f 2249/1282/1327 2264/1297/1327 2248/1281/1327
f 2248/1281/1328 2264/1297/1328 2263/1296/1328
f 2250/1283/1329 2265/1298/1329 2249/1282/1329
f 2249/1282/1329 2265/1298/1329 2264/1297/1329
f 2251/1284/1330 2266/1299/1330 2250/1283/1330
f 2250/1283/1331 2266/1299/1331 2265/1298/1331
f 2252/1285/1332 2267/1300/1332 2251/1284/1332
f 2251/1284/1333 2267/1300/1333 2266/1299/1333
f 2239/1272/1334 2254/1287/1334 2252/1285/1334
f 2252/1285/1334 2254/1287/1334 2267/1300/1334
f 2253/1286/1335 2268/1301/1335 2254/1287/1335
f 2254/1287/1335 2268/1301/1335 2269/1302/1335
f 2255/1288/1336 2270/1303/1336 2253/1286/1336
f 2253/1286/1337 2270/1303/1337 2268/1301/1337
f 2256/1289/1338 2271/1304/1338 2255/1288/1338
f 2255/1288/1338 2271/1304/1338 2270/1303/1338
f 2257/1290/1339 2272/1305/1339 2256/1289/1339
f 2256/1289/1339 2272/1305/1339 2271/1304/1339
f 2258/1291/1340 2273/1306/1340 2259/1292/1340
f 2259/1292/1340 2273/1306/1340 2274/1307/1340
f 2260/1293/1341 2275/1308/1341 2258/1291/1341
f 2258/1291/1342 2275/1308/1342 2273/1306/1342
f 2261/1294/1343 2276/1309/1343 2260/1293/1343
f 2260/1293/1344 2276/1309/1344 2275/1308/1344
f 2262/1295/1345 2277/1310/1345 2261/1294/1345
f 2261/1294/1346 2277/1310/1346 2276/1309/1346
f 2263/1296/1347 2278/1311/1347 2262/1295/1347
f 2262/1295/1348 2278/1311/1348 2277/1310/1348
f 2264/1297/1349 2279/1312/1349 2263/1296/1349
f 2263/1296/1349 2279/1312/1349 2278/1311/1349
f 2265/1298/1350 2280/1313/1350 2264/1297/1350
f 2264/1297/1350 2280/1313/1350 2279/1312/1350
f 2266/1299/1351 2281/1314/1351 2265/1298/1351
f 2265/1298/1351 2281/1314/1351 2280/1313/1351
f 2267/1300/1352 2282/1315/1352 2266/1299/1352
f 2266/1299/1353 2282/1315/1353 2281/1314/1353
f 2254/1287/1354 2269/1302/1354 2267/1300/1354
f 2267/1300/1354 2269/1302/1354 2282/1315/1354
f 2268/1301/1355 2283/1316/1355 2269/1302/1355
f 2269/1302/1355 2283/1316/1355 2284/1317/1355
f 2270/1303/1356 2285/1318/1356 2268/1301/1356
f 2268/1301/1357 2285/1318/1357 2283/1316/1357
f 2271/1304/1358 2286/1319/1358 2270/1303/1358
f 2270/1303/1359 2286/1319/1359 2285/1318/1359
f 2272/1305/1360 2287/1320/1360 2271/1304/1360
f 2271/1304/1360 2287/1320/1360 2286/1319/1360
f 2273/1306/1361 2288/1321/1361 2274/1307/1361
f 2274/1307/1362 2288/1321/1362 2289/1322/1362
f 2275/1308/1363 2290/1323/1363 2273/1306/1363
f 2273/1306/1363 2290/1323/1363 2288/1321/1363
f 2276/1309/1364 2291/1324/1364 2275/1308/1364
f 2275/1308/1364 2291/1324/1364 2290/1323/1364
f 2277/1310/1365 2292/1325/1365 2276/1309/1365
f 2276/1309/1366 2292/1325/1366 2291/1324/1366
f 2278/1311/1367 2293/1326/1367 2277/1310/1367
f 2277/1310/1368 2293/1326/1368 2292/1325/1368
f 2279/1312/1369 2294/1327/1369 2278/1311/1369
f 2278/1311/1370 2294/1327/1370 2293/1326/1370
f 2280/1313/1371 2295/1328/1371 2279/1312/1371
f 2279/1312/1371 2295/1328/1371 2294/1327/1371
f 2281/1314/1372 2296/1329/1372 2280/1313/1372
f 2280/1313/1373 2296/1329/1373 2295/1328/1373
f 2282/1315/1374 2297/1330/1374 2281/1314/1374
f 2281/1314/1375 2297/1330/1375 2296/1329/1375
f 2269/1302/1376 2284/1317/1376 2282/1315/1376
f 2282/1315/1376 2284/1317/1376 2297/1330/1376
f 2298/1331/1377 2300/1332/1377 2299/1333/1377
f 2299/1333/1377 2300/1332/1377 2301/1334/1377
f 2302/1335/1378 2304/1336/1378 2303/1337/1378
f 2303/1337/1378 2304/1336/1378 2305/1338/1378
f 2306/1339/1379 2308/1340/1379 2307/1341/1379
f 2307/1341/1379 2308/1340/1379 2309/1342/1379
f 2310/1343/332 2312/1344/332 2311/1345/332
f 2311/1345/332 2312/1344/332 2313/1346/332
f 2314/1347/485 2316/1348/485 2315/1349/485
f 2315/1349/485 2316/1348/485 2317/1350/485
f 2318/1351/487 2320/1352/487 2319/1353/487
f 2319/1353/487 2320/1352/487 2321/1354/487
f 2322/1355/485 2323/1356/485 2314/1347/485
f 2314/1347/485 2323/1356/485 2316/1348/485
f 2324/1357/1380 2325/1358/1380 2298/1331/1380
f 2298/1331/1380 2325/1358/1380 2300/1332/1380
f 2326/1359/1381 2327/1360/1381 2309/1342/1381
f 2309/1342/1381 2327/1360/1381 2307/1341/1381
f 2328/1361/487 2329/1362/487 2321/1354/487
f 2321/1354/487 2329/1362/487 2319/1353/487
f 2330/1363/485 2331/1364/485 2322/1355/485
f 2322/1355/485 2331/1364/485 2323/1356/485
f 2330/1363/485 2332/1365/485 2331/1364/485
f 2331/1364/485 2332/1365/485 2333/1366/485
f 2334/1367/1382 2335/1368/1382 2324/1357/1382
f 2324/1357/1383 2335/1368/1383 2325/1358/1383
f 2334/1367/1384 2336/1369/1384 2335/1368/1384
f 2335/1368/1384 2336/1369/1384 2337/1370/1384
f 2338/1371/1385 2339/1372/1385 2326/1359/1385
f 2326/1359/1385 2339/1372/1385 2327/1360/1385
f 2338/1371/1385 2340/1373/1385 2339/1372/1385
f 2339/1372/1385 2340/1373/1385 2341/1374/1385
f 2342/1375/487 2343/1376/487 2328/1361/487
f 2328/1361/487 2343/1376/487 2329/1362/487
f 2342/1375/487 2344/1377/487 2343/1376/487
f 2343/1376/487 2344/1377/487 2345/1378/487
f 2346/1379/485 2348/1380/485 2347/1381/485
f 2347/1381/485 2348/1380/485 2349/1382/485
f 2350/1383/1386 2352/1384/1386 2351/1385/1386
f 2351/1385/1386 2352/1384/1386 2353/1386/1386
f 2354/1387/1387 2356/1388/1387 2355/1389/1387
f 2355/1389/1387 2356/1388/1387 2357/1390/1387
f 2358/1391/487 2360/1392/487 2359/1393/487
f 2359/1393/487 2360/1392/487 2361/1394/487
f 2362/1333/1388 2364/1334/1388 2363/1331/1388
f 2363/1331/1388 2364/1334/1388 2365/1332/1388
f 2366/1337/1389 2368/1338/1389 2367/1335/1389
f 2367/1335/1389 2368/1338/1389 2369/1336/1389
f 2370/1341/1390 2372/1342/1390 2371/1339/1390
f 2371/1339/1390 2372/1342/1390 2373/1340/1390
f 2374/1345/319 2376/1346/319 2375/1343/319
f 2375/1343/319 2376/1346/319 2377/1344/319
f 2378/1349/485 2380/1350/485 2379/1347/485
f 2379/1347/485 2380/1350/485 2381/1348/485
f 2382/1353/487 2384/1354/487 2383/1351/487
f 2383/1351/487 2384/1354/487 2385/1352/487
f 2379/1347/485 2381/1348/485 2386/1355/485
f 2386/1355/485 2381/1348/485 2387/1356/485
f 2363/1331/1391 2365/1332/1391 2388/1357/1391
f 2388/1357/1391 2365/1332/1391 2389/1358/1391
f 2372/1342/1392 2370/1341/1392 2390/1359/1392
f 2390/1359/1392 2370/1341/1392 2391/1360/1392
f 2384/1354/487 2382/1353/487 2392/1361/487
f 2392/1361/487 2382/1353/487 2393/1362/487
f 2386/1355/485 2387/1356/485 2394/1363/485
f 2394/1363/485 2387/1356/485 2395/1364/485
f 2395/1364/485 2396/1366/485 2394/1363/485
f 2394/1363/485 2396/1366/485 2397/1365/485
f 2388/1357/1393 2389/1358/1393 2398/1367/1393
f 2398/1367/1393 2389/1358/1393 2399/1368/1393
f 2399/1368/1394 2400/1370/1394 2398/1367/1394
f 2398/1367/1394 2400/1370/1394 2401/1369/1394
f 2390/1359/1395 2391/1360/1395 2402/1371/1395
f 2402/1371/1395 2391/1360/1395 2403/1372/1395
f 2403/1372/1395 2404/1374/1395 2402/1371/1395
f 2402/1371/1395 2404/1374/1395 2405/1373/1395
f 2392/1361/487 2393/1362/487 2406/1375/487
f 2406/1375/487 2393/1362/487 2407/1376/487
f 2407/1376/487 2408/1378/487 2406/1375/487
f 2406/1375/487 2408/1378/487 2409/1377/487
f 2410/1381/485 2412/1382/485 2411/1379/485
f 2411/1379/485 2412/1382/485 2413/1380/485
f 2414/1385/1396 2416/1386/1396 2415/1383/1396
f 2415/1383/1396 2416/1386/1396 2417/1384/1396
f 2418/1389/1397 2420/1390/1397 2419/1387/1397
f 2419/1387/1397 2420/1390/1397 2421/1388/1397
f 2422/1393/487 2424/1394/487 2423/1391/487
f 2423/1391/487 2424/1394/487 2425/1392/487
f 2426/1331/1398 2428/1332/1398 2427/1333/1398
f 2427/1333/1398 2428/1332/1398 2429/1334/1398
f 2430/1335/1399 2432/1336/1399 2431/1337/1399
f 2431/1337/1399 2432/1336/1399 2433/1338/1399
f 2434/1339/1400 2436/1340/1400 2435/1341/1400
f 2435/1341/1400 2436/1340/1400 2437/1342/1400
f 2438/1343/1401 2440/1344/1401 2439/1345/1401
f 2439/1345/1401 2440/1344/1401 2441/1346/1401
f 2442/1347/1402 2444/1348/1402 2443/1349/1402
f 2443/1349/1402 2444/1348/1402 2445/1350/1402
f 2446/1351/1403 2448/1352/1403 2447/1353/1403
f 2447/1353/1403 2448/1352/1403 2449/1354/1403
f 2450/1355/1402 2451/1356/1402 2442/1347/1402
f 2442/1347/1402 2451/1356/1402 2444/1348/1402
f 2452/1357/1404 2453/1358/1404 2426/1331/1404
f 2426/1331/1404 2453/1358/1404 2428/1332/1404
f 2454/1359/1405 2455/1360/1405 2437/1342/1405
f 2437/1342/1405 2455/1360/1405 2435/1341/1405
f 2456/1361/1403 2457/1362/1403 2449/1354/1403
f 2449/1354/1403 2457/1362/1403 2447/1353/1403
f 2458/1363/1406 2459/1364/1406 2450/1355/1406
f 2450/1355/1402 2459/1364/1402 2451/1356/1402
f 2458/1363/1407 2460/1365/1407 2459/1364/1407
f 2459/1364/1408 2460/1365/1408 2461/1366/1408
f 2462/1367/1409 2463/1368/1409 2452/1357/1409
f 2452/1357/1409 2463/1368/1409 2453/1358/1409
f 2462/1367/1410 2464/1369/1410 2463/1368/1410
f 2463/1368/1410 2464/1369/1410 2465/1370/1410
f 2466/1371/1411 2467/1372/1411 2454/1359/1411
f 2454/1359/1411 2467/1372/1411 2455/1360/1411
f 2466/1371/1411 2468/1373/1411 2467/1372/1411
f 2467/1372/1411 2468/1373/1411 2469/1374/1411
f 2470/1375/1403 2471/1376/1403 2456/1361/1403
f 2456/1361/1403 2471/1376/1403 2457/1362/1403
f 2470/1375/1412 2472/1377/1412 2471/1376/1412
f 2471/1376/1413 2472/1377/1413 2473/1378/1413
f 2474/1379/1414 2476/1380/1414 2475/1381/1414
f 2475/1381/1408 2476/1380/1408 2477/1382/1408
f 2478/1383/1415 2480/1384/1415 2479/1385/1415
f 2479/1385/1415 2480/1384/1415 2481/1386/1415
f 2482/1387/1416 2484/1388/1416 2483/1389/1416
f 2483/1389/1416 2484/1388/1416 2485/1390/1416
f 2486/1391/1417 2488/1392/1417 2487/1393/1417
f 2487/1393/1412 2488/1392/1412 2489/1394/1412
f 2490/1333/1418 2492/1334/1418 2491/1331/1418
f 2491/1331/1418 2492/1334/1418 2493/1332/1418
f 2494/1337/1419 2496/1338/1419 2495/1335/1419
f 2495/1335/1419 2496/1338/1419 2497/1336/1419
f 2498/1341/1420 2500/1342/1420 2499/1339/1420
f 2499/1339/1420 2500/1342/1420 2501/1340/1420
f 2502/1345/1421 2504/1346/1421 2503/1343/1421
f 2503/1343/1421 2504/1346/1421 2505/1344/1421
f 2506/1349/1402 2508/1350/1402 2507/1347/1402
f 2507/1347/1402 2508/1350/1402 2509/1348/1402
f 2510/1353/1403 2512/1354/1403 2511/1351/1403
f 2511/1351/1403 2512/1354/1403 2513/1352/1403
f 2507/1347/1402 2509/1348/1402 2514/1355/1402
f 2514/1355/1402 2509/1348/1402 2515/1356/1402
f 2491/1331/1422 2493/1332/1422 2516/1357/1422
f 2516/1357/1422 2493/1332/1422 2517/1358/1422
f 2500/1342/1423 2498/1341/1423 2518/1359/1423
f 2518/1359/1423 2498/1341/1423 2519/1360/1423
f 2512/1354/1403 2510/1353/1403 2520/1361/1403
f 2520/1361/1403 2510/1353/1403 2521/1362/1403
f 2514/1355/1402 2515/1356/1402 2522/1363/1402
f 2522/1363/1402 2515/1356/1402 2523/1364/1402
f 2523/1364/1408 2524/1366/1408 2522/1363/1408
f 2522/1363/1424 2524/1366/1424 2525/1365/1424
f 2516/1357/1425 2517/1358/1425 2526/1367/1425
f 2526/1367/1425 2517/1358/1425 2527/1368/1425
f 2527/1368/1426 2528/1370/1426 2526/1367/1426
f 2526/1367/1426 2528/1370/1426 2529/1369/1426
f 2518/1359/1427 2519/1360/1427 2530/1371/1427
f 2530/1371/1427 2519/1360/1427 2531/1372/1427
f 2531/1372/1427 2532/1374/1427 2530/1371/1427
f 2530/1371/1427 2532/1374/1427 2533/1373/1427
f 2520/1361/1428 2521/1362/1428 2534/1375/1428
f 2534/1375/1428 2521/1362/1428 2535/1376/1428
f 2535/1376/1429 2536/1378/1429 2534/1375/1429
f 2534/1375/1417 2536/1378/1417 2537/1377/1417
f 2538/1381/1408 2540/1382/1408 2539/1379/1408
f 2539/1379/1414 2540/1382/1414 2541/1380/1414
f 2542/1385/1430 2544/1386/1430 2543/1383/1430
f 2543/1383/1431 2544/1386/1431 2545/1384/1431
f 2546/1389/1432 2548/1390/1432 2547/1387/1432
f 2547/1387/1432 2548/1390/1432 2549/1388/1432
f 2550/1393/1433 2552/1394/1433 2551/1391/1433
f 2551/1391/1433 2552/1394/1433 2553/1392/1433
f 2554/1331/1434 2556/1332/1434 2555/1333/1434
f 2555/1333/1435 2556/1332/1435 2557/1334/1435
f 2558/1335/1436 2560/1336/1436 2559/1337/1436
f 2559/1337/1436 2560/1336/1436 2561/1338/1436
f 2562/1339/1437 2564/1340/1437 2563/1341/1437
f 2563/1341/1438 2564/1340/1438 2565/1342/1438
f 2566/1343/1439 2568/1344/1439 2567/1345/1439
f 2567/1345/1439 2568/1344/1439 2569/1346/1439
f 2570/1347/1440 2572/1348/1440 2571/1349/1440
f 2571/1349/1440 2572/1348/1440 2573/1350/1440
f 2574/1351/1441 2576/1352/1441 2575/1353/1441
f 2575/1353/1441 2576/1352/1441 2577/1354/1441
f 2578/1355/1442 2579/1356/1442 2570/1347/1442
f 2570/1347/1442 2579/1356/1442 2572/1348/1442
f 2580/1357/1443 2581/1358/1443 2554/1331/1443
f 2554/1331/1443 2581/1358/1443 2556/1332/1443
f 2582/1359/1444 2583/1360/1444 2565/1342/1444
f 2565/1342/1444 2583/1360/1444 2563/1341/1444
f 2584/1361/1441 2585/1362/1441 2577/1354/1441
f 2577/1354/1441 2585/1362/1441 2575/1353/1441
f 2586/1363/1445 2587/1364/1445 2578/1355/1445
f 2578/1355/1442 2587/1364/1442 2579/1356/1442
f 2586/1363/1442 2588/1365/1442 2587/1364/1442
f 2587/1364/1440 2588/1365/1440 2589/1366/1440
f 2590/1367/1446 2591/1368/1446 2580/1357/1446
f 2580/1357/1446 2591/1368/1446 2581/1358/1446
f 2590/1367/1447 2592/1369/1447 2591/1368/1447
f 2591/1368/1448 2592/1369/1448 2593/1370/1448
f 2594/1371/1449 2595/1372/1449 2582/1359/1449
f 2582/1359/1449 2595/1372/1449 2583/1360/1449
f 2594/1371/1449 2596/1373/1449 2595/1372/1449
f 2595/1372/1449 2596/1373/1449 2597/1374/1449
f 2598/1375/1450 2599/1376/1450 2584/1361/1450
f 2584/1361/1441 2599/1376/1441 2585/1362/1441
f 2598/1375/1441 2600/1377/1441 2599/1376/1441
f 2599/1376/1451 2600/1377/1451 2601/1378/1451
f 2602/1379/1440 2604/1380/1440 2603/1381/1440
f 2603/1381/1440 2604/1380/1440 2605/1382/1440
f 2606/1383/1452 2608/1384/1452 2607/1385/1452
f 2607/1385/1453 2608/1384/1453 2609/1386/1453
f 2610/1387/1454 2612/1388/1454 2611/1389/1454
f 2611/1389/1455 2612/1388/1455 2613/1390/1455
f 2614/1391/1456 2616/1392/1456 2615/1393/1456
f 2615/1393/1456 2616/1392/1456 2617/1394/1456
f 2618/1333/1457 2620/1334/1457 2619/1331/1457
f 2619/1331/1457 2620/1334/1457 2621/1332/1457
f 2622/1337/1458 2624/1338/1458 2623/1335/1458
f 2623/1335/1458 2624/1338/1458 2625/1336/1458
f 2626/1341/1459 2628/1342/1459 2627/1339/1459
f 2627/1339/1459 2628/1342/1459 2629/1340/1459
f 2630/1345/1460 2632/1346/1460 2631/1343/1460
f 2631/1343/1460 2632/1346/1460 2633/1344/1460
f 2634/1349/1442 2636/1350/1442 2635/1347/1442
f 2635/1347/1442 2636/1350/1442 2637/1348/1442
f 2638/1353/1441 2640/1354/1441 2639/1351/1441
f 2639/1351/1441 2640/1354/1441 2641/1352/1441
f 2635/1347/1442 2637/1348/1442 2642/1355/1442
f 2642/1355/1442 2637/1348/1442 2643/1356/1442
f 2619/1331/1461 2621/1332/1461 2644/1357/1461
f 2644/1357/1461 2621/1332/1461 2645/1358/1461
f 2628/1342/1462 2626/1341/1462 2646/1359/1462
f 2646/1359/1462 2626/1341/1462 2647/1360/1462
f 2640/1354/1441 2638/1353/1441 2648/1361/1441
f 2648/1361/1441 2638/1353/1441 2649/1362/1441
f 2642/1355/1442 2643/1356/1442 2650/1363/1442
f 2650/1363/1440 2643/1356/1440 2651/1364/1440
f 2651/1364/1440 2652/1366/1440 2650/1363/1440
f 2650/1363/1445 2652/1366/1445 2653/1365/1445
f 2644/1357/1463 2645/1358/1463 2654/1367/1463
f 2654/1367/1463 2645/1358/1463 2655/1368/1463
f 2655/1368/1464 2656/1370/1464 2654/1367/1464
f 2654/1367/1464 2656/1370/1464 2657/1369/1464
f 2646/1359/1465 2647/1360/1465 2658/1371/1465
f 2658/1371/1465 2647/1360/1465 2659/1372/1465
f 2659/1372/1465 2660/1374/1465 2658/1371/1465
f 2658/1371/1465 2660/1374/1465 2661/1373/1465
f 2648/1361/1441 2649/1362/1441 2662/1375/1441
f 2662/1375/1441 2649/1362/1441 2663/1376/1441
f 2663/1376/1441 2664/1378/1441 2662/1375/1441
f 2662/1375/1441 2664/1378/1441 2665/1377/1441
f 2666/1381/1442 2668/1382/1442 2667/1379/1442
f 2667/1379/1442 2668/1382/1442 2669/1380/1442
f 2670/1385/1466 2672/1386/1466 2671/1383/1466
f 2671/1383/1466 2672/1386/1466 2673/1384/1466
f 2674/1389/1467 2676/1390/1467 2675/1387/1467
f 2675/1387/1467 2676/1390/1467 2677/1388/1467
f 2678/1393/1441 2680/1394/1441 2679/1391/1441
f 2679/1391/1441 2680/1394/1441 2681/1392/1441
f 2682/1331/1468 2684/1332/1468 2683/1333/1468
f 2683/1333/1469 2684/1332/1469 2685/1334/1469
f 2686/1335/1470 2688/1336/1470 2687/1337/1470
f 2687/1337/1470 2688/1336/1470 2689/1338/1470
f 2690/1339/1471 2692/1340/1471 2691/1341/1471
f 2691/1341/1472 2692/1340/1472 2693/1342/1472
f 2694/1343/1473 2696/1344/1473 2695/1345/1473
f 2695/1345/1473 2696/1344/1473 2697/1346/1473
f 2698/1347/1474 2700/1348/1474 2699/1349/1474
f 2699/1349/1474 2700/1348/1474 2701/1350/1474
f 2702/1351/1475 2704/1352/1475 2703/1353/1475
f 2703/1353/1475 2704/1352/1475 2705/1354/1475
f 2706/1355/1474 2707/1356/1474 2698/1347/1474
f 2698/1347/1474 2707/1356/1474 2700/1348/1474
f 2708/1357/1476 2709/1358/1476 2682/1331/1476
f 2682/1331/1476 2709/1358/1476 2684/1332/1476
f 2710/1359/1477 2711/1360/1477 2693/1342/1477
f 2693/1342/1477 2711/1360/1477 2691/1341/1477
f 2712/1361/1475 2713/1362/1475 2705/1354/1475
f 2705/1354/1475 2713/1362/1475 2703/1353/1475
f 2714/1363/1474 2715/1364/1474 2706/1355/1474
f 2706/1355/1474 2715/1364/1474 2707/1356/1474
f 2714/1363/1474 2716/1365/1474 2715/1364/1474
f 2715/1364/1474 2716/1365/1474 2717/1366/1474
f 2718/1367/1478 2719/1368/1478 2708/1357/1478
f 2708/1357/1478 2719/1368/1478 2709/1358/1478
f 2718/1367/1479 2720/1369/1479 2719/1368/1479
f 2719/1368/1479 2720/1369/1479 2721/1370/1479
f 2722/1371/1480 2723/1372/1480 2710/1359/1480
f 2710/1359/1480 2723/1372/1480 2711/1360/1480
f 2722/1371/1480 2724/1373/1480 2723/1372/1480
f 2723/1372/1480 2724/1373/1480 2725/1374/1480
f 2726/1375/1475 2727/1376/1475 2712/1361/1475
f 2712/1361/1475 2727/1376/1475 2713/1362/1475
f 2726/1375/1475 2728/1377/1475 2727/1376/1475
f 2727/1376/1481 2728/1377/1481 2729/1378/1481
f 2730/1379/1482 2732/1380/1482 2731/1381/1482
f 2731/1381/1482 2732/1380/1482 2733/1382/1482
f 2734/1383/1483 2736/1384/1483 2735/1385/1483
f 2735/1385/1483 2736/1384/1483 2737/1386/1483
f 2738/1387/1484 2740/1388/1484 2739/1389/1484
f 2739/1389/1484 2740/1388/1484 2741/1390/1484
f 2742/1391/1485 2744/1392/1485 2743/1393/1485
f 2743/1393/1485 2744/1392/1485 2745/1394/1485
f 2746/1333/1486 2748/1334/1486 2747/1331/1486
f 2747/1331/1487 2748/1334/1487 2749/1332/1487
f 2750/1337/1488 2752/1338/1488 2751/1335/1488
f 2751/1335/1488 2752/1338/1488 2753/1336/1488
f 2754/1341/1489 2756/1342/1489 2755/1339/1489
f 2755/1339/1490 2756/1342/1490 2757/1340/1490
f 2758/1345/1491 2760/1346/1491 2759/1343/1491
f 2759/1343/1491 2760/1346/1491 2761/1344/1491
f 2762/1349/1474 2764/1350/1474 2763/1347/1474
f 2763/1347/1474 2764/1350/1474 2765/1348/1474
f 2766/1353/1475 2768/1354/1475 2767/1351/1475
f 2767/1351/1475 2768/1354/1475 2769/1352/1475
f 2763/1347/1474 2765/1348/1474 2770/1355/1474
f 2770/1355/1474 2765/1348/1474 2771/1356/1474
f 2747/1331/1492 2749/1332/1492 2772/1357/1492
f 2772/1357/1492 2749/1332/1492 2773/1358/1492
f 2756/1342/1493 2754/1341/1493 2774/1359/1493
f 2774/1359/1493 2754/1341/1493 2775/1360/1493
f 2768/1354/1475 2766/1353/1475 2776/1361/1475
f 2776/1361/1475 2766/1353/1475 2777/1362/1475
f 2770/1355/1474 2771/1356/1474 2778/1363/1474
f 2778/1363/1474 2771/1356/1474 2779/1364/1474
f 2779/1364/1474 2780/1366/1474 2778/1363/1474
f 2778/1363/1474 2780/1366/1474 2781/1365/1474
f 2772/1357/1494 2773/1358/1494 2782/1367/1494
f 2782/1367/1494 2773/1358/1494 2783/1368/1494
f 2783/1368/1495 2784/1370/1495 2782/1367/1495
f 2782/1367/1495 2784/1370/1495 2785/1369/1495
f 2774/1359/1496 2775/1360/1496 2786/1371/1496
f 2786/1371/1496 2775/1360/1496 2787/1372/1496
f 2787/1372/1496 2788/1374/1496 2786/1371/1496
f 2786/1371/1496 2788/1374/1496 2789/1373/1496
f 2776/1361/1475 2777/1362/1475 2790/1375/1475
f 2790/1375/1481 2777/1362/1481 2791/1376/1481
f 2791/1376/1475 2792/1378/1475 2790/1375/1475
f 2790/1375/1497 2792/1378/1497 2793/1377/1497
f 2794/1381/1498 2796/1382/1498 2795/1379/1498
f 2795/1379/1498 2796/1382/1498 2797/1380/1498
f 2798/1385/1499 2800/1386/1499 2799/1383/1499
f 2799/1383/1499 2800/1386/1499 2801/1384/1499
f 2802/1389/1500 2804/1390/1500 2803/1387/1500
f 2803/1387/1501 2804/1390/1501 2805/1388/1501
f 2806/1393/1497 2808/1394/1497 2807/1391/1497
f 2807/1391/1475 2808/1394/1475 2809/1392/1475
o classname=mesh.004
v -22.096771 13.309437 -77.470390
v -22.096771 14.791009 -77.470390
v -26.793146 13.309437 -77.470383
v -26.793146 14.791009 -77.470383
v -22.096806 13.309435 -83.570023
v -22.096771 13.309437 -77.470390
v -26.793148 13.309434 -83.570023
v -26.793146 13.309437 -77.470383
v -22.096806 14.791007 -83.570023
v -22.096806 13.309435 -83.570023
v -26.793148 14.791006 -83.570023
v -26.793148 13.309434 -83.570023
v -22.096771 14.791009 -77.470390
v -22.096806 14.791007 -83.570023
v -26.793146 14.791009 -77.470383
v -26.793148 14.791006 -83.570023
v -22.096806 13.309435 -83.570023
v -22.096806 14.791007 -83.570023
v -22.096771 13.309437 -77.470390
v -22.096771 14.791009 -77.470390
v -26.793148 14.791006 -83.570023
v -26.793148 13.309434 -83.570023
v -26.793146 14.791009 -77.470383
v -26.793146 13.309437 -77.470383
vn -0.0000 -0.0000 1.0000
vn -0.0000 -1.0000 -0.0000
vn -0.0000 -0.0000 -1.0000
vn -0.0000 1.0000 -0.0000
vn 1.0000 -0.0000 -0.0000
vn -1.0000 -0.0000 -0.0000
vt 0.633046 0.643106
vt 0.633046 0.930620
vt 0.551681 0.930620
vt 0.551681 0.643106
vt 0.516444 0.569674
vt 0.774361 0.569674
vt 0.774363 0.943097
vt 0.516444 0.943097
vt 0.639446 0.930620
vt 0.639446 0.643108
vt 0.720812 0.643108
vt 0.720812 0.930620
vt 0.802791 0.946891
vt 0.544873 0.946891
vt 0.544874 0.573469
vt 0.802791 0.573469
vt 0.780763 0.943097
vt 0.780763 0.569674
vt 0.862129 0.569674
vt 0.862129 0.943097
vt 0.033710 0.950707
vt 0.033710 0.340708
vt 0.167302 0.340708
vt 0.167302 0.950707
s 0
usemtl boxfile_a
f 2812/1395/1502 2810/1396/1502 2811/1397/1502
f 2812/1395/1502 2811/1397/1502 2813/1398/1502
f 2816/1399/1503 2814/1400/1503 2815/1401/1503
f 2816/1399/1503 2815/1401/1503 2817/1402/1503
f 2820/1403/1504 2818/1404/1504 2819/1405/1504
f 2820/1403/1504 2819/1405/1504 2821/1406/1504
f 2824/1407/1505 2822/1408/1505 2823/1409/1505
f 2824/1407/1505 2823/1409/1505 2825/1410/1505
f 2828/1411/1506 2826/1412/1506 2827/1413/1506
f 2828/1411/1506 2827/1413/1506 2829/1414/1506
f 2832/1415/1507 2830/1416/1507 2831/1417/1507
f 2832/1415/1507 2831/1417/1507 2833/1418/1507
o classname=mesh.005
v -22.096771 14.888236 -77.470390
v -22.096771 15.875951 -77.470390
v -26.793146 14.888236 -77.470383
v -26.793146 15.875951 -77.470383
v -22.096806 14.888234 -83.570023
v -22.096771 14.888236 -77.470390
v -26.793148 14.888234 -83.570023
v -26.793146 14.888236 -77.470383
v -22.096806 15.875949 -83.570023
v -22.096806 14.888234 -83.570023
v -26.793148 15.875949 -83.570023
v -26.793148 14.888234 -83.570023
v -22.096771 15.875951 -77.470390
v -22.096806 15.875949 -83.570023
v -26.793146 15.875951 -77.470383
v -26.793148 15.875949 -83.570023
v -22.096806 14.888234 -83.570023
v -22.096806 15.875949 -83.570023
v -22.096771 14.888236 -77.470390
v -22.096771 15.875951 -77.470390
v -26.793148 15.875949 -83.570023
v -26.793148 14.888234 -83.570023
v -26.793146 15.875951 -77.470383
v -26.793146 14.888236 -77.470383
vn -0.0000 -0.0000 1.0000
vn -0.0000 -1.0000 -0.0000
vn -0.0000 -0.0000 -1.0000
vn -0.0000 1.0000 -0.0000
vn 1.0000 -0.0000 -0.0000
vn -1.0000 -0.0000 -0.0000
vt 0.659723 0.151489
vt 0.659723 0.439003
vt 0.578358 0.439003
vt 0.578358 0.151489
vt 0.543121 0.078057
vt 0.801038 0.078057
vt 0.801040 0.451480
vt 0.543121 0.451480
vt 0.666123 0.439003
vt 0.666123 0.151491
vt 0.747489 0.151491
vt 0.747489 0.439003
vt 0.829468 0.455275
vt 0.571550 0.455275
vt 0.571551 0.081852
vt 0.829468 0.081852
vt 0.807440 0.451480
vt 0.807440 0.078057
vt 0.888806 0.078057
vt 0.888806 0.451480
vt 0.306197 0.934696
vt 0.306197 0.349097
vt 0.382298 0.349097
vt 0.382298 0.934696
s 0
usemtl boxfile_a
f 2836/1419/1508 2834/1420/1508 2835/1421/1508
f 2836/1419/1508 2835/1421/1508 2837/1422/1508
f 2840/1423/1509 2838/1424/1509 2839/1425/1509
f 2840/1423/1509 2839/1425/1509 2841/1426/1509
f 2844/1427/1510 2842/1428/1510 2843/1429/1510
f 2844/1427/1510 2843/1429/1510 2845/1430/1510
f 2848/1431/1511 2846/1432/1511 2847/1433/1511
f 2848/1431/1511 2847/1433/1511 2849/1434/1511
f 2852/1435/1512 2850/1436/1512 2851/1437/1512
f 2852/1435/1512 2851/1437/1512 2853/1438/1512
f 2856/1439/1513 2854/1440/1513 2855/1441/1513
f 2856/1439/1513 2855/1441/1513 2857/1442/1513
o classname=mesh.006
v -40.862644 43.945377 -53.175220
v -42.626820 43.945377 -52.772549
v -42.626820 46.164276 -56.838566
v -39.447865 43.945377 -54.303452
v -38.662750 43.945377 -55.933804
v -38.662750 43.945377 -57.743359
v -39.447865 43.945377 -59.373707
v -40.862644 43.945377 -60.501938
v -42.626820 43.945377 -60.904583
v -44.390999 43.945377 -53.175220
v -45.805779 43.945377 -54.303452
v -46.590893 43.945377 -55.933804
v -46.590893 43.945377 -57.743359
v -45.805779 43.945377 -59.373707
v -44.390999 43.945377 -60.501938
v -43.978806 47.190670 -56.399296
v -43.462395 47.190670 -55.688511
v -42.626820 47.190670 -55.417023
v -43.978806 47.190670 -57.277863
v -43.978806 47.190670 -56.399296
v -44.203583 45.509960 -56.326244
v -43.601307 45.509960 -55.497292
v -43.462395 47.190670 -55.688511
v -43.978806 47.190670 -57.277863
v -44.203583 45.509960 -57.350883
v -43.462395 47.190670 -57.988617
v -43.601307 45.509960 -58.179840
v -42.626820 47.190670 -58.260105
v -42.626820 45.509960 -58.496475
v -41.652332 45.509960 -55.497292
v -41.050056 45.509960 -56.326244
v -41.274834 47.190670 -56.399296
v -41.791245 47.190670 -55.688511
v -41.050056 45.509960 -57.350883
v -41.274834 47.190670 -57.277863
v -41.652332 45.509960 -58.179840
v -41.791245 47.190670 -57.988617
v -42.626820 45.509960 -55.180653
v -42.626820 47.190670 -55.417023
v -42.626820 45.509960 -55.180653
v -42.626820 47.190670 -55.417023
v -39.999592 44.740185 -54.743431
v -39.350719 44.740185 -56.090813
v -41.050056 45.509960 -56.326244
v -41.652332 45.509960 -55.497292
v -40.862644 43.945377 -53.175220
v -41.168823 44.740185 -53.810993
v -42.626820 44.740185 -53.478218
v -42.626820 43.945377 -52.772549
v -39.447865 43.945377 -54.303452
v -38.662750 43.945377 -55.933804
v -39.350719 44.740185 -57.586315
v -41.050056 45.509960 -57.350883
v -38.662750 43.945377 -57.743359
v -39.447865 43.945377 -59.373707
v -39.999592 44.740185 -58.933697
v -40.862644 43.945377 -60.501938
v -41.168823 44.740185 -59.866138
v -42.626820 44.740185 -60.198914
v -42.626820 45.509960 -58.496475
v -41.652332 45.509960 -58.179840
v -45.805779 43.945377 -59.373707
v -45.254047 44.740185 -58.933697
v -44.084816 44.740185 -59.866138
v -44.390999 43.945377 -60.501938
v -42.626820 43.945377 -60.904583
v -42.626820 44.740185 -53.478218
v -42.626820 45.509960 -55.180653
v -43.601307 45.509960 -55.497292
v -44.084816 44.740185 -53.810993
v -42.626820 43.945377 -52.772549
v -44.390999 43.945377 -53.175220
v -45.254047 44.740185 -54.743431
v -45.805779 43.945377 -54.303452
v -45.902924 44.740185 -56.090813
v -46.590893 43.945377 -55.933804
v -44.203583 45.509960 -57.350883
v -43.601307 45.509960 -58.179840
v -45.902924 44.740185 -57.586315
v -46.590893 43.945377 -57.743359
v -42.626820 55.808731 -56.801895
v -42.590137 55.808731 -56.838570
v -42.626820 55.808731 -56.875252
v -42.663502 55.808731 -56.838570
v -42.626820 55.808731 -56.875252
v -42.590137 55.808731 -56.838570
v -42.590137 46.953796 -56.838570
v -42.626820 46.953796 -56.875252
v -42.626820 55.808731 -56.801895
v -42.626820 46.953796 -56.801895
v -42.663502 55.808731 -56.838570
v -42.626820 55.808731 -56.875252
v -42.626820 46.953796 -56.875252
v -42.663502 46.953796 -56.838570
v -42.626820 45.887211 -57.468998
v -42.626820 45.176071 -58.021492
v -43.218269 45.176071 -57.863003
v -43.172779 45.887211 -57.153782
v -43.651260 45.176071 -57.430016
v -43.809750 45.176071 -56.838566
v -43.172779 45.887211 -56.523350
v -43.651260 45.176071 -56.247116
v -43.218269 45.176071 -55.814125
v -42.626820 45.887211 -56.208134
v -42.626820 45.176071 -55.655636
v -43.139027 44.945026 -57.725769
v -42.626820 44.945026 -57.863003
v -43.513996 44.945026 -57.350800
v -43.651260 44.945026 -56.838566
v -43.513996 44.945026 -56.326359
v -43.139027 44.945026 -55.951389
v -42.626820 44.945026 -55.814125
v -42.626820 45.887211 -56.208134
v -42.626820 45.176071 -55.655636
v -42.035370 45.176071 -55.814125
v -42.080860 45.887211 -56.523350
v -41.602383 45.176071 -56.247116
v -41.443893 45.176071 -56.838566
v -42.080860 45.887211 -57.153782
v -41.602383 45.176071 -57.430016
v -42.035370 45.176071 -57.863003
v -42.626820 45.887211 -57.468998
v -42.626820 45.176071 -58.021492
v -42.114616 44.945026 -55.951389
v -42.626820 44.945026 -55.814125
v -41.739647 44.945026 -56.326359
v -41.602383 44.945026 -56.838566
v -41.739647 44.945026 -57.350800
v -42.114616 44.945026 -57.725769
v -42.626820 44.945026 -57.863003
v -42.922546 44.775898 -57.350800
v -43.139027 44.945026 -57.725769
v -42.626820 44.945026 -57.863003
v -42.626820 44.775898 -57.430016
v -43.139027 44.775898 -57.134293
v -43.513996 44.945026 -57.350800
v -43.218269 44.775898 -56.838566
v -43.651260 44.945026 -56.838566
v -43.139027 44.775898 -56.542839
v -43.513996 44.945026 -56.326359
v -42.922546 44.775898 -56.326359
v -43.139027 44.945026 -55.951389
v -42.626820 44.775898 -56.247116
v -42.331097 44.775898 -56.326359
v -42.114616 44.775898 -56.542839
v -42.035370 44.775898 -56.838566
v -42.114616 44.775898 -57.134293
v -42.331097 44.775898 -57.350800
v -42.626820 44.713989 -56.838566
v -42.626820 45.509960 -55.180653
v -44.203583 45.509960 -56.326244
v -41.274834 47.190670 -57.277863
v -41.791245 47.190670 -57.988617
v -42.626820 47.190670 -58.260105
v -41.274834 47.190670 -56.399296
v -43.462395 47.190670 -57.988617
v -41.791245 47.190670 -55.688511
v -39.999592 44.740185 -58.933697
v -44.084816 44.740185 -59.866138
vn -0.1087 -0.8726 -0.4762
vn -0.3045 -0.8726 -0.3819
vn -0.4401 -0.8726 -0.2119
vn -0.4884 -0.8726 -0.0000
vn -0.4401 -0.8726 0.2119
vn -0.3045 -0.8726 0.3819
vn -0.1087 -0.8726 0.4762
vn 0.1087 -0.8726 -0.4762
vn 0.3045 -0.8726 -0.3819
vn 0.4401 -0.8726 -0.2119
vn 0.4884 -0.8726 -0.0000
vn 0.4401 -0.8726 0.2119
vn 0.3045 -0.8726 0.3819
vn 0.1087 -0.8726 0.4762
vn -0.0000 1.0000 -0.0000
vn -0.8019 0.1326 0.5826
vn -0.9912 0.1326 -0.0000
vn -0.8019 0.1326 -0.5826
vn -0.3063 0.1326 -0.9427
vn 0.8019 0.1326 0.5826
vn 0.9912 0.1326 -0.0000
vn 0.8019 0.1326 -0.5826
vn 0.3063 0.1326 -0.9427
vn -0.3063 0.1326 0.9427
vn 0.3063 0.1326 0.9427
vn 0.3841 0.9046 0.1850
vn 0.3211 0.9179 0.2333
vn 0.1682 0.6545 0.7371
vn 0.4714 0.6545 0.5911
vn 0.6812 0.6545 0.3281
vn 0.6812 0.6545 0.3280
vn 0.4126 0.9109 -0.0000
vn 0.7561 0.6545 -0.0000
vn 0.6812 0.6545 -0.3281
vn 0.6812 0.6545 -0.3280
vn 0.4714 0.6545 -0.5911
vn 0.0936 0.9072 -0.4102
vn 0.1242 0.9156 -0.3824
vn -0.4714 0.6545 -0.5911
vn -0.1682 0.6545 -0.7371
vn 0.1682 0.6545 -0.7371
vn -0.1327 0.9031 0.4084
vn -0.0895 0.9155 0.3922
vn -0.1682 0.6545 0.7371
vn -0.1683 0.6545 0.7371
vn -0.4714 0.6545 0.5911
vn -0.6812 0.6545 0.3281
vn -0.3211 0.9179 -0.2333
vn -0.3841 0.9046 -0.1850
vn -0.7561 0.6545 -0.0000
vn -0.6812 0.6545 -0.3281
vn -0.6812 0.6545 -0.3280
vn 0.7071 -0.0000 -0.7071
vn 0.7070 -0.0000 0.7072
vn -0.7071 -0.0000 -0.7071
vn -0.7070 -0.0000 0.7072
vn -0.2070 0.6002 -0.7726
vn -0.3725 0.6672 -0.6451
vn -0.5656 0.6002 -0.5656
vn -0.7726 0.6002 -0.2070
vn -0.7449 0.6672 -0.0000
vn -0.7726 0.6002 0.2070
vn -0.5656 0.6002 0.5656
vn -0.3725 0.6672 0.6451
vn -0.2070 0.6002 0.7726
vn -0.2158 -0.5523 -0.8052
vn -0.2157 -0.5524 -0.8052
vn -0.5895 -0.5523 -0.5895
vn -0.8052 -0.5523 -0.2158
vn -0.8052 -0.5524 -0.2158
vn -0.8052 -0.5524 0.2158
vn -0.8052 -0.5523 0.2158
vn -0.5894 -0.5524 0.5894
vn -0.2158 -0.5523 0.8052
vn -0.2158 -0.5524 0.8052
vn 0.2070 0.6002 0.7726
vn 0.3725 0.6672 0.6451
vn 0.5656 0.6002 0.5656
vn 0.7726 0.6002 0.2070
vn 0.7449 0.6672 -0.0000
vn 0.7726 0.6002 -0.2070
vn 0.5656 0.6002 -0.5656
vn 0.3725 0.6672 -0.6451
vn 0.2070 0.6002 -0.7726
vn 0.2158 -0.5524 0.8052
vn 0.2158 -0.5523 0.8052
vn 0.5894 -0.5524 0.5894
vn 0.8052 -0.5523 0.2158
vn 0.8052 -0.5524 0.2158
vn 0.8052 -0.5523 -0.2158
vn 0.5895 -0.5523 -0.5895
vn 0.2158 -0.5523 -0.8052
vn -0.0970 -0.9271 -0.3621
vn -0.2651 -0.9271 -0.2651
vn -0.3621 -0.9271 -0.0970
vn -0.3621 -0.9271 0.0970
vn -0.2651 -0.9271 0.2651
vn -0.0970 -0.9271 0.3621
vn 0.0970 -0.9271 0.3621
vn 0.2651 -0.9271 0.2651
vn 0.3621 -0.9271 0.0970
vn 0.3621 -0.9271 -0.0970
vn 0.2651 -0.9271 -0.2651
vn 0.0970 -0.9271 -0.3621
vn -0.0279 -0.9942 -0.1041
vn -0.0762 -0.9942 -0.0762
vn -0.1041 -0.9942 -0.0279
vn -0.1041 -0.9942 0.0279
vn -0.0762 -0.9942 0.0762
vn -0.0279 -0.9942 0.1041
vn 0.0279 -0.9942 0.1041
vn 0.0762 -0.9942 0.0762
vn 0.1041 -0.9942 0.0279
vn 0.1041 -0.9942 -0.0279
vn 0.0762 -0.9942 -0.0762
vn 0.0279 -0.9942 -0.1041
vn 0.2676 0.9032 0.3356
vn 0.1327 0.9031 0.4084
vn 0.0895 0.9155 0.3922
vn 0.2676 0.9032 -0.3356
vn -0.2676 0.9032 -0.3356
vn -0.4126 0.9109 -0.0000
vn -0.3841 0.9046 0.1850
vn -0.3211 0.9179 0.2333
vn -0.2676 0.9032 0.3356
vn -0.0936 0.9072 -0.4102
vn -0.1242 0.9156 -0.3824
vn 0.3841 0.9046 -0.1850
vn 0.3211 0.9179 -0.2333
vt 0.428700 0.365900
vt 0.395100 0.438900
vt 0.700600 0.525600
vt 0.475300 0.301800
vt 0.543100 0.253500
vt 0.616000 0.220500
vt 0.699200 0.210000
vt 0.778700 0.219300
vt 0.854000 0.248400
vt 0.651600 0.912700
vt 0.685400 0.888200
vt 0.698300 0.848500
vt 0.610000 0.912700
vt 0.517800 0.208600
vt 0.496200 0.007900
vt 0.451900 0.013300
vt 0.478200 0.214500
vt 0.555600 0.205600
vt 0.542900 0.003900
vt 0.595500 0.203100
vt 0.589000 0.003300
vt 0.635400 0.203100
vt 0.635100 0.002500
vt 0.819700 0.013100
vt 0.772800 0.007100
vt 0.752200 0.209100
vt 0.792100 0.214500
vt 0.728200 0.003300
vt 0.712800 0.205300
vt 0.680700 0.002300
vt 0.674000 0.203400
vt 0.407100 0.019300
vt 0.439600 0.219600
vt 0.857500 0.019800
vt 0.830500 0.219600
vt 0.305300 0.779700
vt 0.340700 0.724500
vt 0.432700 0.800900
vt 0.408000 0.851000
vt 0.193500 0.826400
vt 0.285100 0.846500
vt 0.284600 0.912200
vt 0.191900 0.905900
vt 0.220200 0.745600
vt 0.266000 0.671300
vt 0.379000 0.676100
vt 0.466900 0.759700
vt 0.318200 0.602500
vt 0.388200 0.553600
vt 0.436100 0.636500
vt 0.475400 0.522900
vt 0.496400 0.616900
vt 0.559600 0.607700
vt 0.569800 0.727900
vt 0.519100 0.736200
vt 0.734600 0.543700
vt 0.689800 0.633200
vt 0.629500 0.612400
vt 0.644200 0.514800
vt 0.559600 0.509100
vt 0.827000 0.914400
vt 0.709700 0.890300
vt 0.707000 0.846300
vt 0.826200 0.852200
vt 0.925700 0.913000
vt 0.923700 0.836400
vt 0.812900 0.788700
vt 0.906200 0.755000
vt 0.787200 0.727400
vt 0.868600 0.676400
vt 0.655700 0.757000
vt 0.617100 0.733100
vt 0.744600 0.674700
vt 0.813400 0.604100
vt 0.857900 0.315400
vt 0.847600 0.315400
vt 0.847600 0.305200
vt 0.857900 0.305200
vt 0.826800 0.315400
vt 0.837200 0.315400
vt 0.837200 0.355500
vt 0.826800 0.355500
vt 0.847600 0.355500
vt 0.868300 0.315400
vt 0.868300 0.355500
vt 0.857900 0.355500
vt 0.333300 0.335200
vt 0.300300 0.247900
vt 0.326100 0.255500
vt 0.365900 0.345300
vt 0.353700 0.261000
vt 0.381500 0.262200
vt 0.396500 0.344100
vt 0.408400 0.260100
vt 0.436700 0.254200
vt 0.428300 0.333500
vt 0.463000 0.244100
vt 0.338700 0.209200
vt 0.332200 0.184600
vt 0.356700 0.227200
vt 0.381300 0.234300
vt 0.406300 0.226700
vt 0.423800 0.209200
vt 0.441800 0.228300
vt 0.405800 0.170800
vt 0.423800 0.160100
vt 0.430400 0.184600
vt 0.409600 0.185000
vt 0.395500 0.160400
vt 0.405800 0.142100
vt 0.381300 0.156600
vt 0.381300 0.135500
vt 0.367100 0.160400
vt 0.356700 0.142100
vt 0.356700 0.170800
vt 0.338700 0.160100
vt 0.352900 0.185000
vt 0.356700 0.199200
vt 0.367100 0.209600
vt 0.381300 0.213400
vt 0.395500 0.209600
vt 0.405800 0.199200
vt 0.381300 0.185100
vt 0.404900 0.896900
vt 0.689400 0.796000
vt 0.610000 0.784400
vt 0.576200 0.808900
vt 0.563300 0.848500
vt 0.651600 0.784400
vt 0.576200 0.888200
vt 0.685400 0.808900
s 0
usemtl 2_office_lamps_dif
f 2858/1443/1514 2859/1444/1514 2860/1445/1514
f 2861/1446/1515 2858/1443/1515 2860/1445/1515
f 2862/1447/1516 2861/1446/1516 2860/1445/1516
f 2863/1448/1517 2862/1447/1517 2860/1445/1517
f 2864/1449/1518 2863/1448/1518 2860/1445/1518
f 2865/1450/1519 2864/1449/1519 2860/1445/1519
f 2866/1451/1520 2865/1450/1520 2860/1445/1520
f 2867/1443/1521 2860/1445/1521 2859/1444/1521
f 2868/1446/1522 2860/1445/1522 2867/1443/1522
f 2869/1447/1523 2860/1445/1523 2868/1446/1523
f 2870/1448/1524 2860/1445/1524 2869/1447/1524
f 2871/1449/1525 2860/1445/1525 2870/1448/1525
f 2872/1450/1526 2860/1445/1526 2871/1449/1526
f 2866/1451/1527 2860/1445/1527 2872/1450/1527
f 2873/1452/1528 2874/1453/1528 2875/1454/1528
f 2873/1452/1528 2875/1454/1528 2876/1455/1528
f 2877/1456/1529 2878/1457/1529 2879/1458/1529
f 2877/1456/1529 2879/1458/1529 2880/1459/1529
f 2881/1460/1530 2882/1461/1530 2878/1457/1530
f 2881/1460/1530 2878/1457/1530 2877/1456/1530
f 2883/1462/1531 2884/1463/1531 2882/1461/1531
f 2883/1462/1531 2882/1461/1531 2881/1460/1531
f 2885/1464/1532 2886/1465/1532 2884/1463/1532
f 2885/1464/1532 2884/1463/1532 2883/1462/1532
f 2887/1466/1533 2888/1467/1533 2889/1468/1533
f 2887/1466/1533 2889/1468/1533 2890/1469/1533
f 2888/1467/1534 2891/1470/1534 2892/1471/1534
f 2888/1467/1534 2892/1471/1534 2889/1468/1534
f 2891/1470/1535 2893/1472/1535 2894/1473/1535
f 2891/1470/1535 2894/1473/1535 2892/1471/1535
f 2893/1472/1536 2886/1465/1536 2885/1464/1536
f 2893/1472/1536 2885/1464/1536 2894/1473/1536
f 2880/1459/1537 2879/1458/1537 2895/1474/1537
f 2880/1459/1537 2895/1474/1537 2896/1475/1537
f 2897/1476/1538 2887/1466/1538 2890/1469/1538
f 2897/1476/1538 2890/1469/1538 2898/1477/1538
f 2899/1478/1539 2900/1479/1539 2901/1480/1539
f 2899/1478/1540 2901/1480/1540 2902/1481/1540
f 2903/1482/1541 2904/1483/1541 2905/1484/1541
f 2903/1482/1541 2905/1484/1541 2906/1485/1541
f 2907/1486/1542 2899/1478/1542 2904/1483/1542
f 2907/1486/1542 2904/1483/1542 2903/1482/1542
f 2908/1487/1543 2900/1479/1543 2899/1478/1543
f 2908/1487/1544 2899/1478/1544 2907/1486/1544
f 2900/1479/1545 2909/1488/1545 2910/1489/1545
f 2900/1479/1545 2910/1489/1545 2901/1480/1545
f 2911/1490/1546 2909/1488/1546 2900/1479/1546
f 2911/1490/1546 2900/1479/1546 2908/1487/1546
f 2912/1491/1547 2913/1492/1547 2909/1488/1547
f 2912/1491/1548 2909/1488/1548 2911/1490/1548
f 2914/1493/1549 2915/1494/1549 2913/1492/1549
f 2914/1493/1549 2913/1492/1549 2912/1491/1549
f 2915/1494/1550 2916/1495/1550 2917/1496/1550
f 2915/1494/1551 2917/1496/1551 2918/1497/1551
f 2919/1498/1552 2920/1499/1552 2921/1500/1552
f 2919/1498/1552 2921/1500/1552 2922/1501/1552
f 2922/1501/1553 2921/1500/1553 2916/1495/1553
f 2922/1501/1553 2916/1495/1553 2923/1502/1553
f 2923/1502/1554 2916/1495/1554 2915/1494/1554
f 2923/1502/1554 2915/1494/1554 2914/1493/1554
f 2924/1503/1555 2925/1504/1555 2926/1505/1555
f 2924/1503/1556 2926/1505/1556 2927/1506/1556
f 2928/1507/1557 2924/1503/1557 2927/1506/1557
f 2928/1507/1558 2927/1506/1558 2929/1508/1558
f 2929/1508/1559 2927/1506/1559 2930/1509/1559
f 2929/1508/1559 2930/1509/1559 2931/1510/1559
f 2931/1510/1560 2930/1509/1560 2932/1511/1560
f 2931/1510/1560 2932/1511/1560 2933/1512/1560
f 2934/1513/1561 2935/1514/1561 2920/1499/1561
f 2934/1513/1562 2920/1499/1562 2936/1515/1562
f 2933/1512/1563 2932/1511/1563 2936/1515/1563
f 2933/1512/1563 2936/1515/1563 2937/1516/1563
f 2937/1516/1564 2936/1515/1564 2920/1499/1564
f 2937/1516/1565 2920/1499/1565 2919/1498/1565
f 2938/1517/1528 2939/1518/1528 2940/1519/1528
f 2938/1517/1528 2940/1519/1528 2941/1520/1528
f 2942/1521/1566 2943/1522/1566 2944/1523/1566
f 2942/1521/1566 2944/1523/1566 2945/1524/1566
f 2943/1522/1567 2946/1518/1567 2947/1525/1567
f 2943/1522/1567 2947/1525/1567 2944/1523/1567
f 2948/1517/1568 2949/1526/1568 2950/1527/1568
f 2948/1517/1568 2950/1527/1568 2951/1528/1568
f 2946/1518/1569 2948/1517/1569 2951/1528/1569
f 2946/1518/1569 2951/1528/1569 2947/1525/1569
f 2952/1529/1570 2953/1530/1570 2954/1531/1570
f 2952/1529/1571 2954/1531/1571 2955/1532/1571
f 2955/1532/1572 2954/1531/1572 2956/1533/1572
f 2955/1532/1573 2956/1533/1573 2957/1534/1573
f 2955/1532/1574 2957/1534/1574 2958/1535/1574
f 2958/1535/1575 2957/1534/1575 2959/1536/1575
f 2958/1535/1576 2959/1536/1576 2960/1537/1576
f 2958/1535/1577 2960/1537/1577 2961/1538/1577
f 2961/1538/1578 2960/1537/1578 2962/1539/1578
f 2963/1540/1579 2954/1531/1579 2953/1530/1579
f 2963/1540/1580 2953/1530/1580 2964/1541/1580
f 2965/1542/1581 2956/1533/1581 2954/1531/1581
f 2965/1542/1581 2954/1531/1581 2963/1540/1581
f 2966/1543/1582 2957/1534/1582 2956/1533/1582
f 2966/1543/1583 2956/1533/1583 2965/1542/1583
f 2967/1544/1584 2959/1536/1584 2957/1534/1584
f 2967/1544/1585 2957/1534/1585 2966/1543/1585
f 2968/1545/1586 2960/1537/1586 2959/1536/1586
f 2968/1545/1586 2959/1536/1586 2967/1544/1586
f 2969/1546/1587 2962/1539/1587 2960/1537/1587
f 2969/1546/1588 2960/1537/1588 2968/1545/1588
f 2970/1529/1589 2971/1530/1589 2972/1531/1589
f 2970/1529/1590 2972/1531/1590 2973/1532/1590
f 2973/1532/1591 2972/1531/1591 2974/1533/1591
f 2973/1532/1592 2974/1533/1592 2975/1534/1592
f 2973/1532/1593 2975/1534/1593 2976/1535/1593
f 2976/1535/1594 2975/1534/1594 2977/1536/1594
f 2976/1535/1595 2977/1536/1595 2978/1537/1595
f 2976/1535/1596 2978/1537/1596 2979/1538/1596
f 2979/1538/1597 2978/1537/1597 2980/1539/1597
f 2981/1540/1598 2972/1531/1598 2971/1530/1598
f 2981/1540/1599 2971/1530/1599 2982/1541/1599
f 2983/1542/1600 2974/1533/1600 2972/1531/1600
f 2983/1542/1600 2972/1531/1600 2981/1540/1600
f 2984/1543/1601 2975/1534/1601 2974/1533/1601
f 2984/1543/1602 2974/1533/1602 2983/1542/1602
f 2985/1544/1603 2977/1536/1603 2975/1534/1603
f 2985/1544/1603 2975/1534/1603 2984/1543/1603
f 2986/1545/1604 2978/1537/1604 2977/1536/1604
f 2986/1545/1604 2977/1536/1604 2985/1544/1604
f 2987/1546/1605 2980/1539/1605 2978/1537/1605
f 2987/1546/1605 2978/1537/1605 2986/1545/1605
f 2988/1547/1606 2989/1548/1606 2990/1549/1606
f 2988/1547/1606 2990/1549/1606 2991/1550/1606
f 2992/1551/1607 2993/1552/1607 2989/1548/1607
f 2992/1551/1607 2989/1548/1607 2988/1547/1607
f 2994/1553/1608 2995/1554/1608 2993/1552/1608
f 2994/1553/1608 2993/1552/1608 2992/1551/1608
f 2996/1555/1609 2997/1556/1609 2995/1554/1609
f 2996/1555/1609 2995/1554/1609 2994/1553/1609
f 2998/1557/1610 2999/1558/1610 2997/1556/1610
f 2998/1557/1610 2997/1556/1610 2996/1555/1610
f 3000/1559/1611 2982/1541/1611 2999/1558/1611
f 3000/1559/1611 2999/1558/1611 2998/1557/1611
f 3001/1560/1612 2981/1540/1612 2982/1541/1612
f 3001/1560/1612 2982/1541/1612 3000/1559/1612
f 3002/1561/1613 2983/1542/1613 2981/1540/1613
f 3002/1561/1613 2981/1540/1613 3001/1560/1613
f 3003/1562/1614 2984/1543/1614 2983/1542/1614
f 3003/1562/1614 2983/1542/1614 3002/1561/1614
f 3004/1563/1615 2985/1544/1615 2984/1543/1615
f 3004/1563/1615 2984/1543/1615 3003/1562/1615
f 3005/1564/1616 2986/1545/1616 2985/1544/1616
f 3005/1564/1616 2985/1544/1616 3004/1563/1616
f 2991/1550/1617 2990/1549/1617 2986/1545/1617
f 2991/1550/1617 2986/1545/1617 3005/1564/1617
f 3006/1565/1618 2988/1547/1618 2991/1550/1618
f 3006/1565/1619 2992/1551/1619 2988/1547/1619
f 3006/1565/1620 2994/1553/1620 2992/1551/1620
f 3006/1565/1621 2996/1555/1621 2994/1553/1621
f 3006/1565/1622 2998/1557/1622 2996/1555/1622
f 3006/1565/1623 3000/1559/1623 2998/1557/1623
f 3006/1565/1624 3001/1560/1624 3000/1559/1624
f 3006/1565/1625 3002/1561/1625 3001/1560/1625
f 3006/1565/1626 3003/1562/1626 3002/1561/1626
f 3006/1565/1627 3004/1563/1627 3003/1562/1627
f 3006/1565/1628 3005/1564/1628 3004/1563/1628
f 3006/1565/1629 2991/1550/1629 3005/1564/1629
f 2902/1481/1630 2904/1483/1630 2899/1478/1630
f 2902/1481/1631 3007/1566/1631 2905/1484/1631
f 2902/1481/1632 2905/1484/1632 2904/1483/1632
f 2913/1492/1633 2915/1494/1633 2918/1497/1633
f 2913/1492/1528 2918/1497/1528 3015/1492/1528
f 2921/1500/1634 2920/1499/1634 2935/1514/1634
f 2921/1500/1528 2935/1514/1528 3016/1500/1528
f 2932/1511/1635 3008/1567/1635 2934/1513/1635
f 2932/1511/1635 2934/1513/1635 2936/1515/1635
f 3008/1567/1636 2932/1511/1636 2930/1509/1636
f 3008/1567/1637 2930/1509/1637 2926/1505/1637
f 2926/1505/1638 2930/1509/1638 2927/1506/1638
f 3009/1568/1528 3010/1569/1528 3011/1570/1528
f 3009/1568/1528 3011/1570/1528 3012/1571/1528
f 3012/1571/1528 3011/1570/1528 3013/1572/1528
f 3012/1571/1528 3013/1572/1528 3014/1573/1528
f 3014/1573/1528 3013/1572/1528 2876/1455/1528
f 3014/1573/1528 2876/1455/1528 2875/1454/1528
f 2916/1495/1528 2921/1500/1528 3016/1500/1528
f 2916/1495/1639 3016/1500/1639 2917/1496/1639
f 2935/1514/1640 2917/1496/1640 3016/1500/1640
f 2909/1488/1528 2913/1492/1528 3015/1492/1528
f 2909/1488/1641 3015/1492/1641 2910/1489/1641
f 2918/1497/1642 2910/1489/1642 3015/1492/1642
o classname=mesh.007
v -40.862644 43.945377 32.064457
v -42.626820 43.945377 32.467129
v -42.626820 46.164276 28.401114
v -39.447865 43.945377 30.936226
v -38.662750 43.945377 29.305876
v -38.662750 43.945377 27.496321
v -39.447865 43.945377 25.865973
v -40.862644 43.945377 24.737740
v -42.626820 43.945377 24.335094
v -44.390999 43.945377 32.064457
v -45.805779 43.945377 30.936226
v -46.590893 43.945377 29.305876
v -46.590893 43.945377 27.496321
v -45.805779 43.945377 25.865973
v -44.390999 43.945377 24.737740
v -43.978806 47.190670 28.840380
v -43.462395 47.190670 29.551167
v -42.626820 47.190670 29.822655
v -43.978806 47.190670 27.961815
v -43.978806 47.190670 28.840380
v -44.203583 45.509960 28.913431
v -43.601307 45.509960 29.742388
v -43.462395 47.190670 29.551167
v -43.978806 47.190670 27.961815
v -44.203583 45.509960 27.888792
v -43.462395 47.190670 27.251060
v -43.601307 45.509960 27.059839
v -42.626820 47.190670 26.979570
v -42.626820 45.509960 26.743202
v -41.652332 45.509960 29.742388
v -41.050056 45.509960 28.913431
v -41.274834 47.190670 28.840380
v -41.791245 47.190670 29.551167
v -41.050056 45.509960 27.888792
v -41.274834 47.190670 27.961815
v -41.652332 45.509960 27.059839
v -41.791245 47.190670 27.251060
v -42.626820 45.509960 30.059025
v -42.626820 47.190670 29.822655
v -42.626820 45.509960 30.059025
v -42.626820 47.190670 29.822655
v -39.999592 44.740185 30.496246
v -39.350719 44.740185 29.148863
v -41.050056 45.509960 28.913431
v -41.652332 45.509960 29.742388
v -40.862644 43.945377 32.064457
v -41.168823 44.740185 31.428684
v -42.626820 44.740185 31.761459
v -42.626820 43.945377 32.467129
v -39.447865 43.945377 30.936226
v -38.662750 43.945377 29.305876
v -39.350719 44.740185 27.653360
v -41.050056 45.509960 27.888792
v -38.662750 43.945377 27.496321
v -39.447865 43.945377 25.865973
v -39.999592 44.740185 26.305979
v -40.862644 43.945377 24.737740
v -41.168823 44.740185 25.373541
v -42.626820 44.740185 25.040766
v -42.626820 45.509960 26.743202
v -41.652332 45.509960 27.059839
v -45.805779 43.945377 25.865973
v -45.254047 44.740185 26.305979
v -44.084816 44.740185 25.373541
v -44.390999 43.945377 24.737740
v -42.626820 43.945377 24.335094
v -42.626820 44.740185 31.761459
v -42.626820 45.509960 30.059025
v -43.601307 45.509960 29.742388
v -44.084816 44.740185 31.428684
v -42.626820 43.945377 32.467129
v -44.390999 43.945377 32.064457
v -45.254047 44.740185 30.496246
v -45.805779 43.945377 30.936226
v -45.902924 44.740185 29.148863
v -46.590893 43.945377 29.305876
v -44.203583 45.509960 27.888792
v -43.601307 45.509960 27.059839
v -45.902924 44.740185 27.653360
v -46.590893 43.945377 27.496321
v -42.626820 55.808731 28.437782
v -42.590137 55.808731 28.401108
v -42.626820 55.808731 28.364426
v -42.663502 55.808731 28.401108
v -42.626820 55.808731 28.364426
v -42.590137 55.808731 28.401108
v -42.590137 46.953796 28.401108
v -42.626820 46.953796 28.364426
v -42.626820 55.808731 28.437782
v -42.626820 46.953796 28.437782
v -42.663502 55.808731 28.401108
v -42.626820 55.808731 28.364426
v -42.626820 46.953796 28.364426
v -42.663502 46.953796 28.401108
v -42.626820 45.887211 27.770681
v -42.626820 45.176071 27.218184
v -43.218269 45.176071 27.376675
v -43.172779 45.887211 28.085896
v -43.651260 45.176071 27.809664
v -43.809750 45.176071 28.401114
v -43.172779 45.887211 28.716328
v -43.651260 45.176071 28.992563
v -43.218269 45.176071 29.425550
v -42.626820 45.887211 29.031546
v -42.626820 45.176071 29.584042
v -43.139027 44.945026 27.513910
v -42.626820 44.945026 27.376675
v -43.513996 44.945026 27.888880
v -43.651260 44.945026 28.401114
v -43.513996 44.945026 28.913319
v -43.139027 44.945026 29.288286
v -42.626820 44.945026 29.425550
v -42.626820 45.887211 29.031546
v -42.626820 45.176071 29.584042
v -42.035370 45.176071 29.425550
v -42.080860 45.887211 28.716328
v -41.602383 45.176071 28.992563
v -41.443893 45.176071 28.401114
v -42.080860 45.887211 28.085896
v -41.602383 45.176071 27.809664
v -42.035370 45.176071 27.376675
v -42.626820 45.887211 27.770681
v -42.626820 45.176071 27.218184
v -42.114616 44.945026 29.288286
v -42.626820 44.945026 29.425550
v -41.739647 44.945026 28.913319
v -41.602383 44.945026 28.401114
v -41.739647 44.945026 27.888880
v -42.114616 44.945026 27.513910
v -42.626820 44.945026 27.376675
v -42.922546 44.775898 27.888880
v -43.139027 44.945026 27.513910
v -42.626820 44.945026 27.376675
v -42.626820 44.775898 27.809664
v -43.139027 44.775898 28.105387
v -43.513996 44.945026 27.888880
v -43.218269 44.775898 28.401114
v -43.651260 44.945026 28.401114
v -43.139027 44.775898 28.696836
v -43.513996 44.945026 28.913319
v -42.922546 44.775898 28.913319
v -43.139027 44.945026 29.288286
v -42.626820 44.775898 28.992563
v -42.331097 44.775898 28.913319
v -42.114616 44.775898 28.696836
v -42.035370 44.775898 28.401114
v -42.114616 44.775898 28.105387
v -42.331097 44.775898 27.888880
v -42.626820 44.713989 28.401114
v -42.626820 45.509960 30.059025
v -44.203583 45.509960 28.913431
v -41.274834 47.190670 27.961815
v -41.791245 47.190670 27.251060
v -42.626820 47.190670 26.979570
v -41.274834 47.190670 28.840380
v -43.462395 47.190670 27.251060
v -41.791245 47.190670 29.551167
v -39.999592 44.740185 26.305979
v -44.084816 44.740185 25.373541
vn -0.1087 -0.8726 -0.4762
vn -0.3045 -0.8726 -0.3819
vn -0.4401 -0.8726 -0.2119
vn -0.4884 -0.8726 -0.0000
vn -0.4401 -0.8726 0.2119
vn -0.3045 -0.8726 0.3819
vn -0.1087 -0.8726 0.4762
vn 0.1087 -0.8726 -0.4762
vn 0.3045 -0.8726 -0.3819
vn 0.4401 -0.8726 -0.2119
vn 0.4884 -0.8726 -0.0000
vn 0.4401 -0.8726 0.2119
vn 0.3045 -0.8726 0.3819
vn 0.1087 -0.8726 0.4762
vn -0.0000 1.0000 -0.0000
vn -0.8019 0.1326 0.5826
vn -0.9912 0.1326 -0.0000
vn -0.8019 0.1326 -0.5826
vn -0.3063 0.1326 -0.9427
vn 0.8019 0.1326 0.5826
vn 0.9912 0.1326 -0.0000
vn 0.8019 0.1326 -0.5826
vn 0.3063 0.1326 -0.9427
vn -0.3063 0.1326 0.9427
vn 0.3063 0.1326 0.9427
vn 0.3841 0.9046 0.1850
vn 0.3211 0.9179 0.2333
vn 0.1682 0.6545 0.7371
vn 0.4714 0.6545 0.5911
vn 0.6812 0.6545 0.3281
vn 0.6812 0.6545 0.3280
vn 0.4126 0.9109 -0.0000
vn 0.7561 0.6545 -0.0000
vn 0.6812 0.6545 -0.3281
vn 0.6812 0.6545 -0.3280
vn 0.4714 0.6545 -0.5911
vn 0.0936 0.9072 -0.4102
vn 0.1242 0.9156 -0.3824
vn -0.4714 0.6545 -0.5911
vn -0.1682 0.6545 -0.7371
vn 0.1682 0.6545 -0.7371
vn -0.1327 0.9031 0.4084
vn -0.0895 0.9155 0.3922
vn -0.1682 0.6545 0.7371
vn -0.1683 0.6545 0.7371
vn -0.4714 0.6545 0.5911
vn -0.6812 0.6545 0.3281
vn -0.3211 0.9179 -0.2333
vn -0.3841 0.9046 -0.1850
vn -0.7561 0.6545 -0.0000
vn -0.6812 0.6545 -0.3281
vn -0.6812 0.6545 -0.3280
vn 0.7071 -0.0000 -0.7071
vn 0.7070 -0.0000 0.7072
vn -0.7071 -0.0000 -0.7071
vn -0.7070 -0.0000 0.7072
vn -0.2070 0.6002 -0.7726
vn -0.3725 0.6672 -0.6451
vn -0.5656 0.6002 -0.5656
vn -0.7726 0.6002 -0.2070
vn -0.7449 0.6672 -0.0000
vn -0.7726 0.6002 0.2070
vn -0.5656 0.6002 0.5656
vn -0.3725 0.6672 0.6451
vn -0.2070 0.6002 0.7726
vn -0.2158 -0.5523 -0.8052
vn -0.2157 -0.5524 -0.8052
vn -0.5895 -0.5523 -0.5895
vn -0.8052 -0.5523 -0.2158
vn -0.8052 -0.5524 -0.2158
vn -0.8052 -0.5524 0.2158
vn -0.8052 -0.5523 0.2158
vn -0.5894 -0.5524 0.5894
vn -0.2158 -0.5523 0.8052
vn -0.2158 -0.5524 0.8052
vn 0.2070 0.6002 0.7726
vn 0.3725 0.6672 0.6451
vn 0.5656 0.6002 0.5656
vn 0.7726 0.6002 0.2070
vn 0.7449 0.6672 -0.0000
vn 0.7726 0.6002 -0.2070
vn 0.5656 0.6002 -0.5656
vn 0.3725 0.6672 -0.6451
vn 0.2070 0.6002 -0.7726
vn 0.2158 -0.5524 0.8052
vn 0.2158 -0.5523 0.8052
vn 0.5894 -0.5524 0.5894
vn 0.8052 -0.5523 0.2158
vn 0.8052 -0.5524 0.2158
vn 0.8052 -0.5523 -0.2158
vn 0.5895 -0.5523 -0.5895
vn 0.2158 -0.5523 -0.8052
vn -0.0970 -0.9271 -0.3621
vn -0.2651 -0.9271 -0.2651
vn -0.3621 -0.9271 -0.0970
vn -0.3621 -0.9271 0.0970
vn -0.2651 -0.9271 0.2651
vn -0.0970 -0.9271 0.3621
vn 0.0970 -0.9271 0.3621
vn 0.2651 -0.9271 0.2651
vn 0.3621 -0.9271 0.0970
vn 0.3621 -0.9271 -0.0970
vn 0.2651 -0.9271 -0.2651
vn 0.0970 -0.9271 -0.3621
vn -0.0279 -0.9942 -0.1041
vn -0.0762 -0.9942 -0.0762
vn -0.1041 -0.9942 -0.0279
vn -0.1041 -0.9942 0.0279
vn -0.0762 -0.9942 0.0762
vn -0.0279 -0.9942 0.1041
vn 0.0279 -0.9942 0.1041
vn 0.0762 -0.9942 0.0762
vn 0.1041 -0.9942 0.0279
vn 0.1041 -0.9942 -0.0279
vn 0.0762 -0.9942 -0.0762
vn 0.0279 -0.9942 -0.1041
vn 0.2676 0.9032 0.3356
vn 0.1327 0.9031 0.4084
vn 0.0895 0.9155 0.3922
vn 0.2676 0.9032 -0.3356
vn -0.2676 0.9032 -0.3356
vn -0.4126 0.9109 -0.0000
vn -0.3841 0.9046 0.1850
vn -0.3211 0.9179 0.2333
vn -0.2676 0.9032 0.3356
vn -0.0936 0.9072 -0.4102
vn -0.1242 0.9156 -0.3824
vn 0.3841 0.9046 -0.1850
vn 0.3211 0.9179 -0.2333
vt 0.428700 0.365900
vt 0.395100 0.438900
vt 0.700600 0.525600
vt 0.475300 0.301800
vt 0.543100 0.253500
vt 0.616000 0.220500
vt 0.699200 0.210000
vt 0.778700 0.219300
vt 0.854000 0.248400
vt 0.651600 0.912700
vt 0.685400 0.888200
vt 0.698300 0.848500
vt 0.610000 0.912700
vt 0.517800 0.208600
vt 0.496200 0.007900
vt 0.451900 0.013300
vt 0.478200 0.214500
vt 0.555600 0.205600
vt 0.542900 0.003900
vt 0.595500 0.203100
vt 0.589000 0.003300
vt 0.635400 0.203100
vt 0.635100 0.002500
vt 0.819700 0.013100
vt 0.772800 0.007100
vt 0.752200 0.209100
vt 0.792100 0.214500
vt 0.728200 0.003300
vt 0.712800 0.205300
vt 0.680700 0.002300
vt 0.674000 0.203400
vt 0.407100 0.019300
vt 0.439600 0.219600
vt 0.857500 0.019800
vt 0.830500 0.219600
vt 0.305300 0.779700
vt 0.340700 0.724500
vt 0.432700 0.800900
vt 0.408000 0.851000
vt 0.193500 0.826400
vt 0.285100 0.846500
vt 0.284600 0.912200
vt 0.191900 0.905900
vt 0.220200 0.745600
vt 0.266000 0.671300
vt 0.379000 0.676100
vt 0.466900 0.759700
vt 0.318200 0.602500
vt 0.388200 0.553600
vt 0.436100 0.636500
vt 0.475400 0.522900
vt 0.496400 0.616900
vt 0.559600 0.607700
vt 0.569800 0.727900
vt 0.519100 0.736200
vt 0.734600 0.543700
vt 0.689800 0.633200
vt 0.629500 0.612400
vt 0.644200 0.514800
vt 0.559600 0.509100
vt 0.827000 0.914400
vt 0.709700 0.890300
vt 0.707000 0.846300
vt 0.826200 0.852200
vt 0.925700 0.913000
vt 0.923700 0.836400
vt 0.812900 0.788700
vt 0.906200 0.755000
vt 0.787200 0.727400
vt 0.868600 0.676400
vt 0.655700 0.757000
vt 0.617100 0.733100
vt 0.744600 0.674700
vt 0.813400 0.604100
vt 0.857900 0.315400
vt 0.847600 0.315400
vt 0.847600 0.305200
vt 0.857900 0.305200
vt 0.826800 0.315400
vt 0.837200 0.315400
vt 0.837200 0.355500
vt 0.826800 0.355500
vt 0.847600 0.355500
vt 0.868300 0.315400
vt 0.868300 0.355500
vt 0.857900 0.355500
vt 0.333300 0.335200
vt 0.300300 0.247900
vt 0.326100 0.255500
vt 0.365900 0.345300
vt 0.353700 0.261000
vt 0.381500 0.262200
vt 0.396500 0.344100
vt 0.408400 0.260100
vt 0.436700 0.254200
vt 0.428300 0.333500
vt 0.463000 0.244100
vt 0.338700 0.209200
vt 0.332200 0.184600
vt 0.356700 0.227200
vt 0.381300 0.234300
vt 0.406300 0.226700
vt 0.423800 0.209200
vt 0.441800 0.228300
vt 0.405800 0.170800
vt 0.423800 0.160100
vt 0.430400 0.184600
vt 0.409600 0.185000
vt 0.395500 0.160400
vt 0.405800 0.142100
vt 0.381300 0.156600
vt 0.381300 0.135500
vt 0.367100 0.160400
vt 0.356700 0.142100
vt 0.356700 0.170800
vt 0.338700 0.160100
vt 0.352900 0.185000
vt 0.356700 0.199200
vt 0.367100 0.209600
vt 0.381300 0.213400
vt 0.395500 0.209600
vt 0.405800 0.199200
vt 0.381300 0.185100
vt 0.404900 0.896900
vt 0.689400 0.796000
vt 0.610000 0.784400
vt 0.576200 0.808900
vt 0.563300 0.848500
vt 0.651600 0.784400
vt 0.576200 0.888200
vt 0.685400 0.808900
s 0
usemtl 2_office_lamps_dif
f 3017/1574/1643 3018/1575/1643 3019/1576/1643
f 3020/1577/1644 3017/1574/1644 3019/1576/1644
f 3021/1578/1645 3020/1577/1645 3019/1576/1645
f 3022/1579/1646 3021/1578/1646 3019/1576/1646
f 3023/1580/1647 3022/1579/1647 3019/1576/1647
f 3024/1581/1648 3023/1580/1648 3019/1576/1648
f 3025/1582/1649 3024/1581/1649 3019/1576/1649
f 3026/1574/1650 3019/1576/1650 3018/1575/1650
f 3027/1577/1651 3019/1576/1651 3026/1574/1651
f 3028/1578/1652 3019/1576/1652 3027/1577/1652
f 3029/1579/1653 3019/1576/1653 3028/1578/1653
f 3030/1580/1654 3019/1576/1654 3029/1579/1654
f 3031/1581/1655 3019/1576/1655 3030/1580/1655
f 3025/1582/1656 3019/1576/1656 3031/1581/1656
f 3032/1583/1657 3033/1584/1657 3034/1585/1657
f 3032/1583/1657 3034/1585/1657 3035/1586/1657
f 3036/1587/1658 3037/1588/1658 3038/1589/1658
f 3036/1587/1658 3038/1589/1658 3039/1590/1658
f 3040/1591/1659 3041/1592/1659 3037/1588/1659
f 3040/1591/1659 3037/1588/1659 3036/1587/1659
f 3042/1593/1660 3043/1594/1660 3041/1592/1660
f 3042/1593/1660 3041/1592/1660 3040/1591/1660
f 3044/1595/1661 3045/1596/1661 3043/1594/1661
f 3044/1595/1661 3043/1594/1661 3042/1593/1661
f 3046/1597/1662 3047/1598/1662 3048/1599/1662
f 3046/1597/1662 3048/1599/1662 3049/1600/1662
f 3047/1598/1663 3050/1601/1663 3051/1602/1663
f 3047/1598/1663 3051/1602/1663 3048/1599/1663
f 3050/1601/1664 3052/1603/1664 3053/1604/1664
f 3050/1601/1664 3053/1604/1664 3051/1602/1664
f 3052/1603/1665 3045/1596/1665 3044/1595/1665
f 3052/1603/1665 3044/1595/1665 3053/1604/1665
f 3039/1590/1666 3038/1589/1666 3054/1605/1666
f 3039/1590/1666 3054/1605/1666 3055/1606/1666
f 3056/1607/1667 3046/1597/1667 3049/1600/1667
f 3056/1607/1667 3049/1600/1667 3057/1608/1667
f 3058/1609/1668 3059/1610/1668 3060/1611/1668
f 3058/1609/1669 3060/1611/1669 3061/1612/1669
f 3062/1613/1670 3063/1614/1670 3064/1615/1670
f 3062/1613/1670 3064/1615/1670 3065/1616/1670
f 3066/1617/1671 3058/1609/1671 3063/1614/1671
f 3066/1617/1671 3063/1614/1671 3062/1613/1671
f 3067/1618/1672 3059/1610/1672 3058/1609/1672
f 3067/1618/1673 3058/1609/1673 3066/1617/1673
f 3059/1610/1674 3068/1619/1674 3069/1620/1674
f 3059/1610/1674 3069/1620/1674 3060/1611/1674
f 3070/1621/1675 3068/1619/1675 3059/1610/1675
f 3070/1621/1675 3059/1610/1675 3067/1618/1675
f 3071/1622/1676 3072/1623/1676 3068/1619/1676
f 3071/1622/1677 3068/1619/1677 3070/1621/1677
f 3073/1624/1678 3074/1625/1678 3072/1623/1678
f 3073/1624/1678 3072/1623/1678 3071/1622/1678
f 3074/1625/1679 3075/1626/1679 3076/1627/1679
f 3074/1625/1680 3076/1627/1680 3077/1628/1680
f 3078/1629/1681 3079/1630/1681 3080/1631/1681
f 3078/1629/1681 3080/1631/1681 3081/1632/1681
f 3081/1632/1682 3080/1631/1682 3075/1626/1682
f 3081/1632/1682 3075/1626/1682 3082/1633/1682
f 3082/1633/1683 3075/1626/1683 3074/1625/1683
f 3082/1633/1683 3074/1625/1683 3073/1624/1683
f 3083/1634/1684 3084/1635/1684 3085/1636/1684
f 3083/1634/1685 3085/1636/1685 3086/1637/1685
f 3087/1638/1686 3083/1634/1686 3086/1637/1686
f 3087/1638/1687 3086/1637/1687 3088/1639/1687
f 3088/1639/1688 3086/1637/1688 3089/1640/1688
f 3088/1639/1688 3089/1640/1688 3090/1641/1688
f 3090/1641/1689 3089/1640/1689 3091/1642/1689
f 3090/1641/1689 3091/1642/1689 3092/1643/1689
f 3093/1644/1690 3094/1645/1690 3079/1630/1690
f 3093/1644/1691 3079/1630/1691 3095/1646/1691
f 3092/1643/1692 3091/1642/1692 3095/1646/1692
f 3092/1643/1692 3095/1646/1692 3096/1647/1692
f 3096/1647/1693 3095/1646/1693 3079/1630/1693
f 3096/1647/1694 3079/1630/1694 3078/1629/1694
f 3097/1648/1657 3098/1649/1657 3099/1650/1657
f 3097/1648/1657 3099/1650/1657 3100/1651/1657
f 3101/1652/1695 3102/1653/1695 3103/1654/1695
f 3101/1652/1695 3103/1654/1695 3104/1655/1695
f 3102/1653/1696 3105/1649/1696 3106/1656/1696
f 3102/1653/1696 3106/1656/1696 3103/1654/1696
f 3107/1648/1697 3108/1657/1697 3109/1658/1697
f 3107/1648/1697 3109/1658/1697 3110/1659/1697
f 3105/1649/1698 3107/1648/1698 3110/1659/1698
f 3105/1649/1698 3110/1659/1698 3106/1656/1698
f 3111/1660/1699 3112/1661/1699 3113/1662/1699
f 3111/1660/1700 3113/1662/1700 3114/1663/1700
f 3114/1663/1701 3113/1662/1701 3115/1664/1701
f 3114/1663/1702 3115/1664/1702 3116/1665/1702
f 3114/1663/1703 3116/1665/1703 3117/1666/1703
f 3117/1666/1704 3116/1665/1704 3118/1667/1704
f 3117/1666/1705 3118/1667/1705 3119/1668/1705
f 3117/1666/1706 3119/1668/1706 3120/1669/1706
f 3120/1669/1707 3119/1668/1707 3121/1670/1707
f 3122/1671/1708 3113/1662/1708 3112/1661/1708
f 3122/1671/1709 3112/1661/1709 3123/1672/1709
f 3124/1673/1710 3115/1664/1710 3113/1662/1710
f 3124/1673/1710 3113/1662/1710 3122/1671/1710
f 3125/1674/1711 3116/1665/1711 3115/1664/1711
f 3125/1674/1712 3115/1664/1712 3124/1673/1712
f 3126/1675/1713 3118/1667/1713 3116/1665/1713
f 3126/1675/1714 3116/1665/1714 3125/1674/1714
f 3127/1676/1715 3119/1668/1715 3118/1667/1715
f 3127/1676/1715 3118/1667/1715 3126/1675/1715
f 3128/1677/1716 3121/1670/1716 3119/1668/1716
f 3128/1677/1717 3119/1668/1717 3127/1676/1717
f 3129/1660/1718 3130/1661/1718 3131/1662/1718
f 3129/1660/1719 3131/1662/1719 3132/1663/1719
f 3132/1663/1720 3131/1662/1720 3133/1664/1720
f 3132/1663/1721 3133/1664/1721 3134/1665/1721
f 3132/1663/1722 3134/1665/1722 3135/1666/1722
f 3135/1666/1723 3134/1665/1723 3136/1667/1723
f 3135/1666/1724 3136/1667/1724 3137/1668/1724
f 3135/1666/1725 3137/1668/1725 3138/1669/1725
f 3138/1669/1726 3137/1668/1726 3139/1670/1726
f 3140/1671/1727 3131/1662/1727 3130/1661/1727
f 3140/1671/1728 3130/1661/1728 3141/1672/1728
f 3142/1673/1729 3133/1664/1729 3131/1662/1729
f 3142/1673/1729 3131/1662/1729 3140/1671/1729
f 3143/1674/1730 3134/1665/1730 3133/1664/1730
f 3143/1674/1731 3133/1664/1731 3142/1673/1731
f 3144/1675/1732 3136/1667/1732 3134/1665/1732
f 3144/1675/1732 3134/1665/1732 3143/1674/1732
f 3145/1676/1733 3137/1668/1733 3136/1667/1733
f 3145/1676/1733 3136/1667/1733 3144/1675/1733
f 3146/1677/1734 3139/1670/1734 3137/1668/1734
f 3146/1677/1734 3137/1668/1734 3145/1676/1734
f 3147/1678/1735 3148/1679/1735 3149/1680/1735
f 3147/1678/1735 3149/1680/1735 3150/1681/1735
f 3151/1682/1736 3152/1683/1736 3148/1679/1736
f 3151/1682/1736 3148/1679/1736 3147/1678/1736
f 3153/1684/1737 3154/1685/1737 3152/1683/1737
f 3153/1684/1737 3152/1683/1737 3151/1682/1737
f 3155/1686/1738 3156/1687/1738 3154/1685/1738
f 3155/1686/1738 3154/1685/1738 3153/1684/1738
f 3157/1688/1739 3158/1689/1739 3156/1687/1739
f 3157/1688/1739 3156/1687/1739 3155/1686/1739
f 3159/1690/1740 3141/1672/1740 3158/1689/1740
f 3159/1690/1740 3158/1689/1740 3157/1688/1740
f 3160/1691/1741 3140/1671/1741 3141/1672/1741
f 3160/1691/1741 3141/1672/1741 3159/1690/1741
f 3161/1692/1742 3142/1673/1742 3140/1671/1742
f 3161/1692/1742 3140/1671/1742 3160/1691/1742
f 3162/1693/1743 3143/1674/1743 3142/1673/1743
f 3162/1693/1743 3142/1673/1743 3161/1692/1743
f 3163/1694/1744 3144/1675/1744 3143/1674/1744
f 3163/1694/1744 3143/1674/1744 3162/1693/1744
f 3164/1695/1745 3145/1676/1745 3144/1675/1745
f 3164/1695/1745 3144/1675/1745 3163/1694/1745
f 3150/1681/1746 3149/1680/1746 3145/1676/1746
f 3150/1681/1746 3145/1676/1746 3164/1695/1746
f 3165/1696/1747 3147/1678/1747 3150/1681/1747
f 3165/1696/1748 3151/1682/1748 3147/1678/1748
f 3165/1696/1749 3153/1684/1749 3151/1682/1749
f 3165/1696/1750 3155/1686/1750 3153/1684/1750
f 3165/1696/1751 3157/1688/1751 3155/1686/1751
f 3165/1696/1752 3159/1690/1752 3157/1688/1752
f 3165/1696/1753 3160/1691/1753 3159/1690/1753
f 3165/1696/1754 3161/1692/1754 3160/1691/1754
f 3165/1696/1755 3162/1693/1755 3161/1692/1755
f 3165/1696/1756 3163/1694/1756 3162/1693/1756
f 3165/1696/1757 3164/1695/1757 3163/1694/1757
f 3165/1696/1758 3150/1681/1758 3164/1695/1758
f 3061/1612/1759 3063/1614/1759 3058/1609/1759
f 3061/1612/1760 3166/1697/1760 3064/1615/1760
f 3061/1612/1761 3064/1615/1761 3063/1614/1761
f 3072/1623/1762 3074/1625/1762 3077/1628/1762
f 3072/1623/1657 3077/1628/1657 3174/1623/1657
f 3080/1631/1763 3079/1630/1763 3094/1645/1763
f 3080/1631/1657 3094/1645/1657 3175/1631/1657
f 3091/1642/1764 3167/1698/1764 3093/1644/1764
f 3091/1642/1764 3093/1644/1764 3095/1646/1764
f 3167/1698/1765 3091/1642/1765 3089/1640/1765
f 3167/1698/1766 3089/1640/1766 3085/1636/1766
f 3085/1636/1767 3089/1640/1767 3086/1637/1767
f 3168/1699/1657 3169/1700/1657 3170/1701/1657
f 3168/1699/1657 3170/1701/1657 3171/1702/1657
f 3171/1702/1657 3170/1701/1657 3172/1703/1657
f 3171/1702/1657 3172/1703/1657 3173/1704/1657
f 3173/1704/1657 3172/1703/1657 3035/1586/1657
f 3173/1704/1657 3035/1586/1657 3034/1585/1657
f 3075/1626/1657 3080/1631/1657 3175/1631/1657
f 3075/1626/1768 3175/1631/1768 3076/1627/1768
f 3094/1645/1769 3076/1627/1769 3175/1631/1769
f 3068/1619/1657 3072/1623/1657 3174/1623/1657
f 3068/1619/1770 3174/1623/1770 3069/1620/1770
f 3077/1628/1771 3069/1620/1771 3174/1623/1771
o classname=mesh.008
v 1.757188 43.945377 95.994217
v -0.006989 43.945377 96.396889
v -0.006989 46.164276 92.330872
v 3.171968 43.945377 94.865982
v 3.957082 43.945377 93.235634
v 3.957082 43.945377 91.426079
v 3.171968 43.945377 89.795731
v 1.757188 43.945377 88.667496
v -0.006989 43.945377 88.264847
v -1.771166 43.945377 95.994217
v -3.185946 43.945377 94.865982
v -3.971060 43.945377 93.235634
v -3.971060 43.945377 91.426079
v -3.185946 43.945377 89.795731
v -1.771166 43.945377 88.667496
v -1.358975 47.190670 92.770134
v -0.842565 47.190670 93.480927
v -0.006989 47.190670 93.752411
v -1.358975 47.190670 91.891571
v -1.358975 47.190670 92.770134
v -1.583752 45.509960 92.843185
v -0.981477 45.509960 93.672142
v -0.842565 47.190670 93.480927
v -1.358975 47.190670 91.891571
v -1.583752 45.509960 91.818550
v -0.842565 47.190670 91.180817
v -0.981477 45.509960 90.989594
v -0.006989 47.190670 90.909325
v -0.006989 45.509960 90.672958
v 0.967500 45.509960 93.672142
v 1.569775 45.509960 92.843185
v 1.344998 47.190670 92.770134
v 0.828587 47.190670 93.480927
v 1.569775 45.509960 91.818550
v 1.344998 47.190670 91.891571
v 0.967500 45.509960 90.989594
v 0.828587 47.190670 91.180817
v -0.006989 45.509960 93.988777
v -0.006989 47.190670 93.752411
v -0.006989 45.509960 93.988777
v -0.006989 47.190670 93.752411
v 2.620240 44.740185 94.426003
v 3.269113 44.740185 93.078621
v 1.569775 45.509960 92.843185
v 0.967500 45.509960 93.672142
v 1.757188 43.945377 95.994217
v 1.451008 44.740185 95.358437
v -0.006989 44.740185 95.691216
v -0.006989 43.945377 96.396889
v 3.171968 43.945377 94.865982
v 3.957082 43.945377 93.235634
v 3.269113 44.740185 91.583115
v 1.569775 45.509960 91.818550
v 3.957082 43.945377 91.426079
v 3.171968 43.945377 89.795731
v 2.620240 44.740185 90.235733
v 1.757188 43.945377 88.667496
v 1.451008 44.740185 89.303299
v -0.006989 44.740185 88.970520
v -0.006989 45.509960 90.672958
v 0.967500 45.509960 90.989594
v -3.185946 43.945377 89.795731
v -2.634217 44.740185 90.235733
v -1.464985 44.740185 89.303299
v -1.771166 43.945377 88.667496
v -0.006989 43.945377 88.264847
v -0.006989 44.740185 95.691216
v -0.006989 45.509960 93.988777
v -0.981477 45.509960 93.672142
v -1.464985 44.740185 95.358437
v -0.006989 43.945377 96.396889
v -1.771166 43.945377 95.994217
v -2.634217 44.740185 94.426003
v -3.185946 43.945377 94.865982
v -3.283090 44.740185 93.078621
v -3.971060 43.945377 93.235634
v -1.583752 45.509960 91.818550
v -0.981477 45.509960 90.989594
v -3.283090 44.740185 91.583115
v -3.971060 43.945377 91.426079
v -0.006989 55.808731 92.367538
v 0.029695 55.808731 92.330864
v -0.006989 55.808731 92.294182
v -0.043672 55.808731 92.330864
v -0.006989 55.808731 92.294182
v 0.029695 55.808731 92.330864
v 0.029695 46.953796 92.330864
v -0.006989 46.953796 92.294182
v -0.006989 55.808731 92.367538
v -0.006989 46.953796 92.367538
v -0.043672 55.808731 92.330864
v -0.006989 55.808731 92.294182
v -0.006989 46.953796 92.294182
v -0.043672 46.953796 92.330864
v -0.006989 45.887211 91.700439
v -0.006989 45.176071 91.147942
v -0.598438 45.176071 91.306427
v -0.552949 45.887211 92.015656
v -1.031428 45.176071 91.739418
v -1.189916 45.176071 92.330872
v -0.552949 45.887211 92.646088
v -1.031428 45.176071 92.922318
v -0.598438 45.176071 93.355309
v -0.006989 45.887211 92.961304
v -0.006989 45.176071 93.513794
v -0.519194 44.945026 91.443665
v -0.006989 44.945026 91.306427
v -0.894163 44.945026 91.818634
v -1.031428 44.945026 92.330872
v -0.894163 44.945026 92.843071
v -0.519194 44.945026 93.218040
v -0.006989 44.945026 93.355309
v -0.006989 45.887211 92.961304
v -0.006989 45.176071 93.513794
v 0.584461 45.176071 93.355309
v 0.538971 45.887211 92.646088
v 1.017450 45.176071 92.922318
v 1.175939 45.176071 92.330872
v 0.538971 45.887211 92.015656
v 1.017450 45.176071 91.739418
v 0.584461 45.176071 91.306427
v -0.006989 45.887211 91.700439
v -0.006989 45.176071 91.147942
v 0.505217 44.945026 93.218040
v -0.006989 44.945026 93.355309
v 0.880186 44.945026 92.843071
v 1.017450 44.945026 92.330872
v 0.880186 44.945026 91.818634
v 0.505217 44.945026 91.443665
v -0.006989 44.945026 91.306427
v -0.302714 44.775898 91.818634
v -0.519194 44.945026 91.443665
v -0.006989 44.945026 91.306427
v -0.006989 44.775898 91.739418
v -0.519194 44.775898 92.035141
v -0.894163 44.945026 91.818634
v -0.598438 44.775898 92.330872
v -1.031428 44.945026 92.330872
v -0.519194 44.775898 92.626595
v -0.894163 44.945026 92.843071
v -0.302714 44.775898 92.843071
v -0.519194 44.945026 93.218040
v -0.006989 44.775898 92.922318
v 0.288736 44.775898 92.843071
v 0.505217 44.775898 92.626595
v 0.584461 44.775898 92.330872
v 0.505217 44.775898 92.035141
v 0.288736 44.775898 91.818634
v -0.006989 44.713989 92.330872
v -0.006989 45.509960 93.988777
v -1.583752 45.509960 92.843185
v 1.344998 47.190670 91.891571
v 0.828587 47.190670 91.180817
v -0.006989 47.190670 90.909325
v 1.344998 47.190670 92.770134
v -0.842565 47.190670 91.180817
v 0.828587 47.190670 93.480927
v 2.620240 44.740185 90.235733
v -1.464985 44.740185 89.303299
vn -0.1087 -0.8726 -0.4762
vn -0.3045 -0.8726 -0.3819
vn -0.4401 -0.8726 -0.2119
vn -0.4884 -0.8726 -0.0000
vn -0.4401 -0.8726 0.2119
vn -0.3045 -0.8726 0.3819
vn -0.1087 -0.8726 0.4762
vn 0.1087 -0.8726 -0.4762
vn 0.3045 -0.8726 -0.3819
vn 0.4401 -0.8726 -0.2119
vn 0.4884 -0.8726 -0.0000
vn 0.4401 -0.8726 0.2119
vn 0.3045 -0.8726 0.3819
vn 0.1087 -0.8726 0.4762
vn -0.0000 1.0000 -0.0000
vn -0.8019 0.1326 0.5826
vn -0.9912 0.1326 -0.0000
vn -0.8019 0.1326 -0.5826
vn -0.3063 0.1326 -0.9427
vn 0.8019 0.1326 0.5826
vn 0.9912 0.1326 -0.0000
vn 0.8019 0.1326 -0.5826
vn 0.3063 0.1326 -0.9427
vn -0.3063 0.1326 0.9427
vn 0.3063 0.1326 0.9427
vn 0.3841 0.9046 0.1850
vn 0.3211 0.9179 0.2333
vn 0.1682 0.6545 0.7371
vn 0.4714 0.6545 0.5911
vn 0.6812 0.6545 0.3281
vn 0.6812 0.6545 0.3280
vn 0.4126 0.9109 -0.0000
vn 0.7561 0.6545 -0.0000
vn 0.6812 0.6545 -0.3281
vn 0.6812 0.6545 -0.3280
vn 0.4714 0.6545 -0.5911
vn 0.0936 0.9072 -0.4102
vn 0.1242 0.9156 -0.3824
vn -0.4714 0.6545 -0.5911
vn -0.1682 0.6545 -0.7371
vn 0.1682 0.6545 -0.7371
vn -0.1327 0.9031 0.4084
vn -0.0895 0.9155 0.3922
vn -0.1682 0.6545 0.7371
vn -0.1683 0.6545 0.7371
vn -0.4714 0.6545 0.5911
vn -0.6812 0.6545 0.3281
vn -0.3211 0.9179 -0.2333
vn -0.3841 0.9046 -0.1850
vn -0.7561 0.6545 -0.0000
vn -0.6812 0.6545 -0.3281
vn -0.6812 0.6545 -0.3280
vn 0.7071 -0.0000 -0.7071
vn 0.7070 -0.0000 0.7072
vn -0.7071 -0.0000 -0.7071
vn -0.7070 -0.0000 0.7072
vn -0.2070 0.6002 -0.7726
vn -0.3725 0.6672 -0.6451
vn -0.5656 0.6002 -0.5656
vn -0.7726 0.6002 -0.2070
vn -0.7449 0.6672 -0.0000
vn -0.7726 0.6002 0.2070
vn -0.5656 0.6002 0.5656
vn -0.3725 0.6672 0.6451
vn -0.2070 0.6002 0.7726
vn -0.2158 -0.5523 -0.8052
vn -0.2157 -0.5524 -0.8052
vn -0.5895 -0.5523 -0.5895
vn -0.8052 -0.5523 -0.2158
vn -0.8052 -0.5524 -0.2158
vn -0.8052 -0.5524 0.2158
vn -0.8052 -0.5523 0.2158
vn -0.5894 -0.5524 0.5894
vn -0.2158 -0.5523 0.8052
vn -0.2158 -0.5524 0.8052
vn 0.2070 0.6002 0.7726
vn 0.3725 0.6672 0.6451
vn 0.5656 0.6002 0.5656
vn 0.7726 0.6002 0.2070
vn 0.7449 0.6672 -0.0000
vn 0.7726 0.6002 -0.2070
vn 0.5656 0.6002 -0.5656
vn 0.3725 0.6672 -0.6451
vn 0.2070 0.6002 -0.7726
vn 0.2158 -0.5524 0.8052
vn 0.2158 -0.5523 0.8052
vn 0.5894 -0.5524 0.5894
vn 0.8052 -0.5523 0.2158
vn 0.8052 -0.5524 0.2158
vn 0.8052 -0.5523 -0.2158
vn 0.5895 -0.5523 -0.5895
vn 0.2158 -0.5523 -0.8052
vn -0.0970 -0.9271 -0.3621
vn -0.2651 -0.9271 -0.2651
vn -0.3621 -0.9271 -0.0970
vn -0.3621 -0.9271 0.0970
vn -0.2651 -0.9271 0.2651
vn -0.0970 -0.9271 0.3621
vn 0.0970 -0.9271 0.3621
vn 0.2651 -0.9271 0.2651
vn 0.3621 -0.9271 0.0970
vn 0.3621 -0.9271 -0.0970
vn 0.2651 -0.9271 -0.2651
vn 0.0970 -0.9271 -0.3621
vn -0.0279 -0.9942 -0.1041
vn -0.0762 -0.9942 -0.0762
vn -0.1041 -0.9942 -0.0279
vn -0.1041 -0.9942 0.0279
vn -0.0762 -0.9942 0.0762
vn -0.0279 -0.9942 0.1041
vn 0.0279 -0.9942 0.1041
vn 0.0762 -0.9942 0.0762
vn 0.1041 -0.9942 0.0279
vn 0.1041 -0.9942 -0.0279
vn 0.0762 -0.9942 -0.0762
vn 0.0279 -0.9942 -0.1041
vn 0.2676 0.9032 0.3356
vn 0.1327 0.9031 0.4084
vn 0.0895 0.9155 0.3922
vn 0.2676 0.9032 -0.3356
vn -0.2676 0.9032 -0.3356
vn -0.4126 0.9109 -0.0000
vn -0.3841 0.9046 0.1850
vn -0.3211 0.9179 0.2333
vn -0.2676 0.9032 0.3356
vn -0.0936 0.9072 -0.4102
vn -0.1242 0.9156 -0.3824
vn 0.3841 0.9046 -0.1850
vn 0.3211 0.9179 -0.2333
vt 0.428700 0.365900
vt 0.395100 0.438900
vt 0.700600 0.525600
vt 0.475300 0.301800
vt 0.543100 0.253500
vt 0.616000 0.220500
vt 0.699200 0.210000
vt 0.778700 0.219300
vt 0.854000 0.248400
vt 0.651600 0.912700
vt 0.685400 0.888200
vt 0.698300 0.848500
vt 0.610000 0.912700
vt 0.517800 0.208600
vt 0.496200 0.007900
vt 0.451900 0.013300
vt 0.478200 0.214500
vt 0.555600 0.205600
vt 0.542900 0.003900
vt 0.595500 0.203100
vt 0.589000 0.003300
vt 0.635400 0.203100
vt 0.635100 0.002500
vt 0.819700 0.013100
vt 0.772800 0.007100
vt 0.752200 0.209100
vt 0.792100 0.214500
vt 0.728200 0.003300
vt 0.712800 0.205300
vt 0.680700 0.002300
vt 0.674000 0.203400
vt 0.407100 0.019300
vt 0.439600 0.219600
vt 0.857500 0.019800
vt 0.830500 0.219600
vt 0.305300 0.779700
vt 0.340700 0.724500
vt 0.432700 0.800900
vt 0.408000 0.851000
vt 0.193500 0.826400
vt 0.285100 0.846500
vt 0.284600 0.912200
vt 0.191900 0.905900
vt 0.220200 0.745600
vt 0.266000 0.671300
vt 0.379000 0.676100
vt 0.466900 0.759700
vt 0.318200 0.602500
vt 0.388200 0.553600
vt 0.436100 0.636500
vt 0.475400 0.522900
vt 0.496400 0.616900
vt 0.559600 0.607700
vt 0.569800 0.727900
vt 0.519100 0.736200
vt 0.734600 0.543700
vt 0.689800 0.633200
vt 0.629500 0.612400
vt 0.644200 0.514800
vt 0.559600 0.509100
vt 0.827000 0.914400
vt 0.709700 0.890300
vt 0.707000 0.846300
vt 0.826200 0.852200
vt 0.925700 0.913000
vt 0.923700 0.836400
vt 0.812900 0.788700
vt 0.906200 0.755000
vt 0.787200 0.727400
vt 0.868600 0.676400
vt 0.655700 0.757000
vt 0.617100 0.733100
vt 0.744600 0.674700
vt 0.813400 0.604100
vt 0.857900 0.315400
vt 0.847600 0.315400
vt 0.847600 0.305200
vt 0.857900 0.305200
vt 0.826800 0.315400
vt 0.837200 0.315400
vt 0.837200 0.355500
vt 0.826800 0.355500
vt 0.847600 0.355500
vt 0.868300 0.315400
vt 0.868300 0.355500
vt 0.857900 0.355500
vt 0.333300 0.335200
vt 0.300300 0.247900
vt 0.326100 0.255500
vt 0.365900 0.345300
vt 0.353700 0.261000
vt 0.381500 0.262200
vt 0.396500 0.344100
vt 0.408400 0.260100
vt 0.436700 0.254200
vt 0.428300 0.333500
vt 0.463000 0.244100
vt 0.338700 0.209200
vt 0.332200 0.184600
vt 0.356700 0.227200
vt 0.381300 0.234300
vt 0.406300 0.226700
vt 0.423800 0.209200
vt 0.441800 0.228300
vt 0.405800 0.170800
vt 0.423800 0.160100
vt 0.430400 0.184600
vt 0.409600 0.185000
vt 0.395500 0.160400
vt 0.405800 0.142100
vt 0.381300 0.156600
vt 0.381300 0.135500
vt 0.367100 0.160400
vt 0.356700 0.142100
vt 0.356700 0.170800
vt 0.338700 0.160100
vt 0.352900 0.185000
vt 0.356700 0.199200
vt 0.367100 0.209600
vt 0.381300 0.213400
vt 0.395500 0.209600
vt 0.405800 0.199200
vt 0.381300 0.185100
vt 0.404900 0.896900
vt 0.689400 0.796000
vt 0.610000 0.784400
vt 0.576200 0.808900
vt 0.563300 0.848500
vt 0.651600 0.784400
vt 0.576200 0.888200
vt 0.685400 0.808900
s 0
usemtl 2_office_lamps_dif
f 3176/1705/1772 3177/1706/1772 3178/1707/1772
f 3179/1708/1773 3176/1705/1773 3178/1707/1773
f 3180/1709/1774 3179/1708/1774 3178/1707/1774
f 3181/1710/1775 3180/1709/1775 3178/1707/1775
f 3182/1711/1776 3181/1710/1776 3178/1707/1776
f 3183/1712/1777 3182/1711/1777 3178/1707/1777
f 3184/1713/1778 3183/1712/1778 3178/1707/1778
f 3185/1705/1779 3178/1707/1779 3177/1706/1779
f 3186/1708/1780 3178/1707/1780 3185/1705/1780
f 3187/1709/1781 3178/1707/1781 3186/1708/1781
f 3188/1710/1782 3178/1707/1782 3187/1709/1782
f 3189/1711/1783 3178/1707/1783 3188/1710/1783
f 3190/1712/1784 3178/1707/1784 3189/1711/1784
f 3184/1713/1785 3178/1707/1785 3190/1712/1785
f 3191/1714/1786 3192/1715/1786 3193/1716/1786
f 3191/1714/1786 3193/1716/1786 3194/1717/1786
f 3195/1718/1787 3196/1719/1787 3197/1720/1787
f 3195/1718/1787 3197/1720/1787 3198/1721/1787
f 3199/1722/1788 3200/1723/1788 3196/1719/1788
f 3199/1722/1788 3196/1719/1788 3195/1718/1788
f 3201/1724/1789 3202/1725/1789 3200/1723/1789
f 3201/1724/1789 3200/1723/1789 3199/1722/1789
f 3203/1726/1790 3204/1727/1790 3202/1725/1790
f 3203/1726/1790 3202/1725/1790 3201/1724/1790
f 3205/1728/1791 3206/1729/1791 3207/1730/1791
f 3205/1728/1791 3207/1730/1791 3208/1731/1791
f 3206/1729/1792 3209/1732/1792 3210/1733/1792
f 3206/1729/1792 3210/1733/1792 3207/1730/1792
f 3209/1732/1793 3211/1734/1793 3212/1735/1793
f 3209/1732/1793 3212/1735/1793 3210/1733/1793
f 3211/1734/1794 3204/1727/1794 3203/1726/1794
f 3211/1734/1794 3203/1726/1794 3212/1735/1794
f 3198/1721/1795 3197/1720/1795 3213/1736/1795
f 3198/1721/1795 3213/1736/1795 3214/1737/1795
f 3215/1738/1796 3205/1728/1796 3208/1731/1796
f 3215/1738/1796 3208/1731/1796 3216/1739/1796
f 3217/1740/1797 3218/1741/1797 3219/1742/1797
f 3217/1740/1798 3219/1742/1798 3220/1743/1798
f 3221/1744/1799 3222/1745/1799 3223/1746/1799
f 3221/1744/1799 3223/1746/1799 3224/1747/1799
f 3225/1748/1800 3217/1740/1800 3222/1745/1800
f 3225/1748/1800 3222/1745/1800 3221/1744/1800
f 3226/1749/1801 3218/1741/1801 3217/1740/1801
f 3226/1749/1802 3217/1740/1802 3225/1748/1802
f 3218/1741/1803 3227/1750/1803 3228/1751/1803
f 3218/1741/1803 3228/1751/1803 3219/1742/1803
f 3229/1752/1804 3227/1750/1804 3218/1741/1804
f 3229/1752/1804 3218/1741/1804 3226/1749/1804
f 3230/1753/1805 3231/1754/1805 3227/1750/1805
f 3230/1753/1806 3227/1750/1806 3229/1752/1806
f 3232/1755/1807 3233/1756/1807 3231/1754/1807
f 3232/1755/1807 3231/1754/1807 3230/1753/1807
f 3233/1756/1808 3234/1757/1808 3235/1758/1808
f 3233/1756/1809 3235/1758/1809 3236/1759/1809
f 3237/1760/1810 3238/1761/1810 3239/1762/1810
f 3237/1760/1810 3239/1762/1810 3240/1763/1810
f 3240/1763/1811 3239/1762/1811 3234/1757/1811
f 3240/1763/1811 3234/1757/1811 3241/1764/1811
f 3241/1764/1812 3234/1757/1812 3233/1756/1812
f 3241/1764/1812 3233/1756/1812 3232/1755/1812
f 3242/1765/1813 3243/1766/1813 3244/1767/1813
f 3242/1765/1814 3244/1767/1814 3245/1768/1814
f 3246/1769/1815 3242/1765/1815 3245/1768/1815
f 3246/1769/1816 3245/1768/1816 3247/1770/1816
f 3247/1770/1817 3245/1768/1817 3248/1771/1817
f 3247/1770/1817 3248/1771/1817 3249/1772/1817
f 3249/1772/1818 3248/1771/1818 3250/1773/1818
f 3249/1772/1818 3250/1773/1818 3251/1774/1818
f 3252/1775/1819 3253/1776/1819 3238/1761/1819
f 3252/1775/1820 3238/1761/1820 3254/1777/1820
f 3251/1774/1821 3250/1773/1821 3254/1777/1821
f 3251/1774/1821 3254/1777/1821 3255/1778/1821
f 3255/1778/1822 3254/1777/1822 3238/1761/1822
f 3255/1778/1823 3238/1761/1823 3237/1760/1823
f 3256/1779/1786 3257/1780/1786 3258/1781/1786
f 3256/1779/1786 3258/1781/1786 3259/1782/1786
f 3260/1783/1824 3261/1784/1824 3262/1785/1824
f 3260/1783/1824 3262/1785/1824 3263/1786/1824
f 3261/1784/1825 3264/1780/1825 3265/1787/1825
f 3261/1784/1825 3265/1787/1825 3262/1785/1825
f 3266/1779/1826 3267/1788/1826 3268/1789/1826
f 3266/1779/1826 3268/1789/1826 3269/1790/1826
f 3264/1780/1827 3266/1779/1827 3269/1790/1827
f 3264/1780/1827 3269/1790/1827 3265/1787/1827
f 3270/1791/1828 3271/1792/1828 3272/1793/1828
f 3270/1791/1829 3272/1793/1829 3273/1794/1829
f 3273/1794/1830 3272/1793/1830 3274/1795/1830
f 3273/1794/1831 3274/1795/1831 3275/1796/1831
f 3273/1794/1832 3275/1796/1832 3276/1797/1832
f 3276/1797/1833 3275/1796/1833 3277/1798/1833
f 3276/1797/1834 3277/1798/1834 3278/1799/1834
f 3276/1797/1835 3278/1799/1835 3279/1800/1835
f 3279/1800/1836 3278/1799/1836 3280/1801/1836
f 3281/1802/1837 3272/1793/1837 3271/1792/1837
f 3281/1802/1838 3271/1792/1838 3282/1803/1838
f 3283/1804/1839 3274/1795/1839 3272/1793/1839
f 3283/1804/1839 3272/1793/1839 3281/1802/1839
f 3284/1805/1840 3275/1796/1840 3274/1795/1840
f 3284/1805/1841 3274/1795/1841 3283/1804/1841
f 3285/1806/1842 3277/1798/1842 3275/1796/1842
f 3285/1806/1843 3275/1796/1843 3284/1805/1843
f 3286/1807/1844 3278/1799/1844 3277/1798/1844
f 3286/1807/1844 3277/1798/1844 3285/1806/1844
f 3287/1808/1845 3280/1801/1845 3278/1799/1845
f 3287/1808/1846 3278/1799/1846 3286/1807/1846
f 3288/1791/1847 3289/1792/1847 3290/1793/1847
f 3288/1791/1848 3290/1793/1848 3291/1794/1848
f 3291/1794/1849 3290/1793/1849 3292/1795/1849
f 3291/1794/1850 3292/1795/1850 3293/1796/1850
f 3291/1794/1851 3293/1796/1851 3294/1797/1851
f 3294/1797/1852 3293/1796/1852 3295/1798/1852
f 3294/1797/1853 3295/1798/1853 3296/1799/1853
f 3294/1797/1854 3296/1799/1854 3297/1800/1854
f 3297/1800/1855 3296/1799/1855 3298/1801/1855
f 3299/1802/1856 3290/1793/1856 3289/1792/1856
f 3299/1802/1857 3289/1792/1857 3300/1803/1857
f 3301/1804/1858 3292/1795/1858 3290/1793/1858
f 3301/1804/1858 3290/1793/1858 3299/1802/1858
f 3302/1805/1859 3293/1796/1859 3292/1795/1859
f 3302/1805/1860 3292/1795/1860 3301/1804/1860
f 3303/1806/1861 3295/1798/1861 3293/1796/1861
f 3303/1806/1861 3293/1796/1861 3302/1805/1861
f 3304/1807/1862 3296/1799/1862 3295/1798/1862
f 3304/1807/1862 3295/1798/1862 3303/1806/1862
f 3305/1808/1863 3298/1801/1863 3296/1799/1863
f 3305/1808/1863 3296/1799/1863 3304/1807/1863
f 3306/1809/1864 3307/1810/1864 3308/1811/1864
f 3306/1809/1864 3308/1811/1864 3309/1812/1864
f 3310/1813/1865 3311/1814/1865 3307/1810/1865
f 3310/1813/1865 3307/1810/1865 3306/1809/1865
f 3312/1815/1866 3313/1816/1866 3311/1814/1866
f 3312/1815/1866 3311/1814/1866 3310/1813/1866
f 3314/1817/1867 3315/1818/1867 3313/1816/1867
f 3314/1817/1867 3313/1816/1867 3312/1815/1867
f 3316/1819/1868 3317/1820/1868 3315/1818/1868
f 3316/1819/1868 3315/1818/1868 3314/1817/1868
f 3318/1821/1869 3300/1803/1869 3317/1820/1869
f 3318/1821/1869 3317/1820/1869 3316/1819/1869
f 3319/1822/1870 3299/1802/1870 3300/1803/1870
f 3319/1822/1870 3300/1803/1870 3318/1821/1870
f 3320/1823/1871 3301/1804/1871 3299/1802/1871
f 3320/1823/1871 3299/1802/1871 3319/1822/1871
f 3321/1824/1872 3302/1805/1872 3301/1804/1872
f 3321/1824/1872 3301/1804/1872 3320/1823/1872
f 3322/1825/1873 3303/1806/1873 3302/1805/1873
f 3322/1825/1873 3302/1805/1873 3321/1824/1873
f 3323/1826/1874 3304/1807/1874 3303/1806/1874
f 3323/1826/1874 3303/1806/1874 3322/1825/1874
f 3309/1812/1875 3308/1811/1875 3304/1807/1875
f 3309/1812/1875 3304/1807/1875 3323/1826/1875
f 3324/1827/1876 3306/1809/1876 3309/1812/1876
f 3324/1827/1877 3310/1813/1877 3306/1809/1877
f 3324/1827/1878 3312/1815/1878 3310/1813/1878
f 3324/1827/1879 3314/1817/1879 3312/1815/1879
f 3324/1827/1880 3316/1819/1880 3314/1817/1880
f 3324/1827/1881 3318/1821/1881 3316/1819/1881
f 3324/1827/1882 3319/1822/1882 3318/1821/1882
f 3324/1827/1883 3320/1823/1883 3319/1822/1883
f 3324/1827/1884 3321/1824/1884 3320/1823/1884
f 3324/1827/1885 3322/1825/1885 3321/1824/1885
f 3324/1827/1886 3323/1826/1886 3322/1825/1886
f 3324/1827/1887 3309/1812/1887 3323/1826/1887
f 3220/1743/1888 3222/1745/1888 3217/1740/1888
f 3220/1743/1889 3325/1828/1889 3223/1746/1889
f 3220/1743/1890 3223/1746/1890 3222/1745/1890
f 3231/1754/1891 3233/1756/1891 3236/1759/1891
f 3231/1754/1786 3236/1759/1786 3333/1754/1786
f 3239/1762/1892 3238/1761/1892 3253/1776/1892
f 3239/1762/1786 3253/1776/1786 3334/1762/1786
f 3250/1773/1893 3326/1829/1893 3252/1775/1893
f 3250/1773/1893 3252/1775/1893 3254/1777/1893
f 3326/1829/1894 3250/1773/1894 3248/1771/1894
f 3326/1829/1895 3248/1771/1895 3244/1767/1895
f 3244/1767/1896 3248/1771/1896 3245/1768/1896
f 3327/1830/1786 3328/1831/1786 3329/1832/1786
f 3327/1830/1786 3329/1832/1786 3330/1833/1786
f 3330/1833/1786 3329/1832/1786 3331/1834/1786
f 3330/1833/1786 3331/1834/1786 3332/1835/1786
f 3332/1835/1786 3331/1834/1786 3194/1717/1786
f 3332/1835/1786 3194/1717/1786 3193/1716/1786
f 3234/1757/1786 3239/1762/1786 3334/1762/1786
f 3234/1757/1897 3334/1762/1897 3235/1758/1897
f 3253/1776/1898 3235/1758/1898 3334/1762/1898
f 3227/1750/1786 3231/1754/1786 3333/1754/1786
f 3227/1750/1899 3333/1754/1899 3228/1751/1899
f 3236/1759/1900 3228/1751/1900 3333/1754/1900
o classname=brush
v -10.654959 51.498966 110.101242
v -10.654959 51.498966 113.652893
v -10.654959 0.000000 113.652893
v -10.654959 0.000000 110.101242
v -63.929752 51.498966 110.101242
v -10.654959 51.498966 110.101242
v -10.654959 0.000000 110.101242
v -63.929752 0.000000 110.101242
vn 1.0000 -0.0000 -0.0000
vn -0.0000 -0.0000 -1.0000
vt -5.633803 0.895467
vt -5.457747 3.448283
vt -5.633803 3.448283
vt -5.457747 0.895467
vt -0.528169 0.895467
vt -3.169014 3.448283
vt -0.528169 3.448283
vt -3.169014 0.895467
s 0
usemtl white.001
f 3337/1836/1901 3335/1837/1901 3336/1838/1901
f 3338/1839/1901 3335/1837/1901 3337/1836/1901
f 3341/1840/1902 3339/1841/1902 3340/1842/1902
f 3342/1843/1902 3339/1841/1902 3341/1840/1902
o classname=brush.001
v 10.654959 0.000000 113.652893
v 10.654959 51.498966 113.652893
v 10.654959 51.498966 110.101242
v 10.654959 0.000000 110.101242
v 10.654959 51.498966 110.101242
v 51.498966 51.498966 110.101242
v 51.498966 0.000000 110.101242
v 10.654959 0.000000 110.101242
vn -1.0000 -0.0000 -0.0000
vn -0.0000 -0.0000 -1.0000
vt -5.457747 3.448283
vt -5.633803 0.895467
vt -5.633803 3.448283
vt -5.457747 0.895467
vt 2.552817 0.895467
vt 0.528169 3.448283
vt 2.552817 3.448283
vt 0.528169 0.895467
s 0
usemtl white.001
f 3345/1844/1903 3343/1845/1903 3344/1846/1903
f 3346/1847/1903 3343/1845/1903 3345/1844/1903
f 3349/1848/1904 3347/1849/1904 3348/1850/1904
f 3350/1851/1904 3347/1849/1904 3349/1848/1904
o classname=brush.002
v -10.654959 35.516529 113.652893
v -10.654959 35.516529 110.101242
v 10.654959 35.516529 110.101242
v 10.654959 35.516529 113.652893
v -10.654959 51.498966 110.101242
v 10.654959 51.498966 110.101242
v 10.654959 35.516529 110.101242
v -10.654959 35.516529 110.101242
vn -0.0000 -1.0000 -0.0000
vn -0.0000 -0.0000 -1.0000
vt 0.528169 -4.562280
vt -0.528169 -4.738337
vt -0.528169 -4.562280
vt 0.528169 -4.738337
vt 0.528169 2.656030
vt -0.528169 3.448283
vt 0.528169 3.448283
vt -0.528169 2.656030
s 0
usemtl white.001
f 3353/1852/1905 3351/1853/1905 3352/1854/1905
f 3354/1855/1905 3351/1853/1905 3353/1852/1905
f 3357/1856/1906 3355/1857/1906 3356/1858/1906
f 3358/1859/1906 3355/1857/1906 3357/1856/1906
o classname=brush.003
v 47.947315 -0.000002 110.101242
v 47.947315 49.723141 110.101242
v 47.947315 49.723141 72.808884
v 47.947315 -0.000002 72.808884
vn -1.0000 -0.0000 -0.0000
vt -2.562500 2.750000
vt -3.875000 1.000000
vt -3.875000 2.750000
vt -2.562500 1.000000
s 0
usemtl white.001
f 3361/1860/1907 3359/1861/1907 3360/1862/1907
f 3362/1863/1907 3359/1861/1907 3361/1860/1907
o classname=brush.004
v -15.094524 0.000000 26.637398
v -15.094524 0.000000 25.749483
v -15.094524 28.413223 25.749483
v -15.094524 28.413223 26.637398
v -15.982438 28.413223 26.637398
v -15.982438 28.413223 25.749483
v -15.982438 0.000000 25.749483
v -15.982438 0.000000 26.637398
v -15.094524 0.000000 26.637398
v -15.982438 0.000000 26.637398
v -15.982438 0.000000 25.749483
v -15.094524 0.000000 25.749483
v -15.094524 28.413223 25.749483
v -15.982438 28.413223 25.749483
v -15.982438 28.413223 26.637398
v -15.094524 28.413223 26.637398
v -15.094524 0.000000 26.637398
v -15.094524 28.413223 26.637398
v -15.982438 28.413223 26.637398
v -15.982438 0.000000 26.637398
v -15.982438 0.000000 25.749483
v -15.982438 28.413223 25.749483
v -15.094524 28.413223 25.749483
v -15.094524 0.000000 25.749483
vn 1.0000 -0.0000 -0.0000
vn -1.0000 -0.0000 -0.0000
vn -0.0000 -1.0000 -0.0000
vn -0.0000 1.0000 -0.0000
vn -0.0000 -0.0000 1.0000
vn -0.0000 -0.0000 -1.0000
vt 0.265625 1.500000
vt 0.250000 1.000000
vt 0.265625 1.000000
vt 0.250000 1.500000
vt 0.437500 2.625000
vt 0.453125 2.609375
vt 0.437500 2.609375
vt 0.453125 2.625000
vt 1.796875 1.500000
vt 1.812500 1.000000
vt 1.812500 1.500000
vt 1.796875 1.000000
s 0
usemtl dirtymetal.001
f 3365/1864/1908 3363/1865/1908 3364/1866/1908
f 3366/1867/1908 3363/1865/1908 3365/1864/1908
f 3369/1866/1909 3367/1867/1909 3368/1864/1909
f 3370/1865/1909 3367/1867/1909 3369/1866/1909
f 3373/1868/1910 3371/1869/1910 3372/1870/1910
f 3374/1871/1910 3371/1869/1910 3373/1868/1910
f 3377/1870/1911 3375/1871/1911 3376/1868/1911
f 3378/1869/1911 3375/1871/1911 3377/1870/1911
f 3381/1872/1912 3379/1873/1912 3380/1874/1912
f 3382/1875/1912 3379/1873/1912 3381/1872/1912
f 3385/1874/1913 3383/1875/1913 3384/1872/1913
f 3386/1873/1913 3383/1875/1913 3385/1874/1913
o classname=brush.005
v -4.439567 20.643988 32.186855
v -10.211003 20.643988 32.186855
v -10.211003 21.087938 32.186855
v -4.439567 21.087938 32.186855
v -4.439567 21.087938 33.074768
v -10.211003 21.087938 33.074776
v -10.211003 20.643982 33.074776
v -4.439567 20.643984 33.074768
v -4.439567 20.422005 32.408848
v -4.439567 20.422005 32.852791
v -10.211003 20.422005 32.852791
v -10.211003 20.422005 32.408848
v -10.211003 21.309917 32.852791
v -4.439567 21.309917 32.852791
v -4.439567 21.309917 32.408833
v -10.211003 21.309917 32.408833
v -4.439567 21.309917 32.408833
v -4.439567 21.309917 32.852791
v -4.439567 21.087938 33.074768
v -4.439567 20.643984 33.074768
v -4.439567 20.422005 32.852791
v -4.439567 20.422005 32.408848
v -4.439567 20.643988 32.186855
v -4.439567 21.087938 32.186855
v -10.211003 21.309917 32.852791
v -10.211003 21.309917 32.408833
v -10.211003 21.087938 32.186855
v -10.211003 20.643988 32.186855
v -10.211003 20.422005 32.408848
v -10.211003 20.422005 32.852791
v -10.211003 20.643982 33.074776
v -10.211003 21.087938 33.074776
v -4.439567 21.309917 32.408833
v -4.439567 21.087938 32.186855
v -10.211003 21.087938 32.186855
v -10.211003 21.309917 32.408833
v -10.211003 21.087938 33.074776
v -4.439567 21.087938 33.074768
v -4.439567 21.309917 32.852791
v -10.211003 21.309917 32.852791
v -10.211003 20.422005 32.408848
v -10.211003 20.643988 32.186855
v -4.439567 20.643988 32.186855
v -4.439567 20.422005 32.408848
v -4.439567 20.643984 33.074768
v -10.211003 20.643982 33.074776
v -10.211003 20.422005 32.852791
v -4.439567 20.422005 32.852791
vn -0.0000 -0.0000 -1.0000
vn -0.0000 -0.0000 1.0000
vn -0.0000 -1.0000 -0.0000
vn -0.0000 1.0000 -0.0000
vn 1.0000 -0.0000 -0.0000
vn -1.0000 -0.0000 -0.0000
vn -0.0000 0.7071 -0.7071
vn -0.0000 0.7071 0.7071
vn -0.0000 -0.7071 -0.7071
vn -0.0000 -0.7071 0.7071
vt 1.898438 1.371094
vt 2.000000 1.363281
vt 1.898438 1.363281
vt 2.000000 1.371094
vt 1.898438 1.363281
vt 2.000000 1.363281
vt 0.539062 2.500000
vt 0.640625 2.507812
vt 0.640625 2.500000
vt 0.539062 2.507812
vt 0.640625 2.507812
vt 0.539062 2.507812
vt 0.136719 1.371094
vt 0.148438 1.375000
vt 0.140625 1.375000
vt 0.136719 1.363281
vt 0.140625 1.359375
vt 0.148437 1.359375
vt 0.152344 1.363281
vt 0.152344 1.371094
vt 0.136719 1.363281
vt 0.136719 1.371094
vt 2.000000 1.375000
vt 1.898438 1.375000
vt 0.640625 3.453125
vt 0.539062 3.449219
vt 0.640625 3.449219
vt 0.539062 3.453125
vt 0.640625 2.511719
vt 0.539062 2.511719
vt 0.640625 2.496094
vt 0.539062 2.496094
s 0
usemtl dirtymetal.001
f 3389/1876/1914 3387/1877/1914 3388/1878/1914
f 3390/1879/1914 3387/1877/1914 3389/1876/1914
f 3393/1880/1915 3391/1879/1915 3392/1876/1915
f 3394/1881/1915 3391/1879/1915 3393/1880/1915
f 3397/1882/1916 3395/1883/1916 3396/1884/1916
f 3398/1885/1916 3395/1883/1916 3397/1882/1916
f 3401/1886/1917 3399/1882/1917 3400/1884/1917
f 3402/1887/1917 3399/1882/1917 3401/1886/1917
f 3405/1888/1918 3403/1889/1918 3404/1890/1918
f 3406/1891/1918 3403/1889/1918 3405/1888/1918
f 3407/1892/1918 3403/1889/1918 3406/1891/1918
f 3408/1893/1918 3403/1889/1918 3407/1892/1918
f 3409/1894/1918 3403/1889/1918 3408/1893/1918
f 3410/1895/1918 3403/1889/1918 3409/1894/1918
f 3413/1895/1919 3411/1890/1919 3412/1889/1919
f 3414/1894/1919 3411/1890/1919 3413/1895/1919
f 3415/1893/1919 3411/1890/1919 3414/1894/1919
f 3416/1892/1919 3411/1890/1919 3415/1893/1919
f 3417/1896/1919 3411/1890/1919 3416/1892/1919
f 3418/1897/1919 3411/1890/1919 3417/1896/1919
f 3421/1876/1920 3419/1898/1920 3420/1879/1920
f 3422/1899/1920 3419/1898/1920 3421/1876/1920
f 3425/1900/1921 3423/1901/1921 3424/1902/1921
f 3426/1903/1921 3423/1901/1921 3425/1900/1921
f 3429/1904/1922 3427/1885/1922 3428/1905/1922
f 3430/1883/1922 3427/1885/1922 3429/1904/1922
f 3433/1882/1923 3431/1906/1923 3432/1907/1923
f 3434/1884/1923 3431/1906/1923 3433/1882/1923
o classname=brush.006
v -8.879132 0.342703 26.637398
v -8.879132 0.000000 26.637398
v -8.879132 0.000000 25.749483
v -8.879132 0.342703 25.749483
v -15.982438 0.000000 26.637398
v -15.982438 0.887913 26.637398
v -15.982438 0.887913 25.749483
v -15.982438 0.000000 25.749483
v -8.879132 0.000000 25.749483
v -8.879132 0.000000 26.637398
v -15.982438 0.000000 26.637398
v -15.982438 0.000000 25.749483
v -15.094524 0.887913 25.749483
v -15.982438 0.887913 25.749483
v -15.982438 0.887913 26.637398
v -15.094524 0.887913 26.637398
v -15.982438 0.000000 26.637398
v -8.879132 0.000000 26.637398
v -8.879132 0.342703 26.637398
v -15.094524 0.887913 26.637398
v -15.982438 0.887913 26.637398
v -8.879132 0.000000 25.749483
v -15.982438 0.000000 25.749483
v -15.982438 0.887913 25.749483
v -15.094524 0.887913 25.749483
v -8.879132 0.342703 25.749483
v -15.094524 0.887913 25.749483
v -15.094524 0.887913 26.637398
v -8.879132 0.342703 26.637398
v -8.879132 0.342703 25.749483
vn 1.0000 -0.0000 -0.0000
vn -1.0000 -0.0000 -0.0000
vn -0.0000 -1.0000 -0.0000
vn -0.0000 1.0000 -0.0000
vn -0.0000 -0.0000 1.0000
vn -0.0000 -0.0000 -1.0000
vn 0.0874 0.9962 -0.0000
vt 0.265625 1.000000
vt 0.250000 1.006031
vt 0.250000 1.000000
vt 0.265625 1.006031
vt 0.265625 1.015625
vt 0.250000 1.015625
vt 0.437500 2.609375
vt 0.562500 2.625000
vt 0.562500 2.609375
vt 0.437500 2.625000
vt 0.453125 2.625000
vt 0.453125 2.609375
vt 1.921875 1.006031
vt 1.796875 1.000000
vt 1.921875 1.000000
vt 1.812500 1.015625
vt 1.796875 1.015625
s 0
usemtl dirtymetal.001
f 3437/1908/1924 3435/1909/1924 3436/1910/1924
f 3438/1911/1924 3435/1909/1924 3437/1908/1924
f 3441/1912/1925 3439/1910/1925 3440/1913/1925
f 3442/1908/1925 3439/1910/1925 3441/1912/1925
f 3445/1914/1926 3443/1915/1926 3444/1916/1926
f 3446/1917/1926 3443/1915/1926 3445/1914/1926
f 3449/1914/1927 3447/1918/1927 3448/1917/1927
f 3450/1919/1927 3447/1918/1927 3449/1914/1927
f 3453/1920/1928 3451/1921/1928 3452/1922/1928
f 3454/1923/1928 3451/1921/1928 3453/1920/1928
f 3455/1924/1928 3451/1921/1928 3454/1923/1928
f 3458/1924/1929 3456/1922/1929 3457/1921/1929
f 3459/1923/1929 3456/1922/1929 3458/1924/1929
f 3460/1920/1929 3456/1922/1929 3459/1923/1929
f 3463/1916/1930 3461/1918/1930 3462/1919/1930
f 3464/1915/1930 3461/1918/1930 3463/1916/1930
o classname=brush.007
v -15.094524 0.887913 20.902962
v -15.094524 0.887913 31.576414
v -15.094524 0.377364 32.852791
v -15.094524 0.000000 32.852791
v -15.094524 0.000000 19.534092
v -15.094524 0.374589 19.534092
v -15.982438 0.000000 19.534092
v -15.982438 0.000000 32.852791
v -15.982438 0.377365 32.852791
v -15.982438 0.887913 31.576414
v -15.982438 0.887913 20.902954
v -15.982438 0.374588 19.534092
v -15.982438 0.000000 19.534092
v -15.094524 0.000000 19.534092
v -15.094524 0.000000 32.852791
v -15.982438 0.000000 32.852791
v -15.094524 0.887913 31.576414
v -15.094524 0.887913 20.902962
v -15.982438 0.887913 20.902954
v -15.982438 0.887913 31.576414
v -15.982438 0.377365 32.852791
v -15.982438 0.000000 32.852791
v -15.094524 0.000000 32.852791
v -15.094524 0.377364 32.852791
v -15.094524 0.374589 19.534092
v -15.094524 0.000000 19.534092
v -15.982438 0.000000 19.534092
v -15.982438 0.374588 19.534092
v -15.982438 0.374588 19.534092
v -15.982438 0.887913 20.902954
v -15.094524 0.887913 20.902962
v -15.094524 0.374589 19.534092
v -15.094524 0.887913 31.576414
v -15.982438 0.887913 31.576414
v -15.982438 0.377365 32.852791
v -15.094524 0.377364 32.852791
vn 1.0000 -0.0000 -0.0000
vn -1.0000 -0.0000 -0.0000
vn -0.0000 -1.0000 -0.0000
vn -0.0000 1.0000 -0.0000
vn -0.0000 -0.0000 1.0000
vn -0.0000 -0.0000 -1.0000
vn -0.0000 0.9363 -0.3511
vn -0.0000 0.9285 0.3714
vt 0.140625 1.006641
vt 0.350911 1.015625
vt 0.163086 1.015625
vt 0.140625 1.000000
vt 0.375000 1.000000
vt 0.375000 1.006592
vt 0.350911 1.015625
vt 0.453125 2.500000
vt 0.437500 2.734375
vt 0.453125 2.734375
vt 0.437500 2.500000
vt 0.437500 2.710287
vt 0.453125 2.522461
vt 0.453125 2.710286
vt 0.437500 2.522461
vt 1.812500 1.000000
vt 1.796875 1.006641
vt 1.796875 1.000000
vt 1.812500 1.006641
vt 1.812500 1.006592
vt 1.796875 1.006592
s 0
usemtl dirtymetal.001
f 3467/1925/1931 3465/1926/1931 3466/1927/1931
f 3468/1928/1931 3465/1926/1931 3467/1925/1931
f 3469/1929/1931 3465/1926/1931 3468/1928/1931
f 3470/1930/1931 3465/1926/1931 3469/1929/1931
f 3473/1925/1932 3471/1929/1932 3472/1928/1932
f 3474/1927/1932 3471/1929/1932 3473/1925/1932
f 3475/1931/1932 3471/1929/1932 3474/1927/1932
f 3476/1930/1932 3471/1929/1932 3475/1931/1932
f 3479/1932/1933 3477/1933/1933 3478/1934/1933
f 3480/1935/1933 3477/1933/1933 3479/1932/1933
f 3483/1936/1934 3481/1937/1934 3482/1938/1934
f 3484/1939/1934 3481/1937/1934 3483/1936/1934
f 3487/1940/1935 3485/1941/1935 3486/1942/1935
f 3488/1943/1935 3485/1941/1935 3487/1940/1935
f 3491/1942/1936 3489/1944/1936 3490/1940/1936
f 3492/1945/1936 3489/1944/1936 3491/1942/1936
f 3495/1938/1937 3493/1933/1937 3494/1936/1937
f 3496/1934/1937 3493/1933/1937 3495/1938/1937
f 3499/1935/1938 3497/1937/1938 3498/1939/1938
f 3500/1932/1938 3497/1937/1938 3499/1935/1938
o classname=brush.008
v -9.569969 20.643988 32.527668
v -15.277362 20.643988 25.725855
v -15.277362 21.087938 25.725855
v -9.569969 21.087938 32.527668
v -10.250144 21.087938 33.098404
v -15.957536 21.087938 26.296598
v -15.957536 20.643982 26.296598
v -10.250144 20.643984 33.098404
v -9.740016 20.422005 32.670353
v -10.080096 20.422005 32.955719
v -15.787502 20.422005 26.153906
v -15.447409 20.422005 25.868547
v -15.787502 21.309917 26.153906
v -10.080096 21.309917 32.955719
v -9.740003 21.309917 32.670345
v -15.447409 21.309917 25.868534
v -9.740003 21.309917 32.670345
v -10.080096 21.309917 32.955719
v -10.250144 21.087938 33.098404
v -10.250144 20.643984 33.098404
v -10.080096 20.422005 32.955719
v -9.740016 20.422005 32.670353
v -9.569969 20.643988 32.527668
v -9.569969 21.087938 32.527668
v -15.787502 21.309917 26.153906
v -15.447409 21.309917 25.868534
v -15.277362 21.087938 25.725855
v -15.277362 20.643988 25.725855
v -15.447409 20.422005 25.868547
v -15.787502 20.422005 26.153906
v -15.957536 20.643982 26.296598
v -15.957536 21.087938 26.296598
v -9.740003 21.309917 32.670345
v -9.569969 21.087938 32.527668
v -15.277362 21.087938 25.725855
v -15.447409 21.309917 25.868534
v -15.957536 21.087938 26.296598
v -10.250144 21.087938 33.098404
v -10.080096 21.309917 32.955719
v -15.787502 21.309917 26.153906
v -15.447409 20.422005 25.868547
v -15.277362 20.643988 25.725855
v -9.569969 20.643988 32.527668
v -9.740016 20.422005 32.670353
v -10.250144 20.643984 33.098404
v -15.957536 20.643982 26.296598
v -15.787502 20.422005 26.153906
v -10.080096 20.422005 32.955719
vn 0.7660 -0.0000 -0.6428
vn -0.7660 -0.0000 0.6428
vn -0.0000 -1.0000 -0.0000
vn -0.0000 1.0000 -0.0000
vn 0.6428 -0.0000 0.7660
vn -0.6428 -0.0000 -0.7660
vn -0.6428 -0.0000 -0.7661
vn 0.5417 0.7071 -0.4545
vn -0.5417 0.7071 0.4545
vn 0.5417 -0.7071 -0.4545
vn -0.5417 -0.7071 0.4545
vt 0.266041 1.371094
vt 0.146346 1.363281
vt 0.266041 1.363281
vt 0.146346 1.371094
vt 0.255997 1.363281
vt 0.136303 1.371094
vt 0.255997 1.371094
vt 0.136303 1.363281
vt 0.440930 2.617883
vt 0.547351 2.503211
vt 0.541366 2.498189
vt 0.446915 2.622905
vt 0.547351 2.503211
vt 0.446915 2.622905
vt 1.897749 1.371094
vt 1.906726 1.375000
vt 1.900741 1.375000
vt 1.897749 1.363281
vt 1.900741 1.359375
vt 1.906726 1.359375
vt 1.909718 1.363281
vt 1.909718 1.371094
vt 1.809283 1.371094
vt 1.800305 1.375000
vt 1.806290 1.375000
vt 1.809283 1.363281
vt 1.806290 1.359375
vt 1.800305 1.359375
vt 1.797313 1.363281
vt 1.797313 1.371094
vt 0.449908 2.625416
vt 0.550343 2.505721
vt 0.437938 2.615372
vt 0.538374 2.495678
s 0
usemtl dirtymetal.001
f 3503/1946/1939 3501/1947/1939 3502/1948/1939
f 3504/1949/1939 3501/1947/1939 3503/1946/1939
f 3507/1950/1940 3505/1951/1940 3506/1952/1940
f 3508/1953/1940 3505/1951/1940 3507/1950/1940
f 3511/1954/1941 3509/1955/1941 3510/1956/1941
f 3512/1957/1941 3509/1955/1941 3511/1954/1941
f 3515/1958/1942 3513/1954/1942 3514/1956/1942
f 3516/1959/1942 3513/1954/1942 3515/1958/1942
f 3519/1960/1943 3517/1961/1943 3518/1962/1943
f 3520/1963/1943 3517/1961/1943 3519/1960/1943
f 3521/1964/1943 3517/1961/1943 3520/1963/1943
f 3522/1965/1943 3517/1961/1943 3521/1964/1943
f 3523/1966/1943 3517/1961/1943 3522/1965/1943
f 3524/1967/1943 3517/1961/1943 3523/1966/1943
f 3527/1968/1944 3525/1969/1944 3526/1970/1944
f 3528/1971/1945 3525/1969/1945 3527/1968/1945
f 3529/1972/1944 3525/1969/1944 3528/1971/1944
f 3530/1973/1945 3525/1969/1945 3529/1972/1945
f 3531/1974/1944 3525/1969/1944 3530/1973/1944
f 3532/1975/1944 3525/1969/1944 3531/1974/1944
f 3535/1976/1946 3533/1958/1946 3534/1977/1946
f 3536/1959/1946 3533/1958/1946 3535/1976/1946
f 3539/1956/1947 3537/1978/1947 3538/1979/1947
f 3540/1954/1947 3537/1978/1947 3539/1956/1947
f 3543/1977/1948 3541/1957/1948 3542/1976/1948
f 3544/1955/1948 3541/1957/1948 3543/1977/1948
f 3547/1954/1949 3545/1979/1949 3546/1978/1949
f 3548/1956/1949 3545/1979/1949 3547/1954/1949
o classname=brush.009
v -9.569969 21.087938 19.859221
v -15.277362 21.087938 26.661032
v -15.277362 20.643988 26.661032
v -9.569969 20.643988 19.859221
v -10.250144 20.643984 19.288477
v -15.957536 20.643982 26.090288
v -15.957536 21.087938 26.090288
v -10.250144 21.087938 19.288477
v -15.447409 20.422005 26.518339
v -15.787502 20.422005 26.232975
v -10.080096 20.422005 19.431164
v -9.740016 20.422005 19.716528
v -15.447409 21.309917 26.518347
v -9.740003 21.309917 19.716536
v -10.080096 21.309917 19.431164
v -15.787502 21.309917 26.232975
v -9.569969 21.087938 19.859221
v -9.569969 20.643988 19.859221
v -9.740016 20.422005 19.716528
v -10.080096 20.422005 19.431164
v -10.250144 20.643984 19.288477
v -10.250144 21.087938 19.288477
v -10.080096 21.309917 19.431164
v -9.740003 21.309917 19.716536
v -15.957536 21.087938 26.090288
v -15.957536 20.643982 26.090288
v -15.787502 20.422005 26.232975
v -15.447409 20.422005 26.518339
v -15.277362 20.643988 26.661032
v -15.277362 21.087938 26.661032
v -15.447409 21.309917 26.518347
v -15.787502 21.309917 26.232975
v -15.447409 21.309917 26.518347
v -15.277362 21.087938 26.661032
v -9.569969 21.087938 19.859221
v -9.740003 21.309917 19.716536
v -15.787502 21.309917 26.232975
v -10.080096 21.309917 19.431164
v -10.250144 21.087938 19.288477
v -15.957536 21.087938 26.090288
v -9.740016 20.422005 19.716528
v -9.569969 20.643988 19.859221
v -15.277362 20.643988 26.661032
v -15.447409 20.422005 26.518339
v -10.080096 20.422005 19.431164
v -15.787502 20.422005 26.232975
v -15.957536 20.643982 26.090288
v -10.250144 20.643984 19.288477
vn 0.7660 -0.0000 0.6428
vn -0.7660 -0.0000 -0.6428
vn -0.0000 -1.0000 -0.0000
vn -0.0000 1.0000 -0.0000
vn 0.6428 -0.0000 -0.7660
vn -0.6428 -0.0000 0.7660
vn -0.6428 -0.0000 0.7661
vn 0.5417 0.7071 0.4545
vn -0.5417 0.7071 -0.4545
vn 0.5417 -0.7071 0.4545
vn -0.5417 -0.7071 -0.4545
vt 0.249584 1.363281
vt 0.369279 1.371094
vt 0.249584 1.371094
vt 0.369279 1.363281
vt 0.259628 1.371094
vt 0.379322 1.363281
vt 0.259628 1.363281
vt 0.379322 1.371094
vt 0.541366 2.736186
vt 0.446915 2.611470
vt 0.440930 2.616492
vt 0.547351 2.731164
vt 0.446915 2.611470
vt 0.547351 2.731164
vt 1.906726 1.359375
vt 1.909718 1.371094
vt 1.909718 1.363281
vt 1.900741 1.359375
vt 1.897749 1.363281
vt 1.897749 1.371094
vt 1.900741 1.375000
vt 1.906726 1.375000
vt 1.800305 1.359375
vt 1.797313 1.371094
vt 1.797313 1.363281
vt 1.806290 1.359375
vt 1.809283 1.363281
vt 1.809283 1.371094
vt 1.806290 1.375000
vt 1.800305 1.375000
vt 0.550343 2.728653
vt 0.449908 2.608959
vt 0.538374 2.738697
vt 0.437938 2.619003
s 0
usemtl dirtymetal.001
f 3551/1980/1950 3549/1981/1950 3550/1982/1950
f 3552/1983/1950 3549/1981/1950 3551/1980/1950
f 3555/1984/1951 3553/1985/1951 3554/1986/1951
f 3556/1987/1951 3553/1985/1951 3555/1984/1951
f 3559/1988/1952 3557/1989/1952 3558/1990/1952
f 3560/1991/1952 3557/1989/1952 3559/1988/1952
f 3563/1988/1953 3561/1992/1953 3562/1993/1953
f 3564/1990/1953 3561/1992/1953 3563/1988/1953
f 3567/1994/1954 3565/1995/1954 3566/1996/1954
f 3568/1997/1954 3565/1995/1954 3567/1994/1954
f 3569/1998/1954 3565/1995/1954 3568/1997/1954
f 3570/1999/1954 3565/1995/1954 3569/1998/1954
f 3571/2000/1954 3565/1995/1954 3570/1999/1954
f 3572/2001/1954 3565/1995/1954 3571/2000/1954
f 3575/2002/1955 3573/2003/1955 3574/2004/1955
f 3576/2005/1956 3573/2003/1956 3575/2002/1956
f 3577/2006/1955 3573/2003/1955 3576/2005/1955
f 3578/2007/1955 3573/2003/1955 3577/2006/1955
f 3579/2008/1955 3573/2003/1955 3578/2007/1955
f 3580/2009/1955 3573/2003/1955 3579/2008/1955
f 3583/2010/1957 3581/1992/1957 3582/2011/1957
f 3584/1993/1957 3581/1992/1957 3583/2010/1957
f 3587/2012/1958 3585/1990/1958 3586/1988/1958
f 3588/2013/1958 3585/1990/1958 3587/2012/1958
f 3591/2011/1959 3589/1991/1959 3590/2010/1959
f 3592/1989/1959 3589/1991/1959 3591/2011/1959
f 3595/2013/1960 3593/1988/1960 3594/1990/1960
f 3596/2012/1960 3593/1988/1960 3595/2013/1960
o classname=brush.010
v -4.550555 20.643988 19.312113
v -10.321991 20.643988 19.312113
v -10.321991 21.087938 19.312113
v -4.550555 21.087938 19.312113
v -4.550555 21.087938 20.200026
v -10.321991 21.087938 20.200026
v -10.321991 20.643982 20.200026
v -4.550555 20.643984 20.200026
v -4.550555 20.422005 19.534098
v -4.550555 20.422005 19.978048
v -10.321991 20.422005 19.978048
v -10.321991 20.422005 19.534098
v -10.321991 21.309917 19.978048
v -4.550555 21.309917 19.978048
v -4.550555 21.309917 19.534092
v -10.321991 21.309917 19.534092
v -4.550555 21.309917 19.534092
v -4.550555 21.309917 19.978048
v -4.550555 21.087938 20.200026
v -4.550555 20.643984 20.200026
v -4.550555 20.422005 19.978048
v -4.550555 20.422005 19.534098
v -4.550555 20.643988 19.312113
v -4.550555 21.087938 19.312113
v -10.321991 21.309917 19.978048
v -10.321991 21.309917 19.534092
v -10.321991 21.087938 19.312113
v -10.321991 20.643988 19.312113
v -10.321991 20.422005 19.534098
v -10.321991 20.422005 19.978048
v -10.321991 20.643982 20.200026
v -10.321991 21.087938 20.200026
v -4.550555 21.309917 19.534092
v -4.550555 21.087938 19.312113
v -10.321991 21.087938 19.312113
v -10.321991 21.309917 19.534092
v -10.321991 21.087938 20.200026
v -4.550555 21.087938 20.200026
v -4.550555 21.309917 19.978048
v -10.321991 21.309917 19.978048
v -10.321991 20.422005 19.534098
v -10.321991 20.643988 19.312113
v -4.550555 20.643988 19.312113
v -4.550555 20.422005 19.534098
v -4.550555 20.643984 20.200026
v -10.321991 20.643982 20.200026
v -10.321991 20.422005 19.978048
v -4.550555 20.422005 19.978048
vn -0.0000 -0.0000 -1.0000
vn -0.0000 -0.0000 1.0000
vn -0.0000 -1.0000 -0.0000
vn -0.0000 1.0000 -0.0000
vn 1.0000 -0.0000 -0.0000
vn -1.0000 -0.0000 -0.0000
vn -0.0000 0.7071 -0.7071
vn -0.0000 0.7071 0.7071
vn -0.0000 -0.7071 -0.7071
vn -0.0000 -0.7071 0.7071
vt 1.896484 1.371094
vt 1.998047 1.363281
vt 1.896484 1.363281
vt 1.998047 1.371094
vt 1.896484 1.363281
vt 1.998047 1.363281
vt 0.537109 2.726562
vt 0.638672 2.734375
vt 0.638672 2.726562
vt 0.537109 2.734375
vt 0.363281 1.371094
vt 0.375000 1.375000
vt 0.367188 1.375000
vt 0.363281 1.363281
vt 0.367188 1.359375
vt 0.375000 1.359375
vt 0.378906 1.363281
vt 0.378906 1.371094
vt 1.998047 1.375000
vt 1.896484 1.375000
vt 0.638672 3.453125
vt 0.537109 3.449219
vt 0.638672 3.449219
vt 0.537109 3.453125
vt 0.638672 2.738281
vt 0.537109 2.738281
vt 0.537109 3.437500
vt 0.638672 3.441406
vt 0.537109 3.441406
vt 0.638672 3.437500
s 0
usemtl dirtymetal.001
f 3599/2014/1961 3597/2015/1961 3598/2016/1961
f 3600/2017/1961 3597/2015/1961 3599/2014/1961
f 3603/2018/1962 3601/2017/1962 3602/2014/1962
f 3604/2019/1962 3601/2017/1962 3603/2018/1962
f 3607/2020/1963 3605/2021/1963 3606/2022/1963
f 3608/2023/1963 3605/2021/1963 3607/2020/1963
f 3611/2021/1964 3609/2020/1964 3610/2022/1964
f 3612/2023/1964 3609/2020/1964 3611/2021/1964
f 3615/2024/1965 3613/2025/1965 3614/2026/1965
f 3616/2027/1965 3613/2025/1965 3615/2024/1965
f 3617/2028/1965 3613/2025/1965 3616/2027/1965
f 3618/2029/1965 3613/2025/1965 3617/2028/1965
f 3619/2030/1965 3613/2025/1965 3618/2029/1965
f 3620/2031/1965 3613/2025/1965 3619/2030/1965
f 3623/2031/1966 3621/2026/1966 3622/2025/1966
f 3624/2030/1966 3621/2026/1966 3623/2031/1966
f 3625/2029/1966 3621/2026/1966 3624/2030/1966
f 3626/2028/1966 3621/2026/1966 3625/2029/1966
f 3627/2027/1966 3621/2026/1966 3626/2028/1966
f 3628/2024/1966 3621/2026/1966 3627/2027/1966
f 3631/2014/1967 3629/2032/1967 3630/2017/1967
f 3632/2033/1967 3629/2032/1967 3631/2014/1967
f 3635/2034/1968 3633/2035/1968 3634/2036/1968
f 3636/2037/1968 3633/2035/1968 3635/2034/1968
f 3639/2038/1969 3637/2023/1969 3638/2039/1969
f 3640/2021/1969 3637/2023/1969 3639/2038/1969
f 3643/2040/1970 3641/2041/1970 3642/2042/1970
f 3644/2043/1970 3641/2041/1970 3643/2040/1970
o classname=brush.011
v 87.015495 49.723133 113.652893
v -67.481407 49.723133 113.652893
v -67.481407 49.723133 -113.652893
v 87.015495 49.723133 -113.652893
vn -0.0000 -1.0000 -0.0000
vt -1.187500 3.000000
vt 1.531250 -1.000000
vt -1.187500 -1.000000
vt 1.531250 3.000000
s 0
usemtl metal.001
f 3647/2044/1971 3645/2045/1971 3646/2046/1971
f 3648/2047/1971 3645/2045/1971 3647/2044/1971
o classname=brush.012
v -3.607147 17.758265 78.080872
v -3.607147 17.758265 78.191856
v -3.607147 30.189049 78.191856
v -3.607147 30.189049 78.080872
v 8.823638 30.189049 78.080872
v 8.823638 30.189049 78.191856
v 8.823638 17.758265 78.191856
v 8.823638 17.758265 78.080872
v -3.607147 17.758265 78.080872
v 8.823638 17.758265 78.080872
v 8.823638 17.758265 78.191856
v -3.607147 17.758265 78.191856
v -3.607147 30.189049 78.191856
v 8.823638 30.189049 78.191856
v 8.823638 30.189049 78.080872
v -3.607147 30.189049 78.080872
v -3.607147 17.758265 78.080872
v -3.607147 30.189049 78.080872
v 8.823638 30.189049 78.080872
v 8.823638 17.758265 78.080872
v 8.823638 17.758265 78.191856
v 8.823638 30.189049 78.191856
v -3.607147 30.189049 78.191856
v -3.607147 17.758265 78.191856
vn -1.0000 -0.0000 -0.0000
vn 1.0000 -0.0000 -0.0000
vn -0.0000 -1.0000 -0.0000
vn -0.0000 1.0000 -0.0000
vn -0.0000 -0.0000 -1.0000
vn -0.0000 -0.0000 1.0000
vt 0.843750 1.531250
vt 0.841797 1.312500
vt 0.843750 1.312500
vt 0.841797 1.531250
vt 0.843750 -0.515625
vt 0.841797 -0.734375
vt 0.841797 -0.515625
vt 0.843750 -0.734375
vt -7.008929 3.000000
vt -8.008929 2.000000
vt -8.008929 3.000000
vt -7.008929 2.000000
s 0
usemtl dirtymetal.001
f 3651/2048/1972 3649/2049/1972 3650/2050/1972
f 3652/2051/1972 3649/2049/1972 3651/2048/1972
f 3655/2050/1973 3653/2051/1973 3654/2048/1973
f 3656/2049/1973 3653/2051/1973 3655/2050/1973
f 3659/2052/1974 3657/2053/1974 3658/2054/1974
f 3660/2055/1974 3657/2053/1974 3659/2052/1974
f 3663/2054/1975 3661/2055/1975 3662/2052/1975
f 3664/2053/1975 3661/2055/1975 3663/2054/1975
usemtl label008.001
f 3667/2056/1976 3665/2057/1976 3666/2058/1976
f 3668/2059/1976 3665/2057/1976 3667/2056/1976
f 3671/2058/1977 3669/2059/1977 3670/2056/1977
f 3672/2057/1977 3669/2059/1977 3671/2058/1977
o classname=brush.013
v 51.498970 0.000000 78.136368
v 51.498970 35.516529 78.136368
v 43.507748 35.516529 78.136368
v 43.507748 0.000000 78.136368
v 51.498970 35.516529 71.033058
v 51.498970 0.000000 71.033058
v 43.507748 0.000000 71.033058
v 43.507748 35.516529 71.033058
v 43.507748 35.516529 78.136368
v 43.507748 35.516529 71.033058
v 43.507748 0.000000 71.033058
v 43.507748 0.000000 78.136368
vn -0.0000 -0.0000 1.0000
vn -0.0000 -0.0000 -1.0000
vn -1.0000 -0.0000 -0.0000
vt 1.531250 2.250000
vt 1.812500 1.000000
vt 1.812500 2.250000
vt 1.531250 1.000000
vt 1.914062 1.000000
vt 2.265625 2.562500
vt 2.265625 1.000000
vt 1.914062 2.562500
vt -1.250000 1.000000
vt -1.375000 1.625000
vt -1.250000 1.625000
vt -1.375000 1.000000
s 0
usemtl metal.001
f 3683/2068/1980 3681/2069/1980 3682/2070/1980
f 3684/2071/1980 3681/2069/1980 3683/2068/1980
usemtl white.001
f 3675/2060/1978 3673/2061/1978 3674/2062/1978
f 3676/2063/1978 3673/2061/1978 3675/2060/1978
usemtl tilefloor.001
f 3679/2064/1979 3677/2065/1979 3678/2066/1979
f 3680/2067/1979 3677/2065/1979 3679/2064/1979
o classname=brush.014
v 47.947315 -0.000002 72.808884
v 47.947315 49.723141 72.808884
v 47.947315 49.723141 17.758265
v 47.947315 -0.000002 17.758265
vn -1.0000 -0.0000 -0.0000
vt -0.781250 3.187500
vt -3.203125 1.000000
vt -3.203125 3.187500
vt -0.781250 1.000000
s 0
usemtl tilefloor.001
f 3687/2072/1981 3685/2073/1981 3686/2074/1981
f 3688/2075/1981 3685/2073/1981 3687/2072/1981
o classname=brush.015
v 35.900772 35.516529 45.001942
v 35.723927 35.516529 45.584927
v 35.436745 35.516529 46.122204
v 35.050266 35.516529 46.593132
v 34.579334 35.516529 46.979618
v 34.042053 35.516529 47.266796
v 33.459072 35.516529 47.443642
v 32.852791 35.516529 47.503357
v 32.246510 35.516529 47.443642
v 31.663525 35.516529 47.266796
v 31.126245 35.516529 46.979618
v 30.655317 35.516529 46.593132
v 30.268837 35.516529 46.122204
v 29.981653 35.516529 45.584927
v 29.804808 35.516529 45.001942
v 29.745092 35.516529 44.395660
v 29.804808 35.516529 43.789379
v 29.981653 35.516529 43.206398
v 30.268837 35.516529 42.669117
v 30.655317 35.516529 42.198189
v 31.126245 35.516529 41.811707
v 31.663525 35.516529 41.524525
v 32.246510 35.516529 41.347679
v 32.852791 35.516529 41.287964
v 33.459072 35.516529 41.347679
v 34.042053 35.516529 41.524525
v 34.579334 35.516529 41.811707
v 35.050262 35.516529 42.198189
v 35.436745 35.516529 42.669117
v 35.723927 35.516529 43.206394
v 35.900772 35.516529 43.789379
v 35.960487 35.516529 44.395660
v 35.960487 35.516529 44.395660
v 35.900772 35.516529 43.789379
v 32.852791 39.068184 44.395660
v 35.900772 35.516529 43.789379
v 35.723927 35.516529 43.206394
v 32.852791 39.068184 44.395660
v 35.723927 35.516529 43.206394
v 35.436745 35.516529 42.669117
v 32.852791 39.068184 44.395660
v 35.436745 35.516529 42.669117
v 35.050262 35.516529 42.198189
v 32.852791 39.068184 44.395660
v 35.050262 35.516529 42.198189
v 34.579334 35.516529 41.811707
v 32.852791 39.068184 44.395660
v 34.579334 35.516529 41.811707
v 34.042053 35.516529 41.524525
v 32.852791 39.068184 44.395660
v 34.042053 35.516529 41.524525
v 33.459072 35.516529 41.347679
v 32.852791 39.068184 44.395660
v 33.459072 35.516529 41.347679
v 32.852791 35.516529 41.287964
v 32.852791 39.068184 44.395660
v 32.852791 35.516529 41.287964
v 32.246510 35.516529 41.347679
v 32.852791 39.068184 44.395660
v 32.246510 35.516529 41.347679
v 31.663525 35.516529 41.524525
v 32.852791 39.068184 44.395660
v 31.663525 35.516529 41.524525
v 31.126245 35.516529 41.811707
v 32.852791 39.068184 44.395660
v 31.126245 35.516529 41.811707
v 30.655317 35.516529 42.198189
v 32.852791 39.068184 44.395660
v 30.655317 35.516529 42.198189
v 30.268837 35.516529 42.669117
v 32.852791 39.068184 44.395660
v 30.268837 35.516529 42.669117
v 29.981653 35.516529 43.206398
v 32.852791 39.068184 44.395660
v 29.981653 35.516529 43.206398
v 29.804808 35.516529 43.789379
v 32.852791 39.068184 44.395660
v 29.804808 35.516529 43.789379
v 29.745092 35.516529 44.395660
v 32.852791 39.068184 44.395660
v 29.745092 35.516529 44.395660
v 29.804808 35.516529 45.001942
v 32.852791 39.068184 44.395660
v 29.804808 35.516529 45.001942
v 29.981653 35.516529 45.584927
v 32.852791 39.068184 44.395660
v 29.981653 35.516529 45.584927
v 30.268837 35.516529 46.122204
v 32.852791 39.068184 44.395660
v 30.268837 35.516529 46.122204
v 30.655317 35.516529 46.593132
v 32.852791 39.068184 44.395660
v 30.655317 35.516529 46.593132
v 31.126245 35.516529 46.979618
v 32.852791 39.068184 44.395660
v 31.126245 35.516529 46.979618
v 31.663525 35.516529 47.266796
v 32.852791 39.068184 44.395660
v 31.663525 35.516529 47.266796
v 32.246510 35.516529 47.443642
v 32.852791 39.068184 44.395660
v 32.246510 35.516529 47.443642
v 32.852791 35.516529 47.503357
v 32.852791 39.068184 44.395660
v 32.852791 35.516529 47.503357
v 33.459072 35.516529 47.443642
v 32.852791 39.068184 44.395660
v 33.459072 35.516529 47.443642
v 34.042053 35.516529 47.266796
v 32.852791 39.068184 44.395660
v 34.042053 35.516529 47.266796
v 34.579334 35.516529 46.979618
v 32.852791 39.068184 44.395660
v 34.579334 35.516529 46.979618
v 35.050266 35.516529 46.593132
v 32.852791 39.068184 44.395660
v 35.050266 35.516529 46.593132
v 35.436745 35.516529 46.122204
v 32.852791 39.068184 44.395660
v 35.436745 35.516529 46.122204
v 35.723927 35.516529 45.584927
v 32.852791 39.068184 44.395660
v 35.723927 35.516529 45.584927
v 35.900772 35.516529 45.001942
v 32.852791 39.068184 44.395660
v 35.900772 35.516529 45.001942
v 35.960487 35.516529 44.395660
v 32.852791 39.068184 44.395660
vn -0.0000 -1.0000 -0.0000
vn 0.7505 0.6567 -0.0739
vn 0.7217 0.6567 -0.2189
vn 0.6651 0.6567 -0.3555
vn 0.5830 0.6567 -0.4784
vn 0.4784 0.6567 -0.5830
vn 0.3555 0.6567 -0.6651
vn 0.2189 0.6567 -0.7217
vn 0.0739 0.6567 -0.7505
vn -0.0739 0.6567 -0.7505
vn -0.2189 0.6567 -0.7217
vn -0.3555 0.6567 -0.6651
vn -0.4784 0.6567 -0.5830
vn -0.5830 0.6567 -0.4784
vn -0.6651 0.6567 -0.3555
vn -0.7217 0.6567 -0.2189
vn -0.7505 0.6567 -0.0739
vn -0.7505 0.6567 0.0739
vn -0.7217 0.6567 0.2189
vn -0.6651 0.6567 0.3555
vn -0.5830 0.6567 0.4784
vn -0.4784 0.6567 0.5830
vn -0.3555 0.6567 0.6651
vn -0.2189 0.6567 0.7217
vn -0.0739 0.6567 0.7505
vn 0.0739 0.6567 0.7505
vn 0.2189 0.6567 0.7217
vn 0.3555 0.6567 0.6651
vn 0.4784 0.6567 0.5830
vn 0.5830 0.6567 0.4784
vn 0.6651 0.6567 0.3555
vn 0.7217 0.6567 0.2189
vn 0.7505 0.6567 0.0739
vt 0.848755 -0.845922
vt 0.865086 -0.806494
vt 0.858862 -0.827012
vt 0.835152 -0.862496
vt 0.818578 -0.876098
vt 0.799669 -0.886206
vt 0.779150 -0.892430
vt 0.757812 -0.894531
vt 0.736475 -0.892430
vt 0.715956 -0.886206
vt 0.697047 -0.876098
vt 0.680473 -0.862496
vt 0.666871 -0.845922
vt 0.656763 -0.827012
vt 0.650539 -0.806494
vt 0.648438 -0.785156
vt 0.650539 -0.763818
vt 0.656763 -0.743300
vt 0.666871 -0.724391
vt 0.680473 -0.707816
vt 0.697047 -0.694214
vt 0.715956 -0.684107
vt 0.736475 -0.677883
vt 0.757812 -0.675781
vt 0.779150 -0.677883
vt 0.799669 -0.684107
vt 0.818578 -0.694214
vt 0.835152 -0.707816
vt 0.848755 -0.724391
vt 0.858862 -0.743300
vt 0.865086 -0.763818
vt 0.867188 -0.785156
vt -0.652344 1.365234
vt -0.652344 1.302734
vt -0.641675 1.302734
vt -0.631416 1.302734
vt -0.621961 1.302734
vt 0.378906 0.107422
vt 0.424377 0.137805
vt 0.417576 0.146092
vt 0.409289 0.152893
vt 0.378906 1.365234
vt 0.409289 1.302734
vt 0.399834 1.302734
vt 0.389575 1.302734
vt 0.378906 1.302734
vt 0.368237 1.302734
vt 0.357978 1.302734
vt 0.348523 1.302734
vt 0.348523 0.152893
vt 0.340236 0.146092
vt 0.333435 0.137805
vt -0.631416 1.302734
vt -0.663013 1.302734
vt -0.673272 1.302734
vt -0.682727 1.302734
vt 0.333435 0.077039
vt 0.340236 0.068752
vt 0.348523 0.061951
vt 0.409289 0.061951
vt 0.417576 0.068752
vt 0.424377 0.077039
s 0
usemtl dirtymetal.001
f 3723/2108/1983 3721/2109/1983 3722/2110/1983
f 3726/2108/1984 3724/2110/1984 3725/2111/1984
f 3729/2108/1985 3727/2111/1985 3728/2112/1985
f 3732/2113/1986 3730/2114/1986 3731/2115/1986
f 3735/2113/1987 3733/2115/1987 3734/2116/1987
f 3738/2117/1988 3736/2118/1988 3737/2119/1988
f 3741/2117/1989 3739/2119/1989 3740/2120/1989
f 3744/2117/1990 3742/2120/1990 3743/2121/1990
f 3747/2117/1991 3745/2121/1991 3746/2122/1991
f 3750/2117/1992 3748/2122/1992 3749/2123/1992
f 3753/2117/1993 3751/2123/1993 3752/2124/1993
f 3756/2113/1994 3754/2125/1994 3755/2126/1994
f 3759/2113/1995 3757/2126/1995 3758/2127/1995
f 3762/2108/1996 3760/2112/1996 3761/2128/1996
f 3765/2108/1997 3763/2128/1997 3764/2110/1997
f 3768/2108/1998 3766/2110/1998 3767/2109/1998
f 3771/2108/1999 3769/2109/1999 3770/2129/1999
f 3774/2108/2000 3772/2129/2000 3773/2130/2000
f 3777/2108/2001 3775/2130/2001 3776/2131/2001
f 3780/2113/2002 3778/2132/2002 3779/2133/2002
f 3783/2113/2003 3781/2133/2003 3782/2134/2003
f 3786/2117/2004 3784/2124/2004 3785/2123/2004
f 3789/2117/2005 3787/2123/2005 3788/2122/2005
f 3792/2117/2006 3790/2122/2006 3791/2121/2006
f 3795/2117/2007 3793/2121/2007 3794/2120/2007
f 3798/2117/2008 3796/2120/2008 3797/2119/2008
f 3801/2117/2009 3799/2119/2009 3800/2118/2009
f 3804/2113/2010 3802/2135/2010 3803/2136/2010
f 3807/2113/2011 3805/2136/2011 3806/2137/2011
f 3810/2108/2012 3808/2131/2012 3809/2130/2012
f 3813/2108/2013 3811/2130/2013 3812/2129/2013
f 3816/2108/2014 3814/2129/2014 3815/2109/2014
usemtl misc.001
f 3691/2076/1982 3689/2077/1982 3690/2078/1982
f 3692/2079/1982 3689/2077/1982 3691/2076/1982
f 3693/2080/1982 3689/2077/1982 3692/2079/1982
f 3694/2081/1982 3689/2077/1982 3693/2080/1982
f 3695/2082/1982 3689/2077/1982 3694/2081/1982
f 3696/2083/1982 3689/2077/1982 3695/2082/1982
f 3697/2084/1982 3689/2077/1982 3696/2083/1982
f 3698/2085/1982 3689/2077/1982 3697/2084/1982
f 3699/2086/1982 3689/2077/1982 3698/2085/1982
f 3700/2087/1982 3689/2077/1982 3699/2086/1982
f 3701/2088/1982 3689/2077/1982 3700/2087/1982
f 3702/2089/1982 3689/2077/1982 3701/2088/1982
f 3703/2090/1982 3689/2077/1982 3702/2089/1982
f 3704/2091/1982 3689/2077/1982 3703/2090/1982
f 3705/2092/1982 3689/2077/1982 3704/2091/1982
f 3706/2093/1982 3689/2077/1982 3705/2092/1982
f 3707/2094/1982 3689/2077/1982 3706/2093/1982
f 3708/2095/1982 3689/2077/1982 3707/2094/1982
f 3709/2096/1982 3689/2077/1982 3708/2095/1982
f 3710/2097/1982 3689/2077/1982 3709/2096/1982
f 3711/2098/1982 3689/2077/1982 3710/2097/1982
f 3712/2099/1982 3689/2077/1982 3711/2098/1982
f 3713/2100/1982 3689/2077/1982 3712/2099/1982
f 3714/2101/1982 3689/2077/1982 3713/2100/1982
f 3715/2102/1982 3689/2077/1982 3714/2101/1982
f 3716/2103/1982 3689/2077/1982 3715/2102/1982
f 3717/2104/1982 3689/2077/1982 3716/2103/1982
f 3718/2105/1982 3689/2077/1982 3717/2104/1982
f 3719/2106/1982 3689/2077/1982 3718/2105/1982
f 3720/2107/1982 3689/2077/1982 3719/2106/1982
o classname=brush.016
v 33.166714 37.292355 44.709587
v 32.852791 37.292355 44.839619
v 32.538864 37.292355 44.709587
v 32.408833 37.292355 44.395660
v 32.538864 37.292355 44.081738
v 32.852791 37.292355 43.951706
v 33.166714 37.292355 44.081738
v 33.296745 37.292355 44.395660
v 33.296745 49.723141 44.395660
v 33.166714 49.723141 44.081738
v 32.852791 49.723141 43.951706
v 32.538864 49.723141 44.081738
v 32.408833 49.723141 44.395660
v 32.538864 49.723141 44.709587
v 32.852791 49.723141 44.839619
v 33.166714 49.723141 44.709587
v 33.296745 37.292355 44.395660
v 33.166714 37.292355 44.081738
v 33.166714 49.723141 44.081738
v 33.296745 49.723141 44.395660
v 33.166714 37.292355 44.081738
v 32.852791 37.292355 43.951706
v 32.852791 49.723141 43.951706
v 33.166714 49.723141 44.081738
v 32.852791 37.292355 43.951706
v 32.538864 37.292355 44.081738
v 32.538864 49.723141 44.081738
v 32.852791 49.723141 43.951706
v 32.538864 37.292355 44.081738
v 32.408833 37.292355 44.395660
v 32.408833 49.723141 44.395660
v 32.538864 49.723141 44.081738
v 32.408833 37.292355 44.395660
v 32.538864 37.292355 44.709587
v 32.538864 49.723141 44.709587
v 32.408833 49.723141 44.395660
v 32.538864 37.292355 44.709587
v 32.852791 37.292355 44.839619
v 32.852791 49.723141 44.839619
v 32.538864 49.723141 44.709587
v 32.852791 37.292355 44.839619
v 33.166714 37.292355 44.709587
v 33.166714 49.723141 44.709587
v 32.852791 49.723141 44.839619
v 33.166714 37.292355 44.709587
v 33.296745 37.292355 44.395660
v 33.296745 49.723141 44.395660
v 33.166714 49.723141 44.709587
vn -0.0000 -1.0000 -0.0000
vn -0.0000 1.0000 -0.0000
vn 0.9239 -0.0000 -0.3827
vn 0.3827 -0.0000 -0.9239
vn -0.3827 -0.0000 -0.9239
vn -0.9239 -0.0000 -0.3827
vn -0.9239 -0.0000 0.3827
vn -0.3827 -0.0000 0.9239
vn 0.3827 -0.0000 0.9239
vn 0.9239 -0.0000 0.3827
vt 0.572601 0.416351
vt 0.583649 0.416351
vt 0.578125 0.414062
vt 0.570312 0.421875
vt 0.572601 0.427399
vt 0.578125 0.429688
vt 0.583649 0.427399
vt 0.585938 0.421875
vt -0.572601 1.843750
vt -0.578125 1.625000
vt -0.572601 1.625000
vt -0.578125 1.843750
vt 0.578125 1.843750
vt 0.583649 1.625000
vt 0.578125 1.625000
vt 0.583649 1.843750
vt 0.572601 1.843750
vt 0.572601 1.625000
vt -0.583649 1.843750
vt -0.583649 1.625000
vt 1.445312 3.187500
vt 1.431502 2.640625
vt 1.445312 2.640625
vt 1.431502 3.187500
s 0
usemtl dirtymetal.001
f 3819/2138/2015 3817/2139/2015 3818/2140/2015
f 3820/2141/2015 3817/2139/2015 3819/2138/2015
f 3821/2142/2015 3817/2139/2015 3820/2141/2015
f 3822/2143/2015 3817/2139/2015 3821/2142/2015
f 3823/2144/2015 3817/2139/2015 3822/2143/2015
f 3824/2145/2015 3817/2139/2015 3823/2144/2015
f 3827/2143/2016 3825/2145/2016 3826/2144/2016
f 3828/2142/2016 3825/2145/2016 3827/2143/2016
f 3829/2141/2016 3825/2145/2016 3828/2142/2016
f 3830/2138/2016 3825/2145/2016 3829/2141/2016
f 3831/2140/2016 3825/2145/2016 3830/2138/2016
f 3832/2139/2016 3825/2145/2016 3831/2140/2016
f 3835/2146/2017 3833/2147/2017 3834/2148/2017
f 3836/2149/2017 3833/2147/2017 3835/2146/2017
f 3839/2150/2018 3837/2151/2018 3838/2152/2018
f 3840/2153/2018 3837/2151/2018 3839/2150/2018
f 3843/2154/2019 3841/2152/2019 3842/2155/2019
f 3844/2150/2019 3841/2152/2019 3843/2154/2019
f 3847/2149/2020 3845/2148/2020 3846/2147/2020
f 3848/2146/2020 3845/2148/2020 3847/2149/2020
f 3851/2156/2021 3849/2147/2021 3850/2157/2021
f 3852/2149/2021 3849/2147/2021 3851/2156/2021
f 3859/2153/2023 3857/2152/2023 3858/2151/2023
f 3860/2150/2023 3857/2152/2023 3859/2153/2023
f 3863/2149/2024 3861/2157/2024 3862/2147/2024
f 3864/2156/2024 3861/2157/2024 3863/2149/2024
usemtl tilefloor.001
f 3855/2158/2022 3853/2159/2022 3854/2160/2022
f 3856/2161/2022 3853/2159/2022 3855/2158/2022
o classname=brush.017
v 17.758272 0.000000 17.758263
v 17.758272 35.516529 17.758263
v 17.758272 35.516529 28.413223
v 17.758272 0.000000 28.413223
v 14.206618 35.516529 17.758263
v 14.206618 0.000000 17.758263
v 14.206618 0.000000 28.413223
v 14.206618 35.516529 28.413223
v 17.758272 35.516529 28.413223
v 14.206618 35.516529 28.413223
v 14.206618 0.000000 28.413223
v 17.758272 0.000000 28.413223
vn 1.0000 -0.0000 -0.0000
vn -1.0000 -0.0000 -0.0000
vn -0.0000 -0.0000 1.0000
vt -1.250000 2.562500
vt -0.781250 1.000000
vt -0.781250 2.562500
vt -1.250000 1.000000
vt -0.750000 1.000000
vt -0.687500 1.625000
vt -0.750000 1.625000
vt -0.687500 1.000000
s 0
usemtl metal.001
f 3875/2166/2027 3873/2167/2027 3874/2168/2027
f 3876/2169/2027 3873/2167/2027 3875/2166/2027
usemtl tilefloor.001
f 3867/2162/2025 3865/2163/2025 3866/2164/2025
f 3868/2165/2025 3865/2163/2025 3867/2162/2025
f 3871/2165/2026 3869/2164/2026 3870/2163/2026
f 3872/2162/2026 3869/2164/2026 3871/2165/2026
o classname=brush.018
v 17.758270 49.723141 71.033043
v 17.758270 35.516529 71.033043
v 17.758266 35.516529 17.758251
v 17.758266 49.723141 17.758251
v 14.206616 35.516529 71.033051
v 14.206616 49.723141 71.033058
v 14.206614 49.723141 17.758251
v 14.206614 35.516529 17.758251
v 14.206616 35.516529 71.033051
v 14.206614 35.516529 17.758251
v 17.758266 35.516529 17.758251
v 17.758270 35.516529 71.033043
vn 1.0000 -0.0000 -0.0000
vn -1.0000 -0.0000 -0.0000
vn -0.0000 -1.0000 -0.0000
vt -0.781249 2.562500
vt -3.125000 3.187500
vt -3.125000 2.562500
vt -0.781249 3.187500
vt -3.125000 2.562500
vt -3.125000 3.187500
vt 1.531250 -0.312500
vt 1.468750 -1.250000
vt 1.468750 -0.312500
vt 1.531250 -1.250000
s 0
usemtl metal.001
f 3887/2176/2030 3885/2177/2030 3886/2178/2030
f 3888/2179/2030 3885/2177/2030 3887/2176/2030
usemtl tilefloor.001
f 3879/2170/2028 3877/2171/2028 3878/2172/2028
f 3880/2173/2028 3877/2171/2028 3879/2170/2028
f 3883/2173/2029 3881/2174/2029 3882/2175/2029
f 3884/2170/2029 3881/2174/2029 3883/2173/2029
o classname=brush.019
v 17.758270 35.516529 49.723141
v 17.758270 35.516529 71.033058
v 17.758270 0.000000 71.033058
v 17.758270 0.000000 49.723141
v 14.206616 0.000000 49.723141
v 14.206616 0.000000 71.033028
v 14.206616 35.516529 71.033058
v 14.206616 35.516529 49.723141
v 14.206616 35.516529 49.723141
v 17.758270 35.516529 49.723141
v 17.758270 0.000000 49.723141
v 14.206616 0.000000 49.723141
vn 1.0000 -0.0000 -0.0000
vn -1.0000 -0.0000 -0.0000
vn -0.0000 -0.0000 -1.0000
vt -3.125000 1.000000
vt -2.187500 2.562500
vt -3.125000 2.562500
vt -2.187500 1.000000
vt -3.124999 1.000000
vt -0.687500 1.000000
vt -0.750000 1.625000
vt -0.687500 1.625000
vt -0.750000 1.000000
s 0
usemtl metal.001
f 3899/2185/2033 3897/2186/2033 3898/2187/2033
f 3900/2188/2033 3897/2186/2033 3899/2185/2033
usemtl tilefloor.001
f 3891/2180/2031 3889/2181/2031 3890/2182/2031
f 3892/2183/2031 3889/2181/2031 3891/2180/2031
f 3895/2182/2032 3893/2183/2032 3894/2184/2032
f 3896/2181/2032 3893/2183/2032 3895/2182/2032
o classname=brush.020
v -17.758259 14.206612 17.758265
v -14.206607 14.206612 17.758265
v -14.206610 35.516529 17.758265
v -17.758263 35.516529 17.758265
v -17.758263 14.206612 14.206612
v -17.758259 35.516529 14.206612
v -14.206607 35.516529 14.206612
v -14.206610 14.206612 14.206612
v -14.206607 35.516529 14.206612
v -14.206610 35.516529 17.758265
v -14.206607 14.206612 17.758265
v -14.206610 14.206612 14.206612
vn -0.0000 -0.0000 1.0000
vn -0.0000 -0.0000 -1.0000
vn 1.0000 -0.0000 -0.0000
vt -0.625000 2.562500
vt -0.781250 1.625000
vt -0.625000 1.625000
vt -0.781250 2.562500
vt -0.250000 1.625000
vt -0.312500 1.250000
vt -0.312500 1.625000
vt -0.250000 1.250000
vt -1.312500 1.437500
vt -1.250000 1.812500
vt -1.312500 1.812500
vt -1.250000 1.437500
s 0
usemtl metal.001
f 3907/2193/2035 3905/2194/2035 3906/2195/2035
f 3908/2196/2035 3905/2194/2035 3907/2193/2035
f 3911/2197/2036 3909/2198/2036 3910/2199/2036
f 3912/2200/2036 3909/2198/2036 3911/2197/2036
usemtl tilefloor.001
f 3903/2189/2034 3901/2190/2034 3902/2191/2034
f 3904/2192/2034 3901/2190/2034 3903/2189/2034
o classname=brush.021
v 87.015495 0.000000 17.758265
v 87.015495 35.516529 17.758265
v 43.507736 35.516529 17.758265
v 43.507736 0.000000 17.758265
v 87.015495 35.516529 14.206612
v 87.015495 0.000000 14.206612
v 43.507736 0.000000 14.206612
v 43.507736 35.516529 14.206612
v 43.507736 35.516529 17.758265
v 43.507736 35.516529 14.206612
v 43.507736 0.000000 14.206612
v 43.507736 0.000000 17.758265
vn -0.0000 -0.0000 1.0000
vn -0.0000 -0.0000 -1.0000
vn -1.0000 -0.0000 -0.0000
vt 1.914062 2.562500
vt 3.828125 1.000000
vt 3.828125 2.562500
vt 1.914062 1.000000
vt 0.765625 1.000000
vt 1.531250 1.625000
vt 1.531250 1.000000
vt 0.765625 1.625000
vt -1.250000 1.000000
vt -1.312500 1.625000
vt -1.250000 1.625000
vt -1.312500 1.000000
s 0
usemtl metal.001
f 3919/2205/2038 3917/2206/2038 3918/2207/2038
f 3920/2208/2038 3917/2206/2038 3919/2205/2038
f 3923/2209/2039 3921/2210/2039 3922/2211/2039
f 3924/2212/2039 3921/2210/2039 3923/2209/2039
usemtl tilefloor.001
f 3915/2201/2037 3913/2202/2037 3914/2203/2037
f 3916/2204/2037 3913/2202/2037 3915/2201/2037
o classname=brush.022
v 22.197826 35.516529 17.758265
v 14.206614 35.516529 17.758265
v 14.206608 14.206612 17.758265
v 22.197826 14.206612 17.758265
v 22.197826 14.206612 14.206612
v 14.206615 14.206612 14.206612
v 14.206612 35.516529 14.206612
v 22.197826 35.516529 14.206612
v 14.206615 14.206612 14.206612
v 14.206608 14.206612 17.758265
v 14.206614 35.516529 17.758265
v 14.206612 35.516529 14.206612
v 22.197826 35.516529 14.206612
v 22.197826 35.516529 17.758265
v 22.197826 14.206612 17.758265
v 22.197826 14.206612 14.206612
vn -0.0000 -0.0000 1.0000
vn -0.0000 -0.0000 -1.0000
vn -1.0000 -0.0000 -0.0000
vn 1.0000 -0.0000 -0.0000
vt 0.625000 1.625000
vt 0.976562 2.562500
vt 0.625000 2.562500
vt 0.976562 1.625000
vt 0.250000 1.625000
vt 0.390625 1.250000
vt 0.250000 1.250000
vt 0.390625 1.625000
vt -1.312500 1.625000
vt -1.250000 1.250000
vt -1.312500 1.250000
vt -1.250000 1.625000
s 0
usemtl metal.001
f 3931/2217/2041 3929/2218/2041 3930/2219/2041
f 3932/2220/2041 3929/2218/2041 3931/2217/2041
f 3935/2221/2042 3933/2222/2042 3934/2223/2042
f 3936/2224/2042 3933/2222/2042 3935/2221/2042
f 3939/2223/2043 3937/2224/2043 3938/2221/2043
f 3940/2222/2043 3937/2224/2043 3939/2223/2043
usemtl tilefloor.001
f 3927/2213/2040 3925/2214/2040 3926/2215/2040
f 3928/2216/2040 3925/2214/2040 3927/2213/2040
o classname=brush.023
v -13.762655 14.650568 16.426395
v 13.762655 14.650568 16.426395
v 13.762655 35.072571 16.426395
v -13.762655 35.072571 16.426395
vn -0.0000 -0.0000 1.0000
vt -1.027344 1.988281
vt -1.996094 1.269531
vt -1.027344 1.269531
vt -1.996094 1.988281
s 0
usemtl glass
f 3943/2225/2044 3941/2226/2044 3942/2227/2044
f 3944/2228/2044 3941/2226/2044 3943/2225/2044
o classname=brush.024
v -13.762655 14.650568 16.870352
v -14.206612 14.206612 16.870352
v 14.206612 14.206612 16.870352
v 13.762655 14.650568 16.870352
v -14.206612 14.206612 15.094524
v -13.762655 14.650568 15.094524
v 13.762655 14.650568 15.094524
v 14.206612 14.206612 15.094524
v 14.206612 14.206612 16.870352
v -14.206612 14.206612 16.870352
v -14.206612 14.206612 15.094524
v 14.206612 14.206612 15.094524
v -14.206612 14.206612 15.094524
v -14.206612 14.206612 16.870352
v -13.762655 14.650568 16.870352
v -13.762655 14.650568 15.094524
v 14.206612 14.206612 16.870352
v 14.206612 14.206612 15.094524
v 13.762655 14.650568 15.094524
v 13.762655 14.650568 16.870352
v 13.762655 14.650568 15.094524
v -13.762655 14.650568 15.094524
v -13.762655 14.650568 16.870352
v 13.762655 14.650568 16.870352
vn -0.0000 -0.0000 1.0000
vn -0.0000 -0.0000 -1.0000
vn -0.0000 -1.0000 -0.0000
vn -0.7071 0.7071 -0.0000
vn 0.7071 0.7071 -0.0000
vn -0.0000 1.0000 -0.0000
vt -0.312500 1.250000
vt -0.804688 1.257812
vt -0.812500 1.250000
vt -0.320312 1.257812
vt -0.812500 -0.265625
vt -0.312500 -0.296875
vt -0.812500 -0.296875
vt -0.312500 -0.265625
vt -0.804688 -0.296875
vt -0.804688 -0.265625
vt -0.320312 -0.265625
vt -0.320312 -0.296875
s 0
usemtl dirtymetal.001
f 3947/2229/2045 3945/2230/2045 3946/2231/2045
f 3948/2232/2045 3945/2230/2045 3947/2229/2045
f 3951/2232/2046 3949/2231/2046 3950/2230/2046
f 3952/2229/2046 3949/2231/2046 3951/2232/2046
f 3955/2233/2047 3953/2234/2047 3954/2235/2047
f 3956/2236/2047 3953/2234/2047 3955/2233/2047
f 3959/2237/2048 3957/2233/2048 3958/2235/2048
f 3960/2238/2048 3957/2233/2048 3959/2237/2048
f 3963/2239/2049 3961/2234/2049 3962/2236/2049
f 3964/2240/2049 3961/2234/2049 3963/2239/2049
f 3967/2237/2050 3965/2239/2050 3966/2238/2050
f 3968/2240/2050 3965/2239/2050 3967/2237/2050
o classname=brush.025
v 14.206612 35.516529 16.870352
v -14.206612 35.516529 16.870352
v -14.206612 35.072571 16.870352
v 13.762655 35.072571 16.870352
v -14.206612 35.072571 15.094524
v -14.206612 35.516529 15.094524
v 14.206612 35.516529 15.094524
v 13.762655 35.072571 15.094524
v -14.206612 35.516529 15.094524
v -14.206612 35.516529 16.870352
v 14.206612 35.516529 16.870352
v 14.206612 35.516529 15.094524
v -14.206612 35.072571 16.870352
v -14.206612 35.516529 16.870352
v -14.206612 35.516529 15.094524
v -14.206612 35.072571 15.094524
v 13.762655 35.072571 15.094524
v 14.206612 35.516529 15.094524
v 14.206612 35.516529 16.870352
v 13.762655 35.072571 16.870352
v -14.206612 35.072571 15.094524
v 13.762655 35.072571 15.094524
v 13.762655 35.072571 16.870352
v -14.206612 35.072571 16.870352
vn -0.0000 -0.0000 1.0000
vn -0.0000 -0.0000 -1.0000
vn -0.0000 1.0000 -0.0000
vn -1.0000 -0.0000 -0.0000
vn 0.7071 -0.7071 -0.0000
vn -0.0000 -1.0000 -0.0000
vt -0.812500 1.617188
vt -0.312500 1.625000
vt -0.812500 1.625000
vt -0.320312 1.617188
vt -0.312500 -0.296875
vt -0.812500 -0.265625
vt -0.812500 -0.296875
vt -0.312500 -0.265625
vt -1.265625 1.625000
vt -1.296875 1.617188
vt -1.296875 1.625000
vt -1.265625 1.617188
vt -0.320312 -0.265625
vt -0.320312 -0.296875
s 0
usemtl dirtymetal.001
f 3971/2241/2051 3969/2242/2051 3970/2243/2051
f 3972/2244/2051 3969/2242/2051 3971/2241/2051
f 3975/2242/2052 3973/2241/2052 3974/2243/2052
f 3976/2244/2052 3973/2241/2052 3975/2242/2052
f 3979/2245/2053 3977/2246/2053 3978/2247/2053
f 3980/2248/2053 3977/2246/2053 3979/2245/2053
f 3983/2249/2054 3981/2250/2054 3982/2251/2054
f 3984/2252/2054 3981/2250/2054 3983/2249/2054
f 3987/2245/2055 3985/2253/2055 3986/2248/2055
f 3988/2254/2055 3985/2253/2055 3987/2245/2055
f 3991/2254/2056 3989/2246/2056 3990/2253/2056
f 3992/2247/2056 3989/2246/2056 3991/2254/2056
o classname=brush.026
v -13.762655 35.072571 16.870352
v -14.206612 35.516529 16.870352
v -14.206612 14.206612 16.870352
v -13.762655 14.650568 16.870352
v -13.762655 14.650568 15.094524
v -14.206612 14.206612 15.094524
v -14.206612 35.516529 15.094524
v -13.762655 35.072571 15.094524
v -14.206612 35.516529 15.094524
v -14.206612 14.206612 15.094524
v -14.206612 14.206612 16.870352
v -14.206612 35.516529 16.870352
v -13.762655 14.650568 16.870352
v -14.206612 14.206612 16.870352
v -14.206612 14.206612 15.094524
v -13.762655 14.650568 15.094524
v -13.762655 35.072571 15.094524
v -14.206612 35.516529 15.094524
v -14.206612 35.516529 16.870352
v -13.762655 35.072571 16.870352
v -13.762655 35.072571 15.094524
v -13.762655 35.072571 16.870352
v -13.762655 14.650568 16.870352
v -13.762655 14.650568 15.094524
vn -0.0000 -0.0000 1.0000
vn -0.0000 -0.0000 -1.0000
vn -1.0000 -0.0000 -0.0000
vn 0.7071 -0.7071 -0.0000
vn 0.7071 0.7071 -0.0000
vn 1.0000 -0.0000 -0.0000
vt -0.812500 1.250000
vt -0.804688 1.617188
vt -0.812500 1.625000
vt -0.804688 1.257812
vt -1.296875 1.250000
vt -1.265625 1.625000
vt -1.265625 1.250000
vt -1.296875 1.625000
vt -0.812500 -0.265625
vt -0.804688 -0.296875
vt -0.812500 -0.296875
vt -0.804688 -0.265625
vt -1.296875 1.257812
vt -1.265625 1.617188
vt -1.296875 1.617188
vt -1.265625 1.257812
s 0
usemtl dirtymetal.001
f 3995/2255/2057 3993/2256/2057 3994/2257/2057
f 3996/2258/2057 3993/2256/2057 3995/2255/2057
f 3999/2257/2058 3997/2258/2058 3998/2255/2058
f 4000/2256/2058 3997/2258/2058 3999/2257/2058
f 4003/2259/2059 4001/2260/2059 4002/2261/2059
f 4004/2262/2059 4001/2260/2059 4003/2259/2059
f 4007/2263/2060 4005/2264/2060 4006/2265/2060
f 4008/2266/2060 4005/2264/2060 4007/2263/2060
f 4011/2265/2061 4009/2266/2061 4010/2263/2061
f 4012/2264/2061 4009/2266/2061 4011/2265/2061
f 4015/2267/2062 4013/2268/2062 4014/2269/2062
f 4016/2270/2062 4013/2268/2062 4015/2267/2062
o classname=brush.027
v 14.206608 14.206612 16.870352
v 14.206608 35.516529 16.870352
v 13.762651 35.072571 16.870352
v 13.762651 14.650568 16.870352
v 13.762651 35.072571 15.094524
v 14.206608 35.516529 15.094524
v 14.206608 14.206612 15.094524
v 13.762651 14.650568 15.094524
v 14.206608 35.516529 15.094524
v 14.206608 35.516529 16.870352
v 14.206608 14.206612 16.870352
v 14.206608 14.206612 15.094524
v 14.206608 14.206612 15.094524
v 14.206608 14.206612 16.870352
v 13.762651 14.650568 16.870352
v 13.762651 14.650568 15.094524
v 13.762651 35.072571 16.870352
v 14.206608 35.516529 16.870352
v 14.206608 35.516529 15.094524
v 13.762651 35.072571 15.094524
v 13.762651 35.072571 16.870352
v 13.762651 35.072571 15.094524
v 13.762651 14.650568 15.094524
v 13.762651 14.650568 16.870352
vn -0.0000 -0.0000 1.0000
vn -0.0000 -0.0000 -1.0000
vn 1.0000 -0.0000 -0.0000
vn -0.7071 -0.7071 -0.0000
vn -0.7071 0.7071 -0.0000
vn -1.0000 -0.0000 -0.0000
vt -0.320312 1.617188
vt -0.312500 1.250000
vt -0.312500 1.625000
vt -0.320312 1.257812
vt -1.296875 1.250000
vt -1.265625 1.625000
vt -1.296875 1.625000
vt -1.265625 1.250000
vt -0.320312 -0.296875
vt -0.312500 -0.265625
vt -0.312500 -0.296875
vt -0.320312 -0.265625
vt -1.265625 1.257812
vt -1.296875 1.617188
vt -1.265625 1.617188
vt -1.296875 1.257812
s 0
usemtl dirtymetal.001
f 4019/2271/2063 4017/2272/2063 4018/2273/2063
f 4020/2274/2063 4017/2272/2063 4019/2271/2063
f 4023/2272/2064 4021/2271/2064 4022/2273/2064
f 4024/2274/2064 4021/2271/2064 4023/2272/2064
f 4027/2275/2065 4025/2276/2065 4026/2277/2065
f 4028/2278/2065 4025/2276/2065 4027/2275/2065
f 4031/2279/2066 4029/2280/2066 4030/2281/2066
f 4032/2282/2066 4029/2280/2066 4031/2279/2066
f 4035/2280/2067 4033/2279/2067 4034/2281/2067
f 4036/2282/2067 4033/2279/2067 4035/2280/2067
f 4039/2283/2068 4037/2284/2068 4038/2285/2068
f 4040/2286/2068 4037/2284/2068 4039/2283/2068
o classname=brush.028
v 22.197826 14.206612 17.758265
v -17.758263 14.206612 17.758265
v -17.758263 0.000000 17.758265
v 22.197828 0.000000 17.758265
v 22.197826 0.000000 14.206612
v -17.758263 0.000000 14.206612
v -17.758263 14.206612 14.206612
v 22.197828 14.206612 14.206612
v 22.197828 14.206612 14.206612
v -17.758263 14.206612 14.206612
v -17.758263 14.206612 17.758265
v 22.197826 14.206612 17.758265
v 22.197828 14.206612 14.206612
v 22.197826 14.206612 17.758265
v 22.197828 0.000000 17.758265
v 22.197826 0.000000 14.206612
vn -0.0000 -0.0000 1.0000
vn -0.0000 -0.0000 -1.0000
vn -0.0000 1.0000 -0.0000
vn 1.0000 -0.0000 -0.0000
vt -0.781250 1.000000
vt 0.976562 1.625000
vt -0.781250 1.625000
vt 0.976562 1.000000
vt -0.312500 1.250000
vt 0.390625 1.000000
vt -0.312500 1.000000
vt 0.390625 1.250000
vt -0.312500 -0.312500
vt 0.390625 -0.250000
vt -0.312500 -0.250000
vt 0.390625 -0.312500
vt -1.312500 1.000000
vt -1.250000 1.250000
vt -1.312500 1.250000
vt -1.250000 1.000000
s 0
usemtl metal.001
f 4047/2291/2070 4045/2292/2070 4046/2293/2070
f 4048/2294/2070 4045/2292/2070 4047/2291/2070
f 4051/2295/2071 4049/2296/2071 4050/2297/2071
f 4052/2298/2071 4049/2296/2071 4051/2295/2071
f 4055/2299/2072 4053/2300/2072 4054/2301/2072
f 4056/2302/2072 4053/2300/2072 4055/2299/2072
usemtl tilefloor.001
f 4043/2287/2069 4041/2288/2069 4042/2289/2069
f 4044/2290/2069 4041/2288/2069 4043/2287/2069
o classname=brush.029
v -17.758247 49.723141 17.758265
v -17.758251 35.516529 17.758265
v 87.015495 35.516529 17.758265
v 87.015495 49.723141 17.758265
v -17.758261 35.516529 14.206612
v -17.758265 49.723141 14.206612
v 87.015495 49.723141 14.206612
v 87.015495 35.516529 14.206612
v -17.758261 35.516529 14.206612
v 87.015495 35.516529 14.206612
v 87.015495 35.516529 17.758265
v -17.758251 35.516529 17.758265
vn -0.0000 -0.0000 1.0000
vn -0.0000 -0.0000 -1.0000
vn -0.0000 -1.0000 -0.0000
vt 3.828125 2.562500
vt -0.781249 3.187500
vt -0.781249 2.562500
vt 3.828125 3.187500
vt 1.531250 1.875000
vt -0.312500 1.625000
vt -0.312500 1.875000
vt 1.531250 1.625000
vt 1.531250 -0.312500
vt -0.312500 -0.250000
vt 1.531250 -0.250000
vt -0.312500 -0.312500
s 0
usemtl metal.001
f 4063/2307/2074 4061/2308/2074 4062/2309/2074
f 4064/2310/2074 4061/2308/2074 4063/2307/2074
f 4067/2311/2075 4065/2312/2075 4066/2313/2075
f 4068/2314/2075 4065/2312/2075 4067/2311/2075
usemtl tilefloor.001
f 4059/2303/2073 4057/2304/2073 4058/2305/2073
f 4060/2306/2073 4057/2304/2073 4059/2303/2073
o classname=brush.030
v 18.646177 -69.257233 -64.373711
v 47.059402 -69.257233 -64.373711
v 39.956097 1.775826 -71.477013
v 25.749483 1.775826 -71.477013
v 25.749483 1.775826 -85.683624
v 39.956097 1.775826 -85.683624
v 47.059402 -69.257233 -92.786934
v 18.646177 -69.257233 -92.786934
v 18.646177 -69.257233 -64.373711
v 18.646177 -69.257233 -92.786934
v 47.059402 -69.257233 -92.786934
v 47.059402 -69.257233 -64.373711
v 39.956097 1.775826 -71.477013
v 39.956097 1.775826 -85.683624
v 25.749483 1.775826 -85.683624
v 25.749483 1.775826 -71.477013
v 18.646177 -69.257233 -64.373711
v 25.749483 1.775826 -71.477013
v 25.749483 1.775826 -85.683624
v 18.646177 -69.257233 -92.786934
v 47.059402 -69.257233 -92.786934
v 39.956097 1.775826 -85.683624
v 39.956097 1.775826 -71.477013
v 47.059402 -69.257233 -64.373711
vn -0.0000 0.0995 0.9950
vn -0.0000 0.0995 -0.9950
vn -0.0000 -1.0000 -0.0000
vn -0.0000 1.0000 -0.0000
vn -0.9950 0.0995 -0.0000
vn 0.9950 0.0995 -0.0000
vt 1.000000 1.833333
vt 0.250000 -2.333333
vt 1.250000 -2.333333
vt 0.500000 1.833333
vt 1.250000 2.250000
vt 0.250000 0.583333
vt 0.250000 2.250000
vt 1.250000 0.583333
vt 0.500000 1.833333
vt 1.000000 1.000000
vt 1.000000 1.833333
vt 0.500000 1.000000
vt -0.250000 -2.333333
vt 0.000000 1.833333
vt 0.750000 -2.333333
s 0
usemtl metalpanels.001
f 4071/2315/2076 4069/2316/2076 4070/2317/2076
f 4072/2318/2076 4069/2316/2076 4071/2315/2076
f 4075/2317/2077 4073/2318/2077 4074/2315/2077
f 4076/2316/2077 4073/2318/2077 4075/2317/2077
f 4079/2319/2078 4077/2320/2078 4078/2321/2078
f 4080/2322/2078 4077/2320/2078 4079/2319/2078
f 4083/2323/2079 4081/2324/2079 4082/2325/2079
f 4084/2326/2079 4081/2324/2079 4083/2323/2079
f 4087/2318/2080 4085/2327/2080 4086/2328/2080
f 4088/2329/2080 4085/2327/2080 4087/2318/2080
f 4091/2328/2081 4089/2329/2081 4090/2318/2081
f 4092/2327/2081 4089/2329/2081 4091/2328/2081
o classname=brush.031
v 18.202221 -68.813278 -65.705582
v 19.978048 -68.813278 -63.929752
v 18.202221 -68.813278 -63.929752
v 25.305527 2.219783 -71.033058
v 27.081354 2.219783 -71.033058
v 25.305527 2.219783 -72.808884
v 18.202221 -68.813278 -63.929752
v 19.978048 -68.813278 -63.929752
v 27.081354 2.219783 -71.033058
v 25.305527 2.219783 -71.033058
v 19.978048 -68.813278 -63.929752
v 18.202221 -68.813278 -65.705582
v 25.305527 2.219783 -72.808884
v 27.081354 2.219783 -71.033058
v 18.202221 -68.813278 -65.705582
v 18.202221 -68.813278 -63.929752
v 25.305527 2.219783 -71.033058
v 25.305527 2.219783 -72.808884
vn -0.0000 -1.0000 -0.0000
vn -0.0000 1.0000 -0.0000
vn -0.0000 0.0995 0.9950
vn 0.7001 -0.1400 -0.7001
vn -0.9950 0.0995 -0.0000
vt 0.640625 1.328125
vt 0.640625 1.359375
vt 0.671875 1.328125
vt 0.765625 1.484375
vt 0.765625 1.453125
vt 0.796875 1.453125
vt 0.796875 1.250000
vt 0.640625 0.000000
vt 0.671875 0.000000
vt 0.765625 1.250000
vt 0.453125 1.250000
vt 0.359375 0.000000
vt 0.328125 0.000000
vt 0.484375 1.250000
s 0
usemtl metal.001
f 4095/2330/2082 4093/2331/2082 4094/2332/2082
f 4098/2333/2083 4096/2334/2083 4097/2335/2083
f 4101/2336/2084 4099/2337/2084 4100/2338/2084
f 4102/2339/2084 4099/2337/2084 4101/2336/2084
f 4105/2339/2085 4103/2338/2085 4104/2337/2085
f 4106/2336/2085 4103/2338/2085 4105/2339/2085
f 4109/2340/2086 4107/2341/2086 4108/2342/2086
f 4110/2343/2086 4107/2341/2086 4109/2340/2086
o classname=brush.032
v 19.978048 -68.813278 -93.230888
v 18.202221 -68.813278 -91.455063
v 18.202221 -68.813278 -93.230888
v 25.305527 2.219783 -86.127586
v 25.305527 2.219783 -84.351753
v 27.081354 2.219783 -86.127586
v 18.202221 -68.813278 -93.230888
v 18.202221 -68.813278 -91.455063
v 25.305527 2.219783 -84.351753
v 25.305527 2.219783 -86.127586
v 18.202221 -68.813278 -91.455063
v 19.978048 -68.813278 -93.230888
v 27.081354 2.219783 -86.127586
v 25.305527 2.219783 -84.351753
v 19.978048 -68.813278 -93.230888
v 18.202221 -68.813278 -93.230888
v 25.305527 2.219783 -86.127586
v 27.081354 2.219783 -86.127586
vn -0.0000 -1.0000 -0.0000
vn -0.0000 1.0000 -0.0000
vn -0.9950 0.0995 -0.0000
vn 0.7001 -0.1400 0.7001
vn -0.0000 0.0995 -0.9950
vt 2.601562 2.648438
vt 2.632812 2.648438
vt 2.601562 2.617188
vt 2.757812 2.523438
vt 2.726562 2.523438
vt 2.726562 2.492188
vt 3.765625 1.250000
vt 3.921875 0.000000
vt 3.890625 0.000000
vt 3.796875 1.250000
vt 2.757812 1.250000
vt 2.601562 0.000000
vt 2.632812 0.000000
vt 2.726562 1.250000
vt 0.453125 1.250000
vt 0.359375 0.000000
vt 0.328125 0.000000
vt 0.484375 1.250000
s 0
usemtl metal.001
f 4113/2344/2087 4111/2345/2087 4112/2346/2087
f 4116/2347/2088 4114/2348/2088 4115/2349/2088
f 4119/2350/2089 4117/2351/2089 4118/2352/2089
f 4120/2353/2089 4117/2351/2089 4119/2350/2089
f 4123/2354/2090 4121/2355/2090 4122/2356/2090
f 4124/2357/2090 4121/2355/2090 4123/2354/2090
f 4127/2358/2091 4125/2359/2091 4126/2360/2091
f 4128/2361/2091 4125/2359/2091 4127/2358/2091
o classname=brush.033
v 47.503357 -68.813278 -91.455063
v 45.727531 -68.813278 -93.230888
v 47.503357 -68.813278 -93.230888
v 40.400051 2.219783 -86.127586
v 38.624226 2.219783 -86.127586
v 40.400051 2.219783 -84.351753
v 47.503357 -68.813278 -93.230888
v 45.727531 -68.813278 -93.230888
v 38.624226 2.219783 -86.127586
v 40.400051 2.219783 -86.127586
v 45.727531 -68.813278 -93.230888
v 47.503357 -68.813278 -91.455063
v 40.400051 2.219783 -84.351753
v 38.624226 2.219783 -86.127586
v 47.503357 -68.813278 -91.455063
v 47.503357 -68.813278 -93.230888
v 40.400051 2.219783 -86.127586
v 40.400051 2.219783 -84.351753
vn -0.0000 -1.0000 -0.0000
vn -0.0000 1.0000 -0.0000
vn -0.0000 0.0995 -0.9950
vn -0.7001 -0.1400 0.7001
vn 0.9950 0.0995 -0.0000
vt 2.312500 4.609375
vt 2.312500 4.578125
vt 2.281250 4.609375
vt 2.187500 4.453125
vt 2.187500 4.484375
vt 2.156250 4.484375
vt 2.156250 1.250000
vt 2.312500 0.000000
vt 2.281250 0.000000
vt 2.187500 1.250000
vt 3.484375 1.250000
vt 3.578125 0.000000
vt 3.609375 0.000000
vt 3.453125 1.250000
s 0
usemtl metal.001
f 4131/2362/2092 4129/2363/2092 4130/2364/2092
f 4134/2365/2093 4132/2366/2093 4133/2367/2093
f 4137/2368/2094 4135/2369/2094 4136/2370/2094
f 4138/2371/2094 4135/2369/2094 4137/2368/2094
f 4141/2371/2095 4139/2370/2095 4140/2369/2095
f 4142/2368/2095 4139/2370/2095 4141/2371/2095
f 4145/2372/2096 4143/2373/2096 4144/2374/2096
f 4146/2375/2096 4143/2373/2096 4145/2372/2096
o classname=brush.034
v 45.727531 -68.813278 -63.929752
v 47.503357 -68.813278 -65.705582
v 47.503357 -68.813278 -63.929752
v 40.400051 2.219783 -71.033058
v 40.400051 2.219783 -72.808884
v 38.624226 2.219783 -71.033058
v 47.503357 -68.813278 -63.929752
v 47.503357 -68.813278 -65.705582
v 40.400051 2.219783 -72.808884
v 40.400051 2.219783 -71.033058
v 47.503357 -68.813278 -65.705582
v 45.727531 -68.813278 -63.929752
v 38.624226 2.219783 -71.033058
v 40.400051 2.219783 -72.808884
v 45.727531 -68.813278 -63.929752
v 47.503357 -68.813278 -63.929752
v 40.400051 2.219783 -71.033058
v 38.624226 2.219783 -71.033058
vn -0.0000 -1.0000 -0.0000
vn -0.0000 1.0000 -0.0000
vn 0.9950 0.0995 -0.0000
vn -0.7001 -0.1400 -0.7001
vn -0.0000 0.0995 0.9950
vt 0.351562 3.289062
vt 0.320312 3.289062
vt 0.351562 3.320312
vt 0.195312 3.414062
vt 0.226562 3.414062
vt 0.226562 3.445312
vt 0.796875 1.250000
vt 0.640625 0.000000
vt 0.671875 0.000000
vt 0.765625 1.250000
vt 0.195312 1.250000
vt 0.351562 0.000000
vt 0.320312 0.000000
vt 0.226562 1.250000
vt 1.875000 1.250000
vt 1.968750 0.000000
vt 2.000000 0.000000
vt 1.843750 1.250000
s 0
usemtl metal.001
f 4149/2376/2097 4147/2377/2097 4148/2378/2097
f 4152/2379/2098 4150/2380/2098 4151/2381/2098
f 4155/2382/2099 4153/2383/2099 4154/2384/2099
f 4156/2385/2099 4153/2383/2099 4155/2382/2099
f 4159/2386/2100 4157/2387/2100 4158/2388/2100
f 4160/2389/2100 4157/2387/2100 4159/2386/2100
f 4163/2390/2101 4161/2391/2101 4162/2392/2101
f 4164/2393/2101 4161/2391/2101 4163/2390/2101
o classname=brush.035
v 39.381584 9.767046 -75.692101
v 37.745552 9.767046 -73.243599
v 35.297058 9.767046 -71.607559
v 32.408833 9.767046 -71.033058
v 29.520615 9.767046 -71.607559
v 27.072113 9.767046 -73.243599
v 25.436069 9.767046 -75.692101
v 24.861570 9.767046 -78.580322
v 25.436069 9.767046 -81.468529
v 27.072113 9.767046 -83.917038
v 29.520609 9.767046 -85.553078
v 32.408833 9.767046 -86.127586
v 35.297050 9.767046 -85.553078
v 37.745552 9.767046 -83.917038
v 39.381584 9.767046 -81.468529
v 39.956097 9.767046 -78.580322
v 39.956097 10.654959 -78.580322
v 39.381584 10.654959 -81.468529
v 37.745552 10.654959 -83.917038
v 35.297050 10.654959 -85.553078
v 32.408833 10.654959 -86.127586
v 29.520609 10.654959 -85.553078
v 27.072113 10.654959 -83.917038
v 25.436069 10.654959 -81.468529
v 24.861570 10.654959 -78.580322
v 25.436069 10.654959 -75.692101
v 27.072113 10.654959 -73.243599
v 29.520615 10.654959 -71.607559
v 32.408833 10.654959 -71.033058
v 35.297058 10.654959 -71.607559
v 37.745552 10.654959 -73.243599
v 39.381584 10.654959 -75.692101
v 39.956097 9.767046 -78.580322
v 39.381584 9.767046 -81.468529
v 39.381584 10.654959 -81.468529
v 39.956097 10.654959 -78.580322
v 39.381584 9.767046 -81.468529
v 37.745552 9.767046 -83.917038
v 37.745552 10.654959 -83.917038
v 39.381584 10.654959 -81.468529
v 37.745552 9.767046 -83.917038
v 35.297050 9.767046 -85.553078
v 35.297050 10.654959 -85.553078
v 37.745552 10.654959 -83.917038
v 35.297050 9.767046 -85.553078
v 32.408833 9.767046 -86.127586
v 32.408833 10.654959 -86.127586
v 35.297050 10.654959 -85.553078
v 32.408833 9.767046 -86.127586
v 29.520609 9.767046 -85.553078
v 29.520609 10.654959 -85.553078
v 32.408833 10.654959 -86.127586
v 29.520609 9.767046 -85.553078
v 27.072113 9.767046 -83.917038
v 27.072113 10.654959 -83.917038
v 29.520609 10.654959 -85.553078
v 27.072113 9.767046 -83.917038
v 25.436069 9.767046 -81.468529
v 25.436069 10.654959 -81.468529
v 27.072113 10.654959 -83.917038
v 25.436069 9.767046 -81.468529
v 24.861570 9.767046 -78.580322
v 24.861570 10.654959 -78.580322
v 25.436069 10.654959 -81.468529
v 24.861570 9.767046 -78.580322
v 25.436069 9.767046 -75.692101
v 25.436069 10.654959 -75.692101
v 24.861570 10.654959 -78.580322
v 25.436069 9.767046 -75.692101
v 27.072113 9.767046 -73.243599
v 27.072113 10.654959 -73.243599
v 25.436069 10.654959 -75.692101
v 27.072113 9.767046 -73.243599
v 29.520615 9.767046 -71.607559
v 29.520615 10.654959 -71.607559
v 27.072113 10.654959 -73.243599
v 29.520615 9.767046 -71.607559
v 32.408833 9.767046 -71.033058
v 32.408833 10.654959 -71.033058
v 29.520615 10.654959 -71.607559
v 32.408833 9.767046 -71.033058
v 35.297058 9.767046 -71.607559
v 35.297058 10.654959 -71.607559
v 32.408833 10.654959 -71.033058
v 35.297058 9.767046 -71.607559
v 37.745552 9.767046 -73.243599
v 37.745552 10.654959 -73.243599
v 35.297058 10.654959 -71.607559
v 37.745552 9.767046 -73.243599
v 39.381584 9.767046 -75.692101
v 39.381584 10.654959 -75.692101
v 37.745552 10.654959 -73.243599
v 39.381584 9.767046 -75.692101
v 39.956097 9.767046 -78.580322
v 39.956097 10.654959 -78.580322
v 39.381584 10.654959 -75.692101
vn -0.0000 -1.0000 -0.0000
vn -0.0000 1.0000 -0.0000
vn 0.9808 -0.0000 -0.1951
vn 0.8315 -0.0000 -0.5556
vn 0.5556 -0.0000 -0.8315
vn 0.1951 -0.0000 -0.9808
vn -0.1951 -0.0000 -0.9808
vn -0.5556 -0.0000 -0.8315
vn -0.8315 -0.0000 -0.5556
vn -0.9808 -0.0000 -0.1951
vn -0.9808 -0.0000 0.1951
vn -0.8315 -0.0000 0.5556
vn -0.5556 -0.0000 0.8315
vn -0.1951 -0.0000 0.9808
vn 0.1951 -0.0000 0.9808
vn 0.5556 -0.0000 0.8315
vn 0.8315 -0.0000 0.5556
vn 0.9808 -0.0000 0.1951
vt 0.890669 2.260110
vt 0.962546 2.331987
vt 0.933756 2.288900
vt 0.839844 2.250000
vt 0.789019 2.260110
vt 0.745931 2.288900
vt 0.717141 2.331987
vt 0.707031 2.382812
vt 0.717141 2.433638
vt 0.745931 2.476725
vt 0.789018 2.505515
vt 0.839844 2.515625
vt 0.890669 2.505515
vt 0.933756 2.476725
vt 0.962546 2.433638
vt 0.972656 2.382812
vt 1.703169 1.453125
vt 1.652344 1.437500
vt 1.703169 1.437500
vt 1.652344 1.453125
vt 1.746256 1.453125
vt 1.746256 1.437500
vt 0.890669 1.453125
vt 0.933756 1.437500
vt 0.890669 1.437500
vt 0.933756 1.453125
vt 0.839844 1.453125
vt 0.839844 1.437500
vt 0.789018 1.453125
vt 0.789018 1.437500
vt 0.745931 1.453125
vt 0.745931 1.437500
vt 1.601519 1.453125
vt 1.601519 1.437500
vt 1.558431 1.453125
vt 1.558431 1.437500
vt 0.789019 1.453125
vt 0.789019 1.437500
vt 0.890669 1.453125
vt 0.890669 1.437500
s 0
usemtl controlpanel.001
f 4167/2394/2102 4165/2395/2102 4166/2396/2102
f 4168/2397/2102 4165/2395/2102 4167/2394/2102
f 4169/2398/2102 4165/2395/2102 4168/2397/2102
f 4170/2399/2102 4165/2395/2102 4169/2398/2102
f 4171/2400/2102 4165/2395/2102 4170/2399/2102
f 4172/2401/2102 4165/2395/2102 4171/2400/2102
f 4173/2402/2102 4165/2395/2102 4172/2401/2102
f 4174/2403/2102 4165/2395/2102 4173/2402/2102
f 4175/2404/2102 4165/2395/2102 4174/2403/2102
f 4176/2405/2102 4165/2395/2102 4175/2404/2102
f 4177/2406/2102 4165/2395/2102 4176/2405/2102
f 4178/2407/2102 4165/2395/2102 4177/2406/2102
f 4179/2408/2102 4165/2395/2102 4178/2407/2102
f 4180/2409/2102 4165/2395/2102 4179/2408/2102
f 4183/2407/2103 4181/2409/2103 4182/2408/2103
f 4184/2406/2103 4181/2409/2103 4183/2407/2103
f 4185/2405/2103 4181/2409/2103 4184/2406/2103
f 4186/2404/2103 4181/2409/2103 4185/2405/2103
f 4187/2403/2103 4181/2409/2103 4186/2404/2103
f 4188/2402/2103 4181/2409/2103 4187/2403/2103
f 4189/2401/2103 4181/2409/2103 4188/2402/2103
f 4190/2400/2103 4181/2409/2103 4189/2401/2103
f 4191/2399/2103 4181/2409/2103 4190/2400/2103
f 4192/2398/2103 4181/2409/2103 4191/2399/2103
f 4193/2397/2103 4181/2409/2103 4192/2398/2103
f 4194/2394/2103 4181/2409/2103 4193/2397/2103
f 4195/2396/2103 4181/2409/2103 4194/2394/2103
f 4196/2395/2103 4181/2409/2103 4195/2396/2103
f 4199/2410/2104 4197/2411/2104 4198/2412/2104
f 4200/2413/2104 4197/2411/2104 4199/2410/2104
f 4203/2414/2105 4201/2412/2105 4202/2415/2105
f 4204/2410/2105 4201/2412/2105 4203/2414/2105
f 4207/2416/2106 4205/2417/2106 4206/2418/2106
f 4208/2419/2106 4205/2417/2106 4207/2416/2106
f 4211/2420/2107 4209/2418/2107 4210/2421/2107
f 4212/2416/2107 4209/2418/2107 4211/2420/2107
f 4215/2422/2108 4213/2421/2108 4214/2423/2108
f 4216/2420/2108 4213/2421/2108 4215/2422/2108
f 4219/2424/2109 4217/2423/2109 4218/2425/2109
f 4220/2422/2109 4217/2423/2109 4219/2424/2109
f 4223/2410/2110 4221/2415/2110 4222/2412/2110
f 4224/2414/2110 4221/2415/2110 4223/2410/2110
f 4227/2413/2111 4225/2412/2111 4226/2411/2111
f 4228/2410/2111 4225/2412/2111 4227/2413/2111
f 4231/2426/2112 4229/2411/2112 4230/2427/2112
f 4232/2413/2112 4229/2411/2112 4231/2426/2112
f 4235/2428/2113 4233/2427/2113 4234/2429/2113
f 4236/2426/2113 4233/2427/2113 4235/2428/2113
f 4239/2430/2114 4237/2425/2114 4238/2431/2114
f 4240/2424/2114 4237/2425/2114 4239/2430/2114
f 4243/2420/2115 4241/2431/2115 4242/2421/2115
f 4244/2430/2115 4241/2431/2115 4243/2420/2115
f 4247/2432/2116 4245/2421/2116 4246/2433/2116
f 4248/2420/2116 4245/2421/2116 4247/2432/2116
f 4251/2419/2117 4249/2433/2117 4250/2417/2117
f 4252/2432/2117 4249/2433/2117 4251/2419/2117
f 4255/2426/2118 4253/2429/2118 4254/2427/2118
f 4256/2428/2118 4253/2429/2118 4255/2426/2118
f 4259/2413/2119 4257/2427/2119 4258/2411/2119
f 4260/2426/2119 4257/2427/2119 4259/2413/2119
o classname=brush.036
v 38.561272 13.318699 -81.128708
v 39.068184 13.318699 -78.580338
v 39.068184 2.663740 -78.580338
v 38.561272 2.663740 -81.128708
v 37.272209 13.318699 -83.057968
v 38.561272 13.318699 -81.128708
v 38.561272 2.663740 -81.128708
v 37.272209 2.663740 -83.057961
v 39.068184 13.318699 -78.580338
v 38.615528 13.318699 -76.304695
v 38.615528 2.663740 -76.304695
v 39.068184 2.663740 -78.580338
v 37.272209 2.663740 -83.057961
v 38.561272 2.663740 -81.128708
v 39.068184 2.663740 -78.580338
v 38.615528 2.663740 -76.304695
v 38.615528 13.318699 -76.304695
v 39.068184 13.318699 -78.580338
v 38.561272 13.318699 -81.128708
v 37.272209 13.318699 -83.057968
v 38.615528 13.318699 -76.304695
v 37.272209 13.318699 -83.057968
v 37.272209 2.663740 -83.057961
v 38.615528 2.663740 -76.304695
vn 0.9808 -0.0000 -0.1951
vn 0.8315 -0.0000 -0.5556
vn 0.9808 -0.0000 0.1951
vn -0.0000 -1.0000 -0.0000
vn -0.0000 1.0000 -0.0000
vn -0.9808 -0.0000 0.1951
vt 4.609375 2.041667
vt 4.758859 2.666667
vt 4.609375 2.666667
vt 4.758859 2.041667
vt 4.872025 2.666667
vt 4.872025 2.041667
vt 4.475891 2.041667
vt 4.475891 2.666667
vt 3.906250 5.609375
vt 3.800901 5.872025
vt 3.876515 5.758859
vt 3.879698 5.475891
vt 0.962628 3.855315
vt 0.964538 3.685535
vt 0.980469 3.765625
vt 0.917260 3.923215
s 0
usemtl dirtymetal.001
f 4263/2434/2120 4261/2435/2120 4262/2436/2120
f 4264/2437/2120 4261/2435/2120 4263/2434/2120
f 4267/2437/2121 4265/2438/2121 4266/2435/2121
f 4268/2439/2121 4265/2438/2121 4267/2437/2121
f 4271/2440/2122 4269/2436/2122 4270/2441/2122
f 4272/2434/2122 4269/2436/2122 4271/2440/2122
f 4275/2442/2123 4273/2443/2123 4274/2444/2123
f 4276/2445/2123 4273/2443/2123 4275/2442/2123
usemtl controlpanel.001
f 4279/2446/2124 4277/2447/2124 4278/2448/2124
f 4280/2449/2124 4277/2447/2124 4279/2446/2124
usemtl metal.001
f 4283/2439/2125 4281/2441/2125 4282/2438/2125
f 4284/2440/2125 4281/2441/2125 4283/2439/2125
o classname=brush.037
v 37.117695 2.663740 -83.289207
v 37.117695 13.318699 -83.289207
v 37.272209 13.318699 -83.057968
v 37.272209 2.663740 -83.057961
v 35.188473 13.318699 -84.578278
v 37.117695 13.318699 -83.289207
v 37.117695 2.663740 -83.289207
v 35.188488 2.663740 -84.578270
v 35.188488 2.663740 -84.578270
v 37.117695 2.663740 -83.289207
v 37.272209 2.663740 -83.057961
v 37.724876 2.663740 -80.782272
v 37.724876 13.318699 -80.782265
v 37.272209 13.318699 -83.057968
v 37.117695 13.318699 -83.289207
v 35.188473 13.318699 -84.578278
v 37.272209 2.663740 -83.057961
v 37.272209 13.318699 -83.057968
v 37.724876 13.318699 -80.782265
v 37.724876 2.663740 -80.782272
v 37.724876 13.318699 -80.782265
v 35.188473 13.318699 -84.578278
v 35.188488 2.663740 -84.578270
v 37.724876 2.663740 -80.782272
vn 0.8315 -0.0000 -0.5556
vn 0.5556 -0.0000 -0.8315
vn -0.0000 -1.0000 -0.0000
vn -0.0000 1.0000 -0.0000
vn 0.9808 -0.0000 -0.1951
vn -0.8315 -0.0000 0.5556
vt 4.872025 2.666667
vt 4.885590 2.041667
vt 4.885590 2.666667
vt 4.872025 2.041667
vt 3.791838 2.041667
vt 3.678673 2.666667
vt 3.791838 2.666667
vt 3.678674 2.041667
vt 3.800901 5.872025
vt 3.678674 5.961204
vt 3.791838 5.885590
vt 3.827454 5.738537
vt 0.911822 3.931354
vt 0.933191 3.843122
vt 0.917260 3.923215
vt 0.843923 3.976722
vt 4.738537 2.666667
vt 4.738537 2.041667
vt 4.961204 2.041667
vt 4.961204 2.666667
s 0
usemtl dirtymetal.001
f 4287/2450/2126 4285/2451/2126 4286/2452/2126
f 4288/2453/2126 4285/2451/2126 4287/2450/2126
f 4291/2454/2127 4289/2455/2127 4290/2456/2127
f 4292/2457/2127 4289/2455/2127 4291/2454/2127
f 4295/2458/2128 4293/2459/2128 4294/2460/2128
f 4296/2461/2128 4293/2459/2128 4295/2458/2128
f 4303/2466/2130 4301/2453/2130 4302/2450/2130
f 4304/2467/2130 4301/2453/2130 4303/2466/2130
usemtl controlpanel.001
f 4299/2462/2129 4297/2463/2129 4298/2464/2129
f 4300/2465/2129 4297/2463/2129 4299/2462/2129
usemtl metal.001
f 4307/2468/2131 4305/2466/2131 4306/2469/2131
f 4308/2467/2131 4305/2466/2131 4307/2468/2131
o classname=brush.038
v 35.188488 2.663740 -84.578270
v 34.957256 2.663740 -84.732773
v 34.957256 13.318699 -84.732773
v 35.188473 13.318699 -84.578278
v 34.957256 2.663740 -84.732773
v 32.681599 2.663740 -85.185425
v 32.681610 13.318699 -85.185425
v 34.957256 13.318699 -84.732773
v 32.681599 2.663740 -85.185425
v 34.957256 2.663740 -84.732773
v 35.188488 2.663740 -84.578270
v 36.477543 2.663740 -82.649048
v 36.477535 13.318699 -82.649048
v 35.188473 13.318699 -84.578278
v 34.957256 13.318699 -84.732773
v 32.681610 13.318699 -85.185425
v 35.188488 2.663740 -84.578270
v 35.188473 13.318699 -84.578278
v 36.477535 13.318699 -82.649048
v 36.477543 2.663740 -82.649048
v 36.477535 13.318699 -82.649048
v 32.681610 13.318699 -85.185425
v 32.681599 2.663740 -85.185425
v 36.477543 2.663740 -82.649048
vn 0.5556 -0.0000 -0.8315
vn 0.1951 -0.0000 -0.9808
vn -0.0000 -1.0000 -0.0000
vn -0.0000 1.0000 -0.0000
vn 0.8315 -0.0000 -0.5556
vn -0.5556 -0.0000 0.8315
vt 3.665111 2.666667
vt 3.678674 2.041667
vt 3.665111 2.041667
vt 3.678673 2.666667
vt 3.531626 2.666667
vt 3.531625 2.041667
vt 3.678674 5.961204
vt 3.531625 5.996818
vt 3.665111 5.970266
vt 3.754288 5.848039
vt 0.835785 3.982160
vt 0.889291 3.908823
vt 0.843923 3.976722
vt 0.755694 3.998091
vt 4.848039 2.666667
vt 4.961204 2.041667
vt 4.961204 2.666667
vt 4.848039 2.041667
vt 3.754287 2.666667
vt 3.754288 2.041667
s 0
usemtl dirtymetal.001
f 4311/2470/2132 4309/2471/2132 4310/2472/2132
f 4312/2473/2132 4309/2471/2132 4311/2470/2132
f 4315/2474/2133 4313/2472/2133 4314/2475/2133
f 4316/2470/2133 4313/2472/2133 4315/2474/2133
f 4319/2476/2134 4317/2477/2134 4318/2478/2134
f 4320/2479/2134 4317/2477/2134 4319/2476/2134
f 4327/2484/2136 4325/2485/2136 4326/2486/2136
f 4328/2487/2136 4325/2485/2136 4327/2484/2136
usemtl controlpanel.001
f 4323/2480/2135 4321/2481/2135 4322/2482/2135
f 4324/2483/2135 4321/2481/2135 4323/2480/2135
usemtl metal.001
f 4331/2475/2137 4329/2488/2137 4330/2474/2137
f 4332/2489/2137 4329/2488/2137 4331/2475/2137
o classname=brush.039
v 32.681610 13.318699 -85.185425
v 32.681599 2.663740 -85.185425
v 32.408848 2.663740 -85.239677
v 32.408848 13.318699 -85.239677
v 32.408848 13.318699 -85.239677
v 32.408848 2.663740 -85.239677
v 30.133175 2.663740 -84.787018
v 30.133175 13.318699 -84.787018
v 30.133175 2.663740 -84.787018
v 32.408848 2.663740 -85.239677
v 32.681599 2.663740 -85.185425
v 34.610798 2.663740 -83.896370
v 34.610806 13.318699 -83.896362
v 32.681610 13.318699 -85.185425
v 32.408848 13.318699 -85.239677
v 30.133175 13.318699 -84.787018
v 32.681599 2.663740 -85.185425
v 32.681610 13.318699 -85.185425
v 34.610806 13.318699 -83.896362
v 34.610798 2.663740 -83.896370
v 34.610806 13.318699 -83.896362
v 30.133175 13.318699 -84.787018
v 30.133175 2.663740 -84.787018
v 34.610798 2.663740 -83.896370
vn 0.1951 -0.0000 -0.9808
vn -0.1951 -0.0000 -0.9808
vn -0.0000 -1.0000 -0.0000
vn -0.0000 1.0000 -0.0000
vn 0.5556 -0.0000 -0.8315
vn -0.1951 -0.0000 0.9808
vt 3.515626 2.041667
vt 3.531626 2.666667
vt 3.531625 2.041667
vt 3.515626 2.666667
vt 3.382139 2.041667
vt 3.382139 2.666667
vt 3.531625 5.996818
vt 3.382139 5.973448
vt 3.515626 6.000000
vt 3.644788 5.921205
vt 0.746094 4.000000
vt 0.823592 3.952723
vt 0.755694 3.998091
vt 0.666002 3.984069
vt 3.644789 2.666667
vt 3.644788 2.041667
s 0
usemtl dirtymetal.001
f 4335/2490/2138 4333/2491/2138 4334/2492/2138
f 4336/2493/2138 4333/2491/2138 4335/2490/2138
f 4339/2494/2139 4337/2493/2139 4338/2490/2139
f 4340/2495/2139 4337/2493/2139 4339/2494/2139
f 4343/2496/2140 4341/2497/2140 4342/2498/2140
f 4344/2499/2140 4341/2497/2140 4343/2496/2140
f 4351/2504/2142 4349/2492/2142 4350/2491/2142
f 4352/2505/2142 4349/2492/2142 4351/2504/2142
usemtl controlpanel.001
f 4347/2500/2141 4345/2501/2141 4346/2502/2141
f 4348/2503/2141 4345/2501/2141 4347/2500/2141
usemtl metal.001
f 4355/2494/2143 4353/2504/2143 4354/2495/2143
f 4356/2505/2143 4353/2504/2143 4355/2494/2143
o classname=brush.040
v 30.133175 13.318699 -84.787018
v 30.133175 2.663740 -84.787018
v 29.860405 2.663740 -84.732758
v 29.860405 13.318699 -84.732758
v 27.931211 13.318699 -83.443718
v 29.860405 13.318699 -84.732758
v 29.860405 2.663740 -84.732758
v 27.931202 2.663740 -83.443710
v 27.931202 2.663740 -83.443710
v 29.860405 2.663740 -84.732758
v 30.133175 2.663740 -84.787018
v 32.408833 2.663740 -84.334366
v 30.133175 13.318699 -84.787018
v 29.860405 13.318699 -84.732758
v 27.931211 13.318699 -83.443718
v 32.408840 13.318699 -84.334358
v 30.133175 2.663740 -84.787018
v 30.133175 13.318699 -84.787018
v 32.408840 13.318699 -84.334358
v 32.408833 2.663740 -84.334366
v 32.408840 13.318699 -84.334358
v 27.931211 13.318699 -83.443718
v 27.931202 2.663740 -83.443710
v 32.408833 2.663740 -84.334366
vn -0.1951 -0.0000 -0.9808
vn -0.5556 -0.0000 -0.8315
vn -0.0000 -1.0000 -0.0000
vn -0.0000 1.0000 -0.0000
vn 0.1951 -0.0000 -0.9808
vn 0.1951 -0.0000 0.9808
vt 3.366139 2.041667
vt 3.382139 2.666667
vt 3.382139 2.041667
vt 3.366139 2.666667
vt 3.252976 2.666667
vt 3.252975 2.041667
vt 3.382139 5.973448
vt 3.252975 5.894652
vt 3.366139 5.970265
vt 3.515625 5.946897
vt 0.588504 3.936792
vt 0.666002 3.984069
vt 0.656402 3.982159
vt 0.746094 3.968138
vt 3.515625 2.666667
vt 3.515625 2.041667
s 0
usemtl dirtymetal.001
f 4359/2506/2144 4357/2507/2144 4358/2508/2144
f 4360/2509/2144 4357/2507/2144 4359/2506/2144
f 4363/2506/2145 4361/2510/2145 4362/2509/2145
f 4364/2511/2145 4361/2510/2145 4363/2506/2145
f 4367/2512/2146 4365/2513/2146 4366/2514/2146
f 4368/2515/2146 4365/2513/2146 4367/2512/2146
f 4375/2520/2148 4373/2508/2148 4374/2507/2148
f 4376/2521/2148 4373/2508/2148 4375/2520/2148
usemtl controlpanel.001
f 4371/2516/2147 4369/2517/2147 4370/2518/2147
f 4372/2519/2147 4369/2517/2147 4371/2516/2147
usemtl metal.001
f 4379/2511/2149 4377/2520/2149 4378/2510/2149
f 4380/2521/2149 4377/2520/2149 4379/2511/2149
o classname=brush.041
v 27.699961 2.663740 -83.289200
v 27.699961 13.318699 -83.289200
v 27.931211 13.318699 -83.443718
v 27.931202 2.663740 -83.443710
v 26.410908 13.318699 -81.359978
v 27.699961 13.318699 -83.289200
v 27.699961 2.663740 -83.289200
v 26.410900 2.663740 -81.359970
v 26.410900 2.663740 -81.359970
v 27.699961 2.663740 -83.289200
v 27.931202 2.663740 -83.443710
v 30.206865 2.663740 -83.896370
v 30.206865 13.318699 -83.896362
v 27.931211 13.318699 -83.443718
v 27.699961 13.318699 -83.289200
v 26.410908 13.318699 -81.359978
v 27.931202 2.663740 -83.443710
v 27.931211 13.318699 -83.443718
v 30.206865 13.318699 -83.896362
v 30.206865 2.663740 -83.896370
v 30.206865 13.318699 -83.896362
v 26.410908 13.318699 -81.359978
v 26.410900 2.663740 -81.359970
v 30.206865 2.663740 -83.896370
vn -0.5556 -0.0000 -0.8315
vn -0.8315 -0.0000 -0.5556
vn -0.0000 -1.0000 -0.0000
vn -0.0000 1.0000 -0.0000
vn -0.1951 -0.0000 -0.9808
vn 0.5556 -0.0000 0.8315
vt 3.252976 2.666667
vt 3.239411 2.041667
vt 3.239411 2.666667
vt 3.252975 2.041667
vt 4.885589 2.041667
vt 4.772424 2.666667
vt 4.885589 2.666667
vt 4.772424 2.041667
vt 3.252975 5.894652
vt 3.163797 5.772424
vt 3.239411 5.885589
vt 3.386462 5.921205
vt 0.580366 3.931353
vt 0.668596 3.952723
vt 0.588504 3.936792
vt 0.534997 3.863455
vt 3.386462 2.666667
vt 3.386462 2.041667
vt 3.163797 2.041667
vt 3.163798 2.666667
s 0
usemtl dirtymetal.001
f 4383/2522/2150 4381/2523/2150 4382/2524/2150
f 4384/2525/2150 4381/2523/2150 4383/2522/2150
f 4387/2526/2151 4385/2527/2151 4386/2528/2151
f 4388/2529/2151 4385/2527/2151 4387/2526/2151
f 4391/2530/2152 4389/2531/2152 4390/2532/2152
f 4392/2533/2152 4389/2531/2152 4391/2530/2152
f 4399/2538/2154 4397/2525/2154 4398/2522/2154
f 4400/2539/2154 4397/2525/2154 4399/2538/2154
usemtl controlpanel.001
f 4395/2534/2153 4393/2535/2153 4394/2536/2153
f 4396/2537/2153 4393/2535/2153 4395/2534/2153
usemtl metal.001
f 4403/2540/2155 4401/2538/2155 4402/2541/2155
f 4404/2539/2155 4401/2538/2155 4403/2540/2155
o classname=brush.042
v 26.410900 2.663740 -81.359970
v 26.256403 2.663740 -81.128746
v 26.256403 13.318699 -81.128746
v 26.410908 13.318699 -81.359978
v 26.256403 2.663740 -81.128746
v 25.803738 2.663740 -78.853088
v 25.803738 13.318699 -78.853081
v 26.256403 13.318699 -81.128746
v 25.803738 2.663740 -78.853088
v 26.256403 2.663740 -81.128746
v 26.410900 2.663740 -81.359970
v 28.340109 2.663740 -82.649033
v 28.340101 13.318699 -82.649033
v 26.410908 13.318699 -81.359978
v 26.256403 13.318699 -81.128746
v 25.803738 13.318699 -78.853081
v 26.410900 2.663740 -81.359970
v 26.410908 13.318699 -81.359978
v 28.340101 13.318699 -82.649033
v 28.340109 2.663740 -82.649033
v 28.340101 13.318699 -82.649033
v 25.803738 13.318699 -78.853081
v 25.803738 2.663740 -78.853088
v 28.340109 2.663740 -82.649033
vn -0.8315 -0.0000 -0.5556
vn -0.9808 -0.0000 -0.1951
vn -0.0000 -1.0000 -0.0000
vn -0.0000 1.0000 -0.0000
vn -0.5556 -0.0000 -0.8315
vn 0.8315 -0.0000 0.5556
vt 4.758861 2.666667
vt 4.772424 2.041667
vt 4.758861 2.041667
vt 4.772424 2.666667
vt 4.625374 2.666667
vt 4.625375 2.041667
vt 3.163797 5.772424
vt 3.128182 5.625375
vt 3.154735 5.758861
vt 3.276961 5.848038
vt 0.529560 3.855316
vt 0.602895 3.908823
vt 0.534997 3.863455
vt 0.513628 3.775225
vt 3.276961 2.666667
vt 3.163797 2.041667
vt 3.163798 2.666667
vt 3.276961 2.041667
vt 4.848038 2.666667
vt 4.848038 2.041667
s 0
usemtl dirtymetal.001
f 4407/2542/2156 4405/2543/2156 4406/2544/2156
f 4408/2545/2156 4405/2543/2156 4407/2542/2156
f 4411/2546/2157 4409/2544/2157 4410/2547/2157
f 4412/2542/2157 4409/2544/2157 4411/2546/2157
f 4415/2548/2158 4413/2549/2158 4414/2550/2158
f 4416/2551/2158 4413/2549/2158 4415/2548/2158
f 4423/2556/2160 4421/2557/2160 4422/2558/2160
f 4424/2559/2160 4421/2557/2160 4423/2556/2160
usemtl controlpanel.001
f 4419/2552/2159 4417/2553/2159 4418/2554/2159
f 4420/2555/2159 4417/2553/2159 4419/2552/2159
usemtl metal.001
f 4427/2547/2161 4425/2560/2161 4426/2546/2161
f 4428/2561/2161 4425/2560/2161 4427/2547/2161
o classname=brush.043
v 25.803738 13.318699 -78.853081
v 25.803738 2.663740 -78.853088
v 25.749483 2.663740 -78.580338
v 25.749483 13.318699 -78.580338
v 25.749483 13.318699 -78.580338
v 25.749483 2.663740 -78.580338
v 26.202135 2.663740 -76.304672
v 26.202135 13.318699 -76.304672
v 26.202135 2.663740 -76.304672
v 25.749483 2.663740 -78.580338
v 25.803738 2.663740 -78.853088
v 27.092794 2.663740 -80.782295
v 27.092798 13.318699 -80.782303
v 25.803738 13.318699 -78.853081
v 25.749483 13.318699 -78.580338
v 26.202135 13.318699 -76.304672
v 25.803738 2.663740 -78.853088
v 25.803738 13.318699 -78.853081
v 27.092798 13.318699 -80.782303
v 27.092794 2.663740 -80.782295
v 27.092798 13.318699 -80.782303
v 26.202135 13.318699 -76.304672
v 26.202135 2.663740 -76.304672
v 27.092794 2.663740 -80.782295
vn -0.9808 -0.0000 -0.1951
vn -0.9808 -0.0000 0.1951
vn -0.0000 -1.0000 -0.0000
vn -0.0000 1.0000 -0.0000
vn -0.8315 -0.0000 -0.5556
vn 0.9808 -0.0000 0.1951
vt 4.609375 2.041667
vt 4.625374 2.666667
vt 4.625375 2.041667
vt 4.609375 2.666667
vt 4.475890 2.041667
vt 4.475890 2.666667
vt 3.128182 5.625375
vt 3.151552 5.475890
vt 3.125000 5.609375
vt 3.203796 5.738539
vt 0.511719 3.765625
vt 0.558997 3.843123
vt 0.513628 3.775225
vt 0.527650 3.685534
vt 4.738539 2.666667
vt 4.738539 2.041667
s 0
usemtl dirtymetal.001
f 4431/2562/2162 4429/2563/2162 4430/2564/2162
f 4432/2565/2162 4429/2563/2162 4431/2562/2162
f 4435/2566/2163 4433/2565/2163 4434/2562/2163
f 4436/2567/2163 4433/2565/2163 4435/2566/2163
f 4439/2568/2164 4437/2569/2164 4438/2570/2164
f 4440/2571/2164 4437/2569/2164 4439/2568/2164
f 4447/2576/2166 4445/2564/2166 4446/2563/2166
f 4448/2577/2166 4445/2564/2166 4447/2576/2166
usemtl controlpanel.001
f 4443/2572/2165 4441/2573/2165 4442/2574/2165
f 4444/2575/2165 4441/2573/2165 4443/2572/2165
usemtl metal.001
f 4451/2566/2167 4449/2576/2167 4450/2567/2167
f 4452/2577/2167 4449/2576/2167 4451/2566/2167
o classname=brush.044
v 26.202135 13.318699 -76.304672
v 26.202135 2.663740 -76.304672
v 26.256397 2.663740 -76.031876
v 26.256397 13.318699 -76.031876
v 27.545454 13.318699 -74.102676
v 26.256397 13.318699 -76.031876
v 26.256397 2.663740 -76.031876
v 27.545460 2.663740 -74.102661
v 27.545460 2.663740 -74.102661
v 26.256397 2.663740 -76.031876
v 26.202135 2.663740 -76.304672
v 26.654793 2.663740 -78.580322
v 26.654793 13.318699 -78.580322
v 26.202135 13.318699 -76.304672
v 26.256397 13.318699 -76.031876
v 27.545454 13.318699 -74.102676
v 26.202135 2.663740 -76.304672
v 26.202135 13.318699 -76.304672
v 26.654793 13.318699 -78.580322
v 26.654793 2.663740 -78.580322
v 26.654793 13.318699 -78.580322
v 27.545454 13.318699 -74.102676
v 27.545460 2.663740 -74.102661
v 26.654793 2.663740 -78.580322
vn -0.9808 -0.0000 0.1951
vn -0.8315 -0.0000 0.5556
vn -0.0000 -1.0000 -0.0000
vn -0.0000 1.0000 -0.0000
vn -0.9808 -0.0000 -0.1951
vn 0.9808 -0.0000 -0.1951
vt 4.459888 2.041667
vt 4.475890 2.666667
vt 4.475890 2.041667
vt 4.459888 2.666667
vt 4.346725 2.666667
vt 4.346724 2.041667
vt 3.151552 5.475890
vt 3.230349 5.346724
vt 3.154735 5.459888
vt 3.178104 5.609375
vt 0.529559 3.675933
vt 0.543581 3.765625
vt 0.527650 3.685534
vt 0.574928 3.608035
vt 4.609375 2.666667
vt 4.609375 2.041667
s 0
usemtl dirtymetal.001
f 4455/2578/2168 4453/2579/2168 4454/2580/2168
f 4456/2581/2168 4453/2579/2168 4455/2578/2168
f 4459/2578/2169 4457/2582/2169 4458/2581/2169
f 4460/2583/2169 4457/2582/2169 4459/2578/2169
f 4463/2584/2170 4461/2585/2170 4462/2586/2170
f 4464/2587/2170 4461/2585/2170 4463/2584/2170
f 4471/2592/2172 4469/2580/2172 4470/2579/2172
f 4472/2593/2172 4469/2580/2172 4471/2592/2172
usemtl controlpanel.001
f 4467/2588/2171 4465/2589/2171 4466/2590/2171
f 4468/2591/2171 4465/2589/2171 4467/2588/2171
usemtl metal.001
f 4475/2583/2173 4473/2592/2173 4474/2582/2173
f 4476/2593/2173 4473/2592/2173 4475/2583/2173
o classname=brush.045
v 27.699963 2.663740 -73.871437
v 27.699963 13.318699 -73.871437
v 27.545454 13.318699 -74.102676
v 27.545460 2.663740 -74.102661
v 29.629171 13.318699 -72.582382
v 27.699963 13.318699 -73.871437
v 27.699963 2.663740 -73.871437
v 29.629171 2.663740 -72.582382
v 29.629171 2.663740 -72.582382
v 27.699963 2.663740 -73.871437
v 27.545460 2.663740 -74.102661
v 27.092802 2.663740 -76.378319
v 27.092794 13.318699 -76.378342
v 27.545454 13.318699 -74.102676
v 27.699963 13.318699 -73.871437
v 29.629171 13.318699 -72.582382
v 27.545460 2.663740 -74.102661
v 27.545454 13.318699 -74.102676
v 27.092794 13.318699 -76.378342
v 27.092802 2.663740 -76.378319
v 27.092794 13.318699 -76.378342
v 29.629171 13.318699 -72.582382
v 29.629171 2.663740 -72.582382
v 27.092802 2.663740 -76.378319
vn -0.8315 -0.0000 0.5556
vn -0.5556 -0.0000 0.8315
vn -0.0000 -1.0000 -0.0000
vn -0.0000 1.0000 -0.0000
vn -0.9808 -0.0000 0.1951
vn 0.8315 -0.0000 -0.5556
vt 4.346725 2.666667
vt 4.333160 2.041667
vt 4.333160 2.666667
vt 4.346724 2.041667
vt 3.239411 2.041667
vt 3.352575 2.666667
vt 3.239411 2.666667
vt 3.352575 2.041667
vt 3.230349 5.346724
vt 3.352575 5.257547
vt 3.239411 5.333160
vt 3.203796 5.480210
vt 0.580366 3.599896
vt 0.558996 3.688127
vt 0.574928 3.608035
vt 0.648264 3.554528
vt 4.480211 2.666667
vt 4.480210 2.041667
vt 4.257547 2.041667
vt 4.257547 2.666667
s 0
usemtl dirtymetal.001
f 4479/2594/2174 4477/2595/2174 4478/2596/2174
f 4480/2597/2174 4477/2595/2174 4479/2594/2174
f 4483/2598/2175 4481/2599/2175 4482/2600/2175
f 4484/2601/2175 4481/2599/2175 4483/2598/2175
f 4487/2602/2176 4485/2603/2176 4486/2604/2176
f 4488/2605/2176 4485/2603/2176 4487/2602/2176
f 4495/2610/2178 4493/2597/2178 4494/2594/2178
f 4496/2611/2178 4493/2597/2178 4495/2610/2178
usemtl controlpanel.001
f 4491/2606/2177 4489/2607/2177 4490/2608/2177
f 4492/2609/2177 4489/2607/2177 4491/2606/2177
usemtl metal.001
f 4499/2612/2179 4497/2610/2179 4498/2613/2179
f 4500/2611/2179 4497/2610/2179 4499/2612/2179
o classname=brush.046
v 29.629171 2.663740 -72.582382
v 29.860405 2.663740 -72.427872
v 29.860405 13.318699 -72.427872
v 29.629171 13.318699 -72.582382
v 29.860405 2.663740 -72.427872
v 32.136028 2.663740 -71.975235
v 32.136036 13.318699 -71.975235
v 29.860405 13.318699 -72.427872
v 32.136028 2.663740 -71.975235
v 29.860405 2.663740 -72.427872
v 29.629171 2.663740 -72.582382
v 28.340105 2.663740 -74.511604
v 28.340109 13.318699 -74.511604
v 29.629171 13.318699 -72.582382
v 29.860405 13.318699 -72.427872
v 32.136036 13.318699 -71.975235
v 29.629171 2.663740 -72.582382
v 29.629171 13.318699 -72.582382
v 28.340109 13.318699 -74.511604
v 28.340105 2.663740 -74.511604
v 28.340109 13.318699 -74.511604
v 32.136036 13.318699 -71.975235
v 32.136028 2.663740 -71.975235
v 28.340105 2.663740 -74.511604
vn -0.5556 -0.0000 0.8315
vn -0.1951 -0.0000 0.9808
vn -0.0000 -1.0000 -0.0000
vn -0.0000 1.0000 -0.0000
vn -0.8315 -0.0000 0.5556
vn 0.5556 -0.0000 -0.8315
vt 3.366139 2.666667
vt 3.352575 2.041667
vt 3.366139 2.041667
vt 3.352575 2.666667
vt 3.499623 2.666667
vt 3.499623 2.041667
vt 3.352575 5.257547
vt 3.499623 5.221933
vt 3.366139 5.248484
vt 3.276961 5.370711
vt 0.656402 3.549090
vt 0.602895 3.622427
vt 0.648264 3.554528
vt 0.736493 3.533160
vt 4.370711 2.666667
vt 4.257547 2.041667
vt 4.257547 2.666667
vt 4.370711 2.041667
vt 3.276961 2.666667
vt 3.276961 2.041667
s 0
usemtl dirtymetal.001
f 4503/2614/2180 4501/2615/2180 4502/2616/2180
f 4504/2617/2180 4501/2615/2180 4503/2614/2180
f 4507/2618/2181 4505/2616/2181 4506/2619/2181
f 4508/2614/2181 4505/2616/2181 4507/2618/2181
f 4511/2620/2182 4509/2621/2182 4510/2622/2182
f 4512/2623/2182 4509/2621/2182 4511/2620/2182
f 4519/2628/2184 4517/2629/2184 4518/2630/2184
f 4520/2631/2184 4517/2629/2184 4519/2628/2184
usemtl controlpanel.001
f 4515/2624/2183 4513/2625/2183 4514/2626/2183
f 4516/2627/2183 4513/2625/2183 4515/2624/2183
usemtl metal.001
f 4523/2619/2185 4521/2632/2185 4522/2618/2185
f 4524/2633/2185 4521/2632/2185 4523/2619/2185
o classname=brush.047
v 32.136036 13.318699 -71.975235
v 32.136028 2.663740 -71.975235
v 32.408833 2.663740 -71.920975
v 32.408833 13.318699 -71.920975
v 32.408833 13.318699 -71.920975
v 32.408833 2.663740 -71.920975
v 34.684498 2.663740 -72.373619
v 34.684509 13.318699 -72.373619
v 34.684498 2.663740 -72.373619
v 32.408833 2.663740 -71.920975
v 32.136028 2.663740 -71.975235
v 30.206846 2.663740 -73.264275
v 30.206852 13.318699 -73.264275
v 32.136036 13.318699 -71.975235
v 32.408833 13.318699 -71.920975
v 34.684509 13.318699 -72.373619
v 32.136028 2.663740 -71.975235
v 32.136036 13.318699 -71.975235
v 30.206852 13.318699 -73.264275
v 30.206846 2.663740 -73.264275
v 30.206852 13.318699 -73.264275
v 34.684509 13.318699 -72.373619
v 34.684498 2.663740 -72.373619
v 30.206846 2.663740 -73.264275
vn -0.1951 -0.0000 0.9808
vn 0.1951 -0.0000 0.9808
vn -0.0000 -1.0000 -0.0000
vn -0.0000 1.0000 -0.0000
vn -0.5556 -0.0000 0.8315
vn 0.1951 -0.0000 -0.9808
vt 3.515625 2.041667
vt 3.499623 2.666667
vt 3.499623 2.041667
vt 3.515625 2.666667
vt 3.649111 2.041667
vt 3.649112 2.666667
vt 3.499623 5.221933
vt 3.649111 5.245301
vt 3.515625 5.218750
vt 3.386460 5.297545
vt 0.746094 3.531250
vt 0.668595 3.578527
vt 0.736493 3.533160
vt 0.826186 3.547181
vt 3.386461 2.666667
vt 3.386460 2.041667
s 0
usemtl dirtymetal.001
f 4527/2634/2186 4525/2635/2186 4526/2636/2186
f 4528/2637/2186 4525/2635/2186 4527/2634/2186
f 4531/2638/2187 4529/2637/2187 4530/2634/2187
f 4532/2639/2187 4529/2637/2187 4531/2638/2187
f 4535/2640/2188 4533/2641/2188 4534/2642/2188
f 4536/2643/2188 4533/2641/2188 4535/2640/2188
f 4543/2648/2190 4541/2636/2190 4542/2635/2190
f 4544/2649/2190 4541/2636/2190 4543/2648/2190
usemtl controlpanel.001
f 4539/2644/2189 4537/2645/2189 4538/2646/2189
f 4540/2647/2189 4537/2645/2189 4539/2644/2189
usemtl metal.001
f 4547/2638/2191 4545/2648/2191 4546/2639/2191
f 4548/2649/2191 4545/2648/2191 4547/2638/2191
o classname=brush.048
v 34.684509 13.318699 -72.373619
v 34.684498 2.663740 -72.373619
v 34.957256 2.663740 -72.427872
v 34.957256 13.318699 -72.427872
v 36.886429 13.318699 -73.716919
v 34.957256 13.318699 -72.427872
v 34.957256 2.663740 -72.427872
v 36.886429 2.663740 -73.716919
v 36.886429 2.663740 -73.716919
v 34.957256 2.663740 -72.427872
v 34.684498 2.663740 -72.373619
v 32.408821 2.663740 -72.826279
v 34.957256 13.318699 -72.427872
v 36.886429 13.318699 -73.716919
v 32.408848 13.318699 -72.826271
v 34.684509 13.318699 -72.373619
v 34.684498 2.663740 -72.373619
v 34.684509 13.318699 -72.373619
v 32.408848 13.318699 -72.826271
v 32.408821 2.663740 -72.826279
v 32.408848 13.318699 -72.826271
v 36.886429 13.318699 -73.716919
v 36.886429 2.663740 -73.716919
v 32.408821 2.663740 -72.826279
vn 0.1951 -0.0000 0.9808
vn 0.5556 -0.0000 0.8315
vn -0.0000 -1.0000 -0.0000
vn -0.0000 1.0000 -0.0000
vn -0.1951 -0.0000 0.9808
vn -0.1951 -0.0000 -0.9808
vt 3.665111 2.041667
vt 3.649112 2.666667
vt 3.649111 2.041667
vt 3.665111 2.666667
vt 3.778272 2.666667
vt 3.778272 2.041667
vt 3.649111 5.245301
vt 3.778272 5.324097
vt 3.665111 5.248484
vt 3.515624 5.271853
vt 0.746094 3.563112
vt 0.835785 3.549090
vt 0.903682 3.594458
vt 0.826186 3.547181
vt 3.515626 2.666667
vt 3.515624 2.041667
s 0
usemtl dirtymetal.001
f 4551/2650/2192 4549/2651/2192 4550/2652/2192
f 4552/2653/2192 4549/2651/2192 4551/2650/2192
f 4555/2650/2193 4553/2654/2193 4554/2653/2193
f 4556/2655/2193 4553/2654/2193 4555/2650/2193
f 4559/2656/2194 4557/2657/2194 4558/2658/2194
f 4560/2659/2194 4557/2657/2194 4559/2656/2194
f 4567/2664/2196 4565/2652/2196 4566/2651/2196
f 4568/2665/2196 4565/2652/2196 4567/2664/2196
usemtl controlpanel.001
f 4563/2660/2195 4561/2661/2195 4562/2662/2195
f 4564/2663/2195 4561/2661/2195 4563/2660/2195
usemtl metal.001
f 4571/2655/2197 4569/2664/2197 4570/2654/2197
f 4572/2665/2197 4569/2664/2197 4571/2655/2197
o classname=brush.049
v 37.117714 2.663740 -73.871460
v 37.117714 13.318699 -73.871460
v 36.886429 13.318699 -73.716919
v 36.886429 2.663740 -73.716919
v 38.406773 13.318699 -75.800674
v 37.117714 13.318699 -73.871460
v 37.117714 2.663740 -73.871460
v 38.406765 2.663740 -75.800667
v 38.406765 2.663740 -75.800667
v 37.117714 2.663740 -73.871460
v 36.886429 2.663740 -73.716919
v 34.610813 2.663740 -73.264275
v 34.610806 13.318699 -73.264267
v 36.886429 13.318699 -73.716919
v 37.117714 13.318699 -73.871460
v 38.406773 13.318699 -75.800674
v 36.886429 2.663740 -73.716919
v 36.886429 13.318699 -73.716919
v 34.610806 13.318699 -73.264267
v 34.610813 2.663740 -73.264275
v 34.610806 13.318699 -73.264267
v 38.406773 13.318699 -75.800674
v 38.406765 2.663740 -75.800667
v 34.610813 2.663740 -73.264275
vn 0.5556 -0.0000 0.8315
vn 0.8315 -0.0000 0.5556
vn -0.0000 -1.0000 -0.0000
vn -0.0000 1.0000 -0.0000
vn 0.1951 -0.0000 0.9808
vn -0.5556 -0.0000 -0.8315
vt 3.778272 2.666667
vt 3.791839 2.041667
vt 3.791839 2.666667
vt 3.778272 2.041667
vt 4.333162 2.041667
vt 4.446326 2.666667
vt 4.333162 2.666667
vt 4.446326 2.041667
vt 3.778272 5.324097
vt 3.867452 5.446326
vt 3.791839 5.333162
vt 3.644789 5.297545
vt 0.911822 3.599897
vt 0.823592 3.578527
vt 0.903682 3.594458
vt 0.957191 3.667796
vt 3.644789 2.666667
vt 3.644789 2.041667
vt 3.867452 2.041667
vt 3.867453 2.666667
s 0
usemtl dirtymetal.001
f 4575/2666/2198 4573/2667/2198 4574/2668/2198
f 4576/2669/2198 4573/2667/2198 4575/2666/2198
f 4579/2670/2199 4577/2671/2199 4578/2672/2199
f 4580/2673/2199 4577/2671/2199 4579/2670/2199
f 4583/2674/2200 4581/2675/2200 4582/2676/2200
f 4584/2677/2200 4581/2675/2200 4583/2674/2200
f 4591/2682/2202 4589/2669/2202 4590/2666/2202
f 4592/2683/2202 4589/2669/2202 4591/2682/2202
usemtl controlpanel.001
f 4587/2678/2201 4585/2679/2201 4586/2680/2201
f 4588/2681/2201 4585/2679/2201 4587/2678/2201
usemtl metal.001
f 4595/2684/2203 4593/2682/2203 4594/2685/2203
f 4596/2683/2203 4593/2682/2203 4595/2684/2203
o classname=brush.050
v 38.406765 2.663740 -75.800667
v 38.561264 2.663740 -76.031891
v 38.561264 13.318699 -76.031891
v 38.406773 13.318699 -75.800674
v 38.561264 2.663740 -76.031891
v 38.615528 2.663740 -76.304695
v 38.615528 13.318699 -76.304695
v 38.561264 13.318699 -76.031891
v 38.399925 2.663740 -77.388626
v 38.615528 2.663740 -76.304695
v 38.561264 2.663740 -76.031891
v 38.406765 2.663740 -75.800667
v 36.477558 2.663740 -74.511604
v 36.477562 13.318699 -74.511604
v 38.406773 13.318699 -75.800674
v 38.561264 13.318699 -76.031891
v 38.615528 13.318699 -76.304695
v 38.399918 13.318699 -77.388626
v 38.399918 13.318699 -77.388626
v 38.615528 13.318699 -76.304695
v 38.615528 2.663740 -76.304695
v 38.399925 2.663740 -77.388626
v 38.406765 2.663740 -75.800667
v 38.406773 13.318699 -75.800674
v 36.477562 13.318699 -74.511604
v 36.477558 2.663740 -74.511604
v 36.477562 13.318699 -74.511604
v 38.399918 13.318699 -77.388626
v 38.399925 2.663740 -77.388626
v 36.477558 2.663740 -74.511604
vn 0.8315 -0.0000 0.5556
vn 0.9808 -0.0000 0.1951
vn -0.0000 -1.0000 -0.0000
vn -0.0000 1.0000 -0.0000
vn 0.9808 -0.0000 -0.1951
vn 0.5556 -0.0000 0.8315
vn -0.8315 -0.0000 -0.5556
vt 4.459889 2.666667
vt 4.446326 2.041667
vt 4.459889 2.041667
vt 4.446326 2.666667
vt 4.475891 2.666667
vt 4.475891 2.041667
vt 3.876515 5.459889
vt 3.867051 5.539472
vt 3.879698 5.475891
vt 3.867452 5.446326
vt 3.754289 5.370711
vt 0.962628 3.675933
vt 0.889292 3.622427
vt 0.957191 3.667796
vt 0.964538 3.685535
vt 0.956949 3.723683
vt 4.539472 2.666667
vt 4.539472 2.041667
vt 3.754289 2.666667
vt 3.867452 2.041667
vt 3.867453 2.666667
vt 3.754289 2.041667
vt 4.370711 2.666667
vt 4.370711 2.041667
s 0
usemtl dirtymetal.001
f 4599/2686/2204 4597/2687/2204 4598/2688/2204
f 4600/2689/2204 4597/2687/2204 4599/2686/2204
f 4603/2690/2205 4601/2688/2205 4602/2691/2205
f 4604/2686/2205 4601/2688/2205 4603/2690/2205
f 4607/2692/2206 4605/2693/2206 4606/2694/2206
f 4608/2695/2206 4605/2693/2206 4607/2692/2206
f 4609/2696/2206 4605/2693/2206 4608/2695/2206
f 4617/2691/2208 4615/2702/2208 4616/2690/2208
f 4618/2703/2208 4615/2702/2208 4617/2691/2208
f 4621/2704/2209 4619/2705/2209 4620/2706/2209
f 4622/2707/2209 4619/2705/2209 4621/2704/2209
usemtl controlpanel.001
f 4612/2697/2207 4610/2698/2207 4611/2699/2207
f 4613/2700/2207 4610/2698/2207 4612/2697/2207
f 4614/2701/2207 4610/2698/2207 4613/2700/2207
usemtl metal.001
f 4625/2703/2210 4623/2708/2210 4624/2702/2210
f 4626/2709/2210 4623/2708/2210 4625/2703/2210
o classname=brush.051
v 38.162872 2.663740 -78.580345
v 38.399925 2.663740 -77.388626
v 37.724865 2.663740 -76.378326
v 37.724865 13.318699 -76.378326
v 38.399918 13.318699 -77.388626
v 38.162872 13.318699 -78.580338
v 38.399925 2.663740 -77.388626
v 38.162872 2.663740 -78.580345
v 38.162872 13.318699 -78.580338
v 38.399918 13.318699 -77.388626
v 38.399925 2.663740 -77.388626
v 38.399918 13.318699 -77.388626
v 37.724865 13.318699 -76.378326
v 37.724865 2.663740 -76.378326
v 37.724865 13.318699 -76.378326
v 38.162872 13.318699 -78.580338
v 38.162872 2.663740 -78.580345
v 37.724865 2.663740 -76.378326
vn -0.0000 -1.0000 -0.0000
vn -0.0000 1.0000 -0.0000
vn 0.9808 -0.0000 -0.1951
vn 0.8315 -0.0000 0.5556
vn -0.9808 -0.0000 -0.1951
vt 3.827453 5.480210
vt 3.853146 5.609376
vt 3.867051 5.539472
vt 0.948606 3.765625
vt 0.933191 3.688126
vt 0.956949 3.723683
vt 4.609375 2.666667
vt 4.539472 2.041667
vt 4.609376 2.041667
vt 4.539472 2.666667
vt 4.480210 2.666667
vt 4.480210 2.041667
s 0
usemtl dirtymetal.001
f 4629/2710/2211 4627/2711/2211 4628/2712/2211
f 4635/2716/2213 4633/2717/2213 4634/2718/2213
f 4636/2719/2213 4633/2717/2213 4635/2716/2213
f 4639/2720/2214 4637/2717/2214 4638/2719/2214
f 4640/2721/2214 4637/2717/2214 4639/2720/2214
usemtl controlpanel.001
f 4632/2713/2212 4630/2714/2212 4631/2715/2212
usemtl metal.001
f 4643/2718/2215 4641/2720/2215 4642/2716/2215
f 4644/2721/2215 4641/2720/2215 4643/2718/2215
o classname=brush.052
v 32.186855 9.767046 -85.683624
v 32.630810 9.767046 -85.683624
v 32.630810 2.663740 -85.683624
v 32.186855 2.663740 -85.683624
v 31.964876 2.663740 -84.795715
v 31.964876 9.767046 -84.795715
v 32.186855 9.767046 -85.683624
v 32.186855 2.663740 -85.683624
v 32.630810 2.663740 -85.683624
v 32.630810 9.767046 -85.683624
v 32.852791 9.767046 -84.795715
v 32.852791 2.663740 -84.795715
vn -0.0000 -0.0000 -1.0000
vn -0.9701 -0.0000 -0.2425
vn 0.9701 -0.0000 -0.2425
vt 0.574219 1.312500
vt 0.566406 1.437500
vt 0.574219 1.437500
vt 0.566406 1.312500
vt 1.507812 1.437500
vt 1.492188 1.312500
vt 1.492188 1.437500
vt 1.507812 1.312500
s 0
usemtl controlpanel.001
f 4647/2722/2216 4645/2723/2216 4646/2724/2216
f 4648/2725/2216 4645/2723/2216 4647/2722/2216
f 4651/2726/2217 4649/2727/2217 4650/2728/2217
f 4652/2729/2217 4649/2727/2217 4651/2726/2217
f 4655/2728/2218 4653/2729/2218 4654/2726/2218
f 4656/2727/2218 4653/2729/2218 4655/2728/2218
o classname=brush.053
v 32.629822 9.767046 -71.473679
v 32.185867 9.767046 -71.473679
v 32.185867 2.663740 -71.473679
v 32.629822 2.663740 -71.473679
v 32.851799 2.663740 -72.361588
v 32.851799 9.767046 -72.361588
v 32.629822 9.767046 -71.473679
v 32.629822 2.663740 -71.473679
v 32.185867 2.663740 -71.473679
v 32.185867 9.767046 -71.473679
v 31.963886 9.767046 -72.361595
v 31.963886 2.663740 -72.361595
vn -0.0000 -0.0000 1.0000
vn 0.9701 -0.0000 0.2425
vn -0.9701 -0.0000 0.2425
vt 0.566389 1.312500
vt 0.574201 1.437500
vt 0.566389 1.437500
vt 0.574201 1.312500
vt 1.257754 1.437500
vt 1.273379 1.312500
vt 1.273379 1.437500
vt 1.257754 1.312500
vt 1.273379 1.437500
vt 1.273379 1.312500
s 0
usemtl controlpanel.001
f 4659/2730/2219 4657/2731/2219 4658/2732/2219
f 4660/2733/2219 4657/2731/2219 4659/2730/2219
f 4663/2734/2220 4661/2735/2220 4662/2736/2220
f 4664/2737/2220 4661/2735/2220 4663/2734/2220
f 4667/2738/2221 4665/2737/2221 4666/2734/2221
f 4668/2739/2221 4665/2737/2221 4667/2738/2221
o classname=brush.054
v 39.513309 9.767046 -78.800140
v 39.513309 9.767046 -78.356178
v 39.513309 2.663740 -78.356178
v 39.513309 2.663740 -78.800140
v 38.625397 2.663740 -79.022118
v 38.625397 9.767046 -79.022118
v 39.513309 9.767046 -78.800140
v 39.513309 2.663740 -78.800140
v 39.513309 2.663740 -78.356178
v 39.513309 9.767046 -78.356178
v 38.625397 9.767046 -78.134201
v 38.625397 2.663740 -78.134201
vn 1.0000 -0.0000 -0.0000
vn 0.2425 -0.0000 -0.9701
vn 0.2425 -0.0000 0.9701
vt 1.378868 1.312500
vt 1.386681 1.437500
vt 1.378868 1.437500
vt 1.386681 1.312500
vt 0.695333 1.437500
vt 0.679708 1.312500
vt 0.679708 1.437500
vt 0.695333 1.312500
s 0
usemtl controlpanel.001
f 4671/2740/2222 4669/2741/2222 4670/2742/2222
f 4672/2743/2222 4669/2741/2222 4671/2740/2222
f 4675/2744/2223 4673/2745/2223 4674/2746/2223
f 4676/2747/2223 4673/2745/2223 4675/2744/2223
f 4679/2746/2224 4677/2747/2224 4678/2744/2224
f 4680/2745/2224 4677/2747/2224 4679/2746/2224
o classname=brush.055
v 37.275696 9.767046 -83.759232
v 37.589622 9.767046 -83.445312
v 37.589622 2.663740 -83.445312
v 37.275696 2.663740 -83.759232
v 36.490887 2.663740 -83.288353
v 36.490887 9.767046 -83.288353
v 37.275696 9.767046 -83.759232
v 37.275696 2.663740 -83.759232
v 37.589622 2.663740 -83.445312
v 37.589622 9.767046 -83.445312
v 37.118740 9.767046 -82.660500
v 37.118740 2.663740 -82.660500
vn 0.7071 -0.0000 -0.7071
vn -0.5145 -0.0000 -0.8575
vn 0.8575 -0.0000 0.5145
vt 0.661481 1.312500
vt 0.655957 1.437500
vt 0.661481 1.437500
vt 0.655957 1.312500
vt 0.642146 1.312500
vt 0.642146 1.437500
vt 1.454613 1.437500
vt 1.468424 1.312500
vt 1.468424 1.437500
vt 1.454613 1.312500
s 0
usemtl controlpanel.001
f 4683/2748/2225 4681/2749/2225 4682/2750/2225
f 4684/2751/2225 4681/2749/2225 4683/2748/2225
f 4687/2749/2226 4685/2752/2226 4686/2753/2226
f 4688/2751/2226 4685/2752/2226 4687/2749/2226
f 4691/2754/2227 4689/2755/2227 4690/2756/2227
f 4692/2757/2227 4689/2755/2227 4691/2754/2227
o classname=brush.056
v 27.540972 9.767046 -73.398064
v 27.227047 9.767046 -73.711983
v 27.227047 2.663740 -73.711983
v 27.540972 2.663740 -73.398064
v 28.325781 2.663740 -73.868942
v 28.325781 9.767046 -73.868942
v 27.540972 9.767046 -73.398064
v 27.540972 2.663740 -73.398064
v 27.227047 2.663740 -73.711983
v 27.227047 9.767046 -73.711983
v 27.697939 9.767046 -74.496803
v 27.697939 2.663740 -74.496803
vn -0.7071 -0.0000 0.7071
vn 0.5145 -0.0000 0.8575
vn -0.8575 -0.0000 -0.5145
vt 0.479126 1.312500
vt 0.484651 1.437500
vt 0.479126 1.437500
vt 0.484651 1.312500
vt 0.498461 1.312500
vt 0.498461 1.437500
vt 1.310953 1.437500
vt 1.297142 1.312500
vt 1.297142 1.437500
vt 1.310953 1.312500
s 0
usemtl controlpanel.001
f 4695/2758/2228 4693/2759/2228 4694/2760/2228
f 4696/2761/2228 4693/2759/2228 4695/2758/2228
f 4699/2759/2229 4697/2762/2229 4698/2763/2229
f 4700/2761/2229 4697/2762/2229 4699/2759/2229
f 4703/2764/2230 4701/2765/2230 4702/2766/2230
f 4704/2767/2230 4701/2765/2230 4703/2764/2230
o classname=brush.057
v 37.588917 9.767046 -73.711288
v 37.274994 9.767046 -73.397362
v 37.274994 2.663740 -73.397362
v 37.588917 2.663740 -73.711288
v 37.118034 2.663740 -74.496094
v 37.118034 9.767046 -74.496094
v 37.588917 9.767046 -73.711288
v 37.588917 2.663740 -73.711288
v 37.274994 2.663740 -73.397362
v 37.274994 9.767046 -73.397362
v 36.490185 9.767046 -73.868248
v 36.490185 2.663740 -73.868248
vn 0.7071 -0.0000 0.7071
vn 0.8575 -0.0000 -0.5145
vn -0.5145 -0.0000 0.8575
vt 0.655944 1.312500
vt 0.661469 1.437500
vt 0.655944 1.437500
vt 0.661469 1.312500
vt 1.297130 1.437500
vt 1.310941 1.312500
vt 1.310941 1.437500
vt 1.297130 1.312500
vt 0.642134 1.437500
vt 0.642134 1.312500
s 0
usemtl controlpanel.001
f 4707/2768/2231 4705/2769/2231 4706/2770/2231
f 4708/2771/2231 4705/2769/2231 4707/2768/2231
f 4711/2772/2232 4709/2773/2232 4710/2774/2232
f 4712/2775/2232 4709/2773/2232 4711/2772/2232
f 4715/2776/2233 4713/2768/2233 4714/2770/2233
f 4716/2777/2233 4713/2768/2233 4715/2776/2233
o classname=brush.058
v 27.227743 9.767046 -83.446022
v 27.541668 9.767046 -83.759949
v 27.541668 2.663740 -83.759949
v 27.227743 2.663740 -83.446022
v 27.698631 2.663740 -82.661201
v 27.698631 9.767046 -82.661201
v 27.227743 9.767046 -83.446022
v 27.227743 2.663740 -83.446022
v 27.541668 2.663740 -83.759949
v 27.541668 9.767046 -83.759949
v 28.326488 9.767046 -83.289055
v 28.326488 2.663740 -83.289055
vn -0.7071 -0.0000 -0.7071
vn -0.8575 -0.0000 0.5145
vn 0.5145 -0.0000 -0.8575
vt 0.484663 1.312500
vt 0.479139 1.437500
vt 0.484663 1.437500
vt 0.479139 1.312500
vt 1.468436 1.437500
vt 1.454626 1.312500
vt 1.454626 1.437500
vt 1.468436 1.312500
vt 0.498474 1.437500
vt 0.498474 1.312500
s 0
usemtl controlpanel.001
f 4719/2778/2234 4717/2779/2234 4718/2780/2234
f 4720/2781/2234 4717/2779/2234 4719/2778/2234
f 4723/2782/2235 4721/2783/2235 4722/2784/2235
f 4724/2785/2235 4721/2783/2235 4723/2782/2235
f 4727/2786/2236 4725/2778/2236 4726/2780/2236
f 4728/2787/2236 4725/2778/2236 4727/2786/2236
o classname=brush.059
v 32.629822 13.318699 -72.142952
v 32.185867 13.318699 -72.142952
v 32.185867 10.654959 -71.473679
v 32.629822 10.654959 -71.473679
v 32.851799 10.654959 -72.361588
v 32.851799 13.318699 -72.361588
v 32.629822 13.318699 -72.142952
v 32.629822 10.654959 -71.473679
v 32.185867 10.654959 -71.473679
v 32.185867 13.318699 -72.142952
v 31.963886 13.318699 -72.361595
v 31.963886 10.654959 -72.361595
vn -0.0000 0.2437 0.9699
vn 0.7017 -0.0000 0.7124
vn 0.9683 0.0608 0.2421
vn -0.6908 0.1762 0.7013
vn -0.9701 -0.0000 0.2425
vt 0.566389 1.453125
vt 0.574201 1.500000
vt 0.566389 1.500000
vt 0.574201 1.453125
vt 0.578108 1.453125
vt 0.578108 1.500000
vt 0.562483 1.500000
vt 0.562483 1.453125
s 0
usemtl controlpanel.001
f 4731/2788/2237 4729/2789/2237 4730/2790/2237
f 4732/2791/2237 4729/2789/2237 4731/2788/2237
f 4735/2789/2238 4733/2792/2238 4734/2793/2238
f 4736/2791/2239 4733/2792/2239 4735/2789/2239
f 4739/2794/2240 4737/2788/2240 4738/2790/2240
f 4740/2795/2241 4737/2788/2241 4739/2794/2241
o classname=brush.060
v 32.185867 13.318699 -85.011024
v 32.629822 13.318699 -85.011024
v 32.629822 10.654959 -85.680298
v 32.185867 10.654959 -85.680298
v 31.963886 10.654959 -84.792389
v 31.963886 13.318699 -84.792389
v 32.185867 13.318699 -85.011024
v 32.185867 10.654959 -85.680298
v 32.629822 10.654959 -85.680298
v 32.629822 13.318699 -85.011024
v 32.851799 13.318699 -84.792381
v 32.851799 10.654959 -84.792381
vn -0.0000 0.2437 -0.9699
vn -0.7017 -0.0000 -0.7124
vn -0.9683 0.0608 -0.2421
vn 0.6908 0.1762 -0.7013
vn 0.9701 -0.0000 -0.2425
vt 0.574201 1.453125
vt 0.566389 1.500000
vt 0.574201 1.500000
vt 0.566389 1.453125
vt 0.562483 1.453125
vt 0.562483 1.500000
vt 0.578108 1.500000
vt 0.578108 1.453125
s 0
usemtl controlpanel.001
f 4743/2796/2242 4741/2797/2242 4742/2798/2242
f 4744/2799/2242 4741/2797/2242 4743/2796/2242
f 4747/2797/2243 4745/2800/2243 4746/2801/2243
f 4748/2799/2244 4745/2800/2244 4747/2797/2244
f 4751/2802/2245 4749/2796/2245 4750/2798/2245
f 4752/2803/2246 4749/2796/2246 4751/2802/2246
o classname=brush.061
v 25.973806 13.318699 -78.355011
v 25.973806 13.318699 -78.798965
v 25.304531 10.654959 -78.798965
v 25.304531 10.654959 -78.355011
v 26.192444 10.654959 -78.133034
v 26.192444 13.318699 -78.133034
v 25.973806 13.318699 -78.355011
v 25.304531 10.654959 -78.355011
v 25.304531 10.654959 -78.798965
v 25.973806 13.318699 -78.798965
v 26.192451 13.318699 -79.020943
v 26.192451 10.654959 -79.020943
vn -0.9699 0.2437 -0.0000
vn -0.7124 -0.0000 0.7017
vn -0.2421 0.0608 0.9683
vn -0.7013 0.1762 -0.6908
vn -0.2425 -0.0000 -0.9701
vt 1.386660 1.419922
vt 1.378848 1.466797
vt 1.386660 1.466797
vt 1.378848 1.419922
vt 1.374941 1.419922
vt 1.374941 1.466797
vt 1.390566 1.466797
vt 1.390566 1.419922
s 0
usemtl controlpanel.001
f 4755/2804/2247 4753/2805/2247 4754/2806/2247
f 4756/2807/2247 4753/2805/2247 4755/2804/2247
f 4759/2805/2248 4757/2808/2248 4758/2809/2248
f 4760/2807/2249 4757/2808/2249 4759/2805/2249
f 4763/2810/2250 4761/2804/2250 4762/2806/2250
f 4764/2811/2251 4761/2804/2251 4763/2810/2251
o classname=brush.062
v 38.841881 13.318699 -78.798965
v 38.841881 13.318699 -78.355011
v 39.511158 10.654959 -78.355011
v 39.511158 10.654959 -78.798965
v 38.623241 10.654959 -79.020943
v 38.623241 13.318699 -79.020943
v 38.841881 13.318699 -78.798965
v 39.511158 10.654959 -78.798965
v 39.511158 10.654959 -78.355011
v 38.841881 13.318699 -78.355011
v 38.623238 13.318699 -78.133034
v 38.623238 10.654959 -78.133034
vn 0.9699 0.2437 -0.0000
vn 0.7124 -0.0000 -0.7017
vn 0.2421 0.0608 -0.9683
vn 0.7013 0.1762 0.6908
vn 0.2425 -0.0000 0.9701
vt 1.378848 1.419922
vt 1.386660 1.466797
vt 1.378848 1.466797
vt 1.386660 1.419922
vt 1.390566 1.419922
vt 1.390566 1.466797
vt 1.374941 1.466797
vt 1.374941 1.419922
s 0
usemtl controlpanel.001
f 4767/2812/2252 4765/2813/2252 4766/2814/2252
f 4768/2815/2252 4765/2813/2252 4767/2812/2252
f 4771/2813/2253 4769/2816/2253 4770/2817/2253
f 4772/2815/2254 4769/2816/2254 4771/2813/2254
f 4775/2818/2255 4773/2812/2255 4774/2814/2255
f 4776/2819/2256 4773/2812/2256 4775/2818/2256
o classname=brush.063
v 27.701332 13.318699 -82.969574
v 28.015257 13.318699 -83.283501
v 27.542009 10.654959 -83.756744
v 27.228083 10.654959 -83.442825
v 27.698967 10.654959 -82.658012
v 27.698967 13.318699 -82.658012
v 27.701332 13.318699 -82.969574
v 27.228083 10.654959 -83.442825
v 27.542009 10.654959 -83.756744
v 28.015257 13.318699 -83.283501
v 28.326824 13.318699 -83.285858
v 28.326824 10.654959 -83.285858
vn -0.6858 0.2437 -0.6858
vn -1.0000 -0.0000 -0.0076
vn -0.8559 0.0608 0.5135
vn -0.0074 0.1762 -0.9843
vn 0.5145 -0.0000 -0.8575
vt 0.484669 1.453125
vt 0.487473 1.500000
vt 0.492997 1.500000
vt 0.479145 1.453125
vt 1.460052 1.500000
vt 1.454569 1.453125
vt 1.454569 1.500000
vt 1.468380 1.453125
vt 0.498480 1.500000
vt 0.498480 1.453125
s 0
usemtl controlpanel.001
f 4779/2820/2257 4777/2821/2257 4778/2822/2257
f 4780/2823/2257 4777/2821/2257 4779/2820/2257
f 4783/2824/2258 4781/2825/2258 4782/2826/2258
f 4784/2827/2259 4781/2825/2259 4783/2824/2259
f 4787/2828/2260 4785/2820/2260 4786/2822/2260
f 4788/2829/2261 4785/2820/2261 4787/2828/2261
o classname=brush.064
v 37.114357 13.318699 -74.184402
v 36.800430 13.318699 -73.870476
v 37.273678 10.654959 -73.397224
v 37.587605 10.654959 -73.711151
v 37.116718 10.654959 -74.495964
v 37.116718 13.318699 -74.495964
v 37.114357 13.318699 -74.184402
v 37.587605 10.654959 -73.711151
v 37.273678 10.654959 -73.397224
v 36.800430 13.318699 -73.870476
v 36.488861 13.318699 -73.868118
v 36.488861 10.654959 -73.868118
vn 0.6858 0.2437 0.6858
vn 1.0000 -0.0000 0.0076
vn 0.8559 0.0608 -0.5135
vn 0.0074 0.1762 0.9843
vn -0.5145 -0.0000 0.8575
vt 0.655921 1.453125
vt 0.653118 1.500000
vt 0.647593 1.500000
vt 0.661446 1.453125
vt 1.305456 1.500000
vt 1.310938 1.453125
vt 1.310938 1.500000
vt 1.297128 1.453125
vt 0.642111 1.500000
vt 0.642111 1.453125
s 0
usemtl controlpanel.001
f 4791/2830/2262 4789/2831/2262 4790/2832/2262
f 4792/2833/2262 4789/2831/2262 4791/2830/2262
f 4795/2834/2263 4793/2835/2263 4794/2836/2263
f 4796/2837/2264 4793/2835/2264 4795/2834/2264
f 4799/2838/2265 4797/2830/2265 4798/2832/2265
f 4800/2839/2266 4797/2830/2266 4799/2838/2266
o classname=brush.065
v 36.800438 13.318699 -83.283508
v 37.114357 13.318699 -82.969582
v 37.587612 10.654959 -83.442833
v 37.273685 10.654959 -83.756752
v 36.488876 10.654959 -83.285866
v 36.488876 13.318699 -83.285866
v 36.800438 13.318699 -83.283508
v 37.273685 10.654959 -83.756752
v 37.587612 10.654959 -83.442833
v 37.114357 13.318699 -82.969582
v 37.116714 13.318699 -82.658012
v 37.116714 10.654959 -82.658012
vn 0.6858 0.2437 -0.6858
vn 0.0076 -0.0000 -1.0000
vn -0.5135 0.0608 -0.8559
vn 0.9843 0.1762 -0.0074
vn 0.8575 -0.0000 0.5145
vt 1.468380 1.453125
vt 1.465577 1.500000
vt 1.460052 1.500000
vt 1.473904 1.453125
vt 0.647593 1.500000
vt 0.642111 1.453125
vt 0.642111 1.500000
vt 0.655921 1.453125
vt 1.454569 1.500000
vt 1.454569 1.453125
s 0
usemtl controlpanel.001
f 4803/2840/2267 4801/2841/2267 4802/2842/2267
f 4804/2843/2267 4801/2841/2267 4803/2840/2267
f 4807/2844/2268 4805/2845/2268 4806/2846/2268
f 4808/2847/2269 4805/2845/2269 4807/2844/2269
f 4811/2848/2270 4809/2840/2270 4810/2842/2270
f 4812/2849/2271 4809/2840/2271 4811/2848/2271
o classname=brush.066
v 28.015257 13.318699 -73.870476
v 27.701332 13.318699 -74.184402
v 27.228083 10.654959 -73.711151
v 27.542009 10.654959 -73.397224
v 28.326818 10.654959 -73.868111
v 28.326818 13.318699 -73.868111
v 28.015257 13.318699 -73.870476
v 27.542009 10.654959 -73.397224
v 27.228083 10.654959 -73.711151
v 27.701332 13.318699 -74.184402
v 27.698975 13.318699 -74.495972
v 27.698975 10.654959 -74.495972
vn -0.6858 0.2437 0.6858
vn -0.0076 -0.0000 1.0000
vn 0.5135 0.0608 0.8559
vn -0.9843 0.1762 0.0074
vn -0.8575 -0.0000 -0.5145
vt 0.479145 1.419922
vt 0.492997 1.466797
vt 0.487473 1.466797
vt 0.484669 1.419922
vt 0.498479 1.419922
vt 0.498479 1.466797
vt 1.310938 1.466797
vt 1.297128 1.419922
vt 1.305456 1.466797
vt 1.310938 1.419922
s 0
usemtl controlpanel.001
f 4815/2850/2272 4813/2851/2272 4814/2852/2272
f 4816/2853/2272 4813/2851/2272 4815/2850/2272
f 4819/2851/2273 4817/2854/2273 4818/2855/2273
f 4820/2853/2274 4817/2854/2274 4819/2851/2274
f 4823/2856/2275 4821/2857/2275 4822/2858/2275
f 4824/2859/2276 4821/2857/2276 4823/2856/2276
o classname=brush.067
v 25.305527 2.219783 -71.033058
v 40.400051 2.219783 -71.033058
v 40.400051 2.663740 -71.033058
v 25.305527 2.663740 -71.033058
v 25.305527 2.663740 -86.127586
v 40.400051 2.663740 -86.127586
v 40.400051 2.219783 -86.127586
v 25.305527 2.219783 -86.127586
v 25.305527 2.219783 -71.033058
v 25.305527 2.219783 -86.127586
v 40.400051 2.219783 -86.127586
v 40.400051 2.219783 -71.033058
v 40.400051 2.663740 -71.033058
v 40.400051 2.663740 -86.127586
v 25.305527 2.663740 -86.127586
v 25.305527 2.663740 -71.033058
v 25.305527 2.219783 -71.033058
v 25.305527 2.663740 -71.033058
v 25.305527 2.663740 -86.127586
v 25.305527 2.219783 -86.127586
v 40.400051 2.219783 -86.127586
v 40.400051 2.663740 -86.127586
v 40.400051 2.663740 -71.033058
v 40.400051 2.219783 -71.033058
vn -0.0000 -0.0000 1.0000
vn -0.0000 -0.0000 -1.0000
vn -0.0000 -1.0000 -0.0000
vn -0.0000 1.0000 -0.0000
vn -1.0000 -0.0000 -0.0000
vn 1.0000 -0.0000 -0.0000
vt 0.992188 1.210938
vt 0.726562 1.203125
vt 0.992188 1.203125
vt 0.726562 1.210938
vt 0.992188 2.515625
vt 0.726562 2.250000
vt 0.726562 2.515625
vt 0.992188 2.250000
vt 1.796875 1.210938
vt 1.531250 1.203125
vt 1.531250 1.210938
vt 1.796875 1.203125
s 0
usemtl controlpanel.001
f 4827/2860/2277 4825/2861/2277 4826/2862/2277
f 4828/2863/2277 4825/2861/2277 4827/2860/2277
f 4831/2862/2278 4829/2863/2278 4830/2860/2278
f 4832/2861/2278 4829/2863/2278 4831/2862/2278
f 4835/2864/2279 4833/2865/2279 4834/2866/2279
f 4836/2867/2279 4833/2865/2279 4835/2864/2279
f 4839/2866/2280 4837/2867/2280 4838/2864/2280
f 4840/2865/2280 4837/2867/2280 4839/2866/2280
f 4843/2868/2281 4841/2869/2281 4842/2870/2281
f 4844/2871/2281 4841/2869/2281 4843/2868/2281
f 4847/2870/2282 4845/2871/2282 4846/2868/2282
f 4848/2869/2282 4845/2871/2282 4847/2870/2282
o classname=brush.068
v 83.463844 -69.257233 14.206612
v 83.463844 -69.257233 -113.652893
v -17.758265 -69.257233 -113.652893
v -17.758265 -69.257233 14.206612
vn -0.0000 1.0000 -0.0000
vt -0.281250 3.000000
vt 1.500000 0.750000
vt 1.500000 3.000000
vt -0.281250 0.750000
s 0
usemtl metal.001
f 4851/2872/2283 4849/2873/2283 4850/2874/2283
f 4852/2875/2283 4849/2873/2283 4851/2872/2283
o classname=brush.069
v 83.463844 -71.920975 14.206612
v 83.463844 49.945107 14.206612
v 65.705582 49.945107 -110.101242
v 65.705582 -71.920975 -110.101242
vn -0.9899 -0.0000 0.1414
vt 1.937500 1.878906
vt -0.250000 -0.265625
vt -0.250000 1.878906
vt 1.937500 -0.265625
s 0
usemtl metal.001
f 4855/2876/2284 4853/2877/2284 4854/2878/2284
f 4856/2879/2284 4853/2877/2284 4855/2876/2284
o classname=brush.070
v -17.758265 -71.920975 -110.101242
v 65.705582 -71.920975 -110.101242
v 65.705582 49.945107 -110.101242
v -17.758265 49.945107 -110.101242
vn -0.0000 -0.0000 1.0000
vt 1.156250 1.878906
vt -0.312500 -0.265625
vt 1.156250 -0.265625
vt -0.312500 1.878906
s 0
usemtl metal.001
f 4859/2880/2285 4857/2881/2285 4858/2882/2285
f 4860/2883/2285 4857/2881/2285 4859/2880/2285
o classname=brush.071
v -21.309917 0.000000 14.206612
v 87.015495 0.000000 14.206612
v 87.015495 -71.033058 14.206612
v -21.309917 -71.033058 14.206612
v 87.015495 0.000000 113.652893
v 87.015495 0.000000 14.206612
v -21.309917 0.000000 14.206612
v -21.309917 0.000000 113.652893
vn -0.0000 -0.0000 -1.0000
vn -0.0000 1.0000 -0.0000
vt 1.531250 -0.250000
vt -0.375000 1.000000
vt 1.531250 1.000000
vt -0.375000 -0.250000
vt -0.375000 0.750000
vt 1.531250 -1.000000
vt 1.531250 0.750000
vt -0.375000 -1.000000
s 0
usemtl metal.001
f 4863/2884/2286 4861/2885/2286 4862/2886/2286
f 4864/2887/2286 4861/2885/2286 4863/2884/2286
f 4867/2888/2287 4865/2889/2287 4866/2890/2287
f 4868/2891/2287 4865/2889/2287 4867/2888/2287
o classname=brush.072
v 22.197830 -0.887913 14.206612
v 43.507748 -0.887913 14.206612
v 43.507748 0.000000 14.206612
v 22.197830 0.000000 14.206612
v 22.197830 0.000000 -24.861570
v 43.507748 0.000000 -24.861570
v 43.507748 -0.887913 -24.861570
v 22.197830 -0.887913 -24.861570
v 22.197830 -0.887913 14.206612
v 22.197830 -0.887913 -24.861570
v 43.507748 -0.887913 -24.861570
v 43.507748 -0.887913 14.206612
v 43.507748 0.000000 14.206612
v 43.507748 0.000000 -24.861570
v 22.197830 0.000000 -24.861570
v 22.197830 0.000000 14.206612
v 22.197830 -0.887913 14.206612
v 22.197830 0.000000 14.206612
v 22.197830 0.000000 -24.861570
v 22.197830 -0.887913 -24.861570
v 43.507748 -0.887913 -24.861570
v 43.507748 0.000000 -24.861570
v 43.507748 0.000000 14.206612
v 43.507748 -0.887913 14.206612
vn -0.0000 -0.0000 1.0000
vn -0.0000 -0.0000 -1.0000
vn -0.0000 -1.0000 -0.0000
vn -0.0000 1.0000 -0.0000
vn -1.0000 -0.0000 -0.0000
vn 1.0000 -0.0000 -0.0000
vt 0.951287 0.489890
vt 0.510110 0.471507
vt 0.951287 0.471507
vt 0.510110 0.489890
vt 0.951287 1.004596
vt 0.510110 0.195772
vt 0.510110 1.004596
vt 0.951287 0.195772
vt 0.565257 0.489890
vt -0.243566 0.471507
vt -0.243566 0.489890
vt 0.565257 0.471507
s 0
usemtl controlpanel.001
f 4871/2892/2288 4869/2893/2288 4870/2894/2288
f 4872/2895/2288 4869/2893/2288 4871/2892/2288
f 4875/2894/2289 4873/2895/2289 4874/2892/2289
f 4876/2893/2289 4873/2895/2289 4875/2894/2289
f 4879/2896/2290 4877/2897/2290 4878/2898/2290
f 4880/2899/2290 4877/2897/2290 4879/2896/2290
f 4883/2898/2291 4881/2899/2291 4882/2896/2291
f 4884/2897/2291 4881/2899/2291 4883/2898/2291
f 4887/2900/2292 4885/2901/2292 4886/2902/2292
f 4888/2903/2292 4885/2901/2292 4887/2900/2292
f 4891/2902/2293 4889/2903/2293 4890/2900/2293
f 4892/2901/2293 4889/2903/2293 4891/2902/2293
o classname=brush.073
v 22.197830 -0.887913 -24.861570
v 43.507748 -0.887913 -24.861570
v 43.507748 0.000000 -24.861570
v 22.197830 0.000000 -24.861570
v 22.197830 0.000000 -63.929752
v 43.507748 0.000000 -63.929752
v 43.507748 -0.887913 -63.929752
v 22.197830 -0.887913 -63.929752
v 22.197830 -0.887913 -24.861570
v 22.197830 -0.887913 -63.929752
v 43.507748 -0.887913 -63.929752
v 43.507748 -0.887913 -24.861570
v 43.507748 0.000000 -24.861570
v 43.507748 0.000000 -63.929752
v 22.197830 0.000000 -63.929752
v 22.197830 0.000000 -24.861570
v 22.197830 -0.887913 -24.861570
v 22.197830 0.000000 -24.861570
v 22.197830 0.000000 -63.929752
v 22.197830 -0.887913 -63.929752
v 43.507748 -0.887913 -63.929752
v 43.507748 0.000000 -63.929752
v 43.507748 0.000000 -24.861570
v 43.507748 -0.887913 -24.861570
vn -0.0000 -0.0000 1.0000
vn -0.0000 -0.0000 -1.0000
vn -0.0000 -1.0000 -0.0000
vn -0.0000 1.0000 -0.0000
vn -1.0000 -0.0000 -0.0000
vn 1.0000 -0.0000 -0.0000
vt 0.951287 0.489890
vt 0.510110 0.471507
vt 0.951287 0.471507
vt 0.510110 0.489890
vt 0.951287 1.004596
vt 0.510110 0.195772
vt 0.510110 1.004596
vt 0.951287 0.195772
vt 0.565257 0.489890
vt -0.243566 0.471507
vt -0.243566 0.489890
vt 0.565257 0.471507
s 0
usemtl controlpanel.001
f 4895/2904/2294 4893/2905/2294 4894/2906/2294
f 4896/2907/2294 4893/2905/2294 4895/2904/2294
f 4899/2906/2295 4897/2907/2295 4898/2904/2295
f 4900/2905/2295 4897/2907/2295 4899/2906/2295
f 4903/2908/2296 4901/2909/2296 4902/2910/2296
f 4904/2911/2296 4901/2909/2296 4903/2908/2296
f 4907/2910/2297 4905/2911/2297 4906/2908/2297
f 4908/2909/2297 4905/2911/2297 4907/2910/2297
f 4911/2912/2298 4909/2913/2298 4910/2914/2298
f 4912/2915/2298 4909/2913/2298 4911/2912/2298
f 4915/2914/2299 4913/2915/2299 4914/2912/2299
f 4916/2913/2299 4913/2915/2299 4915/2914/2299
o classname=brush.074
v 21.753874 -1.775826 14.206612
v 22.641787 -1.775826 14.206612
v 22.641787 0.887913 14.206612
v 21.753874 0.887913 14.206612
v 21.753874 0.887913 -63.929752
v 22.641787 0.887913 -63.929752
v 22.641787 -1.775826 -63.929752
v 21.753874 -1.775826 -63.929752
v 21.753874 -1.775826 14.206612
v 21.753874 -1.775826 -63.929752
v 22.641787 -1.775826 -63.929752
v 22.641787 -1.775826 14.206612
v 22.641787 0.887913 14.206612
v 22.641787 0.887913 -63.929752
v 21.753874 0.887913 -63.929752
v 21.753874 0.887913 14.206612
v 21.753874 -1.775826 14.206612
v 21.753874 0.887913 14.206612
v 21.753874 0.887913 -63.929752
v 21.753874 -1.775826 -63.929752
v 22.641787 -1.775826 -63.929752
v 22.641787 0.887913 -63.929752
v 22.641787 0.887913 14.206612
v 22.641787 -1.775826 14.206612
vn -0.0000 -0.0000 1.0000
vn -0.0000 -0.0000 -1.0000
vn -0.0000 -1.0000 -0.0000
vn -0.0000 1.0000 -0.0000
vn -1.0000 -0.0000 -0.0000
vn 1.0000 -0.0000 -0.0000
vt 0.796875 1.031250
vt 0.765625 0.937500
vt 0.796875 0.937500
vt 0.765625 1.031250
vt 0.796875 3.250000
vt 0.765625 0.500000
vt 0.765625 3.250000
vt 0.796875 0.500000
vt -0.250000 3.250000
vt -0.156250 0.500000
vt -0.250000 0.500000
vt -0.156250 3.250000
vt -0.187500 0.500000
vt -0.093750 3.250000
vt -0.187500 3.250000
vt -0.093750 0.500000
s 0
usemtl metalpanels2.001
f 4919/2916/2300 4917/2917/2300 4918/2918/2300
f 4920/2919/2300 4917/2917/2300 4919/2916/2300
f 4923/2918/2301 4921/2919/2301 4922/2916/2301
f 4924/2917/2301 4921/2919/2301 4923/2918/2301
f 4927/2920/2302 4925/2921/2302 4926/2922/2302
f 4928/2923/2302 4925/2921/2302 4927/2920/2302
f 4931/2922/2303 4929/2923/2303 4930/2920/2303
f 4932/2921/2303 4929/2923/2303 4931/2922/2303
f 4935/2924/2304 4933/2925/2304 4934/2926/2304
f 4936/2927/2304 4933/2925/2304 4935/2924/2304
f 4939/2928/2305 4937/2929/2305 4938/2930/2305
f 4940/2931/2305 4937/2929/2305 4939/2928/2305
o classname=brush.075
v 43.951710 -1.775826 -63.929752
v 43.063793 -1.775826 -63.929752
v 43.063793 0.887913 -63.929752
v 43.951710 0.887913 -63.929752
v 43.951702 0.887913 14.206612
v 43.063789 0.887913 14.206612
v 43.063789 -1.775826 14.206612
v 43.951702 -1.775826 14.206612
v 43.951710 -1.775826 -63.929752
v 43.951702 -1.775826 14.206612
v 43.063789 -1.775826 14.206612
v 43.063793 -1.775826 -63.929752
v 43.063793 0.887913 -63.929752
v 43.063789 0.887913 14.206612
v 43.951702 0.887913 14.206612
v 43.951710 0.887913 -63.929752
v 43.951710 -1.775826 -63.929752
v 43.951710 0.887913 -63.929752
v 43.951702 0.887913 14.206612
v 43.951702 -1.775826 14.206612
v 43.063789 -1.775826 14.206612
v 43.063789 0.887913 14.206612
v 43.063793 0.887913 -63.929752
v 43.063793 -1.775826 -63.929752
vn -0.0000 -0.0000 -1.0000
vn -0.0000 -0.0000 1.0000
vn -0.0000 -1.0000 -0.0000
vn -0.0000 1.0000 -0.0000
vn 1.0000 -0.0000 -0.0000
vn -1.0000 -0.0000 -0.0000
vt 0.792969 1.031250
vt 0.824219 0.937500
vt 0.792969 0.937500
vt 0.824219 1.031250
vt 0.792969 0.937500
vt 0.824219 1.031250
vt 0.792969 1.031250
vt 0.824219 0.937500
vt 0.792969 0.500000
vt 0.824219 3.250000
vt 0.824219 0.500000
vt 0.792969 3.250000
vt -1.222656 1.031250
vt 1.527344 0.937500
vt 1.527344 1.031250
vt -1.222656 0.937500
vt -1.308594 -1.250000
vt -1.402344 1.500000
vt -1.308594 1.500000
vt -1.402344 -1.250000
s 0
usemtl metalpanels2.001
f 4943/2932/2306 4941/2933/2306 4942/2934/2306
f 4944/2935/2306 4941/2933/2306 4943/2932/2306
f 4947/2936/2307 4945/2937/2307 4946/2938/2307
f 4948/2939/2307 4945/2937/2307 4947/2936/2307
f 4951/2940/2308 4949/2941/2308 4950/2942/2308
f 4952/2943/2308 4949/2941/2308 4951/2940/2308
f 4955/2942/2309 4953/2943/2309 4954/2940/2309
f 4956/2941/2309 4953/2943/2309 4955/2942/2309
f 4959/2944/2310 4957/2945/2310 4958/2946/2310
f 4960/2947/2310 4957/2945/2310 4959/2944/2310
f 4963/2948/2311 4961/2949/2311 4962/2950/2311
f 4964/2951/2311 4961/2949/2311 4963/2948/2311
o classname=brush.076
v 21.753874 -1.775826 -64.817665
v 21.753874 -1.775826 -63.929752
v 21.753874 0.887913 -63.929752
v 21.753874 0.887913 -64.817665
v 43.951706 0.887913 -64.817665
v 43.951706 0.887913 -63.929752
v 43.951706 -1.775826 -63.929752
v 43.951706 -1.775826 -64.817665
v 21.753874 -1.775826 -64.817665
v 43.951706 -1.775826 -64.817665
v 43.951706 -1.775826 -63.929752
v 21.753874 -1.775826 -63.929752
v 21.753874 0.887913 -63.929752
v 43.951706 0.887913 -63.929752
v 43.951706 0.887913 -64.817665
v 21.753874 0.887913 -64.817665
v 21.753874 -1.775826 -64.817665
v 21.753874 0.887913 -64.817665
v 43.951706 0.887913 -64.817665
v 43.951706 -1.775826 -64.817665
v 43.951706 -1.775826 -63.929752
v 43.951706 0.887913 -63.929752
v 21.753874 0.887913 -63.929752
v 21.753874 -1.775826 -63.929752
vn -1.0000 -0.0000 -0.0000
vn 1.0000 -0.0000 -0.0000
vn -0.0000 -1.0000 -0.0000
vn -0.0000 1.0000 -0.0000
vn -0.0000 -0.0000 -1.0000
vn -0.0000 -0.0000 1.0000
vt -0.308594 -1.250000
vt -0.402344 -1.281250
vt -0.402344 -1.250000
vt -0.308594 -1.281250
vt 1.910156 -0.546875
vt 1.941406 0.234375
vt 1.941406 -0.546875
vt 1.910156 0.234375
vt 1.800781 -0.546875
vt 1.769531 0.234375
vt 1.769531 -0.546875
vt 1.800781 0.234375
vt -0.308594 -0.546875
vt -0.402344 0.234375
vt -0.308594 0.234375
vt -0.402344 -0.546875
s 0
usemtl metalpanels2.001
f 4967/2952/2312 4965/2953/2312 4966/2954/2312
f 4968/2955/2312 4965/2953/2312 4967/2952/2312
f 4971/2954/2313 4969/2955/2313 4970/2952/2313
f 4972/2953/2313 4969/2955/2313 4971/2954/2313
f 4975/2956/2314 4973/2957/2314 4974/2958/2314
f 4976/2959/2314 4973/2957/2314 4975/2956/2314
f 4979/2960/2315 4977/2961/2315 4978/2962/2315
f 4980/2963/2315 4977/2961/2315 4979/2960/2315
f 4983/2964/2316 4981/2965/2316 4982/2966/2316
f 4984/2967/2316 4981/2965/2316 4983/2964/2316
f 4987/2966/2317 4985/2967/2317 4986/2964/2317
f 4988/2965/2317 4985/2967/2317 4987/2966/2317
o classname=brush.077
v 23.085743 12.874742 14.206612
v 22.641787 13.259220 14.206612
v 21.753874 13.259220 14.206612
v 21.309917 12.874742 14.206612
v 21.753874 12.490264 14.206612
v 22.641787 12.490264 14.206612
v 22.641787 12.490264 -63.485794
v 21.753874 12.490264 -63.485794
v 21.309917 12.874742 -63.485794
v 21.753874 13.259220 -63.485794
v 22.641787 13.259220 -63.485794
v 23.085743 12.874742 -63.485794
v 23.085743 12.874742 -63.485794
v 22.641787 13.259220 -63.485794
v 22.641787 13.259220 14.206612
v 23.085743 12.874742 14.206612
v 22.641787 13.259220 -63.485794
v 21.753874 13.259220 -63.485794
v 21.753874 13.259220 14.206612
v 22.641787 13.259220 14.206612
v 21.753874 13.259220 -63.485794
v 21.309917 12.874742 -63.485794
v 21.309917 12.874742 14.206612
v 21.753874 13.259220 14.206612
v 21.309917 12.874742 -63.485794
v 21.753874 12.490264 -63.485794
v 21.753874 12.490264 14.206612
v 21.309917 12.874742 14.206612
v 21.753874 12.490264 -63.485794
v 22.641787 12.490264 -63.485794
v 22.641787 12.490264 14.206612
v 21.753874 12.490264 14.206612
v 22.641787 12.490264 -63.485794
v 23.085743 12.874742 -63.485794
v 23.085743 12.874742 14.206612
v 22.641787 12.490264 14.206612
vn -0.0000 -0.0000 1.0000
vn -0.0000 -0.0000 -1.0000
vn 0.6547 0.7559 -0.0000
vn -0.0000 1.0000 -0.0000
vn -0.6547 0.7559 -0.0000
vn -0.6547 -0.7559 -0.0000
vn -0.0000 -1.0000 -0.0000
vn 0.6547 -0.7559 -0.0000
vt 0.781250 1.122907
vt 0.828125 1.109375
vt 0.812500 1.122907
vt 0.765625 1.109375
vt 0.781250 1.095843
vt 0.812500 1.095843
vt 0.812500 0.500000
vt 0.828125 3.234375
vt 0.812500 3.234375
vt 0.828125 0.500000
vt 0.781250 0.500000
vt 0.781250 3.234375
vt 0.765625 0.500000
vt 0.765625 3.234375
s 0
usemtl metalpanels2.001
f 4991/2968/2318 4989/2969/2318 4990/2970/2318
f 4992/2971/2318 4989/2969/2318 4991/2968/2318
f 4993/2972/2318 4989/2969/2318 4992/2971/2318
f 4994/2973/2318 4989/2969/2318 4993/2972/2318
f 4997/2971/2319 4995/2973/2319 4996/2972/2319
f 4998/2968/2319 4995/2973/2319 4997/2971/2319
f 4999/2970/2319 4995/2973/2319 4998/2968/2319
f 5000/2969/2319 4995/2973/2319 4999/2970/2319
f 5003/2974/2320 5001/2975/2320 5002/2976/2320
f 5004/2977/2320 5001/2975/2320 5003/2974/2320
f 5007/2978/2321 5005/2976/2321 5006/2979/2321
f 5008/2974/2321 5005/2976/2321 5007/2978/2321
f 5011/2980/2322 5009/2979/2322 5010/2981/2322
f 5012/2978/2322 5009/2979/2322 5011/2980/2322
f 5015/2978/2323 5013/2981/2323 5014/2979/2323
f 5016/2980/2323 5013/2981/2323 5015/2978/2323
f 5019/2974/2324 5017/2979/2324 5018/2976/2324
f 5020/2978/2324 5017/2979/2324 5019/2974/2324
f 5023/2977/2325 5021/2976/2325 5022/2975/2325
f 5024/2974/2325 5021/2976/2325 5023/2977/2325
o classname=brush.078
v 44.395660 12.874742 14.206612
v 43.951706 13.259220 14.206612
v 43.063793 13.259220 14.206612
v 42.619835 12.874742 14.206612
v 43.063793 12.490264 14.206612
v 43.951706 12.490264 14.206612
v 43.951706 12.490264 -63.485794
v 43.063793 12.490264 -63.485794
v 42.619835 12.874742 -63.485794
v 43.063793 13.259220 -63.485794
v 43.951706 13.259220 -63.485794
v 44.395660 12.874742 -63.485794
v 44.395660 12.874742 -63.485794
v 43.951706 13.259220 -63.485794
v 43.951706 13.259220 14.206612
v 44.395660 12.874742 14.206612
v 43.951706 13.259220 -63.485794
v 43.063793 13.259220 -63.485794
v 43.063793 13.259220 14.206612
v 43.951706 13.259220 14.206612
v 43.063793 13.259220 -63.485794
v 42.619835 12.874742 -63.485794
v 42.619835 12.874742 14.206612
v 43.063793 13.259220 14.206612
v 42.619835 12.874742 -63.485794
v 43.063793 12.490264 -63.485794
v 43.063793 12.490264 14.206612
v 42.619835 12.874742 14.206612
v 43.063793 12.490264 -63.485794
v 43.951706 12.490264 -63.485794
v 43.951706 12.490264 14.206612
v 43.063793 12.490264 14.206612
v 43.951706 12.490264 -63.485794
v 44.395660 12.874742 -63.485794
v 44.395660 12.874742 14.206612
v 43.951706 12.490264 14.206612
vn -0.0000 -0.0000 1.0000
vn -0.0000 -0.0000 -1.0000
vn 0.6547 0.7559 -0.0000
vn -0.0000 1.0000 -0.0000
vn -0.6547 0.7559 -0.0000
vn -0.6547 -0.7559 -0.0000
vn -0.0000 -1.0000 -0.0000
vn 0.6547 -0.7559 -0.0000
vt 0.781250 1.122907
vt 0.828125 1.109375
vt 0.812500 1.122907
vt 0.765625 1.109375
vt 0.781250 1.095843
vt 0.812500 1.095843
vt 0.812500 0.500000
vt 0.828125 3.234375
vt 0.812500 3.234375
vt 0.828125 0.500000
vt 0.781250 0.500000
vt 0.781250 3.234375
vt 0.765625 0.500000
vt 0.765625 3.234375
s 0
usemtl metalpanels2.001
f 5027/2982/2326 5025/2983/2326 5026/2984/2326
f 5028/2985/2326 5025/2983/2326 5027/2982/2326
f 5029/2986/2326 5025/2983/2326 5028/2985/2326
f 5030/2987/2326 5025/2983/2326 5029/2986/2326
f 5033/2985/2327 5031/2987/2327 5032/2986/2327
f 5034/2982/2327 5031/2987/2327 5033/2985/2327
f 5035/2984/2327 5031/2987/2327 5034/2982/2327
f 5036/2983/2327 5031/2987/2327 5035/2984/2327
f 5039/2988/2328 5037/2989/2328 5038/2990/2328
f 5040/2991/2328 5037/2989/2328 5039/2988/2328
f 5043/2992/2329 5041/2990/2329 5042/2993/2329
f 5044/2988/2329 5041/2990/2329 5043/2992/2329
f 5047/2994/2330 5045/2993/2330 5046/2995/2330
f 5048/2992/2330 5045/2993/2330 5047/2994/2330
f 5051/2992/2331 5049/2995/2331 5050/2993/2331
f 5052/2994/2331 5049/2995/2331 5051/2992/2331
f 5055/2988/2332 5053/2993/2332 5054/2990/2332
f 5056/2992/2332 5053/2993/2332 5055/2988/2332
f 5059/2991/2333 5057/2990/2333 5058/2989/2333
f 5060/2988/2333 5057/2990/2333 5059/2991/2333
o classname=brush.079
v 23.085743 12.874742 -63.485794
v 23.085743 13.259220 -63.929752
v 23.085743 13.259220 -64.817665
v 23.085743 12.874742 -65.261620
v 23.085743 12.490264 -64.817665
v 23.085743 12.490264 -63.929752
v 42.619835 12.490264 -63.929752
v 42.619835 12.490264 -64.817665
v 42.619835 12.874742 -65.261620
v 42.619835 13.259220 -64.817665
v 42.619835 13.259220 -63.929752
v 42.619835 12.874742 -63.485794
v 42.619835 12.874742 -63.485794
v 42.619835 13.259220 -63.929752
v 23.085743 13.259220 -63.929752
v 23.085743 12.874742 -63.485794
v 42.619835 13.259220 -63.929752
v 42.619835 13.259220 -64.817665
v 23.085743 13.259220 -64.817665
v 23.085743 13.259220 -63.929752
v 42.619835 13.259220 -64.817665
v 42.619835 12.874742 -65.261620
v 23.085743 12.874742 -65.261620
v 23.085743 13.259220 -64.817665
v 42.619835 12.874742 -65.261620
v 42.619835 12.490264 -64.817665
v 23.085743 12.490264 -64.817665
v 23.085743 12.874742 -65.261620
v 42.619835 12.490264 -64.817665
v 42.619835 12.490264 -63.929752
v 23.085743 12.490264 -63.929752
v 23.085743 12.490264 -64.817665
v 42.619835 12.490264 -63.929752
v 42.619835 12.874742 -63.485794
v 23.085743 12.874742 -63.485794
v 23.085743 12.490264 -63.929752
vn -1.0000 -0.0000 -0.0000
vn 1.0000 -0.0000 -0.0000
vn -0.0000 0.7559 0.6547
vn -0.0000 1.0000 -0.0000
vn -0.0000 0.7559 -0.6547
vn -0.0000 -0.7559 -0.6547
vn -0.0000 -1.0000 -0.0000
vn -0.0000 -0.7559 0.6547
vt 4.500000 0.448938
vt 4.406250 0.421875
vt 4.437500 0.448938
vt 4.531250 0.421875
vt 4.500000 0.394812
vt 4.437500 0.394812
vt 1.562500 4.015625
vt 2.937500 3.984375
vt 2.937500 4.015625
vt 1.562500 3.984375
vt 1.562500 4.078125
vt 2.937500 4.078125
vt 1.562500 4.109375
vt 2.937500 4.109375
s 0
usemtl metalpanels2.001
f 5063/2996/2334 5061/2997/2334 5062/2998/2334
f 5064/2999/2334 5061/2997/2334 5063/2996/2334
f 5065/3000/2334 5061/2997/2334 5064/2999/2334
f 5066/3001/2334 5061/2997/2334 5065/3000/2334
f 5069/2999/2335 5067/3001/2335 5068/3000/2335
f 5070/2996/2335 5067/3001/2335 5069/2999/2335
f 5071/2998/2335 5067/3001/2335 5070/2996/2335
f 5072/2997/2335 5067/3001/2335 5071/2998/2335
f 5075/3002/2336 5073/3003/2336 5074/3004/2336
f 5076/3005/2336 5073/3003/2336 5075/3002/2336
f 5079/3006/2337 5077/3004/2337 5078/3007/2337
f 5080/3002/2337 5077/3004/2337 5079/3006/2337
f 5083/3008/2338 5081/3007/2338 5082/3009/2338
f 5084/3006/2338 5081/3007/2338 5083/3008/2338
f 5087/3006/2339 5085/3009/2339 5086/3007/2339
f 5088/3008/2339 5085/3009/2339 5087/3006/2339
f 5091/3002/2340 5089/3007/2340 5090/3004/2340
f 5092/3006/2340 5089/3007/2340 5091/3002/2340
f 5095/3005/2341 5093/3004/2341 5094/3003/2341
f 5096/3002/2341 5093/3004/2341 5095/3005/2341
o classname=brush.080
v 43.285770 0.887913 -64.151733
v 43.729725 0.887913 -64.151733
v 43.729725 12.874742 -64.151733
v 43.285770 12.874742 -64.151733
v 43.285770 12.874742 -64.595688
v 43.729725 12.874742 -64.595688
v 43.729725 0.887913 -64.595688
v 43.285770 0.887913 -64.595688
v 43.285770 0.887913 -64.151733
v 43.285770 0.887913 -64.595688
v 43.729725 0.887913 -64.595688
v 43.729725 0.887913 -64.151733
v 43.729725 12.874742 -64.151733
v 43.729725 12.874742 -64.595688
v 43.285770 12.874742 -64.595688
v 43.285770 12.874742 -64.151733
v 43.285770 0.887913 -64.151733
v 43.285770 12.874742 -64.151733
v 43.285770 12.874742 -64.595688
v 43.285770 0.887913 -64.595688
v 43.729725 0.887913 -64.595688
v 43.729725 12.874742 -64.595688
v 43.729725 12.874742 -64.151733
v 43.729725 0.887913 -64.151733
vn -0.0000 -0.0000 1.0000
vn -0.0000 -0.0000 -1.0000
vn -0.0000 -1.0000 -0.0000
vn -0.0000 1.0000 -0.0000
vn -1.0000 -0.0000 -0.0000
vn 1.0000 -0.0000 -0.0000
vt 0.513672 1.207031
vt 0.505859 0.996094
vt 0.513672 0.996094
vt 0.505859 1.207031
vt 0.513672 2.117188
vt 0.505859 2.109375
vt 0.505859 2.117188
vt 0.513672 2.109375
vt 0.880859 1.207031
vt 0.873047 0.996094
vt 0.873047 1.207031
vt 0.880859 0.996094
s 0
usemtl controlpanel.001
f 5099/3010/2342 5097/3011/2342 5098/3012/2342
f 5100/3013/2342 5097/3011/2342 5099/3010/2342
f 5103/3012/2343 5101/3013/2343 5102/3010/2343
f 5104/3011/2343 5101/3013/2343 5103/3012/2343
f 5107/3014/2344 5105/3015/2344 5106/3016/2344
f 5108/3017/2344 5105/3015/2344 5107/3014/2344
f 5111/3016/2345 5109/3017/2345 5110/3014/2345
f 5112/3015/2345 5109/3017/2345 5111/3016/2345
f 5115/3018/2346 5113/3019/2346 5114/3020/2346
f 5116/3021/2346 5113/3019/2346 5115/3018/2346
f 5119/3020/2347 5117/3021/2347 5118/3018/2347
f 5120/3019/2347 5117/3021/2347 5119/3020/2347
o classname=brush.081
v -15.094524 0.000000 44.395660
v -15.094524 0.000000 43.507748
v -15.094524 28.413223 43.507748
v -15.094524 28.413223 44.395660
v -15.982438 28.413223 44.395660
v -15.982438 28.413223 43.507748
v -15.982438 0.000000 43.507748
v -15.982438 0.000000 44.395660
v -15.094524 0.000000 44.395660
v -15.982438 0.000000 44.395660
v -15.982438 0.000000 43.507748
v -15.094524 0.000000 43.507748
v -15.094524 28.413223 43.507748
v -15.982438 28.413223 43.507748
v -15.982438 28.413223 44.395660
v -15.094524 28.413223 44.395660
v -15.094524 0.000000 44.395660
v -15.094524 28.413223 44.395660
v -15.982438 28.413223 44.395660
v -15.982438 0.000000 44.395660
v -15.982438 0.000000 43.507748
v -15.982438 28.413223 43.507748
v -15.094524 28.413223 43.507748
v -15.094524 0.000000 43.507748
vn 1.0000 -0.0000 -0.0000
vn -1.0000 -0.0000 -0.0000
vn -0.0000 -1.0000 -0.0000
vn -0.0000 1.0000 -0.0000
vn -0.0000 -0.0000 1.0000
vn -0.0000 -0.0000 -1.0000
vt 0.265625 1.500000
vt 0.250000 1.000000
vt 0.265625 1.000000
vt 0.250000 1.500000
vt 0.750000 2.312500
vt 0.765625 2.296875
vt 0.750000 2.296875
vt 0.765625 2.312500
vt 1.796875 1.500000
vt 1.812500 1.000000
vt 1.812500 1.500000
vt 1.796875 1.000000
s 0
usemtl dirtymetal.001
f 5123/3022/2348 5121/3023/2348 5122/3024/2348
f 5124/3025/2348 5121/3023/2348 5123/3022/2348
f 5127/3024/2349 5125/3025/2349 5126/3022/2349
f 5128/3023/2349 5125/3025/2349 5127/3024/2349
f 5131/3026/2350 5129/3027/2350 5130/3028/2350
f 5132/3029/2350 5129/3027/2350 5131/3026/2350
f 5135/3028/2351 5133/3029/2351 5134/3026/2351
f 5136/3027/2351 5133/3029/2351 5135/3028/2351
f 5139/3030/2352 5137/3031/2352 5138/3032/2352
f 5140/3033/2352 5137/3031/2352 5139/3030/2352
f 5143/3032/2353 5141/3033/2353 5142/3030/2353
f 5144/3031/2353 5141/3033/2353 5143/3032/2353
o classname=brush.082
v -4.439567 20.643988 49.945118
v -10.211003 20.643988 49.945118
v -10.211003 21.087938 49.945118
v -4.439567 21.087938 49.945118
v -4.439567 21.087938 50.833031
v -10.211003 21.087938 50.833038
v -10.211003 20.643982 50.833038
v -4.439567 20.643984 50.833031
v -4.439567 20.422005 50.167110
v -4.439567 20.422005 50.611053
v -10.211003 20.422005 50.611053
v -10.211003 20.422005 50.167110
v -10.211003 21.309917 50.611053
v -4.439567 21.309917 50.611053
v -4.439567 21.309917 50.167099
v -10.211003 21.309917 50.167099
v -4.439567 21.309917 50.167099
v -4.439567 21.309917 50.611053
v -4.439567 21.087938 50.833031
v -4.439567 20.643984 50.833031
v -4.439567 20.422005 50.611053
v -4.439567 20.422005 50.167110
v -4.439567 20.643988 49.945118
v -4.439567 21.087938 49.945118
v -10.211003 21.309917 50.611053
v -10.211003 21.309917 50.167099
v -10.211003 21.087938 49.945118
v -10.211003 20.643988 49.945118
v -10.211003 20.422005 50.167110
v -10.211003 20.422005 50.611053
v -10.211003 20.643982 50.833038
v -10.211003 21.087938 50.833038
v -4.439567 21.309917 50.167099
v -4.439567 21.087938 49.945118
v -10.211003 21.087938 49.945118
v -10.211003 21.309917 50.167099
v -10.211003 21.087938 50.833038
v -4.439567 21.087938 50.833031
v -4.439567 21.309917 50.611053
v -10.211003 21.309917 50.611053
v -10.211003 20.422005 50.167110
v -10.211003 20.643988 49.945118
v -4.439567 20.643988 49.945118
v -4.439567 20.422005 50.167110
v -4.439567 20.643984 50.833031
v -10.211003 20.643982 50.833038
v -10.211003 20.422005 50.611053
v -4.439567 20.422005 50.611053
vn -0.0000 -0.0000 -1.0000
vn -0.0000 -0.0000 1.0000
vn -0.0000 -1.0000 -0.0000
vn -0.0000 1.0000 -0.0000
vn 1.0000 -0.0000 -0.0000
vn -1.0000 -0.0000 -0.0000
vn -0.0000 0.7071 -0.7071
vn -0.0000 0.7071 0.7071
vn -0.0000 -0.7071 -0.7071
vn -0.0000 -0.7071 0.7071
vt 1.898438 1.371094
vt 2.000000 1.363281
vt 1.898438 1.363281
vt 2.000000 1.371094
vt 1.898438 1.363281
vt 2.000000 1.363281
vt 0.851562 2.187500
vt 0.953125 2.195312
vt 0.953125 2.187500
vt 0.851562 2.195312
vt 0.953125 2.195312
vt 0.851562 2.195312
vt 0.136719 1.371094
vt 0.148438 1.375000
vt 0.140625 1.375000
vt 0.136719 1.363281
vt 0.140625 1.359375
vt 0.148437 1.359375
vt 0.152344 1.363281
vt 0.152344 1.371094
vt 0.136719 1.363281
vt 0.136719 1.371094
vt 2.000000 1.375000
vt 1.898438 1.375000
vt 0.953125 3.453125
vt 0.851562 3.449219
vt 0.953125 3.449219
vt 0.851562 3.453125
vt 0.953125 2.199219
vt 0.851562 2.199219
vt 0.953125 2.183594
vt 0.851562 2.183594
s 0
usemtl dirtymetal.001
f 5147/3034/2354 5145/3035/2354 5146/3036/2354
f 5148/3037/2354 5145/3035/2354 5147/3034/2354
f 5151/3038/2355 5149/3037/2355 5150/3034/2355
f 5152/3039/2355 5149/3037/2355 5151/3038/2355
f 5155/3040/2356 5153/3041/2356 5154/3042/2356
f 5156/3043/2356 5153/3041/2356 5155/3040/2356
f 5159/3044/2357 5157/3040/2357 5158/3042/2357
f 5160/3045/2357 5157/3040/2357 5159/3044/2357
f 5163/3046/2358 5161/3047/2358 5162/3048/2358
f 5164/3049/2358 5161/3047/2358 5163/3046/2358
f 5165/3050/2358 5161/3047/2358 5164/3049/2358
f 5166/3051/2358 5161/3047/2358 5165/3050/2358
f 5167/3052/2358 5161/3047/2358 5166/3051/2358
f 5168/3053/2358 5161/3047/2358 5167/3052/2358
f 5171/3053/2359 5169/3048/2359 5170/3047/2359
f 5172/3052/2359 5169/3048/2359 5171/3053/2359
f 5173/3051/2359 5169/3048/2359 5172/3052/2359
f 5174/3050/2359 5169/3048/2359 5173/3051/2359
f 5175/3054/2359 5169/3048/2359 5174/3050/2359
f 5176/3055/2359 5169/3048/2359 5175/3054/2359
f 5179/3034/2360 5177/3056/2360 5178/3037/2360
f 5180/3057/2360 5177/3056/2360 5179/3034/2360
f 5183/3058/2361 5181/3059/2361 5182/3060/2361
f 5184/3061/2361 5181/3059/2361 5183/3058/2361
f 5187/3062/2362 5185/3043/2362 5186/3063/2362
f 5188/3041/2362 5185/3043/2362 5187/3062/2362
f 5191/3040/2363 5189/3064/2363 5190/3065/2363
f 5192/3042/2363 5189/3064/2363 5191/3040/2363
o classname=brush.083
v -8.879132 0.342703 44.395660
v -8.879132 0.000000 44.395660
v -8.879132 0.000000 43.507748
v -8.879132 0.342703 43.507748
v -15.982438 0.000000 44.395660
v -15.982438 0.887913 44.395660
v -15.982438 0.887913 43.507748
v -15.982438 0.000000 43.507748
v -8.879132 0.000000 43.507748
v -8.879132 0.000000 44.395660
v -15.982438 0.000000 44.395660
v -15.982438 0.000000 43.507748
v -15.094524 0.887913 43.507748
v -15.982438 0.887913 43.507748
v -15.982438 0.887913 44.395660
v -15.094524 0.887913 44.395660
v -15.982438 0.000000 44.395660
v -8.879132 0.000000 44.395660
v -8.879132 0.342703 44.395660
v -15.094524 0.887913 44.395660
v -15.982438 0.887913 44.395660
v -8.879132 0.000000 43.507748
v -15.982438 0.000000 43.507748
v -15.982438 0.887913 43.507748
v -15.094524 0.887913 43.507748
v -8.879132 0.342703 43.507748
v -15.094524 0.887913 43.507748
v -15.094524 0.887913 44.395660
v -8.879132 0.342703 44.395660
v -8.879132 0.342703 43.507748
vn 1.0000 -0.0000 -0.0000
vn -1.0000 -0.0000 -0.0000
vn -0.0000 -1.0000 -0.0000
vn -0.0000 1.0000 -0.0000
vn -0.0000 -0.0000 1.0000
vn -0.0000 -0.0000 -1.0000
vn 0.0874 0.9962 -0.0000
vt 0.265625 1.000000
vt 0.250000 1.006031
vt 0.250000 1.000000
vt 0.265625 1.006031
vt 0.265625 1.015625
vt 0.250000 1.015625
vt 0.750000 2.296875
vt 0.875000 2.312500
vt 0.875000 2.296875
vt 0.750000 2.312500
vt 0.765625 2.312500
vt 0.765625 2.296875
vt 1.921875 1.006031
vt 1.796875 1.000000
vt 1.921875 1.000000
vt 1.812500 1.015625
vt 1.796875 1.015625
s 0
usemtl dirtymetal.001
f 5195/3066/2364 5193/3067/2364 5194/3068/2364
f 5196/3069/2364 5193/3067/2364 5195/3066/2364
f 5199/3070/2365 5197/3068/2365 5198/3071/2365
f 5200/3066/2365 5197/3068/2365 5199/3070/2365
f 5203/3072/2366 5201/3073/2366 5202/3074/2366
f 5204/3075/2366 5201/3073/2366 5203/3072/2366
f 5207/3072/2367 5205/3076/2367 5206/3075/2367
f 5208/3077/2367 5205/3076/2367 5207/3072/2367
f 5211/3078/2368 5209/3079/2368 5210/3080/2368
f 5212/3081/2368 5209/3079/2368 5211/3078/2368
f 5213/3082/2368 5209/3079/2368 5212/3081/2368
f 5216/3082/2369 5214/3080/2369 5215/3079/2369
f 5217/3081/2369 5214/3080/2369 5216/3082/2369
f 5218/3078/2369 5214/3080/2369 5217/3081/2369
f 5221/3074/2370 5219/3076/2370 5220/3077/2370
f 5222/3073/2370 5219/3076/2370 5221/3074/2370
o classname=brush.084
v -15.094524 0.887913 38.661228
v -15.094524 0.887913 49.334679
v -15.094524 0.377364 50.611053
v -15.094524 0.000000 50.611053
v -15.094524 0.000000 37.292355
v -15.094524 0.374589 37.292355
v -15.982438 0.000000 37.292355
v -15.982438 0.000000 50.611053
v -15.982438 0.377365 50.611053
v -15.982438 0.887913 49.334679
v -15.982438 0.887913 38.661221
v -15.982438 0.374588 37.292355
v -15.982438 0.000000 37.292355
v -15.094524 0.000000 37.292355
v -15.094524 0.000000 50.611053
v -15.982438 0.000000 50.611053
v -15.094524 0.887913 49.334679
v -15.094524 0.887913 38.661228
v -15.982438 0.887913 38.661221
v -15.982438 0.887913 49.334679
v -15.982438 0.377365 50.611053
v -15.982438 0.000000 50.611053
v -15.094524 0.000000 50.611053
v -15.094524 0.377364 50.611053
v -15.094524 0.374589 37.292355
v -15.094524 0.000000 37.292355
v -15.982438 0.000000 37.292355
v -15.982438 0.374588 37.292355
v -15.982438 0.374588 37.292355
v -15.982438 0.887913 38.661221
v -15.094524 0.887913 38.661228
v -15.094524 0.374589 37.292355
v -15.094524 0.887913 49.334679
v -15.982438 0.887913 49.334679
v -15.982438 0.377365 50.611053
v -15.094524 0.377364 50.611053
vn 1.0000 -0.0000 -0.0000
vn -1.0000 -0.0000 -0.0000
vn -0.0000 -1.0000 -0.0000
vn -0.0000 1.0000 -0.0000
vn -0.0000 -0.0000 1.0000
vn -0.0000 -0.0000 -1.0000
vn -0.0000 0.9363 -0.3511
vn -0.0000 0.9285 0.3714
vt 0.140625 1.006641
vt 0.350911 1.015625
vt 0.163086 1.015625
vt 0.140625 1.000000
vt 0.375000 1.000000
vt 0.375000 1.006592
vt 0.350911 1.015625
vt 0.765625 2.187500
vt 0.750000 2.421875
vt 0.765625 2.421875
vt 0.750000 2.187500
vt 0.750000 2.397787
vt 0.765625 2.209961
vt 0.765625 2.397786
vt 0.750000 2.209961
vt 1.812500 1.000000
vt 1.796875 1.006641
vt 1.796875 1.000000
vt 1.812500 1.006641
vt 1.812500 1.006592
vt 1.796875 1.006592
s 0
usemtl dirtymetal.001
f 5225/3083/2371 5223/3084/2371 5224/3085/2371
f 5226/3086/2371 5223/3084/2371 5225/3083/2371
f 5227/3087/2371 5223/3084/2371 5226/3086/2371
f 5228/3088/2371 5223/3084/2371 5227/3087/2371
f 5231/3083/2372 5229/3087/2372 5230/3086/2372
f 5232/3085/2372 5229/3087/2372 5231/3083/2372
f 5233/3089/2372 5229/3087/2372 5232/3085/2372
f 5234/3088/2372 5229/3087/2372 5233/3089/2372
f 5237/3090/2373 5235/3091/2373 5236/3092/2373
f 5238/3093/2373 5235/3091/2373 5237/3090/2373
f 5241/3094/2374 5239/3095/2374 5240/3096/2374
f 5242/3097/2374 5239/3095/2374 5241/3094/2374
f 5245/3098/2375 5243/3099/2375 5244/3100/2375
f 5246/3101/2375 5243/3099/2375 5245/3098/2375
f 5249/3100/2376 5247/3102/2376 5248/3098/2376
f 5250/3103/2376 5247/3102/2376 5249/3100/2376
f 5253/3096/2377 5251/3091/2377 5252/3094/2377
f 5254/3092/2377 5251/3091/2377 5253/3096/2377
f 5257/3093/2378 5255/3095/2378 5256/3097/2378
f 5258/3090/2378 5255/3095/2378 5257/3093/2378
o classname=brush.085
v -9.569969 20.643988 50.285931
v -15.277362 20.643988 43.484119
v -15.277362 21.087938 43.484119
v -9.569969 21.087938 50.285931
v -10.250144 21.087938 50.856667
v -15.957536 21.087938 44.054863
v -15.957536 20.643982 44.054863
v -10.250144 20.643984 50.856667
v -9.740016 20.422005 50.428616
v -10.080096 20.422005 50.713982
v -15.787502 20.422005 43.912170
v -15.447409 20.422005 43.626812
v -15.787502 21.309917 43.912170
v -10.080096 21.309917 50.713982
v -9.740003 21.309917 50.428612
v -15.447409 21.309917 43.626797
v -9.740003 21.309917 50.428612
v -10.080096 21.309917 50.713982
v -10.250144 21.087938 50.856667
v -10.250144 20.643984 50.856667
v -10.080096 20.422005 50.713982
v -9.740016 20.422005 50.428616
v -9.569969 20.643988 50.285931
v -9.569969 21.087938 50.285931
v -15.787502 21.309917 43.912170
v -15.447409 21.309917 43.626797
v -15.277362 21.087938 43.484119
v -15.277362 20.643988 43.484119
v -15.447409 20.422005 43.626812
v -15.787502 20.422005 43.912170
v -15.957536 20.643982 44.054863
v -15.957536 21.087938 44.054863
v -9.740003 21.309917 50.428612
v -9.569969 21.087938 50.285931
v -15.277362 21.087938 43.484119
v -15.447409 21.309917 43.626797
v -15.957536 21.087938 44.054863
v -10.250144 21.087938 50.856667
v -10.080096 21.309917 50.713982
v -15.787502 21.309917 43.912170
v -15.447409 20.422005 43.626812
v -15.277362 20.643988 43.484119
v -9.569969 20.643988 50.285931
v -9.740016 20.422005 50.428616
v -10.250144 20.643984 50.856667
v -15.957536 20.643982 44.054863
v -15.787502 20.422005 43.912170
v -10.080096 20.422005 50.713982
vn 0.7660 -0.0000 -0.6428
vn -0.7660 -0.0000 0.6428
vn -0.0000 -1.0000 -0.0000
vn -0.0000 1.0000 -0.0000
vn 0.6428 -0.0000 0.7660
vn -0.6428 -0.0000 -0.7660
vn -0.6428 -0.0000 -0.7661
vn 0.5417 0.7071 -0.4545
vn -0.5417 0.7071 0.4545
vn 0.5417 -0.7071 -0.4545
vn -0.5417 -0.7071 0.4545
vt 0.266041 1.371094
vt 0.146346 1.363281
vt 0.266041 1.363281
vt 0.146346 1.371094
vt 0.255997 1.363281
vt 0.136303 1.371094
vt 0.255997 1.371094
vt 0.136303 1.363281
vt 0.753430 2.305383
vt 0.859851 2.190711
vt 0.853866 2.185689
vt 0.759415 2.310405
vt 0.859851 2.190711
vt 0.759415 2.310405
vt 1.897749 1.371094
vt 1.906726 1.375000
vt 1.900741 1.375000
vt 1.897749 1.363281
vt 1.900741 1.359375
vt 1.906726 1.359375
vt 1.909718 1.363281
vt 1.909718 1.371094
vt 1.809283 1.371094
vt 1.800305 1.375000
vt 1.806290 1.375000
vt 1.809283 1.363281
vt 1.806290 1.359375
vt 1.800305 1.359375
vt 1.797313 1.363281
vt 1.797313 1.371094
vt 0.762408 2.312916
vt 0.862843 2.193221
vt 0.750438 2.302872
vt 0.850874 2.183178
s 0
usemtl dirtymetal.001
f 5261/3104/2379 5259/3105/2379 5260/3106/2379
f 5262/3107/2379 5259/3105/2379 5261/3104/2379
f 5265/3108/2380 5263/3109/2380 5264/3110/2380
f 5266/3111/2380 5263/3109/2380 5265/3108/2380
f 5269/3112/2381 5267/3113/2381 5268/3114/2381
f 5270/3115/2381 5267/3113/2381 5269/3112/2381
f 5273/3116/2382 5271/3112/2382 5272/3114/2382
f 5274/3117/2382 5271/3112/2382 5273/3116/2382
f 5277/3118/2383 5275/3119/2383 5276/3120/2383
f 5278/3121/2383 5275/3119/2383 5277/3118/2383
f 5279/3122/2383 5275/3119/2383 5278/3121/2383
f 5280/3123/2383 5275/3119/2383 5279/3122/2383
f 5281/3124/2383 5275/3119/2383 5280/3123/2383
f 5282/3125/2383 5275/3119/2383 5281/3124/2383
f 5285/3126/2384 5283/3127/2384 5284/3128/2384
f 5286/3129/2385 5283/3127/2385 5285/3126/2385
f 5287/3130/2384 5283/3127/2384 5286/3129/2384
f 5288/3131/2385 5283/3127/2385 5287/3130/2385
f 5289/3132/2384 5283/3127/2384 5288/3131/2384
f 5290/3133/2384 5283/3127/2384 5289/3132/2384
f 5293/3134/2386 5291/3116/2386 5292/3135/2386
f 5294/3117/2386 5291/3116/2386 5293/3134/2386
f 5297/3114/2387 5295/3136/2387 5296/3137/2387
f 5298/3112/2387 5295/3136/2387 5297/3114/2387
f 5301/3135/2388 5299/3115/2388 5300/3134/2388
f 5302/3113/2388 5299/3115/2388 5301/3135/2388
f 5305/3112/2389 5303/3137/2389 5304/3136/2389
f 5306/3114/2389 5303/3137/2389 5305/3112/2389
o classname=brush.086
v -9.569969 21.087938 37.617485
v -15.277362 21.087938 44.419296
v -15.277362 20.643988 44.419296
v -9.569969 20.643988 37.617485
v -10.250144 20.643984 37.046741
v -15.957536 20.643982 43.848553
v -15.957536 21.087938 43.848553
v -10.250144 21.087938 37.046741
v -15.447409 20.422005 44.276604
v -15.787502 20.422005 43.991238
v -10.080096 20.422005 37.189426
v -9.740016 20.422005 37.474792
v -15.447409 21.309917 44.276611
v -9.740003 21.309917 37.474800
v -10.080096 21.309917 37.189426
v -15.787502 21.309917 43.991238
v -9.569969 21.087938 37.617485
v -9.569969 20.643988 37.617485
v -9.740016 20.422005 37.474792
v -10.080096 20.422005 37.189426
v -10.250144 20.643984 37.046741
v -10.250144 21.087938 37.046741
v -10.080096 21.309917 37.189426
v -9.740003 21.309917 37.474800
v -15.957536 21.087938 43.848553
v -15.957536 20.643982 43.848553
v -15.787502 20.422005 43.991238
v -15.447409 20.422005 44.276604
v -15.277362 20.643988 44.419296
v -15.277362 21.087938 44.419296
v -15.447409 21.309917 44.276611
v -15.787502 21.309917 43.991238
v -15.447409 21.309917 44.276611
v -15.277362 21.087938 44.419296
v -9.569969 21.087938 37.617485
v -9.740003 21.309917 37.474800
v -15.787502 21.309917 43.991238
v -10.080096 21.309917 37.189426
v -10.250144 21.087938 37.046741
v -15.957536 21.087938 43.848553
v -9.740016 20.422005 37.474792
v -9.569969 20.643988 37.617485
v -15.277362 20.643988 44.419296
v -15.447409 20.422005 44.276604
v -10.080096 20.422005 37.189426
v -15.787502 20.422005 43.991238
v -15.957536 20.643982 43.848553
v -10.250144 20.643984 37.046741
vn 0.7660 -0.0000 0.6428
vn -0.7660 -0.0000 -0.6428
vn -0.0000 -1.0000 -0.0000
vn -0.0000 1.0000 -0.0000
vn 0.6428 -0.0000 -0.7660
vn 0.6428 -0.0001 -0.7660
vn -0.6428 -0.0000 0.7660
vn -0.6428 -0.0000 0.7661
vn -0.6428 -0.0001 0.7660
vn 0.5417 0.7071 0.4545
vn -0.5417 0.7071 -0.4545
vn 0.5417 -0.7071 0.4545
vn -0.5417 -0.7071 -0.4545
vt 0.249584 1.363281
vt 0.369279 1.371094
vt 0.249584 1.371094
vt 0.369279 1.363281
vt 0.259628 1.371094
vt 0.379322 1.363281
vt 0.259628 1.363281
vt 0.379322 1.371094
vt 0.853866 2.423686
vt 0.759415 2.298970
vt 0.753430 2.303992
vt 0.859851 2.418664
vt 0.759415 2.298970
vt 0.859851 2.418664
vt 1.906726 1.359375
vt 1.909718 1.371094
vt 1.909718 1.363281
vt 1.900741 1.359375
vt 1.897749 1.363281
vt 1.897749 1.371094
vt 1.900741 1.375000
vt 1.906726 1.375000
vt 1.800305 1.359375
vt 1.797313 1.371094
vt 1.797313 1.363281
vt 1.806290 1.359375
vt 1.809283 1.363281
vt 1.809283 1.371094
vt 1.806290 1.375000
vt 1.800305 1.375000
vt 0.862843 2.416153
vt 0.762408 2.296459
vt 0.850874 2.426197
vt 0.750438 2.306503
s 0
usemtl dirtymetal.001
f 5309/3138/2390 5307/3139/2390 5308/3140/2390
f 5310/3141/2390 5307/3139/2390 5309/3138/2390
f 5313/3142/2391 5311/3143/2391 5312/3144/2391
f 5314/3145/2391 5311/3143/2391 5313/3142/2391
f 5317/3146/2392 5315/3147/2392 5316/3148/2392
f 5318/3149/2392 5315/3147/2392 5317/3146/2392
f 5321/3146/2393 5319/3150/2393 5320/3151/2393
f 5322/3148/2393 5319/3150/2393 5321/3146/2393
f 5325/3152/2394 5323/3153/2394 5324/3154/2394
f 5326/3155/2394 5323/3153/2394 5325/3152/2394
f 5327/3156/2394 5323/3153/2394 5326/3155/2394
f 5328/3157/2394 5323/3153/2394 5327/3156/2394
f 5329/3158/2394 5323/3153/2394 5328/3157/2394
f 5330/3159/2395 5323/3153/2395 5329/3158/2395
f 5333/3160/2396 5331/3161/2396 5332/3162/2396
f 5334/3163/2397 5331/3161/2397 5333/3160/2397
f 5335/3164/2396 5331/3161/2396 5334/3163/2396
f 5336/3165/2396 5331/3161/2396 5335/3164/2396
f 5337/3166/2396 5331/3161/2396 5336/3165/2396
f 5338/3167/2398 5331/3161/2398 5337/3166/2398
f 5341/3168/2399 5339/3150/2399 5340/3169/2399
f 5342/3151/2399 5339/3150/2399 5341/3168/2399
f 5345/3170/2400 5343/3148/2400 5344/3146/2400
f 5346/3171/2400 5343/3148/2400 5345/3170/2400
f 5349/3169/2401 5347/3149/2401 5348/3168/2401
f 5350/3147/2401 5347/3149/2401 5349/3169/2401
f 5353/3171/2402 5351/3146/2402 5352/3148/2402
f 5354/3170/2402 5351/3146/2402 5353/3171/2402
o classname=brush.087
v -4.550555 20.643988 37.070377
v -10.321991 20.643988 37.070377
v -10.321991 21.087938 37.070377
v -4.550555 21.087938 37.070377
v -4.550555 21.087938 37.958290
v -10.321991 21.087938 37.958290
v -10.321991 20.643982 37.958290
v -4.550555 20.643984 37.958290
v -4.550555 20.422005 37.292362
v -4.550555 20.422005 37.736313
v -10.321991 20.422005 37.736313
v -10.321991 20.422005 37.292362
v -10.321991 21.309917 37.736313
v -4.550555 21.309917 37.736313
v -4.550555 21.309917 37.292355
v -10.321991 21.309917 37.292355
v -4.550555 21.309917 37.292355
v -4.550555 21.309917 37.736313
v -4.550555 21.087938 37.958290
v -4.550555 20.643984 37.958290
v -4.550555 20.422005 37.736313
v -4.550555 20.422005 37.292362
v -4.550555 20.643988 37.070377
v -4.550555 21.087938 37.070377
v -10.321991 21.309917 37.736313
v -10.321991 21.309917 37.292355
v -10.321991 21.087938 37.070377
v -10.321991 20.643988 37.070377
v -10.321991 20.422005 37.292362
v -10.321991 20.422005 37.736313
v -10.321991 20.643982 37.958290
v -10.321991 21.087938 37.958290
v -4.550555 21.309917 37.292355
v -4.550555 21.087938 37.070377
v -10.321991 21.087938 37.070377
v -10.321991 21.309917 37.292355
v -10.321991 21.087938 37.958290
v -4.550555 21.087938 37.958290
v -4.550555 21.309917 37.736313
v -10.321991 21.309917 37.736313
v -10.321991 20.422005 37.292362
v -10.321991 20.643988 37.070377
v -4.550555 20.643988 37.070377
v -4.550555 20.422005 37.292362
v -4.550555 20.643984 37.958290
v -10.321991 20.643982 37.958290
v -10.321991 20.422005 37.736313
v -4.550555 20.422005 37.736313
vn -0.0000 -0.0000 -1.0000
vn -0.0000 -0.0000 1.0000
vn -0.0000 -1.0000 -0.0000
vn -0.0000 1.0000 -0.0000
vn 1.0000 -0.0000 -0.0000
vn -1.0000 -0.0000 -0.0000
vn -0.0000 0.7071 -0.7071
vn -0.0000 0.7071 0.7071
vn -0.0000 -0.7071 -0.7071
vn -0.0000 -0.7071 0.7071
vt 1.896484 1.371094
vt 1.998047 1.363281
vt 1.896484 1.363281
vt 1.998047 1.371094
vt 1.896484 1.363281
vt 1.998047 1.363281
vt 0.849609 2.414062
vt 0.951172 2.421875
vt 0.951172 2.414062
vt 0.849609 2.421875
vt 0.363281 1.371094
vt 0.375000 1.375000
vt 0.367188 1.375000
vt 0.363281 1.363281
vt 0.367188 1.359375
vt 0.375000 1.359375
vt 0.378906 1.363281
vt 0.378906 1.371094
vt 1.998047 1.375000
vt 1.896484 1.375000
vt 0.951172 3.453125
vt 0.849609 3.449219
vt 0.951172 3.449219
vt 0.849609 3.453125
vt 0.951172 2.425781
vt 0.849609 2.425781
vt 0.849609 3.437500
vt 0.951172 3.441406
vt 0.849609 3.441406
vt 0.951172 3.437500
s 0
usemtl dirtymetal.001
f 5357/3172/2403 5355/3173/2403 5356/3174/2403
f 5358/3175/2403 5355/3173/2403 5357/3172/2403
f 5361/3176/2404 5359/3175/2404 5360/3172/2404
f 5362/3177/2404 5359/3175/2404 5361/3176/2404
f 5365/3178/2405 5363/3179/2405 5364/3180/2405
f 5366/3181/2405 5363/3179/2405 5365/3178/2405
f 5369/3179/2406 5367/3178/2406 5368/3180/2406
f 5370/3181/2406 5367/3178/2406 5369/3179/2406
f 5373/3182/2407 5371/3183/2407 5372/3184/2407
f 5374/3185/2407 5371/3183/2407 5373/3182/2407
f 5375/3186/2407 5371/3183/2407 5374/3185/2407
f 5376/3187/2407 5371/3183/2407 5375/3186/2407
f 5377/3188/2407 5371/3183/2407 5376/3187/2407
f 5378/3189/2407 5371/3183/2407 5377/3188/2407
f 5381/3189/2408 5379/3184/2408 5380/3183/2408
f 5382/3188/2408 5379/3184/2408 5381/3189/2408
f 5383/3187/2408 5379/3184/2408 5382/3188/2408
f 5384/3186/2408 5379/3184/2408 5383/3187/2408
f 5385/3185/2408 5379/3184/2408 5384/3186/2408
f 5386/3182/2408 5379/3184/2408 5385/3185/2408
f 5389/3172/2409 5387/3190/2409 5388/3175/2409
f 5390/3191/2409 5387/3190/2409 5389/3172/2409
f 5393/3192/2410 5391/3193/2410 5392/3194/2410
f 5394/3195/2410 5391/3193/2410 5393/3192/2410
f 5397/3196/2411 5395/3181/2411 5396/3197/2411
f 5398/3179/2411 5395/3181/2411 5397/3196/2411
f 5401/3198/2412 5399/3199/2412 5400/3200/2412
f 5402/3201/2412 5399/3199/2412 5401/3198/2412
o classname=brush.088
v -15.094524 0.000000 62.153927
v -15.094524 0.000000 61.266014
v -15.094524 28.413223 61.266014
v -15.094524 28.413223 62.153927
v -15.982438 28.413223 62.153927
v -15.982438 28.413223 61.266014
v -15.982438 0.000000 61.266014
v -15.982438 0.000000 62.153927
v -15.094524 0.000000 62.153927
v -15.982438 0.000000 62.153927
v -15.982438 0.000000 61.266014
v -15.094524 0.000000 61.266014
v -15.094524 28.413223 61.266014
v -15.982438 28.413223 61.266014
v -15.982438 28.413223 62.153927
v -15.094524 28.413223 62.153927
v -15.094524 0.000000 62.153927
v -15.094524 28.413223 62.153927
v -15.982438 28.413223 62.153927
v -15.982438 0.000000 62.153927
v -15.982438 0.000000 61.266014
v -15.982438 28.413223 61.266014
v -15.094524 28.413223 61.266014
v -15.094524 0.000000 61.266014
vn 1.0000 -0.0000 -0.0000
vn -1.0000 -0.0000 -0.0000
vn -0.0000 -1.0000 -0.0000
vn -0.0000 1.0000 -0.0000
vn -0.0000 -0.0000 1.0000
vn -0.0000 -0.0000 -1.0000
vt 0.265625 1.500000
vt 0.250000 1.000000
vt 0.265625 1.000000
vt 0.250000 1.500000
vt 1.062500 2.000000
vt 1.078125 1.984375
vt 1.062500 1.984375
vt 1.078125 2.000000
vt 1.796875 1.500000
vt 1.812500 1.000000
vt 1.812500 1.500000
vt 1.796875 1.000000
s 0
usemtl dirtymetal.001
f 5405/3202/2413 5403/3203/2413 5404/3204/2413
f 5406/3205/2413 5403/3203/2413 5405/3202/2413
f 5409/3204/2414 5407/3205/2414 5408/3202/2414
f 5410/3203/2414 5407/3205/2414 5409/3204/2414
f 5413/3206/2415 5411/3207/2415 5412/3208/2415
f 5414/3209/2415 5411/3207/2415 5413/3206/2415
f 5417/3208/2416 5415/3209/2416 5416/3206/2416
f 5418/3207/2416 5415/3209/2416 5417/3208/2416
f 5421/3210/2417 5419/3211/2417 5420/3212/2417
f 5422/3213/2417 5419/3211/2417 5421/3210/2417
f 5425/3212/2418 5423/3213/2418 5424/3210/2418
f 5426/3211/2418 5423/3213/2418 5425/3212/2418
o classname=brush.089
v -4.439567 20.643988 67.703384
v -10.211003 20.643988 67.703384
v -10.211003 21.087938 67.703384
v -4.439567 21.087938 67.703384
v -4.439567 21.087938 68.591293
v -10.211003 21.087938 68.591293
v -10.211003 20.643982 68.591293
v -4.439567 20.643984 68.591293
v -4.439567 20.422005 67.925377
v -4.439567 20.422005 68.369316
v -10.211003 20.422005 68.369316
v -10.211003 20.422005 67.925377
v -10.211003 21.309917 68.369316
v -4.439567 21.309917 68.369316
v -4.439567 21.309917 67.925362
v -10.211003 21.309917 67.925362
v -4.439567 21.309917 67.925362
v -4.439567 21.309917 68.369316
v -4.439567 21.087938 68.591293
v -4.439567 20.643984 68.591293
v -4.439567 20.422005 68.369316
v -4.439567 20.422005 67.925377
v -4.439567 20.643988 67.703384
v -4.439567 21.087938 67.703384
v -10.211003 21.309917 68.369316
v -10.211003 21.309917 67.925362
v -10.211003 21.087938 67.703384
v -10.211003 20.643988 67.703384
v -10.211003 20.422005 67.925377
v -10.211003 20.422005 68.369316
v -10.211003 20.643982 68.591293
v -10.211003 21.087938 68.591293
v -4.439567 21.309917 67.925362
v -4.439567 21.087938 67.703384
v -10.211003 21.087938 67.703384
v -10.211003 21.309917 67.925362
v -10.211003 21.087938 68.591293
v -4.439567 21.087938 68.591293
v -4.439567 21.309917 68.369316
v -10.211003 21.309917 68.369316
v -10.211003 20.422005 67.925377
v -10.211003 20.643988 67.703384
v -4.439567 20.643988 67.703384
v -4.439567 20.422005 67.925377
v -4.439567 20.643984 68.591293
v -10.211003 20.643982 68.591293
v -10.211003 20.422005 68.369316
v -4.439567 20.422005 68.369316
vn -0.0000 -0.0000 -1.0000
vn -0.0000 -0.0000 1.0000
vn -0.0000 -1.0000 -0.0000
vn -0.0000 1.0000 -0.0000
vn 1.0000 -0.0000 -0.0000
vn -1.0000 -0.0000 -0.0000
vn -0.0000 0.7071 -0.7071
vn -0.0000 0.7071 0.7071
vn -0.0000 -0.7071 -0.7071
vn -0.0000 -0.7071 0.7071
vt 1.898438 1.371094
vt 2.000000 1.363281
vt 1.898438 1.363281
vt 2.000000 1.371094
vt 1.898438 1.363281
vt 2.000000 1.363281
vt 1.164062 1.875000
vt 1.265625 1.882812
vt 1.265625 1.875000
vt 1.164062 1.882812
vt 1.265625 1.882812
vt 1.164062 1.882812
vt 0.136719 1.371094
vt 0.148438 1.375000
vt 0.140625 1.375000
vt 0.136719 1.363281
vt 0.140625 1.359375
vt 0.148437 1.359375
vt 0.152344 1.363281
vt 0.152344 1.371094
vt 2.000000 1.375000
vt 1.898438 1.375000
vt 1.265625 3.453125
vt 1.164062 3.449219
vt 1.265625 3.449219
vt 1.164062 3.453125
vt 1.265625 1.886719
vt 1.164062 1.886719
vt 1.164062 3.437500
vt 1.265625 3.441406
vt 1.164062 3.441406
vt 1.265625 3.437500
s 0
usemtl dirtymetal.001
f 5429/3214/2419 5427/3215/2419 5428/3216/2419
f 5430/3217/2419 5427/3215/2419 5429/3214/2419
f 5433/3218/2420 5431/3217/2420 5432/3214/2420
f 5434/3219/2420 5431/3217/2420 5433/3218/2420
f 5437/3220/2421 5435/3221/2421 5436/3222/2421
f 5438/3223/2421 5435/3221/2421 5437/3220/2421
f 5441/3224/2422 5439/3220/2422 5440/3222/2422
f 5442/3225/2422 5439/3220/2422 5441/3224/2422
f 5445/3226/2423 5443/3227/2423 5444/3228/2423
f 5446/3229/2423 5443/3227/2423 5445/3226/2423
f 5447/3230/2423 5443/3227/2423 5446/3229/2423
f 5448/3231/2423 5443/3227/2423 5447/3230/2423
f 5449/3232/2423 5443/3227/2423 5448/3231/2423
f 5450/3233/2423 5443/3227/2423 5449/3232/2423
f 5453/3233/2424 5451/3228/2424 5452/3227/2424
f 5454/3232/2424 5451/3228/2424 5453/3233/2424
f 5455/3231/2424 5451/3228/2424 5454/3232/2424
f 5456/3230/2424 5451/3228/2424 5455/3231/2424
f 5457/3229/2424 5451/3228/2424 5456/3230/2424
f 5458/3226/2424 5451/3228/2424 5457/3229/2424
f 5461/3214/2425 5459/3234/2425 5460/3217/2425
f 5462/3235/2425 5459/3234/2425 5461/3214/2425
f 5465/3236/2426 5463/3237/2426 5464/3238/2426
f 5466/3239/2426 5463/3237/2426 5465/3236/2426
f 5469/3240/2427 5467/3223/2427 5468/3241/2427
f 5470/3221/2427 5467/3223/2427 5469/3240/2427
f 5473/3242/2428 5471/3243/2428 5472/3244/2428
f 5474/3245/2428 5471/3243/2428 5473/3242/2428
o classname=brush.090
v -8.879132 0.342703 62.153927
v -8.879132 0.000000 62.153927
v -8.879132 0.000000 61.266014
v -8.879132 0.342703 61.266014
v -15.982438 0.000000 62.153927
v -15.982438 0.887913 62.153927
v -15.982438 0.887913 61.266014
v -15.982438 0.000000 61.266014
v -8.879132 0.000000 61.266014
v -8.879132 0.000000 62.153927
v -15.982438 0.000000 62.153927
v -15.982438 0.000000 61.266014
v -15.094524 0.887913 61.266014
v -15.982438 0.887913 61.266014
v -15.982438 0.887913 62.153927
v -15.094524 0.887913 62.153927
v -15.982438 0.000000 62.153927
v -8.879132 0.000000 62.153927
v -8.879132 0.342703 62.153927
v -15.094524 0.887913 62.153927
v -15.982438 0.887913 62.153927
v -8.879132 0.000000 61.266014
v -15.982438 0.000000 61.266014
v -15.982438 0.887913 61.266014
v -15.094524 0.887913 61.266014
v -8.879132 0.342703 61.266014
v -15.094524 0.887913 61.266014
v -15.094524 0.887913 62.153927
v -8.879132 0.342703 62.153927
v -8.879132 0.342703 61.266014
vn 1.0000 -0.0000 -0.0000
vn -1.0000 -0.0000 -0.0000
vn -0.0000 -1.0000 -0.0000
vn -0.0000 1.0000 -0.0000
vn -0.0000 -0.0000 1.0000
vn -0.0000 -0.0000 -1.0000
vn 0.0874 0.9962 -0.0000
vt 0.265625 1.000000
vt 0.250000 1.006031
vt 0.250000 1.000000
vt 0.265625 1.006031
vt 0.265625 1.015625
vt 0.250000 1.015625
vt 1.062500 1.984375
vt 1.187500 2.000000
vt 1.187500 1.984375
vt 1.062500 2.000000
vt 1.078125 2.000000
vt 1.078125 1.984375
vt 1.921875 1.006031
vt 1.796875 1.000000
vt 1.921875 1.000000
vt 1.812500 1.015625
vt 1.796875 1.015625
s 0
usemtl dirtymetal.001
f 5477/3246/2429 5475/3247/2429 5476/3248/2429
f 5478/3249/2429 5475/3247/2429 5477/3246/2429
f 5481/3250/2430 5479/3248/2430 5480/3251/2430
f 5482/3246/2430 5479/3248/2430 5481/3250/2430
f 5485/3252/2431 5483/3253/2431 5484/3254/2431
f 5486/3255/2431 5483/3253/2431 5485/3252/2431
f 5489/3252/2432 5487/3256/2432 5488/3255/2432
f 5490/3257/2432 5487/3256/2432 5489/3252/2432
f 5493/3258/2433 5491/3259/2433 5492/3260/2433
f 5494/3261/2433 5491/3259/2433 5493/3258/2433
f 5495/3262/2433 5491/3259/2433 5494/3261/2433
f 5498/3262/2434 5496/3260/2434 5497/3259/2434
f 5499/3261/2434 5496/3260/2434 5498/3262/2434
f 5500/3258/2434 5496/3260/2434 5499/3261/2434
f 5503/3254/2435 5501/3256/2435 5502/3257/2435
f 5504/3253/2435 5501/3256/2435 5503/3254/2435
o classname=brush.091
v -15.094524 0.887913 56.419491
v -15.094524 0.887913 67.092941
v -15.094524 0.377364 68.369316
v -15.094524 0.000000 68.369316
v -15.094524 0.000000 55.050621
v -15.094524 0.374589 55.050621
v -15.982438 0.000000 55.050621
v -15.982438 0.000000 68.369316
v -15.982438 0.377365 68.369316
v -15.982438 0.887913 67.092941
v -15.982438 0.887913 56.419483
v -15.982438 0.374588 55.050621
v -15.982438 0.000000 55.050621
v -15.094524 0.000000 55.050621
v -15.094524 0.000000 68.369316
v -15.982438 0.000000 68.369316
v -15.094524 0.887913 67.092941
v -15.094524 0.887913 56.419491
v -15.982438 0.887913 56.419483
v -15.982438 0.887913 67.092941
v -15.982438 0.377365 68.369316
v -15.982438 0.000000 68.369316
v -15.094524 0.000000 68.369316
v -15.094524 0.377364 68.369316
v -15.094524 0.374589 55.050621
v -15.094524 0.000000 55.050621
v -15.982438 0.000000 55.050621
v -15.982438 0.374588 55.050621
v -15.982438 0.374588 55.050621
v -15.982438 0.887913 56.419483
v -15.094524 0.887913 56.419491
v -15.094524 0.374589 55.050621
v -15.094524 0.887913 67.092941
v -15.982438 0.887913 67.092941
v -15.982438 0.377365 68.369316
v -15.094524 0.377364 68.369316
vn 1.0000 -0.0000 -0.0000
vn -1.0000 -0.0000 -0.0000
vn -0.0000 -1.0000 -0.0000
vn -0.0000 1.0000 -0.0000
vn -0.0000 -0.0000 1.0000
vn -0.0000 -0.0000 -1.0000
vn -0.0000 0.9363 -0.3511
vn -0.0000 0.9285 0.3714
vt 0.140625 1.006641
vt 0.350911 1.015625
vt 0.163086 1.015625
vt 0.140625 1.000000
vt 0.375000 1.000000
vt 0.375000 1.006592
vt 0.350911 1.015625
vt 1.078125 1.875000
vt 1.062500 2.109375
vt 1.078125 2.109375
vt 1.062500 1.875000
vt 1.062500 2.085287
vt 1.078125 1.897461
vt 1.078125 2.085286
vt 1.062500 1.897461
vt 1.812500 1.000000
vt 1.796875 1.006641
vt 1.796875 1.000000
vt 1.812500 1.006641
vt 1.812500 1.006592
vt 1.796875 1.006592
s 0
usemtl dirtymetal.001
f 5507/3263/2436 5505/3264/2436 5506/3265/2436
f 5508/3266/2436 5505/3264/2436 5507/3263/2436
f 5509/3267/2436 5505/3264/2436 5508/3266/2436
f 5510/3268/2436 5505/3264/2436 5509/3267/2436
f 5513/3263/2437 5511/3267/2437 5512/3266/2437
f 5514/3265/2437 5511/3267/2437 5513/3263/2437
f 5515/3269/2437 5511/3267/2437 5514/3265/2437
f 5516/3268/2437 5511/3267/2437 5515/3269/2437
f 5519/3270/2438 5517/3271/2438 5518/3272/2438
f 5520/3273/2438 5517/3271/2438 5519/3270/2438
f 5523/3274/2439 5521/3275/2439 5522/3276/2439
f 5524/3277/2439 5521/3275/2439 5523/3274/2439
f 5527/3278/2440 5525/3279/2440 5526/3280/2440
f 5528/3281/2440 5525/3279/2440 5527/3278/2440
f 5531/3280/2441 5529/3282/2441 5530/3278/2441
f 5532/3283/2441 5529/3282/2441 5531/3280/2441
f 5535/3276/2442 5533/3271/2442 5534/3274/2442
f 5536/3272/2442 5533/3271/2442 5535/3276/2442
f 5539/3273/2443 5537/3275/2443 5538/3277/2443
f 5540/3270/2443 5537/3275/2443 5539/3273/2443
o classname=brush.092
v -9.569969 20.643988 68.044197
v -15.277362 20.643988 61.242386
v -15.277362 21.087938 61.242386
v -9.569969 21.087938 68.044197
v -10.250144 21.087938 68.614922
v -15.957536 21.087938 61.813126
v -15.957536 20.643982 61.813126
v -10.250144 20.643984 68.614922
v -9.740016 20.422005 68.186874
v -10.080096 20.422005 68.472244
v -15.787502 20.422005 61.670433
v -15.447409 20.422005 61.385078
v -15.787502 21.309917 61.670433
v -10.080096 21.309917 68.472244
v -9.740003 21.309917 68.186874
v -15.447409 21.309917 61.385063
v -9.740003 21.309917 68.186874
v -10.080096 21.309917 68.472244
v -10.250144 21.087938 68.614922
v -10.250144 20.643984 68.614922
v -10.080096 20.422005 68.472244
v -9.740016 20.422005 68.186874
v -9.569969 20.643988 68.044197
v -9.569969 21.087938 68.044197
v -15.787502 21.309917 61.670433
v -15.447409 21.309917 61.385063
v -15.277362 21.087938 61.242386
v -15.277362 20.643988 61.242386
v -15.447409 20.422005 61.385078
v -15.787502 20.422005 61.670433
v -15.957536 20.643982 61.813126
v -15.957536 21.087938 61.813126
v -9.740003 21.309917 68.186874
v -9.569969 21.087938 68.044197
v -15.277362 21.087938 61.242386
v -15.447409 21.309917 61.385063
v -15.957536 21.087938 61.813126
v -10.250144 21.087938 68.614922
v -10.080096 21.309917 68.472244
v -15.787502 21.309917 61.670433
v -15.447409 20.422005 61.385078
v -15.277362 20.643988 61.242386
v -9.569969 20.643988 68.044197
v -9.740016 20.422005 68.186874
v -10.250144 20.643984 68.614922
v -15.957536 20.643982 61.813126
v -15.787502 20.422005 61.670433
v -10.080096 20.422005 68.472244
vn 0.7660 -0.0000 -0.6428
vn -0.7660 -0.0000 0.6428
vn -0.0000 -1.0000 -0.0000
vn -0.0000 1.0000 -0.0000
vn 0.6428 -0.0000 0.7660
vn 0.6428 -0.0000 0.7661
vn -0.6428 -0.0000 -0.7660
vn -0.6428 -0.0000 -0.7661
vn 0.5417 0.7071 -0.4545
vn -0.5417 0.7071 0.4545
vn 0.5417 -0.7071 -0.4545
vn -0.5417 -0.7071 0.4545
vt 0.266041 1.371094
vt 0.146346 1.363281
vt 0.266041 1.363281
vt 0.146346 1.371094
vt 0.255997 1.363281
vt 0.136303 1.371094
vt 0.255997 1.371094
vt 0.136303 1.363281
vt 1.065930 1.992883
vt 1.172351 1.878211
vt 1.166366 1.873189
vt 1.071915 1.997905
vt 1.172351 1.878211
vt 1.071915 1.997905
vt 1.897749 1.371094
vt 1.906726 1.375000
vt 1.900741 1.375000
vt 1.897749 1.363281
vt 1.900741 1.359375
vt 1.906726 1.359375
vt 1.909718 1.363281
vt 1.909718 1.371094
vt 1.809283 1.371094
vt 1.800305 1.375000
vt 1.806290 1.375000
vt 1.809283 1.363281
vt 1.806290 1.359375
vt 1.800305 1.359375
vt 1.797313 1.363281
vt 1.797313 1.371094
vt 1.074908 2.000416
vt 1.175343 1.880721
vt 1.062938 1.990372
vt 1.163374 1.870678
s 0
usemtl dirtymetal.001
f 5543/3284/2444 5541/3285/2444 5542/3286/2444
f 5544/3287/2444 5541/3285/2444 5543/3284/2444
f 5547/3288/2445 5545/3289/2445 5546/3290/2445
f 5548/3291/2445 5545/3289/2445 5547/3288/2445
f 5551/3292/2446 5549/3293/2446 5550/3294/2446
f 5552/3295/2446 5549/3293/2446 5551/3292/2446
f 5555/3296/2447 5553/3292/2447 5554/3294/2447
f 5556/3297/2447 5553/3292/2447 5555/3296/2447
f 5559/3298/2448 5557/3299/2448 5558/3300/2448
f 5560/3301/2449 5557/3299/2449 5559/3298/2449
f 5561/3302/2449 5557/3299/2449 5560/3301/2449
f 5562/3303/2448 5557/3299/2448 5561/3302/2448
f 5563/3304/2449 5557/3299/2449 5562/3303/2449
f 5564/3305/2448 5557/3299/2448 5563/3304/2448
f 5567/3306/2450 5565/3307/2450 5566/3308/2450
f 5568/3309/2451 5565/3307/2451 5567/3306/2451
f 5569/3310/2450 5565/3307/2450 5568/3309/2450
f 5570/3311/2451 5565/3307/2451 5569/3310/2451
f 5571/3312/2450 5565/3307/2450 5570/3311/2450
f 5572/3313/2450 5565/3307/2450 5571/3312/2450
f 5575/3314/2452 5573/3296/2452 5574/3315/2452
f 5576/3297/2452 5573/3296/2452 5575/3314/2452
f 5579/3294/2453 5577/3316/2453 5578/3317/2453
f 5580/3292/2453 5577/3316/2453 5579/3294/2453
f 5583/3315/2454 5581/3295/2454 5582/3314/2454
f 5584/3293/2454 5581/3295/2454 5583/3315/2454
f 5587/3292/2455 5585/3317/2455 5586/3316/2455
f 5588/3294/2455 5585/3317/2455 5587/3292/2455
o classname=brush.093
v -9.569969 21.087938 55.375751
v -15.277362 21.087938 62.177563
v -15.277362 20.643988 62.177563
v -9.569969 20.643988 55.375751
v -10.250144 20.643984 54.805008
v -15.957536 20.643982 61.606819
v -15.957536 21.087938 61.606819
v -10.250144 21.087938 54.805008
v -15.447409 20.422005 62.034870
v -15.787502 20.422005 61.749504
v -10.080096 20.422005 54.947693
v -9.740016 20.422005 55.233059
v -15.447409 21.309917 62.034874
v -9.740003 21.309917 55.233063
v -10.080096 21.309917 54.947693
v -15.787502 21.309917 61.749504
v -9.569969 21.087938 55.375751
v -9.569969 20.643988 55.375751
v -9.740016 20.422005 55.233059
v -10.080096 20.422005 54.947693
v -10.250144 20.643984 54.805008
v -10.250144 21.087938 54.805008
v -10.080096 21.309917 54.947693
v -9.740003 21.309917 55.233063
v -15.957536 21.087938 61.606819
v -15.957536 20.643982 61.606819
v -15.787502 20.422005 61.749504
v -15.447409 20.422005 62.034870
v -15.277362 20.643988 62.177563
v -15.277362 21.087938 62.177563
v -15.447409 21.309917 62.034874
v -15.787502 21.309917 61.749504
v -15.447409 21.309917 62.034874
v -15.277362 21.087938 62.177563
v -9.569969 21.087938 55.375751
v -9.740003 21.309917 55.233063
v -15.787502 21.309917 61.749504
v -10.080096 21.309917 54.947693
v -10.250144 21.087938 54.805008
v -15.957536 21.087938 61.606819
v -9.740016 20.422005 55.233059
v -9.569969 20.643988 55.375751
v -15.277362 20.643988 62.177563
v -15.447409 20.422005 62.034870
v -10.080096 20.422005 54.947693
v -15.787502 20.422005 61.749504
v -15.957536 20.643982 61.606819
v -10.250144 20.643984 54.805008
vn 0.7660 -0.0000 0.6428
vn -0.7660 -0.0000 -0.6428
vn -0.0000 -1.0000 -0.0000
vn -0.0000 1.0000 -0.0000
vn 0.6428 -0.0000 -0.7660
vn 0.6428 -0.0001 -0.7660
vn -0.6428 -0.0000 0.7660
vn -0.6428 -0.0000 0.7661
vn -0.6428 -0.0001 0.7660
vn 0.5417 0.7071 0.4545
vn -0.5417 0.7071 -0.4545
vn 0.5417 -0.7071 0.4545
vn -0.5417 -0.7071 -0.4545
vt 0.249584 1.363281
vt 0.369279 1.371094
vt 0.249584 1.371094
vt 0.369279 1.363281
vt 0.259628 1.371094
vt 0.379322 1.363281
vt 0.259628 1.363281
vt 0.379322 1.371094
vt 1.166366 2.111186
vt 1.071915 1.986470
vt 1.065930 1.991492
vt 1.172351 2.106164
vt 1.071915 1.986470
vt 1.172351 2.106164
vt 1.906726 1.359375
vt 1.909718 1.371094
vt 1.909718 1.363281
vt 1.900741 1.359375
vt 1.897749 1.363281
vt 1.897749 1.371094
vt 1.900741 1.375000
vt 1.906726 1.375000
vt 1.800305 1.359375
vt 1.797313 1.371094
vt 1.797313 1.363281
vt 1.806290 1.359375
vt 1.809283 1.363281
vt 1.809283 1.371094
vt 1.806290 1.375000
vt 1.800305 1.375000
vt 1.175343 2.103653
vt 1.074908 1.983959
vt 1.163374 2.113697
vt 1.062938 1.994003
s 0
usemtl dirtymetal.001
f 5591/3318/2456 5589/3319/2456 5590/3320/2456
f 5592/3321/2456 5589/3319/2456 5591/3318/2456
f 5595/3322/2457 5593/3323/2457 5594/3324/2457
f 5596/3325/2457 5593/3323/2457 5595/3322/2457
f 5599/3326/2458 5597/3327/2458 5598/3328/2458
f 5600/3329/2458 5597/3327/2458 5599/3326/2458
f 5603/3326/2459 5601/3330/2459 5602/3331/2459
f 5604/3328/2459 5601/3330/2459 5603/3326/2459
f 5607/3332/2460 5605/3333/2460 5606/3334/2460
f 5608/3335/2460 5605/3333/2460 5607/3332/2460
f 5609/3336/2460 5605/3333/2460 5608/3335/2460
f 5610/3337/2460 5605/3333/2460 5609/3336/2460
f 5611/3338/2460 5605/3333/2460 5610/3337/2460
f 5612/3339/2461 5605/3333/2461 5611/3338/2461
f 5615/3340/2462 5613/3341/2462 5614/3342/2462
f 5616/3343/2463 5613/3341/2463 5615/3340/2463
f 5617/3344/2462 5613/3341/2462 5616/3343/2462
f 5618/3345/2462 5613/3341/2462 5617/3344/2462
f 5619/3346/2464 5613/3341/2464 5618/3345/2464
f 5620/3347/2462 5613/3341/2462 5619/3346/2462
f 5623/3348/2465 5621/3330/2465 5622/3349/2465
f 5624/3331/2465 5621/3330/2465 5623/3348/2465
f 5627/3350/2466 5625/3328/2466 5626/3326/2466
f 5628/3351/2466 5625/3328/2466 5627/3350/2466
f 5631/3349/2467 5629/3329/2467 5630/3348/2467
f 5632/3327/2467 5629/3329/2467 5631/3349/2467
f 5635/3351/2468 5633/3326/2468 5634/3328/2468
f 5636/3350/2468 5633/3326/2468 5635/3351/2468
o classname=brush.094
v -4.550555 20.643988 54.828640
v -10.321991 20.643988 54.828640
v -10.321991 21.087938 54.828640
v -4.550555 21.087938 54.828640
v -4.550555 21.087938 55.716557
v -10.321991 21.087938 55.716557
v -10.321991 20.643982 55.716557
v -4.550555 20.643984 55.716557
v -4.550555 20.422005 55.050629
v -4.550555 20.422005 55.494576
v -10.321991 20.422005 55.494576
v -10.321991 20.422005 55.050629
v -10.321991 21.309917 55.494576
v -4.550555 21.309917 55.494576
v -4.550555 21.309917 55.050621
v -10.321991 21.309917 55.050621
v -4.550555 21.309917 55.050621
v -4.550555 21.309917 55.494576
v -4.550555 21.087938 55.716557
v -4.550555 20.643984 55.716557
v -4.550555 20.422005 55.494576
v -4.550555 20.422005 55.050629
v -4.550555 20.643988 54.828640
v -4.550555 21.087938 54.828640
v -10.321991 21.309917 55.494576
v -10.321991 21.309917 55.050621
v -10.321991 21.087938 54.828640
v -10.321991 20.643988 54.828640
v -10.321991 20.422005 55.050629
v -10.321991 20.422005 55.494576
v -10.321991 20.643982 55.716557
v -10.321991 21.087938 55.716557
v -4.550555 21.309917 55.050621
v -4.550555 21.087938 54.828640
v -10.321991 21.087938 54.828640
v -10.321991 21.309917 55.050621
v -10.321991 21.087938 55.716557
v -4.550555 21.087938 55.716557
v -4.550555 21.309917 55.494576
v -10.321991 21.309917 55.494576
v -10.321991 20.422005 55.050629
v -10.321991 20.643988 54.828640
v -4.550555 20.643988 54.828640
v -4.550555 20.422005 55.050629
v -4.550555 20.643984 55.716557
v -10.321991 20.643982 55.716557
v -10.321991 20.422005 55.494576
v -4.550555 20.422005 55.494576
vn -0.0000 -0.0000 -1.0000
vn -0.0000 -0.0000 1.0000
vn -0.0000 -1.0000 -0.0000
vn -0.0000 1.0000 -0.0000
vn 1.0000 -0.0000 -0.0000
vn -1.0000 -0.0000 -0.0000
vn -0.0000 0.7071 -0.7071
vn -0.0000 0.7071 0.7071
vn -0.0000 -0.7071 -0.7071
vn -0.0000 -0.7071 0.7071
vt 1.896484 1.371094
vt 1.998047 1.363281
vt 1.896484 1.363281
vt 1.998047 1.371094
vt 1.896484 1.363281
vt 1.998047 1.363281
vt 1.162109 2.101562
vt 1.263672 2.109375
vt 1.263672 2.101562
vt 1.162109 2.109375
vt 0.363281 1.371094
vt 0.375000 1.375000
vt 0.367188 1.375000
vt 0.363281 1.363281
vt 0.367188 1.359375
vt 0.375000 1.359375
vt 0.378906 1.363281
vt 0.378906 1.371094
vt 1.998047 1.375000
vt 1.896484 1.375000
vt 1.263672 3.453125
vt 1.162109 3.449219
vt 1.263672 3.449219
vt 1.162109 3.453125
vt 1.263672 2.113281
vt 1.162109 2.113281
vt 1.162109 3.437500
vt 1.263672 3.441406
vt 1.162109 3.441406
vt 1.263672 3.437500
s 0
usemtl dirtymetal.001
f 5639/3352/2469 5637/3353/2469 5638/3354/2469
f 5640/3355/2469 5637/3353/2469 5639/3352/2469
f 5643/3356/2470 5641/3355/2470 5642/3352/2470
f 5644/3357/2470 5641/3355/2470 5643/3356/2470
f 5647/3358/2471 5645/3359/2471 5646/3360/2471
f 5648/3361/2471 5645/3359/2471 5647/3358/2471
f 5651/3359/2472 5649/3358/2472 5650/3360/2472
f 5652/3361/2472 5649/3358/2472 5651/3359/2472
f 5655/3362/2473 5653/3363/2473 5654/3364/2473
f 5656/3365/2473 5653/3363/2473 5655/3362/2473
f 5657/3366/2473 5653/3363/2473 5656/3365/2473
f 5658/3367/2473 5653/3363/2473 5657/3366/2473
f 5659/3368/2473 5653/3363/2473 5658/3367/2473
f 5660/3369/2473 5653/3363/2473 5659/3368/2473
f 5663/3369/2474 5661/3364/2474 5662/3363/2474
f 5664/3368/2474 5661/3364/2474 5663/3369/2474
f 5665/3367/2474 5661/3364/2474 5664/3368/2474
f 5666/3366/2474 5661/3364/2474 5665/3367/2474
f 5667/3365/2474 5661/3364/2474 5666/3366/2474
f 5668/3362/2474 5661/3364/2474 5667/3365/2474
f 5671/3352/2475 5669/3370/2475 5670/3355/2475
f 5672/3371/2475 5669/3370/2475 5671/3352/2475
f 5675/3372/2476 5673/3373/2476 5674/3374/2476
f 5676/3375/2476 5673/3373/2476 5675/3372/2476
f 5679/3376/2477 5677/3361/2477 5678/3377/2477
f 5680/3359/2477 5677/3361/2477 5679/3376/2477
f 5683/3378/2478 5681/3379/2478 5682/3380/2478
f 5684/3381/2478 5681/3379/2478 5683/3378/2478
o classname=brush.095
v 32.186855 49.279182 45.061596
v 47.947315 49.279182 45.061596
v 47.947315 49.723141 45.505554
v 31.742897 49.723141 45.505554
v 31.742897 49.723141 43.285770
v 47.947315 49.723141 43.285770
v 47.947315 49.279182 43.729725
v 32.186855 49.279182 43.729725
v 32.186855 49.279182 45.061596
v 32.186855 49.279182 43.729725
v 47.947315 49.279182 43.729725
v 47.947315 49.279182 45.061596
v 47.947315 49.723141 45.505554
v 47.947315 49.723141 43.285770
v 31.742897 49.723141 43.285770
v 31.742897 49.723141 45.505554
v 32.186855 49.279182 45.061596
v 31.742897 49.723141 45.505554
v 31.742897 49.723141 43.285770
v 32.186855 49.279182 43.729725
v 47.947315 49.279182 43.729725
v 47.947315 49.723141 43.285770
v 47.947315 49.723141 45.505554
v 47.947315 49.279182 45.061596
vn -0.0000 -0.7071 0.7071
vn -0.0000 -0.7071 -0.7071
vn -0.0000 -1.0000 -0.0000
vn -0.0000 1.0000 -0.0000
vn -0.7071 -0.7071 -0.0000
vn 1.0000 -0.0000 -0.0000
vt 0.843750 1.875000
vt 0.566406 1.867188
vt 0.843750 1.867188
vt 0.558594 1.875000
vt 0.843750 0.230469
vt 0.566406 0.207031
vt 0.566406 0.230469
vt 0.843750 0.207031
vt 0.558594 0.238281
vt 0.843750 0.199219
vt 0.843750 0.238281
vt 0.558594 0.199219
vt -0.800781 1.875000
vt -0.769531 1.867188
vt -0.761719 1.875000
vt -0.792969 1.867188
s 0
usemtl dirtymetal.001
f 5687/3382/2479 5685/3383/2479 5686/3384/2479
f 5688/3385/2479 5685/3383/2479 5687/3382/2479
f 5691/3384/2480 5689/3385/2480 5690/3382/2480
f 5692/3383/2480 5689/3385/2480 5691/3384/2480
f 5695/3386/2481 5693/3387/2481 5694/3388/2481
f 5696/3389/2481 5693/3387/2481 5695/3386/2481
f 5699/3390/2482 5697/3391/2482 5698/3392/2482
f 5700/3393/2482 5697/3391/2482 5699/3390/2482
f 5703/3390/2483 5701/3387/2483 5702/3393/2483
f 5704/3388/2483 5701/3387/2483 5703/3390/2483
f 5707/3394/2484 5705/3395/2484 5706/3396/2484
f 5708/3397/2484 5705/3395/2484 5707/3394/2484
o classname=brush.096
v 47.503357 49.279182 45.061596
v 47.503357 0.000000 45.061596
v 47.947315 0.000000 45.505554
v 47.947315 49.723141 45.505554
v 47.947315 49.723141 43.285770
v 47.947315 0.000000 43.285770
v 47.503357 0.000000 43.729725
v 47.503357 49.279182 43.729725
v 47.503357 49.279182 45.061596
v 47.503357 49.279182 43.729725
v 47.503357 0.000000 43.729725
v 47.503357 0.000000 45.061596
v 47.947315 0.000000 45.505554
v 47.947315 0.000000 43.285770
v 47.947315 49.723141 43.285770
v 47.947315 49.723141 45.505554
v 47.503357 49.279182 45.061596
v 47.947315 49.723141 45.505554
v 47.947315 49.723141 43.285770
v 47.503357 49.279182 43.729725
v 47.503357 0.000000 43.729725
v 47.947315 0.000000 43.285770
v 47.947315 0.000000 45.505554
v 47.503357 0.000000 45.061596
vn -0.7071 -0.0000 0.7071
vn -0.7071 -0.0000 -0.7071
vn -1.0000 -0.0000 -0.0000
vn 1.0000 -0.0000 -0.0000
vn -0.7071 0.7071 -0.0000
vn -0.0000 -1.0000 -0.0000
vt 2.277344 1.031250
vt 2.269531 1.898438
vt 2.269531 1.031250
vt 2.277344 1.906250
vt 0.664062 1.000000
vt 0.640625 1.867188
vt 0.664062 1.867188
vt 0.640625 1.000000
vt 0.671875 1.875000
vt 0.632812 1.000000
vt 0.671875 1.000000
vt 0.632812 1.875000
vt 2.277344 0.238281
vt 2.269531 0.207031
vt 2.277344 0.199219
vt 2.269531 0.230469
vt 0.843750 0.230469
vt 0.835938 0.261719
vt 0.843750 0.269531
vt 0.835938 0.238281
s 0
usemtl dirtymetal.001
f 5711/3398/2485 5709/3399/2485 5710/3400/2485
f 5712/3401/2485 5709/3399/2485 5711/3398/2485
f 5715/3400/2486 5713/3401/2486 5714/3398/2486
f 5716/3399/2486 5713/3401/2486 5715/3400/2486
f 5719/3402/2487 5717/3403/2487 5718/3404/2487
f 5720/3405/2487 5717/3403/2487 5719/3402/2487
f 5723/3406/2488 5721/3407/2488 5722/3408/2488
f 5724/3409/2488 5721/3407/2488 5723/3406/2488
f 5727/3410/2489 5725/3411/2489 5726/3412/2489
f 5728/3413/2489 5725/3411/2489 5727/3410/2489
f 5731/3414/2490 5729/3415/2490 5730/3416/2490
f 5732/3417/2490 5729/3415/2490 5731/3414/2490
o classname=brush.097
v 42.619835 12.490264 -63.485794
v 44.395660 12.490264 -63.485794
v 44.395660 13.259220 -63.485794
v 42.619835 13.259220 -63.485794
v 42.619835 13.259220 -65.261620
v 44.395660 13.259220 -65.261620
v 44.395660 12.490264 -65.261620
v 42.619835 12.490264 -65.261620
v 42.619835 12.490264 -63.485794
v 42.619835 12.490264 -65.261620
v 44.395660 12.490264 -65.261620
v 44.395660 12.490264 -63.485794
v 44.395660 13.259220 -63.485794
v 44.395660 13.259220 -65.261620
v 42.619835 13.259220 -65.261620
v 42.619835 13.259220 -63.485794
v 42.619835 12.490264 -63.485794
v 42.619835 13.259220 -63.485794
v 42.619835 13.259220 -65.261620
v 42.619835 12.490264 -65.261620
v 44.395660 12.490264 -65.261620
v 44.395660 13.259220 -65.261620
v 44.395660 13.259220 -63.485794
v 44.395660 12.490264 -63.485794
vn -0.0000 -0.0000 1.0000
vn -0.0000 -0.0000 -1.0000
vn -0.0000 -1.0000 -0.0000
vn -0.0000 1.0000 -0.0000
vn -1.0000 -0.0000 -0.0000
vn 1.0000 -0.0000 -0.0000
vt 0.767578 1.028250
vt 0.736328 1.014719
vt 0.767578 1.014719
vt 0.736328 1.028250
vt 0.767578 1.943359
vt 0.736328 1.912109
vt 0.736328 1.943359
vt 0.767578 1.912109
vt 1.134766 1.028250
vt 1.103516 1.014719
vt 1.103516 1.028250
vt 1.134766 1.014719
s 0
usemtl controlpanel.001
f 5735/3418/2491 5733/3419/2491 5734/3420/2491
f 5736/3421/2491 5733/3419/2491 5735/3418/2491
f 5739/3420/2492 5737/3421/2492 5738/3418/2492
f 5740/3419/2492 5737/3421/2492 5739/3420/2492
f 5743/3422/2493 5741/3423/2493 5742/3424/2493
f 5744/3425/2493 5741/3423/2493 5743/3422/2493
f 5747/3424/2494 5745/3425/2494 5746/3422/2494
f 5748/3423/2494 5745/3425/2494 5747/3424/2494
f 5751/3426/2495 5749/3427/2495 5750/3428/2495
f 5752/3429/2495 5749/3427/2495 5751/3426/2495
f 5755/3428/2496 5753/3429/2496 5754/3426/2496
f 5756/3427/2496 5753/3429/2496 5755/3428/2496
o classname=brush.098
v 21.309917 12.490264 -63.485794
v 23.085743 12.490264 -63.485794
v 23.085743 13.259220 -63.485794
v 21.309917 13.259220 -63.485794
v 21.309917 13.259220 -65.261620
v 23.085743 13.259220 -65.261620
v 23.085743 12.490264 -65.261620
v 21.309917 12.490264 -65.261620
v 21.309917 12.490264 -63.485794
v 21.309917 12.490264 -65.261620
v 23.085743 12.490264 -65.261620
v 23.085743 12.490264 -63.485794
v 23.085743 13.259220 -63.485794
v 23.085743 13.259220 -65.261620
v 21.309917 13.259220 -65.261620
v 21.309917 13.259220 -63.485794
v 21.309917 12.490264 -63.485794
v 21.309917 13.259220 -63.485794
v 21.309917 13.259220 -65.261620
v 21.309917 12.490264 -65.261620
v 23.085743 12.490264 -65.261620
v 23.085743 13.259220 -65.261620
v 23.085743 13.259220 -63.485794
v 23.085743 12.490264 -63.485794
vn -0.0000 -0.0000 1.0000
vn -0.0000 -0.0000 -1.0000
vn -0.0000 -1.0000 -0.0000
vn -0.0000 1.0000 -0.0000
vn -1.0000 -0.0000 -0.0000
vn 1.0000 -0.0000 -0.0000
vt 0.406250 1.233328
vt 0.375000 1.219797
vt 0.406250 1.219797
vt 0.375000 1.233328
vt 0.406250 2.148438
vt 0.375000 2.117188
vt 0.375000 2.148438
vt 0.406250 2.117188
vt 1.148438 1.233328
vt 1.117188 1.219797
vt 1.117188 1.233328
vt 1.148438 1.219797
s 0
usemtl controlpanel.001
f 5759/3430/2497 5757/3431/2497 5758/3432/2497
f 5760/3433/2497 5757/3431/2497 5759/3430/2497
f 5763/3432/2498 5761/3433/2498 5762/3430/2498
f 5764/3431/2498 5761/3433/2498 5763/3432/2498
f 5767/3434/2499 5765/3435/2499 5766/3436/2499
f 5768/3437/2499 5765/3435/2499 5767/3434/2499
f 5771/3436/2500 5769/3437/2500 5770/3434/2500
f 5772/3435/2500 5769/3437/2500 5771/3436/2500
f 5775/3438/2501 5773/3439/2501 5774/3440/2501
f 5776/3441/2501 5773/3439/2501 5775/3438/2501
f 5779/3440/2502 5777/3441/2502 5778/3438/2502
f 5780/3439/2502 5777/3441/2502 5779/3440/2502
o classname=brush.099
v 21.975853 0.887913 -64.151733
v 22.419809 0.887913 -64.151733
v 22.419809 12.874742 -64.151733
v 21.975853 12.874742 -64.151733
v 21.975853 12.874742 -64.595688
v 22.419809 12.874742 -64.595688
v 22.419809 0.887913 -64.595688
v 21.975853 0.887913 -64.595688
v 21.975853 0.887913 -64.151733
v 21.975853 0.887913 -64.595688
v 22.419809 0.887913 -64.595688
v 22.419809 0.887913 -64.151733
v 22.419809 12.874742 -64.151733
v 22.419809 12.874742 -64.595688
v 21.975853 12.874742 -64.595688
v 21.975853 12.874742 -64.151733
v 21.975853 0.887913 -64.151733
v 21.975853 12.874742 -64.151733
v 21.975853 12.874742 -64.595688
v 21.975853 0.887913 -64.595688
v 22.419809 0.887913 -64.595688
v 22.419809 12.874742 -64.595688
v 22.419809 12.874742 -64.151733
v 22.419809 0.887913 -64.151733
vn -0.0000 -0.0000 1.0000
vn -0.0000 -0.0000 -1.0000
vn -0.0000 -1.0000 -0.0000
vn -0.0000 1.0000 -0.0000
vn -1.0000 -0.0000 -0.0000
vn 1.0000 -0.0000 -0.0000
vt 0.513672 1.207031
vt 0.505859 0.996094
vt 0.513672 0.996094
vt 0.505859 1.207031
vt 0.513672 2.117188
vt 0.505859 2.109375
vt 0.505859 2.117188
vt 0.513672 2.109375
vt 0.880859 1.207031
vt 0.873047 0.996094
vt 0.873047 1.207031
vt 0.880859 0.996094
s 0
usemtl controlpanel.001
f 5783/3442/2503 5781/3443/2503 5782/3444/2503
f 5784/3445/2503 5781/3443/2503 5783/3442/2503
f 5787/3444/2504 5785/3445/2504 5786/3442/2504
f 5788/3443/2504 5785/3445/2504 5787/3444/2504
f 5791/3446/2505 5789/3447/2505 5790/3448/2505
f 5792/3449/2505 5789/3447/2505 5791/3446/2505
f 5795/3448/2506 5793/3449/2506 5794/3446/2506
f 5796/3447/2506 5793/3449/2506 5795/3448/2506
f 5799/3450/2507 5797/3451/2507 5798/3452/2507
f 5800/3453/2507 5797/3451/2507 5799/3450/2507
f 5803/3452/2508 5801/3453/2508 5802/3450/2508
f 5804/3451/2508 5801/3453/2508 5803/3452/2508
o classname=brush.100
v 43.285770 0.887913 -24.639591
v 43.729725 0.887913 -24.639591
v 43.729725 12.874742 -24.639591
v 43.285770 12.874742 -24.639591
v 43.285770 12.874742 -25.083549
v 43.729725 12.874742 -25.083549
v 43.729725 0.887913 -25.083549
v 43.285770 0.887913 -25.083549
v 43.285770 0.887913 -24.639591
v 43.285770 0.887913 -25.083549
v 43.729725 0.887913 -25.083549
v 43.729725 0.887913 -24.639591
v 43.729725 12.874742 -24.639591
v 43.729725 12.874742 -25.083549
v 43.285770 12.874742 -25.083549
v 43.285770 12.874742 -24.639591
v 43.285770 0.887913 -24.639591
v 43.285770 12.874742 -24.639591
v 43.285770 12.874742 -25.083549
v 43.285770 0.887913 -25.083549
v 43.729725 0.887913 -25.083549
v 43.729725 12.874742 -25.083549
v 43.729725 12.874742 -24.639591
v 43.729725 0.887913 -24.639591
vn -0.0000 -0.0000 1.0000
vn -0.0000 -0.0000 -1.0000
vn -0.0000 -1.0000 -0.0000
vn -0.0000 1.0000 -0.0000
vn -1.0000 -0.0000 -0.0000
vn 1.0000 -0.0000 -0.0000
vt 0.513672 1.207031
vt 0.505859 0.996094
vt 0.513672 0.996094
vt 0.505859 1.207031
vt 0.513672 2.117188
vt 0.505859 2.109375
vt 0.505859 2.117188
vt 0.513672 2.109375
vt 0.880859 1.207031
vt 0.873047 0.996094
vt 0.873047 1.207031
vt 0.880859 0.996094
s 0
usemtl controlpanel.001
f 5807/3454/2509 5805/3455/2509 5806/3456/2509
f 5808/3457/2509 5805/3455/2509 5807/3454/2509
f 5811/3456/2510 5809/3457/2510 5810/3454/2510
f 5812/3455/2510 5809/3457/2510 5811/3456/2510
f 5815/3458/2511 5813/3459/2511 5814/3460/2511
f 5816/3461/2511 5813/3459/2511 5815/3458/2511
f 5819/3460/2512 5817/3461/2512 5818/3458/2512
f 5820/3459/2512 5817/3461/2512 5819/3460/2512
f 5823/3462/2513 5821/3463/2513 5822/3464/2513
f 5824/3465/2513 5821/3463/2513 5823/3462/2513
f 5827/3464/2514 5825/3465/2514 5826/3462/2514
f 5828/3463/2514 5825/3465/2514 5827/3464/2514
o classname=brush.101
v 21.975853 0.887913 -24.639591
v 22.419809 0.887913 -24.639591
v 22.419809 12.874742 -24.639591
v 21.975853 12.874742 -24.639591
v 21.975853 12.874742 -25.083549
v 22.419809 12.874742 -25.083549
v 22.419809 0.887913 -25.083549
v 21.975853 0.887913 -25.083549
v 21.975853 0.887913 -24.639591
v 21.975853 0.887913 -25.083549
v 22.419809 0.887913 -25.083549
v 22.419809 0.887913 -24.639591
v 22.419809 12.874742 -24.639591
v 22.419809 12.874742 -25.083549
v 21.975853 12.874742 -25.083549
v 21.975853 12.874742 -24.639591
v 21.975853 0.887913 -24.639591
v 21.975853 12.874742 -24.639591
v 21.975853 12.874742 -25.083549
v 21.975853 0.887913 -25.083549
v 22.419809 0.887913 -25.083549
v 22.419809 12.874742 -25.083549
v 22.419809 12.874742 -24.639591
v 22.419809 0.887913 -24.639591
vn -0.0000 -0.0000 1.0000
vn -0.0000 -0.0000 -1.0000
vn -0.0000 -1.0000 -0.0000
vn -0.0000 1.0000 -0.0000
vn -1.0000 -0.0000 -0.0000
vn 1.0000 -0.0000 -0.0000
vt 0.513672 1.207031
vt 0.505859 0.996094
vt 0.513672 0.996094
vt 0.505859 1.207031
vt 0.513672 2.117188
vt 0.505859 2.109375
vt 0.505859 2.117188
vt 0.513672 2.109375
vt 0.880859 1.207031
vt 0.873047 0.996094
vt 0.873047 1.207031
vt 0.880859 0.996094
s 0
usemtl controlpanel.001
f 5831/3466/2515 5829/3467/2515 5830/3468/2515
f 5832/3469/2515 5829/3467/2515 5831/3466/2515
f 5835/3468/2516 5833/3469/2516 5834/3466/2516
f 5836/3467/2516 5833/3469/2516 5835/3468/2516
f 5839/3470/2517 5837/3471/2517 5838/3472/2517
f 5840/3473/2517 5837/3471/2517 5839/3470/2517
f 5843/3472/2518 5841/3473/2518 5842/3470/2518
f 5844/3471/2518 5841/3473/2518 5843/3472/2518
f 5847/3474/2519 5845/3475/2519 5846/3476/2519
f 5848/3477/2519 5845/3475/2519 5847/3474/2519
f 5851/3476/2520 5849/3477/2520 5850/3474/2520
f 5852/3475/2520 5849/3477/2520 5851/3476/2520
o classname=brush.102
v 15.316504 -69.257233 -75.250648
v 21.531897 -69.257233 -75.250648
v 21.531897 -66.593491 -75.250648
v 15.316504 -66.593491 -75.250648
v 15.316504 -66.593491 -81.466042
v 21.531897 -66.593491 -81.466042
v 21.531897 -69.257233 -81.466042
v 15.316504 -69.257233 -81.466042
v 15.316504 -69.257233 -75.250648
v 15.316504 -69.257233 -81.466042
v 21.531897 -69.257233 -81.466042
v 21.531897 -69.257233 -75.250648
v 21.531897 -66.593491 -75.250648
v 21.531897 -66.593491 -81.466042
v 15.316504 -66.593491 -81.466042
v 15.316504 -66.593491 -75.250648
v 15.316504 -69.257233 -75.250648
v 15.316504 -66.593491 -75.250648
v 15.316504 -66.593491 -81.466042
v 15.316504 -69.257233 -81.466042
v 21.531897 -69.257233 -81.466042
v 21.531897 -66.593491 -81.466042
v 21.531897 -66.593491 -75.250648
v 21.531897 -69.257233 -75.250648
vn -0.0000 -0.0000 1.0000
vn -0.0000 -0.0000 -1.0000
vn -0.0000 -1.0000 -0.0000
vn -0.0000 1.0000 -0.0000
vn -1.0000 -0.0000 -0.0000
vn 1.0000 -0.0000 -0.0000
vt 0.382812 -0.179688
vt 0.273438 -0.226562
vt 0.382812 -0.226562
vt 0.273438 -0.179688
vt 0.382812 2.000000
vt 0.273438 1.890625
vt 0.273438 2.000000
vt 0.382812 1.890625
vt 1.000000 -0.179688
vt 0.890625 -0.226562
vt 0.890625 -0.179688
vt 1.000000 -0.226562
s 0
usemtl dirtymetal.001
f 5855/3478/2521 5853/3479/2521 5854/3480/2521
f 5856/3481/2521 5853/3479/2521 5855/3478/2521
f 5859/3480/2522 5857/3481/2522 5858/3478/2522
f 5860/3479/2522 5857/3481/2522 5859/3480/2522
f 5863/3482/2523 5861/3483/2523 5862/3484/2523
f 5864/3485/2523 5861/3483/2523 5863/3482/2523
f 5867/3484/2524 5865/3485/2524 5866/3482/2524
f 5868/3483/2524 5865/3485/2524 5867/3484/2524
f 5871/3486/2525 5869/3487/2525 5870/3488/2525
f 5872/3489/2525 5869/3487/2525 5871/3486/2525
f 5875/3488/2526 5873/3489/2526 5874/3486/2526
f 5876/3487/2526 5873/3489/2526 5875/3488/2526
o classname=brush.103
v 25.305527 2.663740 -76.027573
v 25.305527 9.767046 -76.027573
v 25.305527 9.767046 -81.133072
v 25.305527 2.663740 -81.133072
v 26.748386 2.663740 -75.361633
v 25.305527 2.663740 -76.027573
v 25.305527 2.663740 -81.133072
v 26.748386 2.663740 -81.799004
v 26.748386 9.767046 -81.799004
v 25.305527 9.767046 -81.133072
v 25.305527 9.767046 -76.027573
v 26.748386 9.767046 -75.361633
v 25.305527 2.663740 -76.027573
v 26.748386 2.663740 -75.361633
v 26.748386 9.767046 -75.361633
v 25.305527 9.767046 -76.027573
v 26.748386 2.663740 -81.799004
v 25.305527 2.663740 -81.133072
v 25.305527 9.767046 -81.133072
v 26.748386 9.767046 -81.799004
v 26.748386 9.767046 -81.799004
v 26.748386 9.767046 -75.361633
v 26.748386 2.663740 -75.361633
v 26.748386 2.663740 -81.799004
vn -1.0000 -0.0000 -0.0000
vn -0.0000 -1.0000 -0.0000
vn -0.0000 1.0000 -0.0000
vn -0.4191 -0.0000 0.9080
vn -0.4191 -0.0000 -0.9080
vn 1.0000 -0.0000 -0.0000
vt 1.193359 1.171875
vt 1.103516 1.046875
vt 1.103516 1.171875
vt 1.193359 1.046875
vt 0.210938 2.427734
vt 0.236328 2.326172
vt 0.210938 2.337891
vt 0.236328 2.439453
vt 0.214844 1.171875
vt 0.189453 1.046875
vt 0.214844 1.046875
vt 0.189453 1.171875
vt 1.091797 1.046875
vt 1.205078 1.171875
vt 1.091797 1.171875
vt 1.205078 1.046875
s 0
usemtl controlpanel.001
f 5879/3490/2527 5877/3491/2527 5878/3492/2527
f 5880/3493/2527 5877/3491/2527 5879/3490/2527
f 5883/3494/2528 5881/3495/2528 5882/3496/2528
f 5884/3497/2528 5881/3495/2528 5883/3494/2528
f 5887/3496/2529 5885/3497/2529 5886/3494/2529
f 5888/3495/2529 5885/3497/2529 5887/3496/2529
f 5891/3498/2530 5889/3499/2530 5890/3500/2530
f 5892/3501/2530 5889/3499/2530 5891/3498/2530
f 5895/3501/2531 5893/3500/2531 5894/3499/2531
f 5896/3498/2531 5893/3500/2531 5895/3501/2531
f 5899/3502/2532 5897/3503/2532 5898/3504/2532
f 5900/3505/2532 5897/3503/2532 5899/3502/2532
o classname=brush.104
v 14.650568 49.501163 94.562759
v 17.314308 49.501163 94.562759
v 17.314308 49.925594 94.562759
v 14.650568 49.925594 94.562759
v 14.650568 49.925594 90.123192
v 17.314308 49.925594 90.123192
v 17.314308 49.501163 90.123192
v 14.650568 49.501163 90.123192
v 14.650568 49.501163 94.562759
v 14.650568 49.501163 90.123192
v 17.314308 49.501163 90.123192
v 17.314308 49.501163 94.562759
v 17.314308 49.925594 94.562759
v 17.314308 49.925594 90.123192
v 14.650568 49.925594 90.123192
v 14.650568 49.925594 94.562759
v 14.650568 49.501163 94.562759
v 14.650568 49.925594 94.562759
v 14.650568 49.925594 90.123192
v 14.650568 49.501163 90.123192
v 17.314308 49.501163 90.123192
v 17.314308 49.925594 90.123192
v 17.314308 49.925594 94.562759
v 17.314308 49.501163 94.562759
vn -0.0000 -0.0000 1.0000
vn -0.0000 -0.0000 -1.0000
vn -0.0000 -1.0000 -0.0000
vn -0.0000 1.0000 -0.0000
vn -1.0000 -0.0000 -0.0000
vn 1.0000 -0.0000 -0.0000
vt 2.328621 0.747523
vt 2.310404 0.861852
vt 2.310404 0.747523
vt 2.328621 0.861852
vt 2.467607 0.752286
vt 2.485824 0.866616
vt 2.485824 0.752286
vt 2.467607 0.866616
vt -1.148056 0.747523
vt -1.338605 0.861852
vt -1.148056 0.861852
vt -1.338605 0.747523
vt 2.433423 2.271913
vt 2.415206 2.462462
vt 2.433423 2.462462
vt 2.415206 2.271913
s 0
usemtl misc.001
f 5903/3506/2533 5901/3507/2533 5902/3508/2533
f 5904/3509/2533 5901/3507/2533 5903/3506/2533
f 5907/3510/2534 5905/3511/2534 5906/3512/2534
f 5908/3513/2534 5905/3511/2534 5907/3510/2534
f 5911/3514/2535 5909/3515/2535 5910/3516/2535
f 5912/3517/2535 5909/3515/2535 5911/3514/2535
f 5915/3516/2536 5913/3517/2536 5914/3514/2536
f 5916/3515/2536 5913/3517/2536 5915/3516/2536
f 5919/3518/2537 5917/3519/2537 5918/3520/2537
f 5920/3521/2537 5917/3519/2537 5919/3518/2537
f 5923/3520/2538 5921/3521/2538 5922/3518/2538
f 5924/3519/2538 5921/3521/2538 5923/3520/2538
o classname=brush.105
v 31.520920 49.501163 34.184658
v 34.184658 49.501163 34.184658
v 34.184658 49.925594 34.184658
v 31.520920 49.925594 34.184658
v 31.520920 49.925594 29.745092
v 34.184658 49.925594 29.745092
v 34.184658 49.501163 29.745092
v 31.520920 49.501163 29.745092
v 31.520920 49.501163 34.184658
v 31.520920 49.501163 29.745092
v 34.184658 49.501163 29.745092
v 34.184658 49.501163 34.184658
v 34.184658 49.925594 34.184658
v 34.184658 49.925594 29.745092
v 31.520920 49.925594 29.745092
v 31.520920 49.925594 34.184658
v 31.520920 49.501163 34.184658
v 31.520920 49.925594 34.184658
v 31.520920 49.925594 29.745092
v 31.520920 49.501163 29.745092
v 34.184658 49.501163 29.745092
v 34.184658 49.925594 29.745092
v 34.184658 49.925594 34.184658
v 34.184658 49.501163 34.184658
vn -0.0000 -0.0000 1.0000
vn -0.0000 -0.0000 -1.0000
vn -0.0000 -1.0000 -0.0000
vn -0.0000 1.0000 -0.0000
vn -1.0000 -0.0000 -0.0000
vn 1.0000 -0.0000 -0.0000
vt 2.328621 0.747523
vt 2.310404 0.861852
vt 2.310404 0.747523
vt 2.328621 0.861852
vt 2.467607 0.752286
vt 2.485824 0.866616
vt 2.485824 0.752286
vt 2.467607 0.866616
vt -1.148057 0.747523
vt -1.338605 0.861852
vt -1.148057 0.861852
vt -1.338605 0.747523
vt 2.433423 2.271913
vt 2.415206 2.462462
vt 2.433423 2.462462
vt 2.415206 2.271913
s 0
usemtl misc.001
f 5927/3522/2539 5925/3523/2539 5926/3524/2539
f 5928/3525/2539 5925/3523/2539 5927/3522/2539
f 5931/3526/2540 5929/3527/2540 5930/3528/2540
f 5932/3529/2540 5929/3527/2540 5931/3526/2540
f 5935/3530/2541 5933/3531/2541 5934/3532/2541
f 5936/3533/2541 5933/3531/2541 5935/3530/2541
f 5939/3532/2542 5937/3533/2542 5938/3530/2542
f 5940/3531/2542 5937/3533/2542 5939/3532/2542
f 5943/3534/2543 5941/3535/2543 5942/3536/2543
f 5944/3537/2543 5941/3535/2543 5943/3534/2543
f 5947/3536/2544 5945/3537/2544 5946/3534/2544
f 5948/3535/2544 5945/3537/2544 5947/3536/2544
o classname=brush.106
v 31.520920 49.501163 -22.641787
v 34.184658 49.501163 -22.641787
v 34.184658 49.925594 -22.641787
v 31.520920 49.925594 -22.641787
v 31.520920 49.925594 -27.081354
v 34.184658 49.925594 -27.081354
v 34.184658 49.501163 -27.081354
v 31.520920 49.501163 -27.081354
v 31.520920 49.501163 -22.641787
v 31.520920 49.501163 -27.081354
v 34.184658 49.501163 -27.081354
v 34.184658 49.501163 -22.641787
v 34.184658 49.925594 -22.641787
v 34.184658 49.925594 -27.081354
v 31.520920 49.925594 -27.081354
v 31.520920 49.925594 -22.641787
v 31.520920 49.501163 -22.641787
v 31.520920 49.925594 -22.641787
v 31.520920 49.925594 -27.081354
v 31.520920 49.501163 -27.081354
v 34.184658 49.501163 -27.081354
v 34.184658 49.925594 -27.081354
v 34.184658 49.925594 -22.641787
v 34.184658 49.501163 -22.641787
vn -0.0000 -0.0000 1.0000
vn -0.0000 -0.0000 -1.0000
vn -0.0000 -1.0000 -0.0000
vn -0.0000 1.0000 -0.0000
vn -1.0000 -0.0000 -0.0000
vn 1.0000 -0.0000 -0.0000
vt 2.328621 0.747523
vt 2.310404 0.861852
vt 2.310404 0.747523
vt 2.328621 0.861852
vt 2.467607 0.752286
vt 2.485824 0.866616
vt 2.485824 0.752286
vt 2.467607 0.866616
vt -1.148057 0.747523
vt -1.338605 0.861852
vt -1.148057 0.861852
vt -1.338605 0.747523
vt 2.433423 2.271913
vt 2.415206 2.462462
vt 2.433423 2.462462
vt 2.415206 2.271913
s 0
usemtl misc.001
f 5951/3538/2545 5949/3539/2545 5950/3540/2545
f 5952/3541/2545 5949/3539/2545 5951/3538/2545
f 5955/3542/2546 5953/3543/2546 5954/3544/2546
f 5956/3545/2546 5953/3543/2546 5955/3542/2546
f 5959/3546/2547 5957/3547/2547 5958/3548/2547
f 5960/3549/2547 5957/3547/2547 5959/3546/2547
f 5963/3548/2548 5961/3549/2548 5962/3546/2548
f 5964/3547/2548 5961/3549/2548 5963/3548/2548
f 5967/3550/2549 5965/3551/2549 5966/3552/2549
f 5968/3553/2549 5965/3551/2549 5967/3550/2549
f 5971/3552/2550 5969/3553/2550 5970/3550/2550
f 5972/3551/2550 5969/3553/2550 5971/3552/2550
o classname=brush.107
v 31.076963 49.501163 -76.360535
v 33.740704 49.501163 -76.360535
v 33.740704 49.925594 -76.360535
v 31.076963 49.925594 -76.360535
v 31.076963 49.925594 -80.800102
v 33.740704 49.925594 -80.800102
v 33.740704 49.501163 -80.800102
v 31.076963 49.501163 -80.800102
v 31.076963 49.501163 -76.360535
v 31.076963 49.501163 -80.800102
v 33.740704 49.501163 -80.800102
v 33.740704 49.501163 -76.360535
v 33.740704 49.925594 -76.360535
v 33.740704 49.925594 -80.800102
v 31.076963 49.925594 -80.800102
v 31.076963 49.925594 -76.360535
v 31.076963 49.501163 -76.360535
v 31.076963 49.925594 -76.360535
v 31.076963 49.925594 -80.800102
v 31.076963 49.501163 -80.800102
v 33.740704 49.501163 -80.800102
v 33.740704 49.925594 -80.800102
v 33.740704 49.925594 -76.360535
v 33.740704 49.501163 -76.360535
vn -0.0000 -0.0000 1.0000
vn -0.0000 -0.0000 -1.0000
vn -0.0000 -1.0000 -0.0000
vn -0.0000 1.0000 -0.0000
vn -1.0000 -0.0000 -0.0000
vn 1.0000 -0.0000 -0.0000
vt 2.328621 0.747523
vt 2.310404 0.861852
vt 2.310404 0.747523
vt 2.328621 0.861852
vt 2.467607 0.752286
vt 2.485824 0.866616
vt 2.485824 0.752286
vt 2.467607 0.866616
vt -1.148056 0.747523
vt -1.338605 0.861852
vt -1.148056 0.861852
vt -1.338605 0.747523
vt 2.433423 2.271913
vt 2.415206 2.462462
vt 2.433423 2.462462
vt 2.415206 2.271913
s 0
usemtl misc.001
f 5975/3554/2551 5973/3555/2551 5974/3556/2551
f 5976/3557/2551 5973/3555/2551 5975/3554/2551
f 5979/3558/2552 5977/3559/2552 5978/3560/2552
f 5980/3561/2552 5977/3559/2552 5979/3558/2552
f 5983/3562/2553 5981/3563/2553 5982/3564/2553
f 5984/3565/2553 5981/3563/2553 5983/3562/2553
f 5987/3564/2554 5985/3565/2554 5986/3562/2554
f 5988/3563/2554 5985/3565/2554 5987/3564/2554
f 5991/3566/2555 5989/3567/2555 5990/3568/2555
f 5992/3569/2555 5989/3567/2555 5991/3566/2555
f 5995/3568/2556 5993/3569/2556 5994/3566/2556
f 5996/3567/2556 5993/3569/2556 5995/3568/2556
o classname=brush.108
v 30.189049 10.654959 -76.360535
v 34.628616 10.654959 -76.360535
v 34.184658 11.542871 -77.248451
v 30.633007 11.542871 -77.248451
v 30.633007 11.542871 -79.912193
v 34.184658 11.542871 -79.912193
v 34.628616 10.654959 -80.800102
v 30.189049 10.654959 -80.800102
v 30.189049 10.654959 -76.360535
v 30.189049 10.654959 -80.800102
v 34.628616 10.654959 -80.800102
v 34.628616 10.654959 -76.360535
v 34.184658 11.542871 -77.248451
v 34.184658 11.542871 -79.912193
v 30.633007 11.542871 -79.912193
v 30.633007 11.542871 -77.248451
v 30.189049 10.654959 -76.360535
v 30.633007 11.542871 -77.248451
v 30.633007 11.542871 -79.912193
v 30.189049 10.654959 -80.800102
v 34.628616 10.654959 -80.800102
v 34.184658 11.542871 -79.912193
v 34.184658 11.542871 -77.248451
v 34.628616 10.654959 -76.360535
vn -0.0000 0.7071 0.7071
vn -0.0000 0.7071 -0.7071
vn -0.0000 -1.0000 -0.0000
vn -0.0000 1.0000 -0.0000
vn -0.8944 0.4472 -0.0000
vn 0.8944 0.4472 -0.0000
vt 1.914062 1.677083
vt 1.679687 1.625000
vt 1.940104 1.625000
vt 1.705729 1.677083
vt 1.940104 5.739583
vt 1.679687 5.479167
vt 1.679687 5.739583
vt 1.940104 5.479167
vt 1.705729 5.687500
vt 1.914062 5.531250
vt 1.914062 5.687500
vt 1.705729 5.531250
vt 4.407552 1.403646
vt 4.199219 1.351562
vt 4.251302 1.403646
vt 4.459635 1.351562
vt 4.231771 1.436198
vt 4.440104 1.384115
vt 4.388021 1.436198
vt 4.179688 1.384115
s 0
usemtl controlpanel.001
f 5999/3570/2557 5997/3571/2557 5998/3572/2557
f 6000/3573/2557 5997/3571/2557 5999/3570/2557
f 6003/3572/2558 6001/3573/2558 6002/3570/2558
f 6004/3571/2558 6001/3573/2558 6003/3572/2558
f 6007/3574/2559 6005/3575/2559 6006/3576/2559
f 6008/3577/2559 6005/3575/2559 6007/3574/2559
f 6011/3578/2560 6009/3579/2560 6010/3580/2560
f 6012/3581/2560 6009/3579/2560 6011/3578/2560
f 6015/3582/2561 6013/3583/2561 6014/3584/2561
f 6016/3585/2561 6013/3583/2561 6015/3582/2561
f 6019/3586/2562 6017/3587/2562 6018/3588/2562
f 6020/3589/2562 6017/3587/2562 6019/3586/2562
o classname=brush.109
v 31.520920 12.874742 -78.691307
v 31.512472 12.874742 -78.733788
v 31.488409 12.874742 -78.769791
v 31.452404 12.874742 -78.793854
v 31.409931 12.874742 -78.802299
v 31.367456 12.874742 -78.793854
v 31.331451 12.874742 -78.769791
v 31.307388 12.874742 -78.733788
v 31.298941 12.874742 -78.691307
v 31.307388 12.874742 -78.648834
v 31.331451 12.874742 -78.612831
v 31.367456 12.874742 -78.588768
v 31.409931 12.874742 -78.580322
v 31.452404 12.874742 -78.588768
v 31.488409 12.874742 -78.612831
v 31.512472 12.874742 -78.648834
v 31.520920 11.542871 -78.691307
v 31.512472 11.542871 -78.733788
v 31.512472 12.874742 -78.733788
v 31.520920 12.874742 -78.691307
v 31.512472 11.542871 -78.733788
v 31.488409 11.542871 -78.769791
v 31.488409 12.874742 -78.769791
v 31.512472 12.874742 -78.733788
v 31.488409 11.542871 -78.769791
v 31.452404 11.542871 -78.793854
v 31.452404 12.874742 -78.793854
v 31.488409 12.874742 -78.769791
v 31.452404 11.542871 -78.793854
v 31.409931 11.542871 -78.802299
v 31.409931 12.874742 -78.802299
v 31.452404 12.874742 -78.793854
v 31.409931 11.542871 -78.802299
v 31.367456 11.542871 -78.793854
v 31.367456 12.874742 -78.793854
v 31.409931 12.874742 -78.802299
v 31.367456 11.542871 -78.793854
v 31.331451 11.542871 -78.769791
v 31.331451 12.874742 -78.769791
v 31.367456 12.874742 -78.793854
v 31.331451 11.542871 -78.769791
v 31.307388 11.542871 -78.733788
v 31.307388 12.874742 -78.733788
v 31.331451 12.874742 -78.769791
v 31.307388 11.542871 -78.733788
v 31.298941 11.542871 -78.691307
v 31.298941 12.874742 -78.691307
v 31.307388 12.874742 -78.733788
v 31.298941 11.542871 -78.691307
v 31.307388 11.542871 -78.648834
v 31.307388 12.874742 -78.648834
v 31.298941 12.874742 -78.691307
v 31.307388 11.542871 -78.648834
v 31.331451 11.542871 -78.612831
v 31.331451 12.874742 -78.612831
v 31.307388 12.874742 -78.648834
v 31.331451 11.542871 -78.612831
v 31.367456 11.542871 -78.588768
v 31.367456 12.874742 -78.588768
v 31.331451 12.874742 -78.612831
v 31.367456 11.542871 -78.588768
v 31.409931 11.542871 -78.580322
v 31.409931 12.874742 -78.580322
v 31.367456 12.874742 -78.588768
v 31.409931 11.542871 -78.580322
v 31.452404 11.542871 -78.588768
v 31.452404 12.874742 -78.588768
v 31.409931 12.874742 -78.580322
v 31.452404 11.542871 -78.588768
v 31.488409 11.542871 -78.612831
v 31.488409 12.874742 -78.612831
v 31.452404 12.874742 -78.588768
v 31.488409 11.542871 -78.612831
v 31.512472 11.542871 -78.648834
v 31.512472 12.874742 -78.648834
v 31.488409 12.874742 -78.612831
v 31.512472 11.542871 -78.648834
v 31.520920 11.542871 -78.691307
v 31.520920 12.874742 -78.691307
v 31.512472 12.874742 -78.648834
vn -0.0000 1.0000 -0.0000
vn 0.9808 -0.0000 -0.1951
vn 0.9808 -0.0000 -0.1950
vn 0.8314 -0.0000 -0.5556
vn 0.5557 -0.0000 -0.8314
vn 0.5556 -0.0000 -0.8314
vn 0.1951 -0.0000 -0.9808
vn -0.1951 -0.0000 -0.9808
vn -0.5556 -0.0000 -0.8314
vn -0.5557 -0.0000 -0.8314
vn -0.8314 -0.0000 -0.5556
vn -0.9808 -0.0000 -0.1950
vn -0.9808 -0.0000 -0.1951
vn -0.9808 -0.0000 0.1951
vn -0.9808 -0.0000 0.1950
vn -0.8314 -0.0000 0.5556
vn -0.5557 -0.0000 0.8314
vn -0.5556 -0.0000 0.8314
vn -0.1951 -0.0000 0.9808
vn 0.1951 -0.0000 0.9808
vn 0.5556 -0.0000 0.8314
vn 0.5557 -0.0000 0.8314
vn 0.8314 -0.0000 0.5556
vn 0.9808 -0.0000 0.1950
vn 0.9808 -0.0000 0.1951
vt 0.515053 2.386147
vt 0.515625 2.384766
vt 0.515476 2.385513
vt 0.514419 2.386570
vt 0.513672 2.386719
vt 0.512924 2.386570
vt 0.512291 2.386147
vt 0.511867 2.385513
vt 0.511719 2.384766
vt 0.511867 2.384018
vt 0.512291 2.383385
vt 0.512924 2.382961
vt 0.513672 2.382812
vt 0.514419 2.382961
vt 0.515053 2.383385
vt 0.515476 2.384018
vt 2.771026 1.421875
vt 2.769531 1.375000
vt 2.771026 1.375000
vt 2.769531 1.421875
vt 2.772293 1.421875
vt 2.772293 1.375000
vt 1.028839 1.421875
vt 1.030106 1.375000
vt 1.028839 1.375000
vt 1.030106 1.421875
vt 1.027344 1.421875
vt 1.027344 1.375000
vt 1.025849 1.421875
vt 1.025849 1.375000
vt 1.024582 1.421875
vt 1.024582 1.375000
vt 2.768036 1.421875
vt 2.768036 1.375000
vt 2.766769 1.421875
vt 2.766769 1.375000
s 0
usemtl glass
f 6039/3606/2564 6037/3607/2564 6038/3608/2564
f 6040/3609/2565 6037/3607/2565 6039/3606/2565
f 6043/3610/2566 6041/3608/2566 6042/3611/2566
f 6044/3606/2566 6041/3608/2566 6043/3610/2566
f 6047/3612/2567 6045/3613/2567 6046/3614/2567
f 6048/3615/2568 6045/3613/2568 6047/3612/2568
f 6051/3616/2569 6049/3614/2569 6050/3617/2569
f 6052/3612/2569 6049/3614/2569 6051/3616/2569
f 6055/3618/2570 6053/3617/2570 6054/3619/2570
f 6056/3616/2570 6053/3617/2570 6055/3618/2570
f 6059/3620/2571 6057/3619/2571 6058/3621/2571
f 6060/3618/2572 6057/3619/2572 6059/3620/2572
f 6063/3606/2573 6061/3611/2573 6062/3608/2573
f 6064/3610/2573 6061/3611/2573 6063/3606/2573
f 6067/3609/2574 6065/3608/2574 6066/3607/2574
f 6068/3606/2575 6065/3608/2575 6067/3609/2575
f 6071/3622/2576 6069/3607/2576 6070/3623/2576
f 6072/3609/2577 6069/3607/2577 6071/3622/2577
f 6075/3624/2578 6073/3623/2578 6074/3625/2578
f 6076/3622/2578 6073/3623/2578 6075/3624/2578
f 6079/3618/2579 6077/3621/2579 6078/3619/2579
f 6080/3620/2580 6077/3621/2580 6079/3618/2580
f 6083/3616/2581 6081/3619/2581 6082/3617/2581
f 6084/3618/2581 6081/3619/2581 6083/3616/2581
f 6087/3612/2582 6085/3617/2582 6086/3614/2582
f 6088/3616/2582 6085/3617/2582 6087/3612/2582
f 6091/3615/2583 6089/3614/2583 6090/3613/2583
f 6092/3612/2584 6089/3614/2584 6091/3615/2584
f 6095/3622/2585 6093/3625/2585 6094/3623/2585
f 6096/3624/2585 6093/3625/2585 6095/3622/2585
f 6099/3609/2586 6097/3623/2586 6098/3607/2586
f 6100/3622/2587 6097/3623/2587 6099/3609/2587
usemtl dirtymetal.001
f 6023/3590/2563 6021/3591/2563 6022/3592/2563
f 6024/3593/2563 6021/3591/2563 6023/3590/2563
f 6025/3594/2563 6021/3591/2563 6024/3593/2563
f 6026/3595/2563 6021/3591/2563 6025/3594/2563
f 6027/3596/2563 6021/3591/2563 6026/3595/2563
f 6028/3597/2563 6021/3591/2563 6027/3596/2563
f 6029/3598/2563 6021/3591/2563 6028/3597/2563
f 6030/3599/2563 6021/3591/2563 6029/3598/2563
f 6031/3600/2563 6021/3591/2563 6030/3599/2563
f 6032/3601/2563 6021/3591/2563 6031/3600/2563
f 6033/3602/2563 6021/3591/2563 6032/3601/2563
f 6034/3603/2563 6021/3591/2563 6033/3602/2563
f 6035/3604/2563 6021/3591/2563 6034/3603/2563
f 6036/3605/2563 6021/3591/2563 6035/3604/2563
o classname=brush.110
v 32.519821 12.874742 -78.691307
v 32.511375 12.874742 -78.733788
v 32.487312 12.874742 -78.769791
v 32.451305 12.874742 -78.793854
v 32.408833 12.874742 -78.802299
v 32.366360 12.874742 -78.793854
v 32.330353 12.874742 -78.769791
v 32.306290 12.874742 -78.733788
v 32.297844 12.874742 -78.691307
v 32.306290 12.874742 -78.648834
v 32.330353 12.874742 -78.612831
v 32.366360 12.874742 -78.588768
v 32.408833 12.874742 -78.580322
v 32.451305 12.874742 -78.588768
v 32.487312 12.874742 -78.612831
v 32.511375 12.874742 -78.648834
v 32.519821 11.542871 -78.691307
v 32.511375 11.542871 -78.733788
v 32.511375 12.874742 -78.733788
v 32.519821 12.874742 -78.691307
v 32.511375 11.542871 -78.733788
v 32.487312 11.542871 -78.769791
v 32.487312 12.874742 -78.769791
v 32.511375 12.874742 -78.733788
v 32.487312 11.542871 -78.769791
v 32.451305 11.542871 -78.793854
v 32.451305 12.874742 -78.793854
v 32.487312 12.874742 -78.769791
v 32.451305 11.542871 -78.793854
v 32.408833 11.542871 -78.802299
v 32.408833 12.874742 -78.802299
v 32.451305 12.874742 -78.793854
v 32.408833 11.542871 -78.802299
v 32.366360 11.542871 -78.793854
v 32.366360 12.874742 -78.793854
v 32.408833 12.874742 -78.802299
v 32.366360 11.542871 -78.793854
v 32.330353 11.542871 -78.769791
v 32.330353 12.874742 -78.769791
v 32.366360 12.874742 -78.793854
v 32.330353 11.542871 -78.769791
v 32.306290 11.542871 -78.733788
v 32.306290 12.874742 -78.733788
v 32.330353 12.874742 -78.769791
v 32.306290 11.542871 -78.733788
v 32.297844 11.542871 -78.691307
v 32.297844 12.874742 -78.691307
v 32.306290 12.874742 -78.733788
v 32.297844 11.542871 -78.691307
v 32.306290 11.542871 -78.648834
v 32.306290 12.874742 -78.648834
v 32.297844 12.874742 -78.691307
v 32.306290 11.542871 -78.648834
v 32.330353 11.542871 -78.612831
v 32.330353 12.874742 -78.612831
v 32.306290 12.874742 -78.648834
v 32.330353 11.542871 -78.612831
v 32.366360 11.542871 -78.588768
v 32.366360 12.874742 -78.588768
v 32.330353 12.874742 -78.612831
v 32.366360 11.542871 -78.588768
v 32.408833 11.542871 -78.580322
v 32.408833 12.874742 -78.580322
v 32.366360 12.874742 -78.588768
v 32.408833 11.542871 -78.580322
v 32.451305 11.542871 -78.588768
v 32.451305 12.874742 -78.588768
v 32.408833 12.874742 -78.580322
v 32.451305 11.542871 -78.588768
v 32.487312 11.542871 -78.612831
v 32.487312 12.874742 -78.612831
v 32.451305 12.874742 -78.588768
v 32.487312 11.542871 -78.612831
v 32.511375 11.542871 -78.648834
v 32.511375 12.874742 -78.648834
v 32.487312 12.874742 -78.612831
v 32.511375 11.542871 -78.648834
v 32.519821 11.542871 -78.691307
v 32.519821 12.874742 -78.691307
v 32.511375 12.874742 -78.648834
vn -0.0000 1.0000 -0.0000
vn 0.9808 -0.0000 -0.1951
vn 0.9808 -0.0000 -0.1950
vn 0.8314 -0.0000 -0.5556
vn 0.5557 -0.0000 -0.8314
vn 0.5556 -0.0000 -0.8314
vn 0.1951 -0.0000 -0.9808
vn -0.1951 -0.0000 -0.9808
vn -0.5556 -0.0000 -0.8314
vn -0.5557 -0.0000 -0.8314
vn -0.8314 -0.0000 -0.5556
vn -0.9808 -0.0000 -0.1950
vn -0.9808 -0.0000 -0.1951
vn -0.9808 -0.0000 0.1951
vn -0.9808 -0.0000 0.1950
vn -0.8314 -0.0000 0.5556
vn -0.5557 -0.0000 0.8314
vn -0.5556 -0.0000 0.8314
vn -0.1951 -0.0000 0.9808
vn 0.1951 -0.0000 0.9808
vn 0.5556 -0.0000 0.8314
vn 0.5557 -0.0000 0.8314
vn 0.8314 -0.0000 0.5556
vn 0.9808 -0.0000 0.1950
vn 0.9808 -0.0000 0.1951
vt 0.515053 2.386147
vt 0.515625 2.384766
vt 0.515476 2.385513
vt 0.514419 2.386570
vt 0.513672 2.386719
vt 0.512924 2.386570
vt 0.512291 2.386147
vt 0.511867 2.385513
vt 0.511719 2.384766
vt 0.511867 2.384018
vt 0.512291 2.383385
vt 0.512924 2.382961
vt 0.513672 2.382812
vt 0.514419 2.382961
vt 0.515053 2.383385
vt 0.515476 2.384018
vt 2.771026 1.421875
vt 2.769531 1.375000
vt 2.771026 1.375000
vt 2.769531 1.421875
vt 2.772293 1.421875
vt 2.772293 1.375000
vt 1.028839 1.421875
vt 1.030106 1.375000
vt 1.028839 1.375000
vt 1.030106 1.421875
vt 1.027344 1.421875
vt 1.027344 1.375000
vt 1.025849 1.421875
vt 1.025849 1.375000
vt 1.024582 1.421875
vt 1.024582 1.375000
vt 2.768036 1.421875
vt 2.768036 1.375000
vt 2.766769 1.421875
vt 2.766769 1.375000
s 0
usemtl glass
f 6119/3642/2589 6117/3643/2589 6118/3644/2589
f 6120/3645/2590 6117/3643/2590 6119/3642/2590
f 6123/3646/2591 6121/3644/2591 6122/3647/2591
f 6124/3642/2591 6121/3644/2591 6123/3646/2591
f 6127/3648/2592 6125/3649/2592 6126/3650/2592
f 6128/3651/2593 6125/3649/2593 6127/3648/2593
f 6131/3652/2594 6129/3650/2594 6130/3653/2594
f 6132/3648/2594 6129/3650/2594 6131/3652/2594
f 6135/3654/2595 6133/3653/2595 6134/3655/2595
f 6136/3652/2595 6133/3653/2595 6135/3654/2595
f 6139/3656/2596 6137/3655/2596 6138/3657/2596
f 6140/3654/2597 6137/3655/2597 6139/3656/2597
f 6143/3642/2598 6141/3647/2598 6142/3644/2598
f 6144/3646/2598 6141/3647/2598 6143/3642/2598
f 6147/3645/2599 6145/3644/2599 6146/3643/2599
f 6148/3642/2600 6145/3644/2600 6147/3645/2600
f 6151/3658/2601 6149/3643/2601 6150/3659/2601
f 6152/3645/2602 6149/3643/2602 6151/3658/2602
f 6155/3660/2603 6153/3659/2603 6154/3661/2603
f 6156/3658/2603 6153/3659/2603 6155/3660/2603
f 6159/3654/2604 6157/3657/2604 6158/3655/2604
f 6160/3656/2605 6157/3657/2605 6159/3654/2605
f 6163/3652/2606 6161/3655/2606 6162/3653/2606
f 6164/3654/2606 6161/3655/2606 6163/3652/2606
f 6167/3648/2607 6165/3653/2607 6166/3650/2607
f 6168/3652/2607 6165/3653/2607 6167/3648/2607
f 6171/3651/2608 6169/3650/2608 6170/3649/2608
f 6172/3648/2609 6169/3650/2609 6171/3651/2609
f 6175/3658/2610 6173/3661/2610 6174/3659/2610
f 6176/3660/2610 6173/3661/2610 6175/3658/2610
f 6179/3645/2611 6177/3659/2611 6178/3643/2611
f 6180/3658/2612 6177/3659/2612 6179/3645/2612
usemtl dirtymetal.001
f 6103/3626/2588 6101/3627/2588 6102/3628/2588
f 6104/3629/2588 6101/3627/2588 6103/3626/2588
f 6105/3630/2588 6101/3627/2588 6104/3629/2588
f 6106/3631/2588 6101/3627/2588 6105/3630/2588
f 6107/3632/2588 6101/3627/2588 6106/3631/2588
f 6108/3633/2588 6101/3627/2588 6107/3632/2588
f 6109/3634/2588 6101/3627/2588 6108/3633/2588
f 6110/3635/2588 6101/3627/2588 6109/3634/2588
f 6111/3636/2588 6101/3627/2588 6110/3635/2588
f 6112/3637/2588 6101/3627/2588 6111/3636/2588
f 6113/3638/2588 6101/3627/2588 6112/3637/2588
f 6114/3639/2588 6101/3627/2588 6113/3638/2588
f 6115/3640/2588 6101/3627/2588 6114/3639/2588
f 6116/3641/2588 6101/3627/2588 6115/3640/2588
o classname=brush.111
v 33.518723 12.874742 -78.691307
v 33.510277 12.874742 -78.733788
v 33.486214 12.874742 -78.769791
v 33.450211 12.874742 -78.793854
v 33.407734 12.874742 -78.802299
v 33.365261 12.874742 -78.793854
v 33.329254 12.874742 -78.769791
v 33.305195 12.874742 -78.733788
v 33.296745 12.874742 -78.691307
v 33.305195 12.874742 -78.648834
v 33.329254 12.874742 -78.612831
v 33.365261 12.874742 -78.588768
v 33.407734 12.874742 -78.580322
v 33.450211 12.874742 -78.588768
v 33.486214 12.874742 -78.612831
v 33.510277 12.874742 -78.648834
v 33.518723 11.542871 -78.691307
v 33.510277 11.542871 -78.733788
v 33.510277 12.874742 -78.733788
v 33.518723 12.874742 -78.691307
v 33.510277 11.542871 -78.733788
v 33.486214 11.542871 -78.769791
v 33.486214 12.874742 -78.769791
v 33.510277 12.874742 -78.733788
v 33.486214 11.542871 -78.769791
v 33.450211 11.542871 -78.793854
v 33.450211 12.874742 -78.793854
v 33.486214 12.874742 -78.769791
v 33.450211 11.542871 -78.793854
v 33.407734 11.542871 -78.802299
v 33.407734 12.874742 -78.802299
v 33.450211 12.874742 -78.793854
v 33.407734 11.542871 -78.802299
v 33.365261 11.542871 -78.793854
v 33.365261 12.874742 -78.793854
v 33.407734 12.874742 -78.802299
v 33.365261 11.542871 -78.793854
v 33.329254 11.542871 -78.769791
v 33.329254 12.874742 -78.769791
v 33.365261 12.874742 -78.793854
v 33.329254 11.542871 -78.769791
v 33.305195 11.542871 -78.733788
v 33.305195 12.874742 -78.733788
v 33.329254 12.874742 -78.769791
v 33.305195 11.542871 -78.733788
v 33.296745 11.542871 -78.691307
v 33.296745 12.874742 -78.691307
v 33.305195 12.874742 -78.733788
v 33.296745 11.542871 -78.691307
v 33.305195 11.542871 -78.648834
v 33.305195 12.874742 -78.648834
v 33.296745 12.874742 -78.691307
v 33.305195 11.542871 -78.648834
v 33.329254 11.542871 -78.612831
v 33.329254 12.874742 -78.612831
v 33.305195 12.874742 -78.648834
v 33.329254 11.542871 -78.612831
v 33.365261 11.542871 -78.588768
v 33.365261 12.874742 -78.588768
v 33.329254 12.874742 -78.612831
v 33.365261 11.542871 -78.588768
v 33.407734 11.542871 -78.580322
v 33.407734 12.874742 -78.580322
v 33.365261 12.874742 -78.588768
v 33.407734 11.542871 -78.580322
v 33.450211 11.542871 -78.588768
v 33.450211 12.874742 -78.588768
v 33.407734 12.874742 -78.580322
v 33.450211 11.542871 -78.588768
v 33.486214 11.542871 -78.612831
v 33.486214 12.874742 -78.612831
v 33.450211 12.874742 -78.588768
v 33.486214 11.542871 -78.612831
v 33.510277 11.542871 -78.648834
v 33.510277 12.874742 -78.648834
v 33.486214 12.874742 -78.612831
v 33.510277 11.542871 -78.648834
v 33.518723 11.542871 -78.691307
v 33.518723 12.874742 -78.691307
v 33.510277 12.874742 -78.648834
vn -0.0000 1.0000 -0.0000
vn 0.9808 -0.0000 -0.1951
vn 0.9808 -0.0000 -0.1950
vn 0.8314 -0.0000 -0.5556
vn 0.5557 -0.0000 -0.8314
vn 0.5556 -0.0000 -0.8314
vn 0.1951 -0.0000 -0.9808
vn -0.1951 -0.0000 -0.9808
vn -0.5556 -0.0000 -0.8314
vn -0.5557 -0.0000 -0.8314
vn -0.8314 -0.0000 -0.5556
vn -0.9808 -0.0000 -0.1950
vn -0.9808 -0.0000 -0.1951
vn -0.9808 -0.0000 0.1951
vn -0.9808 -0.0000 0.1950
vn -0.8314 -0.0000 0.5556
vn -0.5557 -0.0000 0.8314
vn -0.5556 -0.0000 0.8314
vn -0.1951 -0.0000 0.9808
vn 0.1951 -0.0000 0.9808
vn 0.5556 -0.0000 0.8314
vn 0.5557 -0.0000 0.8314
vn 0.8314 -0.0000 0.5556
vn 0.9808 -0.0000 0.1950
vn 0.9808 -0.0000 0.1951
vt 0.515053 2.386147
vt 0.515625 2.384766
vt 0.515476 2.385513
vt 0.514419 2.386570
vt 0.513672 2.386719
vt 0.512924 2.386570
vt 0.512291 2.386147
vt 0.511867 2.385513
vt 0.511719 2.384766
vt 0.511867 2.384018
vt 0.512291 2.383385
vt 0.512924 2.382961
vt 0.513672 2.382812
vt 0.514419 2.382961
vt 0.515053 2.383385
vt 0.515476 2.384018
vt 2.771026 1.421875
vt 2.769531 1.375000
vt 2.771026 1.375000
vt 2.769531 1.421875
vt 2.772293 1.421875
vt 2.772293 1.375000
vt 1.028839 1.421875
vt 1.030106 1.375000
vt 1.028839 1.375000
vt 1.030106 1.421875
vt 1.027344 1.421875
vt 1.027344 1.375000
vt 1.025849 1.421875
vt 1.025849 1.375000
vt 1.024582 1.421875
vt 1.024582 1.375000
vt 2.768036 1.421875
vt 2.768036 1.375000
vt 2.766769 1.421875
vt 2.766769 1.375000
s 0
usemtl glass
f 6199/3678/2614 6197/3679/2614 6198/3680/2614
f 6200/3681/2615 6197/3679/2615 6199/3678/2615
f 6203/3682/2616 6201/3680/2616 6202/3683/2616
f 6204/3678/2616 6201/3680/2616 6203/3682/2616
f 6207/3684/2617 6205/3685/2617 6206/3686/2617
f 6208/3687/2618 6205/3685/2618 6207/3684/2618
f 6211/3688/2619 6209/3686/2619 6210/3689/2619
f 6212/3684/2619 6209/3686/2619 6211/3688/2619
f 6215/3690/2620 6213/3689/2620 6214/3691/2620
f 6216/3688/2620 6213/3689/2620 6215/3690/2620
f 6219/3692/2621 6217/3691/2621 6218/3693/2621
f 6220/3690/2622 6217/3691/2622 6219/3692/2622
f 6223/3678/2623 6221/3683/2623 6222/3680/2623
f 6224/3682/2623 6221/3683/2623 6223/3678/2623
f 6227/3681/2624 6225/3680/2624 6226/3679/2624
f 6228/3678/2625 6225/3680/2625 6227/3681/2625
f 6231/3694/2626 6229/3679/2626 6230/3695/2626
f 6232/3681/2627 6229/3679/2627 6231/3694/2627
f 6235/3696/2628 6233/3695/2628 6234/3697/2628
f 6236/3694/2628 6233/3695/2628 6235/3696/2628
f 6239/3690/2629 6237/3693/2629 6238/3691/2629
f 6240/3692/2630 6237/3693/2630 6239/3690/2630
f 6243/3688/2631 6241/3691/2631 6242/3689/2631
f 6244/3690/2631 6241/3691/2631 6243/3688/2631
f 6247/3684/2632 6245/3689/2632 6246/3686/2632
f 6248/3688/2632 6245/3689/2632 6247/3684/2632
f 6251/3687/2633 6249/3686/2633 6250/3685/2633
f 6252/3684/2634 6249/3686/2634 6251/3687/2634
f 6255/3694/2635 6253/3697/2635 6254/3695/2635
f 6256/3696/2635 6253/3697/2635 6255/3694/2635
f 6259/3681/2636 6257/3695/2636 6258/3679/2636
f 6260/3694/2637 6257/3695/2637 6259/3681/2637
usemtl dirtymetal.001
f 6183/3662/2613 6181/3663/2613 6182/3664/2613
f 6184/3665/2613 6181/3663/2613 6183/3662/2613
f 6185/3666/2613 6181/3663/2613 6184/3665/2613
f 6186/3667/2613 6181/3663/2613 6185/3666/2613
f 6187/3668/2613 6181/3663/2613 6186/3667/2613
f 6188/3669/2613 6181/3663/2613 6187/3668/2613
f 6189/3670/2613 6181/3663/2613 6188/3669/2613
f 6190/3671/2613 6181/3663/2613 6189/3670/2613
f 6191/3672/2613 6181/3663/2613 6190/3671/2613
f 6192/3673/2613 6181/3663/2613 6191/3672/2613
f 6193/3674/2613 6181/3663/2613 6192/3673/2613
f 6194/3675/2613 6181/3663/2613 6193/3674/2613
f 6195/3676/2613 6181/3663/2613 6194/3675/2613
f 6196/3677/2613 6181/3663/2613 6195/3676/2613
o classname=brush.112
v 28.968168 10.654959 -77.692406
v 31.076963 10.654959 -77.692406
v 31.076963 12.874742 -77.692406
v 30.300039 12.874742 -77.692406
v 30.300039 12.874742 -79.468231
v 31.076963 12.874742 -79.468231
v 31.076963 10.654959 -79.468231
v 28.968168 10.654959 -79.468231
v 28.968168 10.654959 -77.692406
v 28.968168 10.654959 -79.468231
v 31.076963 10.654959 -79.468231
v 31.076963 10.654959 -77.692406
v 31.076963 12.874742 -77.692406
v 31.076963 12.874742 -79.468231
v 30.300039 12.874742 -79.468231
v 30.300039 12.874742 -77.692406
v 28.968168 10.654959 -77.692406
v 30.300039 12.874742 -77.692406
v 30.300039 12.874742 -79.468231
v 28.968168 10.654959 -79.468231
v 31.076963 10.654959 -79.468231
v 31.076963 12.874742 -79.468231
v 31.076963 12.874742 -77.692406
v 31.076963 10.654959 -77.692406
vn -0.0000 -0.0000 1.0000
vn -0.0000 -0.0000 -1.0000
vn -0.0000 -1.0000 -0.0000
vn -0.0000 1.0000 -0.0000
vn -0.8575 0.5145 -0.0000
vn 1.0000 -0.0000 -0.0000
vt 0.654297 1.113281
vt 0.617188 1.074219
vt 0.654297 1.074219
vt 0.640625 1.113281
vt 0.654297 2.285156
vt 0.617188 2.253906
vt 0.617188 2.285156
vt 0.654297 2.253906
vt 7.679688 -3.820312
vt 7.554688 -3.875000
vt 7.679688 -3.875000
vt 7.554688 -3.820312
vt 1.380859 1.113281
vt 1.349609 1.074219
vt 1.349609 1.113281
vt 1.380859 1.074219
vt 1.259766 1.113281
vt 1.291016 1.074219
vt 1.291016 1.113281
vt 1.259766 1.074219
s 0
usemtl controlpanel.001
f 6263/3698/2638 6261/3699/2638 6262/3700/2638
f 6264/3701/2638 6261/3699/2638 6263/3698/2638
f 6267/3700/2639 6265/3701/2639 6266/3698/2639
f 6268/3699/2639 6265/3701/2639 6267/3700/2639
f 6271/3702/2640 6269/3703/2640 6270/3704/2640
f 6272/3705/2640 6269/3703/2640 6271/3702/2640
f 6275/3706/2641 6273/3707/2641 6274/3708/2641
f 6276/3709/2641 6273/3707/2641 6275/3706/2641
f 6279/3710/2642 6277/3711/2642 6278/3712/2642
f 6280/3713/2642 6277/3711/2642 6279/3710/2642
f 6283/3714/2643 6281/3715/2643 6282/3716/2643
f 6284/3717/2643 6281/3715/2643 6283/3714/2643
o classname=brush.113
v 26.415419 11.542871 -78.358345
v 29.967072 11.542871 -78.358345
v 29.967072 11.986829 -78.358345
v 26.415419 11.986829 -78.358345
v 26.415419 11.986829 -78.802299
v 29.967072 11.986829 -78.802299
v 29.967072 11.542871 -78.802299
v 26.415419 11.542871 -78.802299
v 26.415419 11.542871 -78.358345
v 26.415419 11.542871 -78.802299
v 29.967072 11.542871 -78.802299
v 29.967072 11.542871 -78.358345
v 29.967072 11.986829 -78.358345
v 29.967072 11.986829 -78.802299
v 26.415419 11.986829 -78.802299
v 26.415419 11.986829 -78.358345
v 26.415419 11.542871 -78.358345
v 26.415419 11.986829 -78.358345
v 26.415419 11.986829 -78.802299
v 26.415419 11.542871 -78.802299
v 29.967072 11.542871 -78.802299
v 29.967072 11.986829 -78.802299
v 29.967072 11.986829 -78.358345
v 29.967072 11.542871 -78.358345
vn -0.0000 -0.0000 1.0000
vn -0.0000 -0.0000 -1.0000
vn -0.0000 -1.0000 -0.0000
vn -0.0000 1.0000 -0.0000
vn -1.0000 -0.0000 -0.0000
vn 1.0000 -0.0000 -0.0000
vt 1.757812 1.703125
vt 1.549479 1.677083
vt 1.757812 1.677083
vt 1.549479 1.703125
vt 1.757812 5.622396
vt 1.549479 5.596354
vt 1.549479 5.622396
vt 1.757812 5.596354
vt 4.622396 1.703125
vt 4.596354 1.677083
vt 4.596354 1.703125
vt 4.622396 1.677083
s 0
usemtl controlpanel.001
f 6287/3718/2644 6285/3719/2644 6286/3720/2644
f 6288/3721/2644 6285/3719/2644 6287/3718/2644
f 6291/3720/2645 6289/3721/2645 6290/3718/2645
f 6292/3719/2645 6289/3721/2645 6291/3720/2645
f 6295/3722/2646 6293/3723/2646 6294/3724/2646
f 6296/3725/2646 6293/3723/2646 6295/3722/2646
f 6299/3724/2647 6297/3725/2647 6298/3722/2647
f 6300/3723/2647 6297/3725/2647 6299/3724/2647
f 6303/3726/2648 6301/3727/2648 6302/3728/2648
f 6304/3729/2648 6301/3727/2648 6303/3726/2648
f 6307/3728/2649 6305/3729/2649 6306/3726/2649
f 6308/3727/2649 6305/3729/2649 6307/3728/2649
o classname=brush.114
v -63.929752 -0.000002 -99.446281
v -63.929752 49.723141 -99.446281
v -63.929752 49.723141 72.808884
v -63.929752 -0.000002 72.808884
vn 1.0000 -0.0000 -0.0000
vt -3.203125 3.187500
vt 4.375000 1.000000
vt 4.375000 3.187500
vt -3.203125 1.000000
s 0
usemtl tilefloor.001
f 6311/3730/2650 6309/3731/2650 6310/3732/2650
f 6312/3733/2650 6309/3731/2650 6311/3730/2650
o classname=brush.115
v -63.929752 -0.000002 -95.894630
v -21.309917 -0.000002 -95.894630
v -21.309917 49.723141 -95.894630
v -63.929752 49.723141 -95.894630
vn -0.0000 -0.0000 1.0000
vt -0.937500 3.187500
vt -2.812500 1.000000
vt -0.937500 1.000000
vt -2.812500 3.187500
s 0
usemtl tilefloor.001
f 6315/3734/2651 6313/3735/2651 6314/3736/2651
f 6316/3737/2651 6313/3735/2651 6315/3734/2651
o classname=brush.116
v -21.309917 0.000000 71.033058
v -21.309917 49.723141 71.033058
v -21.309917 49.723141 14.206612
v -21.309917 0.000000 14.206612
v -17.758265 0.000000 14.206612
v -17.758265 49.723141 14.206612
v -17.758265 49.723141 71.033058
v -17.758265 0.000000 71.033058
vn -1.0000 -0.0000 -0.0000
vn 1.0000 -0.0000 -0.0000
vt -0.625000 3.187500
vt -3.125000 1.000000
vt -3.125000 3.187500
vt -0.625000 1.000000
s 0
usemtl tilefloor.001
f 6319/3738/2652 6317/3739/2652 6318/3740/2652
f 6320/3741/2652 6317/3739/2652 6319/3738/2652
f 6323/3740/2653 6321/3741/2653 6322/3738/2653
f 6324/3739/2653 6321/3741/2653 6323/3740/2653
o classname=brush.117
v -67.481407 -3.551653 113.652893
v -21.309919 -3.551653 113.652893
v -21.309919 0.000000 113.652893
v -67.481407 0.000000 113.652893
v -67.481407 0.000000 -99.224304
v -21.309919 0.000000 -99.224304
v -21.309919 -3.551653 -99.224304
v -67.481407 -3.551653 -99.224304
v -67.481407 -3.551653 113.652893
v -67.481407 -3.551653 -99.224304
v -21.309919 -3.551653 -99.224304
v -21.309919 -3.551653 113.652893
v -21.309919 0.000000 113.652893
v -21.309919 0.000000 -99.224304
v -67.481407 0.000000 -99.224304
v -67.481407 0.000000 113.652893
v -67.481407 -3.551653 113.652893
v -67.481407 0.000000 113.652893
v -67.481407 0.000000 -99.224304
v -67.481407 -3.551653 -99.224304
v -21.309919 -3.551653 -99.224304
v -21.309919 0.000000 -99.224304
v -21.309919 0.000000 113.652893
v -21.309919 -3.551653 113.652893
vn -0.0000 -0.0000 1.0000
vn -0.0000 -0.0000 -1.0000
vn -0.0000 -1.0000 -0.0000
vn -0.0000 1.0000 -0.0000
vn -1.0000 -0.0000 -0.0000
vn 1.0000 -0.0000 -0.0000
vt -0.375000 1.000000
vt -1.187500 0.937500
vt -0.375000 0.937500
vt -1.187500 1.000000
vt -0.375000 2.746094
vt -1.187500 -1.000000
vt -1.187500 2.746094
vt -0.375000 -1.000000
vt 1.746094 1.000000
vt -2.000000 0.937500
vt -2.000000 1.000000
vt 1.746094 0.937500
s 0
usemtl metal.001
f 6327/3742/2654 6325/3743/2654 6326/3744/2654
f 6328/3745/2654 6325/3743/2654 6327/3742/2654
f 6331/3744/2655 6329/3745/2655 6330/3742/2655
f 6332/3743/2655 6329/3745/2655 6331/3744/2655
f 6335/3746/2656 6333/3747/2656 6334/3748/2656
f 6336/3749/2656 6333/3747/2656 6335/3746/2656
f 6339/3748/2657 6337/3749/2657 6338/3746/2657
f 6340/3747/2657 6337/3749/2657 6339/3748/2657
f 6343/3750/2658 6341/3751/2658 6342/3752/2658
f 6344/3753/2658 6341/3751/2658 6343/3750/2658
f 6347/3752/2659 6345/3753/2659 6346/3750/2659
f 6348/3751/2659 6345/3753/2659 6347/3752/2659
o classname=brush.118
v -63.929752 49.723141 78.136368
v -63.929752 35.516529 78.136368
v 47.947319 35.516529 78.136368
v 47.947319 49.723141 78.136368
v -63.929752 35.516529 71.033058
v -63.929752 49.723141 71.033058
v 47.947319 49.723141 71.033058
v 47.947319 35.516529 71.033058
v -63.929752 35.516529 71.033058
v 47.947319 35.516529 71.033058
v 47.947319 35.516529 78.136368
v -63.929752 35.516529 78.136368
vn -0.0000 -0.0000 1.0000
vn -0.0000 -0.0000 -1.0000
vn -0.0000 -1.0000 -0.0000
vt 1.687500 2.250000
vt -2.250000 2.750000
vt -2.250000 2.250000
vt 1.687500 2.750000
vt 2.109375 3.187500
vt -2.812500 2.562500
vt -2.812500 3.187500
vt 2.109375 2.562500
vt 1.687500 -1.750000
vt -2.250000 -1.500000
vt 1.687500 -1.500000
vt -2.250000 -1.750000
s 0
usemtl white.001
f 6351/3754/2660 6349/3755/2660 6350/3756/2660
f 6352/3757/2660 6349/3755/2660 6351/3754/2660
f 6359/3762/2662 6357/3763/2662 6358/3764/2662
f 6360/3765/2662 6357/3763/2662 6359/3762/2662
usemtl tilefloor.001
f 6355/3758/2661 6353/3759/2661 6354/3760/2661
f 6356/3761/2661 6353/3759/2661 6355/3758/2661
o classname=brush.119
v -53.274796 35.516529 78.136368
v -63.929752 35.516529 78.136368
v -63.929752 0.000000 78.136368
v -53.274796 0.000000 78.136368
v -53.274796 0.000000 71.033058
v -63.929752 0.000000 71.033058
v -63.929752 35.516529 71.033058
v -53.274796 35.516529 71.033058
v -53.274796 35.516529 71.033058
v -53.274796 35.516529 78.136368
v -53.274796 0.000000 78.136368
v -53.274796 0.000000 71.033058
vn -0.0000 -0.0000 1.0000
vn -0.0000 -0.0000 -1.0000
vn 1.0000 -0.0000 -0.0000
vt -2.250000 1.000000
vt -1.875000 2.250000
vt -2.250000 2.250000
vt -1.875000 1.000000
vt -2.812500 2.562500
vt -2.343750 1.000000
vt -2.812500 1.000000
vt -2.343750 2.562500
vt -2.750000 1.000000
vt -2.500000 2.250000
vt -2.750000 2.250000
vt -2.500000 1.000000
s 0
usemtl white.001
f 6363/3766/2663 6361/3767/2663 6362/3768/2663
f 6364/3769/2663 6361/3767/2663 6363/3766/2663
f 6371/3774/2665 6369/3775/2665 6370/3776/2665
f 6372/3777/2665 6369/3775/2665 6371/3774/2665
usemtl tilefloor.001
f 6367/3770/2664 6365/3771/2664 6366/3772/2664
f 6368/3773/2664 6365/3771/2664 6367/3770/2664
o classname=brush.120
v 22.197830 0.000000 78.136368
v 22.197830 35.516529 78.136368
v -31.964876 35.516529 78.136368
v -31.964876 0.000000 78.136368
v 22.197830 35.516529 71.033058
v 22.197830 0.000000 71.033058
v -31.964876 0.000000 71.033058
v -31.964876 35.516529 71.033058
v 22.197830 35.516529 71.033058
v 22.197830 35.516529 78.136368
v 22.197830 0.000000 78.136368
v 22.197830 0.000000 71.033058
v -31.964876 35.516529 78.136368
v -31.964876 35.516529 71.033058
v -31.964876 0.000000 71.033058
v -31.964876 0.000000 78.136368
vn -0.0000 -0.0000 1.0000
vn -0.0000 -0.0000 -1.0000
vn 1.0000 -0.0000 -0.0000
vn -1.0000 -0.0000 -0.0000
vt -1.125000 2.250000
vt 0.781250 1.000000
vt 0.781250 2.250000
vt -1.125000 1.000000
vt -1.406250 1.000000
vt 0.976562 2.562500
vt 0.976562 1.000000
vt -1.406250 2.562500
vt -2.750000 1.000000
vt -2.500000 2.250000
vt -2.750000 2.250000
vt -2.500000 1.000000
s 0
usemtl white.001
f 6375/3778/2666 6373/3779/2666 6374/3780/2666
f 6376/3781/2666 6373/3779/2666 6375/3778/2666
f 6383/3786/2668 6381/3787/2668 6382/3788/2668
f 6384/3789/2668 6381/3787/2668 6383/3786/2668
f 6387/3789/2669 6385/3788/2669 6386/3787/2669
f 6388/3786/2669 6385/3788/2669 6387/3789/2669
usemtl tilefloor.001
f 6379/3782/2667 6377/3783/2667 6378/3784/2667
f 6380/3785/2667 6377/3783/2667 6379/3782/2667
o classname=brush.121
v -67.481407 -0.000002 113.652893
v -63.929752 -0.000002 113.652893
v -63.929752 49.723141 113.652893
v -67.481407 49.723141 113.652893
v -67.481407 49.723141 72.808884
v -63.929752 49.723141 72.808884
v -63.929752 -0.000002 72.808884
v -67.481407 -0.000002 72.808884
v -67.481407 -0.000002 113.652893
v -67.481407 -0.000002 72.808884
v -63.929752 -0.000002 72.808884
v -63.929752 -0.000002 113.652893
v -63.929752 49.723141 113.652893
v -63.929752 49.723141 72.808884
v -67.481407 49.723141 72.808884
v -67.481407 49.723141 113.652893
v -67.481407 -0.000002 113.652893
v -67.481407 49.723141 113.652893
v -67.481407 49.723141 72.808884
v -67.481407 -0.000002 72.808884
v -63.929752 -0.000002 72.808884
v -63.929752 49.723141 72.808884
v -63.929752 49.723141 113.652893
v -63.929752 -0.000002 113.652893
vn -0.0000 -0.0000 1.0000
vn -0.0000 -0.0000 -1.0000
vn -0.0000 -1.0000 -0.0000
vn -0.0000 1.0000 -0.0000
vn -1.0000 -0.0000 -0.0000
vn 1.0000 -0.0000 -0.0000
vt -2.250000 2.750000
vt -2.375000 1.000000
vt -2.250000 1.000000
vt -2.375000 2.750000
vt -2.250000 -1.625000
vt -2.375000 -3.062500
vt -2.375000 -1.625000
vt -2.250000 -3.062500
vt -2.625000 2.750000
vt -4.062500 1.000000
vt -4.062500 2.750000
vt -2.625000 1.000000
s 0
usemtl white.001
f 6391/3790/2670 6389/3791/2670 6390/3792/2670
f 6392/3793/2670 6389/3791/2670 6391/3790/2670
f 6395/3792/2671 6393/3793/2671 6394/3790/2671
f 6396/3791/2671 6393/3793/2671 6395/3792/2671
f 6399/3794/2672 6397/3795/2672 6398/3796/2672
f 6400/3797/2672 6397/3795/2672 6399/3794/2672
f 6403/3796/2673 6401/3797/2673 6402/3794/2673
f 6404/3795/2673 6401/3797/2673 6403/3796/2673
f 6407/3798/2674 6405/3799/2674 6406/3800/2674
f 6408/3801/2674 6405/3799/2674 6407/3798/2674
f 6411/3800/2675 6409/3801/2675 6410/3798/2675
f 6412/3799/2675 6409/3801/2675 6411/3800/2675
o classname=brush.122
v -21.309917 -71.920975 -113.652893
v -21.309917 -71.920975 14.206612
v -21.309917 14.206612 14.206612
v -21.309917 14.206612 -113.652893
v -17.758265 -71.920975 14.206612
v -17.758265 -71.920975 -113.652893
v -17.758265 14.206612 -113.652893
v -17.758265 14.206612 14.206612
v -17.758265 14.206612 -113.652893
v -21.309917 14.206612 -113.652893
v -21.309917 14.206612 14.206612
v -17.758265 14.206612 14.206612
vn -1.0000 -0.0000 -0.0000
vn 1.0000 -0.0000 -0.0000
vn -0.0000 1.0000 -0.0000
vt -0.625000 1.625000
vt 5.000000 -2.164062
vt -0.625000 -2.164062
vt 5.000000 1.625000
vt 2.000000 1.250000
vt -0.250000 -0.265625
vt 2.000000 -0.265625
vt -0.250000 1.250000
vt -0.375000 0.750000
vt -0.312500 3.000000
vt -0.375000 3.000000
vt -0.312500 0.750000
s 0
usemtl metal.001
f 6419/3806/2677 6417/3807/2677 6418/3808/2677
f 6420/3809/2677 6417/3807/2677 6419/3806/2677
f 6423/3810/2678 6421/3811/2678 6422/3812/2678
f 6424/3813/2678 6421/3811/2678 6423/3810/2678
usemtl tilefloor.001
f 6415/3802/2676 6413/3803/2676 6414/3804/2676
f 6416/3805/2676 6413/3803/2676 6415/3802/2676
o classname=brush.123
v -21.309917 35.516529 14.206612
v -21.309917 49.945107 14.206612
v -21.309917 49.945107 -113.652893
v -21.309917 35.516529 -113.652893
v -17.758265 35.516529 -113.652893
v -17.758265 49.945107 -113.652893
v -17.758265 49.945107 14.206612
v -17.758265 35.516529 14.206612
v -17.758265 35.516529 14.206612
v -21.309917 35.516529 14.206612
v -21.309917 35.516529 -113.652893
v -17.758265 35.516529 -113.652893
vn -1.0000 -0.0000 -0.0000
vn 1.0000 -0.0000 -0.0000
vn -0.0000 -1.0000 -0.0000
vt 5.000000 3.197265
vt -0.625000 2.562500
vt -0.625000 3.197265
vt 5.000000 2.562500
vt -0.250000 1.878906
vt 2.000000 1.625000
vt 2.000000 1.878906
vt -0.250000 1.625000
vt -0.375000 3.000000
vt -0.312500 0.750000
vt -0.375000 0.750000
vt -0.312500 3.000000
s 0
usemtl metal.001
f 6431/3818/2680 6429/3819/2680 6430/3820/2680
f 6432/3821/2680 6429/3819/2680 6431/3818/2680
f 6435/3822/2681 6433/3823/2681 6434/3824/2681
f 6436/3825/2681 6433/3823/2681 6435/3822/2681
usemtl tilefloor.001
f 6427/3814/2679 6425/3815/2679 6426/3816/2679
f 6428/3817/2679 6425/3815/2679 6427/3814/2679
o classname=brush.124
v -21.309917 35.516529 -113.652893
v -21.309917 14.206612 -113.652893
v -21.309917 14.206612 -85.239670
v -21.309917 35.516529 -85.239670
v -17.758265 14.206612 -85.239670
v -17.758265 14.206612 -113.652893
v -17.758265 35.516529 -113.652893
v -17.758265 35.516529 -85.239670
v -17.758265 35.516529 -85.239670
v -21.309917 35.516529 -85.239670
v -21.309917 14.206612 -85.239670
v -17.758265 14.206612 -85.239670
vn -1.0000 -0.0000 -0.0000
vn 1.0000 -0.0000 -0.0000
vn -0.0000 -0.0000 1.0000
vt 3.750000 1.625000
vt 5.000000 2.562500
vt 5.000000 1.625000
vt 3.750000 2.562500
vt 2.000000 1.625000
vt 1.500000 1.250000
vt 2.000000 1.250000
vt 1.500000 1.625000
vt -0.375000 1.250000
vt -0.312500 1.625000
vt -0.375000 1.625000
vt -0.312500 1.250000
s 0
usemtl metal.001
f 6443/3830/2683 6441/3831/2683 6442/3832/2683
f 6444/3833/2683 6441/3831/2683 6443/3830/2683
f 6447/3834/2684 6445/3835/2684 6446/3836/2684
f 6448/3837/2684 6445/3835/2684 6447/3834/2684
usemtl tilefloor.001
f 6439/3826/2682 6437/3827/2682 6438/3828/2682
f 6440/3829/2682 6437/3827/2682 6439/3826/2682
o classname=brush.125
v -21.309917 35.516529 -56.826447
v -21.309917 14.206612 -56.826447
v -21.309917 14.206612 -51.498966
v -21.309917 35.516529 -51.498966
v -17.758265 14.206612 -56.826447
v -17.758265 35.516529 -56.826447
v -17.758265 35.516529 -51.498966
v -17.758265 14.206612 -51.498966
v -21.309917 14.206612 -56.826447
v -21.309917 35.516529 -56.826447
v -17.758265 35.516529 -56.826447
v -17.758265 14.206612 -56.826447
v -17.758265 35.516529 -51.498966
v -21.309917 35.516529 -51.498966
v -21.309917 14.206612 -51.498966
v -17.758265 14.206612 -51.498966
vn -1.0000 -0.0000 -0.0000
vn 1.0000 -0.0000 -0.0000
vn -0.0000 -0.0000 -1.0000
vn -0.0000 -0.0000 1.0000
vt 2.265625 1.625000
vt 2.500000 2.562500
vt 2.500000 1.625000
vt 2.265625 2.562500
vt 0.906250 1.625000
vt 1.000000 1.250000
vt 1.000000 1.625000
vt 0.906250 1.250000
vt -0.312500 1.625000
vt -0.375000 1.250000
vt -0.375000 1.625000
vt -0.312500 1.250000
s 0
usemtl metal.001
f 6455/3842/2686 6453/3843/2686 6454/3844/2686
f 6456/3845/2686 6453/3843/2686 6455/3842/2686
f 6459/3846/2687 6457/3847/2687 6458/3848/2687
f 6460/3849/2687 6457/3847/2687 6459/3846/2687
f 6463/3847/2688 6461/3846/2688 6462/3848/2688
f 6464/3849/2688 6461/3846/2688 6463/3847/2688
usemtl tilefloor.001
f 6451/3838/2685 6449/3839/2685 6450/3840/2685
f 6452/3841/2685 6449/3839/2685 6451/3838/2685
o classname=brush.126
v -21.309917 14.206612 -23.085743
v -21.309917 14.206612 14.206612
v -21.309917 35.516529 14.206612
v -21.309917 35.516529 -23.085743
v -17.758265 35.516529 -23.085743
v -17.758265 35.516529 14.206612
v -17.758265 14.206612 14.206612
v -17.758265 14.206612 -23.085743
v -21.309917 35.516529 -23.085743
v -17.758265 35.516529 -23.085743
v -17.758265 14.206612 -23.085743
v -21.309917 14.206612 -23.085743
vn -1.0000 -0.0000 -0.0000
vn 1.0000 -0.0000 -0.0000
vn -0.0000 -0.0000 -1.0000
vt -0.625000 2.562500
vt 1.015625 1.625000
vt -0.625000 1.625000
vt 1.015625 2.562500
vt -0.250000 1.250000
vt 0.406250 1.625000
vt -0.250000 1.625000
vt 0.406250 1.250000
vt -0.312500 1.250000
vt -0.375000 1.625000
vt -0.312500 1.625000
vt -0.375000 1.250000
s 0
usemtl metal.001
f 6471/3854/2690 6469/3855/2690 6470/3856/2690
f 6472/3857/2690 6469/3855/2690 6471/3854/2690
f 6475/3858/2691 6473/3859/2691 6474/3860/2691
f 6476/3861/2691 6473/3859/2691 6475/3858/2691
usemtl tilefloor.001
f 6467/3850/2689 6465/3851/2689 6466/3852/2689
f 6468/3853/2689 6465/3851/2689 6467/3850/2689
o classname=brush.127
v -19.978048 14.650568 -51.055012
v -19.978048 14.650568 -23.529701
v -19.978048 35.072571 -23.529701
v -19.978048 35.072571 -51.055012
vn -1.0000 -0.0000 -0.0000
vt 0.011719 1.988281
vt 0.980469 1.269531
vt 0.011719 1.269531
vt 0.980469 1.988281
s 0
usemtl glass
f 6479/3862/2692 6477/3863/2692 6478/3864/2692
f 6480/3865/2692 6477/3863/2692 6479/3862/2692
o classname=brush.128
v -21.531897 14.650568 -110.101242
v -21.531897 14.206612 -110.101242
v -21.531897 14.206612 71.033066
v -21.531897 14.650568 71.033066
v -17.536285 14.206612 -110.101242
v -17.536285 14.650568 -110.101242
v -17.536285 14.650568 71.033066
v -17.536285 14.206612 71.033066
v -21.531897 14.206612 71.033066
v -21.531897 14.206612 -110.101242
v -17.536285 14.206612 -110.101242
v -17.536285 14.206612 71.033066
v -17.536285 14.206612 -110.101242
v -21.531897 14.206612 -110.101242
v -21.531897 14.650568 -110.101242
v -17.536285 14.650568 -110.101242
v -21.531897 14.206612 71.033066
v -17.536285 14.206612 71.033066
v -17.536285 14.650568 71.033066
v -21.531897 14.650568 71.033066
v -17.536285 14.650568 71.033066
v -17.536285 14.650568 -110.101242
v -21.531897 14.650568 -110.101242
v -21.531897 14.650568 71.033066
vn -1.0000 -0.0000 -0.0000
vn 1.0000 -0.0000 -0.0000
vn -0.0000 -1.0000 -0.0000
vn -0.0000 -0.0000 -1.0000
vn -0.0000 -0.0000 1.0000
vn -0.0000 1.0000 -0.0000
vt -1.156250 1.250000
vt 2.031250 1.257812
vt 2.031250 1.250000
vt -1.156250 1.257812
vt -0.214844 2.000000
vt -0.285156 -1.187500
vt -0.285156 2.000000
vt -0.214844 -1.187500
vt -0.285156 0.320313
vt -0.214844 0.312500
vt -0.285156 0.312500
vt -0.214844 0.320313
s 0
usemtl dirtymetal.001
f 6483/3866/2693 6481/3867/2693 6482/3868/2693
f 6484/3869/2693 6481/3867/2693 6483/3866/2693
f 6487/3869/2694 6485/3868/2694 6486/3867/2694
f 6488/3866/2694 6485/3868/2694 6487/3869/2694
f 6491/3870/2695 6489/3871/2695 6490/3872/2695
f 6492/3873/2695 6489/3871/2695 6491/3870/2695
f 6495/3874/2696 6493/3875/2696 6494/3876/2696
f 6496/3877/2696 6493/3875/2696 6495/3874/2696
f 6499/3877/2697 6497/3876/2697 6498/3875/2697
f 6500/3874/2697 6497/3876/2697 6499/3877/2697
f 6503/3872/2698 6501/3873/2698 6502/3870/2698
f 6504/3871/2698 6501/3873/2698 6503/3872/2698
o classname=brush.129
v -21.531897 35.516529 71.033066
v -21.531897 35.516529 -110.101242
v -21.531897 35.072571 -110.101242
v -21.531897 35.072571 71.033066
v -17.536285 35.072571 -110.101242
v -17.536285 35.516529 -110.101242
v -17.536285 35.516529 71.033066
v -17.536285 35.072571 71.033066
v -17.536285 35.516529 -110.101242
v -21.531897 35.516529 -110.101242
v -21.531897 35.516529 71.033066
v -17.536285 35.516529 71.033066
v -21.531897 35.072571 -110.101242
v -21.531897 35.516529 -110.101242
v -17.536285 35.516529 -110.101242
v -17.536285 35.072571 -110.101242
v -17.536285 35.072571 71.033066
v -17.536285 35.516529 71.033066
v -21.531897 35.516529 71.033066
v -21.531897 35.072571 71.033066
v -17.536285 35.072571 -110.101242
v -17.536285 35.072571 71.033066
v -21.531897 35.072571 71.033066
v -21.531897 35.072571 -110.101242
vn -1.0000 -0.0000 -0.0000
vn 1.0000 -0.0000 -0.0000
vn -0.0000 1.0000 -0.0000
vn -0.0000 -0.0000 -1.0000
vn -0.0000 -0.0000 1.0000
vn -0.0000 -1.0000 -0.0000
vt 2.031250 1.617188
vt -1.156250 1.625000
vt 2.031250 1.625000
vt -1.156250 1.617188
vt -0.285156 -1.187500
vt -0.214844 2.000000
vt -0.285156 2.000000
vt -0.214844 -1.187500
vt -1.246094 1.625000
vt -1.316406 1.617188
vt -1.316406 1.625000
vt -1.246094 1.617188
vt -0.285156 0.687500
vt -0.214844 0.679688
vt -0.214844 0.687500
vt -0.285156 0.679688
s 0
usemtl dirtymetal.001
f 6507/3878/2699 6505/3879/2699 6506/3880/2699
f 6508/3881/2699 6505/3879/2699 6507/3878/2699
f 6511/3879/2700 6509/3878/2700 6510/3880/2700
f 6512/3881/2700 6509/3878/2700 6511/3879/2700
f 6515/3882/2701 6513/3883/2701 6514/3884/2701
f 6516/3885/2701 6513/3883/2701 6515/3882/2701
f 6519/3886/2702 6517/3887/2702 6518/3888/2702
f 6520/3889/2702 6517/3887/2702 6519/3886/2702
f 6523/3890/2703 6521/3891/2703 6522/3892/2703
f 6524/3893/2703 6521/3891/2703 6523/3890/2703
f 6527/3882/2704 6525/3883/2704 6526/3885/2704
f 6528/3884/2704 6525/3883/2704 6527/3882/2704
o classname=brush.130
v -21.531897 35.072571 -51.055012
v -21.531897 35.072571 -51.498966
v -21.531897 14.650568 -51.498966
v -21.531897 14.650568 -51.055012
v -17.536285 14.650568 -51.055012
v -17.536285 14.650568 -51.498966
v -17.536285 35.072571 -51.498966
v -17.536285 35.072571 -51.055012
v -17.536285 35.072571 -51.498966
v -17.536285 14.650568 -51.498966
v -21.531897 14.650568 -51.498966
v -21.531897 35.072571 -51.498966
v -21.531897 14.650568 -51.055012
v -21.531897 14.650568 -51.498966
v -17.536285 14.650568 -51.498966
v -17.536285 14.650568 -51.055012
v -17.536285 35.072571 -51.055012
v -17.536285 35.072571 -51.498966
v -21.531897 35.072571 -51.498966
v -21.531897 35.072571 -51.055012
v -17.536285 35.072571 -51.055012
v -21.531897 35.072571 -51.055012
v -21.531897 14.650568 -51.055012
v -17.536285 14.650568 -51.055012
vn -1.0000 -0.0000 -0.0000
vn 1.0000 -0.0000 -0.0000
vn -0.0000 -0.0000 -1.0000
vn -0.0000 -1.0000 -0.0000
vn -0.0000 1.0000 -0.0000
vn -0.0000 -0.0000 1.0000
vt 1.000000 1.257812
vt 0.992188 1.617188
vt 1.000000 1.617188
vt 0.992188 1.257812
vt -1.316406 1.257812
vt -1.246094 1.617188
vt -1.246094 1.257812
vt -1.316406 1.617188
vt -0.214844 0.968750
vt -0.285156 0.960938
vt -0.285156 0.968750
vt -0.214844 0.960938
s 0
usemtl dirtymetal.001
f 6531/3894/2705 6529/3895/2705 6530/3896/2705
f 6532/3897/2705 6529/3895/2705 6531/3894/2705
f 6535/3896/2706 6533/3897/2706 6534/3894/2706
f 6536/3895/2706 6533/3897/2706 6535/3896/2706
f 6539/3898/2707 6537/3899/2707 6538/3900/2707
f 6540/3901/2707 6537/3899/2707 6539/3898/2707
f 6543/3902/2708 6541/3903/2708 6542/3904/2708
f 6544/3905/2708 6541/3903/2708 6543/3902/2708
f 6547/3904/2709 6545/3905/2709 6546/3902/2709
f 6548/3903/2709 6545/3905/2709 6547/3904/2709
f 6551/3898/2710 6549/3899/2710 6550/3901/2710
f 6552/3900/2710 6549/3899/2710 6551/3898/2710
o classname=brush.131
v -21.531897 14.650568 -23.085743
v -21.531897 35.072571 -23.085743
v -21.531897 35.072571 -23.529703
v -21.531897 14.650568 -23.529703
v -17.536285 35.072571 -23.529703
v -17.536285 35.072571 -23.085743
v -17.536285 14.650568 -23.085743
v -17.536285 14.650568 -23.529703
v -17.536285 35.072571 -23.085743
v -21.531897 35.072571 -23.085743
v -21.531897 14.650568 -23.085743
v -17.536285 14.650568 -23.085743
v -17.536285 14.650568 -23.085743
v -21.531897 14.650568 -23.085743
v -21.531897 14.650568 -23.529703
v -17.536285 14.650568 -23.529703
v -21.531897 35.072571 -23.529703
v -21.531897 35.072571 -23.085743
v -17.536285 35.072571 -23.085743
v -17.536285 35.072571 -23.529703
v -21.531897 35.072571 -23.529703
v -17.536285 35.072571 -23.529703
v -17.536285 14.650568 -23.529703
v -21.531897 14.650568 -23.529703
vn -1.0000 -0.0000 -0.0000
vn 1.0000 -0.0000 -0.0000
vn -0.0000 -0.0000 1.0000
vn -0.0000 -1.0000 -0.0000
vn -0.0000 1.0000 -0.0000
vn -0.0000 -0.0000 -1.0000
vt 0.507813 1.617188
vt 0.500000 1.257812
vt 0.500000 1.617188
vt 0.507813 1.257812
vt -1.316406 1.257812
vt -1.246094 1.617188
vt -1.316406 1.617188
vt -1.246094 1.257812
vt -0.285156 0.476562
vt -0.214844 0.468750
vt -0.285156 0.468750
vt -0.214844 0.476562
s 0
usemtl dirtymetal.001
f 6555/3906/2711 6553/3907/2711 6554/3908/2711
f 6556/3909/2711 6553/3907/2711 6555/3906/2711
f 6559/3907/2712 6557/3906/2712 6558/3908/2712
f 6560/3909/2712 6557/3906/2712 6559/3907/2712
f 6563/3910/2713 6561/3911/2713 6562/3912/2713
f 6564/3913/2713 6561/3911/2713 6563/3910/2713
f 6567/3914/2714 6565/3915/2714 6566/3916/2714
f 6568/3917/2714 6565/3915/2714 6567/3914/2714
f 6571/3915/2715 6569/3914/2715 6570/3916/2715
f 6572/3917/2715 6569/3914/2715 6571/3915/2715
f 6575/3913/2716 6573/3912/2716 6574/3911/2716
f 6576/3910/2716 6573/3912/2716 6575/3913/2716
o classname=brush.132
v -19.978048 14.650568 -84.795715
v -19.978048 14.650568 -57.270405
v -19.978048 35.072571 -57.270405
v -19.978048 35.072571 -84.795715
vn -1.0000 -0.0000 -0.0000
vt -1.027344 1.988281
vt -1.996094 1.269531
vt -1.027344 1.269531
vt -1.996094 1.988281
s 0
usemtl glass
f 6579/3918/2717 6577/3919/2717 6578/3920/2717
f 6580/3921/2717 6577/3919/2717 6579/3918/2717
o classname=brush.133
v -21.531897 35.072571 -84.795715
v -21.531897 35.072571 -85.239670
v -21.531897 14.650568 -85.239670
v -21.531897 14.650568 -84.795715
v -17.536285 14.650568 -84.795715
v -17.536285 14.650568 -85.239670
v -17.536285 35.072571 -85.239670
v -17.536285 35.072571 -84.795715
v -17.536285 35.072571 -85.239670
v -17.536285 14.650568 -85.239670
v -21.531897 14.650568 -85.239670
v -21.531897 35.072571 -85.239670
v -21.531897 14.650568 -84.795715
v -21.531897 14.650568 -85.239670
v -17.536285 14.650568 -85.239670
v -17.536285 14.650568 -84.795715
v -17.536285 35.072571 -84.795715
v -17.536285 35.072571 -85.239670
v -21.531897 35.072571 -85.239670
v -21.531897 35.072571 -84.795715
v -17.536285 35.072571 -84.795715
v -21.531897 35.072571 -84.795715
v -21.531897 14.650568 -84.795715
v -17.536285 14.650568 -84.795715
vn -1.0000 -0.0000 -0.0000
vn 1.0000 -0.0000 -0.0000
vn -0.0000 -0.0000 -1.0000
vn -0.0000 -1.0000 -0.0000
vn -0.0000 1.0000 -0.0000
vn -0.0000 -0.0000 1.0000
vt 2.187500 1.257812
vt 2.179688 1.617188
vt 2.187500 1.617188
vt 2.179688 1.257812
vt -1.316406 1.257812
vt -1.246094 1.617188
vt -1.246094 1.257812
vt -1.316406 1.617188
vt 0.378906 1.562500
vt 0.308594 1.554688
vt 0.308594 1.562500
vt 0.378906 1.554688
s 0
usemtl dirtymetal.001
f 6583/3922/2718 6581/3923/2718 6582/3924/2718
f 6584/3925/2718 6581/3923/2718 6583/3922/2718
f 6587/3924/2719 6585/3925/2719 6586/3922/2719
f 6588/3923/2719 6585/3925/2719 6587/3924/2719
f 6591/3926/2720 6589/3927/2720 6590/3928/2720
f 6592/3929/2720 6589/3927/2720 6591/3926/2720
f 6595/3930/2721 6593/3931/2721 6594/3932/2721
f 6596/3933/2721 6593/3931/2721 6595/3930/2721
f 6599/3932/2722 6597/3933/2722 6598/3930/2722
f 6600/3931/2722 6597/3933/2722 6599/3932/2722
f 6603/3926/2723 6601/3927/2723 6602/3929/2723
f 6604/3928/2723 6601/3927/2723 6603/3926/2723
o classname=brush.134
v -21.531897 14.650568 -56.826447
v -21.531897 35.072571 -56.826447
v -21.531897 35.072571 -57.270405
v -21.531897 14.650568 -57.270405
v -17.536285 35.072571 -57.270405
v -17.536285 35.072571 -56.826447
v -17.536285 14.650568 -56.826447
v -17.536285 14.650568 -57.270405
v -17.536285 35.072571 -56.826447
v -21.531897 35.072571 -56.826447
v -21.531897 14.650568 -56.826447
v -17.536285 14.650568 -56.826447
v -17.536285 14.650568 -56.826447
v -21.531897 14.650568 -56.826447
v -21.531897 14.650568 -57.270405
v -17.536285 14.650568 -57.270405
v -21.531897 35.072571 -57.270405
v -21.531897 35.072571 -56.826447
v -17.536285 35.072571 -56.826447
v -17.536285 35.072571 -57.270405
v -21.531897 35.072571 -57.270405
v -17.536285 35.072571 -57.270405
v -17.536285 14.650568 -57.270405
v -21.531897 14.650568 -57.270405
vn -1.0000 -0.0000 -0.0000
vn 1.0000 -0.0000 -0.0000
vn -0.0000 -0.0000 1.0000
vn -0.0000 -1.0000 -0.0000
vn -0.0000 1.0000 -0.0000
vn -0.0000 -0.0000 -1.0000
vt 1.695312 1.617188
vt 1.687500 1.257812
vt 1.687500 1.617188
vt 1.695312 1.257812
vt -1.316406 1.257812
vt -1.246094 1.617188
vt -1.316406 1.617188
vt -1.246094 1.257812
vt 0.308594 1.070312
vt 0.378906 1.062500
vt 0.308594 1.062500
vt 0.378906 1.070312
s 0
usemtl dirtymetal.001
f 6607/3934/2724 6605/3935/2724 6606/3936/2724
f 6608/3937/2724 6605/3935/2724 6607/3934/2724
f 6611/3935/2725 6609/3934/2725 6610/3936/2725
f 6612/3937/2725 6609/3934/2725 6611/3935/2725
f 6615/3938/2726 6613/3939/2726 6614/3940/2726
f 6616/3941/2726 6613/3939/2726 6615/3938/2726
f 6619/3942/2727 6617/3943/2727 6618/3944/2727
f 6620/3945/2727 6617/3943/2727 6619/3942/2727
f 6623/3943/2728 6621/3942/2728 6622/3944/2728
f 6624/3945/2728 6621/3942/2728 6623/3943/2728
f 6627/3941/2729 6625/3940/2729 6626/3939/2729
f 6628/3938/2729 6625/3940/2729 6627/3941/2729
o classname=brush.135
v -22.507416 -0.000007 27.525311
v -21.619501 -0.000007 27.525311
v -21.619501 35.516521 27.525311
v -22.507416 35.516521 27.525311
v -22.507412 35.516521 -17.179934
v -21.619499 35.516521 -17.179934
v -21.619499 -0.000007 -17.179934
v -22.507412 -0.000007 -17.179934
v -22.507416 -0.000007 27.525311
v -22.507412 -0.000007 -17.179934
v -21.619499 -0.000007 -17.179934
v -21.619501 -0.000007 27.525311
v -21.619501 35.516521 27.525311
v -21.619499 35.516521 -17.179934
v -22.507412 35.516521 -17.179934
v -22.507416 35.516521 27.525311
v -22.507416 -0.000007 27.525311
v -22.507416 35.516521 27.525311
v -22.507412 35.516521 -17.179934
v -22.507412 -0.000007 -17.179934
v -21.619499 -0.000007 -17.179934
v -21.619499 35.516521 -17.179934
v -21.619501 35.516521 27.525311
v -21.619501 -0.000007 27.525311
vn -0.0000 -0.0000 1.0000
vn -0.0000 -0.0000 -1.0000
vn -0.0000 -1.0000 -0.0000
vn -0.0000 1.0000 -0.0000
vn -1.0000 -0.0000 -0.0000
vn 1.0000 -0.0000 -0.0000
vt -1.000000 2.250000
vt -1.031250 1.000000
vt -1.000000 1.000000
vt -1.031250 2.250000
vt -1.000000 1.000000
vt -1.000000 2.250000
vt -1.820312 0.859375
vt -0.246917 0.828125
vt -1.820312 0.828125
vt -0.246917 0.859375
vt -0.960937 2.250000
vt 0.612458 1.000000
vt 0.612458 2.250000
vt -0.960937 1.000000
s 0
usemtl dirtymetal.001
f 6631/3946/2730 6629/3947/2730 6630/3948/2730
f 6632/3949/2730 6629/3947/2730 6631/3946/2730
f 6635/3950/2731 6633/3949/2731 6634/3951/2731
f 6636/3947/2731 6633/3949/2731 6635/3950/2731
f 6639/3952/2732 6637/3953/2732 6638/3954/2732
f 6640/3955/2732 6637/3953/2732 6639/3952/2732
f 6643/3954/2733 6641/3955/2733 6642/3952/2733
f 6644/3953/2733 6641/3955/2733 6643/3954/2733
f 6647/3956/2734 6645/3957/2734 6646/3958/2734
f 6648/3959/2734 6645/3957/2734 6647/3956/2734
f 6651/3958/2735 6649/3959/2735 6650/3956/2735
f 6652/3957/2735 6649/3959/2735 6651/3958/2735
o classname=brush.136
v -22.951370 24.861563 9.679441
v -22.507414 24.861563 9.679441
v -22.507414 33.740696 9.679441
v -22.951370 33.740696 9.679441
v -22.951370 33.740696 -0.975518
v -22.507414 33.740696 -0.975518
v -22.507414 24.861563 -0.975518
v -22.951370 24.861563 -0.975518
v -22.951370 24.861563 9.679441
v -22.951370 24.861563 -0.975518
v -22.507414 24.861563 -0.975518
v -22.507414 24.861563 9.679441
v -22.507414 33.740696 9.679441
v -22.507414 33.740696 -0.975518
v -22.951370 33.740696 -0.975518
v -22.951370 33.740696 9.679441
v -22.951370 24.861563 9.679441
v -22.951370 33.740696 9.679441
v -22.951370 33.740696 -0.975518
v -22.951370 24.861563 -0.975518
v -22.507414 24.861563 -0.975518
v -22.507414 33.740696 -0.975518
v -22.507414 33.740696 9.679441
v -22.507414 24.861563 9.679441
vn -0.0000 -0.0000 1.0000
vn -0.0000 -0.0000 -1.0000
vn -0.0000 -1.0000 -0.0000
vn -0.0000 1.0000 -0.0000
vn -1.0000 -0.0000 -0.0000
vn 1.0000 -0.0000 -0.0000
vt 0.731929 -0.211696
vt 0.724037 -0.363395
vt 0.731929 -0.363395
vt 0.724037 -0.211696
vt 1.102825 -0.507509
vt 1.292219 -0.515094
vt 1.102825 -0.515094
vt 1.292219 -0.507509
vt 0.043403 -0.211696
vt 0.232797 -0.363395
vt 0.232797 -0.211696
vt 0.043403 -0.363395
vt 1.978772 -0.211696
vt 1.789378 -0.363395
vt 1.789378 -0.211696
vt 1.978772 -0.363395
s 0
usemtl controlpanel.001
f 6655/3960/2736 6653/3961/2736 6654/3962/2736
f 6656/3963/2736 6653/3961/2736 6655/3960/2736
f 6659/3962/2737 6657/3963/2737 6658/3960/2737
f 6660/3961/2737 6657/3963/2737 6659/3962/2737
f 6663/3964/2738 6661/3965/2738 6662/3966/2738
f 6664/3967/2738 6661/3965/2738 6663/3964/2738
f 6667/3966/2739 6665/3967/2739 6666/3964/2739
f 6668/3965/2739 6665/3967/2739 6667/3966/2739
f 6671/3968/2740 6669/3969/2740 6670/3970/2740
f 6672/3971/2740 6669/3969/2740 6671/3968/2740
f 6675/3972/2741 6673/3973/2741 6674/3974/2741
f 6676/3975/2741 6673/3973/2741 6675/3972/2741
o classname=brush.137
v -33.162373 -0.002426 -2.029915
v -33.162373 -0.002426 12.565159
v -33.162373 12.428360 12.565159
v -33.162373 12.428360 -2.029915
v -22.507414 14.204186 -2.029915
v -22.507414 14.204186 12.565159
v -22.507414 -0.002426 12.565159
v -22.507414 -0.002426 -2.029915
v -33.162373 -0.002426 -2.029915
v -22.507414 -0.002426 -2.029915
v -22.507414 -0.002426 12.565159
v -33.162373 -0.002426 12.565159
v -33.162373 12.428360 12.565159
v -22.507414 14.204186 12.565159
v -22.507414 14.204186 -2.029915
v -33.162373 12.428360 -2.029915
v -33.162373 -0.002426 -2.029915
v -33.162373 12.428360 -2.029915
v -22.507414 14.204186 -2.029915
v -22.507414 -0.002426 -2.029915
v -22.507414 -0.002426 12.565159
v -22.507414 14.204186 12.565159
v -33.162373 12.428360 12.565159
v -33.162373 -0.002426 12.565159
vn -1.0000 -0.0000 -0.0000
vn 1.0000 -0.0000 -0.0000
vn -0.0000 -1.0000 -0.0000
vn -0.1644 0.9864 -0.0000
vn -0.0000 -0.0000 -1.0000
vn -0.0000 -0.0000 1.0000
vt 1.496168 1.314193
vt 1.011571 0.997164
vt 1.496168 0.997164
vt 1.011571 1.314193
vt 5.068359 -2.000000
vt 4.554688 -1.500000
vt 5.068359 -1.500000
vt 4.554688 -2.000000
vt -18.490234 21.093750
vt -19.003906 20.718750
vt -19.003906 21.093750
vt -18.490234 20.718750
vt 0.034180 1.627367
vt 0.462240 1.343277
vt 0.462240 1.627367
vt 0.034180 1.343277
vt 8.984375 -1.499999
vt 8.515625 -1.999999
vt 8.515625 -1.562499
vt 8.984375 -1.999999
vt 8.520508 -1.562499
vt 8.989258 -1.999999
vt 8.989258 -1.499999
vt 8.520508 -1.999999
s 0
usemtl controlpanel.001
f 6679/3976/2742 6677/3977/2742 6678/3978/2742
f 6680/3979/2742 6677/3977/2742 6679/3976/2742
f 6683/3980/2743 6681/3981/2743 6682/3982/2743
f 6684/3983/2743 6681/3981/2743 6683/3980/2743
f 6687/3984/2744 6685/3985/2744 6686/3986/2744
f 6688/3987/2744 6685/3985/2744 6687/3984/2744
f 6691/3988/2745 6689/3989/2745 6690/3990/2745
f 6692/3991/2745 6689/3989/2745 6691/3988/2745
f 6695/3992/2746 6693/3993/2746 6694/3994/2746
f 6696/3995/2746 6693/3993/2746 6695/3992/2746
f 6699/3996/2747 6697/3997/2747 6698/3998/2747
f 6700/3999/2747 6697/3997/2747 6699/3996/2747
o classname=brush.138
v -33.162373 10.654945 -16.680483
v -33.162373 -0.002426 -16.680483
v -33.162373 -0.002426 -2.085409
v -33.162373 10.654945 -2.085409
v -22.507414 -0.002426 -16.680483
v -22.507414 10.654945 -16.680483
v -22.507414 10.654945 -2.085409
v -22.507414 -0.002426 -2.085409
v -33.162373 -0.002426 -2.085409
v -33.162373 -0.002426 -16.680483
v -22.507414 -0.002426 -16.680483
v -22.507414 -0.002426 -2.085409
v -22.507414 -0.002426 -16.680483
v -33.162373 -0.002426 -16.680483
v -33.162373 10.654945 -16.680483
v -22.507414 10.654945 -16.680483
v -33.162373 -0.002426 -2.085409
v -22.507414 -0.002426 -2.085409
v -22.507414 10.654945 -2.085409
v -33.162373 10.654945 -2.085409
v -22.507414 10.654945 -16.680483
v -33.162373 10.654945 -16.680483
v -33.162373 10.654945 -2.085409
v -22.507414 10.654945 -2.085409
vn -1.0000 -0.0000 -0.0000
vn 1.0000 -0.0000 -0.0000
vn -0.0000 -1.0000 -0.0000
vn -0.0000 -0.0000 -1.0000
vn -0.0000 -0.0000 1.0000
vn -0.0000 1.0000 -0.0000
vt 3.981120 -1.651579
vt 3.553060 -1.367424
vt 3.553060 -1.651579
vt 3.981120 -1.367424
vt 3.981119 -1.367424
vt 3.981119 -1.651579
vt 0.122070 3.527225
vt 0.550130 3.243134
vt 0.122070 3.243134
vt 0.550130 3.527225
vt -0.328776 -1.367424
vt -0.016276 -1.651579
vt -0.328776 -1.651579
vt -0.016276 -1.367424
vt 3.994141 0.704072
vt 3.566081 0.988163
vt 3.566081 0.704072
vt 3.994140 0.988163
s 0
usemtl controlpanel.001
f 6703/4000/2748 6701/4001/2748 6702/4002/2748
f 6704/4003/2748 6701/4001/2748 6703/4000/2748
f 6707/4004/2749 6705/4002/2749 6706/4001/2749
f 6708/4005/2749 6705/4002/2749 6707/4004/2749
f 6711/4006/2750 6709/4007/2750 6710/4008/2750
f 6712/4009/2750 6709/4007/2750 6711/4006/2750
f 6715/4010/2751 6713/4011/2751 6714/4012/2751
f 6716/4013/2751 6713/4011/2751 6715/4010/2751
f 6719/4013/2752 6717/4012/2752 6718/4011/2752
f 6720/4010/2752 6717/4012/2752 6719/4013/2752
f 6723/4014/2753 6721/4015/2753 6722/4016/2753
f 6724/4017/2753 6721/4015/2753 6723/4014/2753
o classname=brush.139
v -22.507414 10.654952 -2.085409
v -22.507414 10.654952 -16.680483
v -22.507414 14.204193 -16.680483
v -22.507414 14.204193 -2.085409
v -22.507414 14.204193 -16.680483
v -25.171154 13.760237 -16.680483
v -25.171154 13.760237 -2.085409
v -22.507414 14.204193 -2.085409
v -22.507414 10.654952 -16.680483
v -25.171154 10.654952 -16.680483
v -25.171154 13.760237 -16.680483
v -22.507414 14.204193 -16.680483
v -25.171154 10.654952 -2.085409
v -22.507414 10.654952 -2.085409
v -22.507414 14.204193 -2.085409
v -25.171154 13.760237 -2.085409
v -25.171154 10.654952 -16.680483
v -22.507414 10.654952 -16.680483
v -22.507414 10.654952 -2.085409
v -25.171154 10.654952 -2.085409
v -25.171154 13.760237 -2.085409
v -25.171154 13.760237 -16.680483
v -25.171154 10.654952 -16.680483
v -25.171154 10.654952 -2.085409
vn 1.0000 -0.0000 -0.0000
vn -0.1644 0.9864 -0.0000
vn -0.0000 -0.0000 -1.0000
vn -0.0000 -0.0000 1.0000
vn -0.0000 -1.0000 -0.0000
vn -1.0000 -0.0000 -0.0000
vt 3.553060 -1.272791
vt 3.981119 -1.367424
vt 3.553060 -1.367424
vt 3.981119 -1.272791
vt 3.981119 0.917140
vt 3.553060 0.988163
vt 3.553060 0.917140
vt 3.981119 0.988163
vt -0.094401 -1.284628
vt -0.016276 -1.367424
vt -0.094401 -1.367424
vt -0.016276 -1.272791
vt 0.550130 3.527225
vt 0.122070 3.456203
vt 0.122070 3.527225
vt 0.550130 3.456203
vt 3.562825 -1.367424
vt 3.990885 -1.284629
vt 3.562825 -1.284629
vt 3.990885 -1.367424
s 0
usemtl controlpanel.001
f 6727/4018/2754 6725/4019/2754 6726/4020/2754
f 6728/4021/2754 6725/4019/2754 6727/4018/2754
f 6731/4022/2755 6729/4023/2755 6730/4024/2755
f 6732/4025/2755 6729/4023/2755 6731/4022/2755
f 6735/4026/2756 6733/4027/2756 6734/4028/2756
f 6736/4029/2756 6733/4027/2756 6735/4026/2756
f 6739/4029/2757 6737/4028/2757 6738/4027/2757
f 6740/4026/2757 6737/4028/2757 6739/4029/2757
f 6743/4030/2758 6741/4031/2758 6742/4032/2758
f 6744/4033/2758 6741/4031/2758 6743/4030/2758
f 6747/4034/2759 6745/4035/2759 6746/4036/2759
f 6748/4037/2759 6745/4035/2759 6747/4034/2759
o classname=brush.140
v -32.496441 13.318706 -58.848354
v -32.496441 13.318706 -83.789917
v -32.496441 12.294189 -83.789917
v -32.496441 12.294189 -58.848354
v -21.883915 12.294189 -58.848354
v -21.883915 12.294189 -83.789917
v -21.883915 13.318706 -83.789917
v -21.883915 13.318706 -58.848354
v -32.496441 12.294189 -83.789917
v -21.883915 12.294189 -83.789917
v -21.883915 12.294189 -58.848354
v -32.496441 12.294189 -58.848354
v -32.496441 13.318706 -58.848354
v -21.883915 13.318706 -58.848354
v -21.883915 13.318706 -83.789917
v -32.496441 13.318706 -83.789917
v -21.883915 12.294189 -58.848354
v -21.883915 13.318706 -58.848354
v -32.496441 13.318706 -58.848354
v -32.496441 12.294189 -58.848354
v -32.496441 12.294189 -83.789917
v -32.496441 13.318706 -83.789917
v -21.883915 13.318706 -83.789917
v -21.883915 12.294189 -83.789917
vn -1.0000 -0.0000 -0.0000
vn 1.0000 -0.0000 -0.0000
vn -0.0000 -1.0000 -0.0000
vn -0.0000 1.0000 -0.0000
vn -0.0000 -0.0000 1.0000
vn -0.0000 -0.0000 -1.0000
vt 5.897952 1.865385
vt 4.142322 1.937500
vt 5.897952 1.937500
vt 4.142322 1.865385
vt -1.540404 5.142322
vt -2.287417 6.897952
vt -1.540404 6.897952
vt -2.287417 5.142322
vt -2.287417 1.937500
vt -1.540404 1.865385
vt -1.540404 1.937500
vt -2.287417 1.865385
s 0
usemtl metal.001
f 6751/4038/2760 6749/4039/2760 6750/4040/2760
f 6752/4041/2760 6749/4039/2760 6751/4038/2760
f 6755/4040/2761 6753/4041/2761 6754/4038/2761
f 6756/4039/2761 6753/4041/2761 6755/4040/2761
f 6759/4042/2762 6757/4043/2762 6758/4044/2762
f 6760/4045/2762 6757/4043/2762 6759/4042/2762
f 6763/4044/2763 6761/4045/2763 6762/4042/2763
f 6764/4043/2763 6761/4045/2763 6763/4044/2763
f 6767/4046/2764 6765/4047/2764 6766/4048/2764
f 6768/4049/2764 6765/4047/2764 6767/4046/2764
f 6771/4048/2765 6769/4049/2765 6770/4046/2765
f 6772/4047/2765 6769/4049/2765 6771/4048/2765
o classname=brush.141
v -31.207012 11.269680 -60.260220
v -31.207012 11.269680 -59.372307
v -31.207012 0.000007 -59.372307
v -31.207012 0.000007 -60.260220
v -32.094925 0.000007 -60.260220
v -32.094925 0.000007 -59.372307
v -32.094925 11.269680 -59.372307
v -32.094925 11.269680 -60.260220
v -31.207012 0.000007 -59.372307
v -32.094925 0.000007 -59.372307
v -32.094925 0.000007 -60.260220
v -31.207012 0.000007 -60.260220
v -31.207012 11.269680 -60.260220
v -32.094925 11.269680 -60.260220
v -32.094925 11.269680 -59.372307
v -31.207012 11.269680 -59.372307
v -32.094925 0.000007 -60.260220
v -32.094925 11.269680 -60.260220
v -31.207012 11.269680 -60.260220
v -31.207012 0.000007 -60.260220
v -31.207012 0.000007 -59.372307
v -31.207012 11.269680 -59.372307
v -32.094925 11.269680 -59.372307
v -32.094925 0.000007 -59.372307
vn 1.0000 -0.0000 -0.0000
vn -1.0000 -0.0000 -0.0000
vn -0.0000 -1.0000 -0.0000
vn -0.0000 1.0000 -0.0000
vn -0.0000 -0.0000 -1.0000
vn -0.0000 -0.0000 1.0000
vt 2.089601 1.000000
vt 2.120851 1.396635
vt 2.089601 1.396635
vt 2.120851 1.000000
vt -1.129577 3.120851
vt -1.098327 3.089601
vt -1.129577 3.089601
vt -1.098327 3.120851
vt -1.098327 1.396635
vt -1.129577 1.000000
vt -1.129577 1.396635
vt -1.098327 1.000000
s 0
usemtl dirtymetal.001
f 6775/4050/2766 6773/4051/2766 6774/4052/2766
f 6776/4053/2766 6773/4051/2766 6775/4050/2766
f 6779/4052/2767 6777/4053/2767 6778/4050/2767
f 6780/4051/2767 6777/4053/2767 6779/4052/2767
f 6783/4054/2768 6781/4055/2768 6782/4056/2768
f 6784/4057/2768 6781/4055/2768 6783/4054/2768
f 6787/4056/2769 6785/4057/2769 6786/4054/2769
f 6788/4055/2769 6785/4057/2769 6787/4056/2769
f 6791/4058/2770 6789/4059/2770 6790/4060/2770
f 6792/4061/2770 6789/4059/2770 6791/4058/2770
f 6795/4060/2771 6793/4061/2771 6794/4058/2771
f 6796/4059/2771 6793/4061/2771 6795/4060/2771
o classname=brush.142
v -22.327879 11.269680 -60.260220
v -22.327879 11.269680 -59.372307
v -22.327879 0.000007 -59.372307
v -22.327879 0.000007 -60.260220
v -23.215792 0.000007 -60.260220
v -23.215792 0.000007 -59.372307
v -23.215792 11.269680 -59.372307
v -23.215792 11.269680 -60.260220
v -22.327879 0.000007 -59.372307
v -23.215792 0.000007 -59.372307
v -23.215792 0.000007 -60.260220
v -22.327879 0.000007 -60.260220
v -22.327879 11.269680 -60.260220
v -23.215792 11.269680 -60.260220
v -23.215792 11.269680 -59.372307
v -22.327879 11.269680 -59.372307
v -23.215792 0.000007 -60.260220
v -23.215792 11.269680 -60.260220
v -22.327879 11.269680 -60.260220
v -22.327879 0.000007 -60.260220
v -22.327879 0.000007 -59.372307
v -22.327879 11.269680 -59.372307
v -23.215792 11.269680 -59.372307
v -23.215792 0.000007 -59.372307
vn 1.0000 -0.0000 -0.0000
vn -1.0000 -0.0000 -0.0000
vn -0.0000 -1.0000 -0.0000
vn -0.0000 1.0000 -0.0000
vn -0.0000 -0.0000 -1.0000
vn -0.0000 -0.0000 1.0000
vt 2.089601 1.000000
vt 2.120851 1.396635
vt 2.089601 1.396635
vt 2.120851 1.000000
vt -0.817077 3.120851
vt -0.785827 3.089601
vt -0.817077 3.089601
vt -0.785827 3.120851
vt -0.785827 1.396635
vt -0.817077 1.000000
vt -0.817077 1.396635
vt -0.785827 1.000000
s 0
usemtl dirtymetal.001
f 6799/4062/2772 6797/4063/2772 6798/4064/2772
f 6800/4065/2772 6797/4063/2772 6799/4062/2772
f 6803/4064/2773 6801/4065/2773 6802/4062/2773
f 6804/4063/2773 6801/4065/2773 6803/4064/2773
f 6807/4066/2774 6805/4067/2774 6806/4068/2774
f 6808/4069/2774 6805/4067/2774 6807/4066/2774
f 6811/4068/2775 6809/4069/2775 6810/4066/2775
f 6812/4067/2775 6809/4069/2775 6811/4068/2775
f 6815/4070/2776 6813/4071/2776 6814/4072/2776
f 6816/4073/2776 6813/4071/2776 6815/4070/2776
f 6819/4072/2777 6817/4073/2777 6818/4070/2777
f 6820/4071/2777 6817/4073/2777 6819/4072/2777
o classname=brush.143
v -22.327879 12.294183 -60.260220
v -22.327879 12.294183 -59.372307
v -22.327879 11.269667 -59.372307
v -22.327879 11.269667 -60.260220
v -32.094925 11.269667 -60.260220
v -32.094925 11.269667 -59.372307
v -32.094925 12.294183 -59.372307
v -32.094925 12.294183 -60.260220
v -22.327879 11.269667 -59.372307
v -32.094925 11.269667 -59.372307
v -32.094925 11.269667 -60.260220
v -22.327879 11.269667 -60.260220
v -22.327879 12.294183 -60.260220
v -32.094925 12.294183 -60.260220
v -32.094925 12.294183 -59.372307
v -22.327879 12.294183 -59.372307
v -32.094925 11.269667 -60.260220
v -32.094925 12.294183 -60.260220
v -22.327879 12.294183 -60.260220
v -22.327879 11.269667 -60.260220
v -22.327879 11.269667 -59.372307
v -22.327879 12.294183 -59.372307
v -32.094925 12.294183 -59.372307
v -32.094925 11.269667 -59.372307
vn 1.0000 -0.0000 -0.0000
vn -1.0000 -0.0000 -0.0000
vn -0.0000 -1.0000 -0.0000
vn -0.0000 1.0000 -0.0000
vn -0.0000 -0.0000 -1.0000
vn -0.0000 -0.0000 1.0000
vt 2.089601 1.396635
vt 2.120851 1.432692
vt 2.089601 1.432692
vt 2.120851 1.396635
vt -1.129577 3.120851
vt -0.785827 3.089601
vt -1.129577 3.089601
vt -0.785827 3.120851
vt -0.785827 1.432692
vt -1.129577 1.396635
vt -1.129577 1.432692
vt -0.785827 1.396635
s 0
usemtl dirtymetal.001
f 6823/4074/2778 6821/4075/2778 6822/4076/2778
f 6824/4077/2778 6821/4075/2778 6823/4074/2778
f 6827/4076/2779 6825/4077/2779 6826/4074/2779
f 6828/4075/2779 6825/4077/2779 6827/4076/2779
f 6831/4078/2780 6829/4079/2780 6830/4080/2780
f 6832/4081/2780 6829/4079/2780 6831/4078/2780
f 6835/4080/2781 6833/4081/2781 6834/4078/2781
f 6836/4079/2781 6833/4081/2781 6835/4080/2781
f 6839/4082/2782 6837/4083/2782 6838/4084/2782
f 6840/4085/2782 6837/4083/2782 6839/4082/2782
f 6843/4084/2783 6841/4085/2783 6842/4082/2783
f 6844/4083/2783 6841/4085/2783 6843/4084/2783
o classname=brush.144
v -31.207012 11.269680 -83.345955
v -31.207012 11.269680 -82.458046
v -31.207012 0.000007 -82.458046
v -31.207012 0.000007 -83.345955
v -32.094925 0.000007 -83.345955
v -32.094925 0.000007 -82.458046
v -32.094925 11.269680 -82.458046
v -32.094925 11.269680 -83.345955
v -31.207012 0.000007 -82.458046
v -32.094925 0.000007 -82.458046
v -32.094925 0.000007 -83.345955
v -31.207012 0.000007 -83.345955
v -31.207012 11.269680 -83.345955
v -32.094925 11.269680 -83.345955
v -32.094925 11.269680 -82.458046
v -31.207012 11.269680 -82.458046
v -32.094925 0.000007 -83.345955
v -32.094925 11.269680 -83.345955
v -31.207012 11.269680 -83.345955
v -31.207012 0.000007 -83.345955
v -31.207012 0.000007 -82.458046
v -31.207012 11.269680 -82.458046
v -32.094925 11.269680 -82.458046
v -32.094925 0.000007 -82.458046
vn 1.0000 -0.0000 -0.0000
vn -1.0000 -0.0000 -0.0000
vn -0.0000 -1.0000 -0.0000
vn -0.0000 1.0000 -0.0000
vn -0.0000 -0.0000 -1.0000
vn -0.0000 -0.0000 1.0000
vt 2.902101 1.000000
vt 2.933351 1.396635
vt 2.902101 1.396635
vt 2.933351 1.000000
vt -1.129577 3.933351
vt -1.098327 3.902101
vt -1.129577 3.902101
vt -1.098327 3.933351
vt -1.098327 1.396635
vt -1.129577 1.000000
vt -1.129577 1.396635
vt -1.098327 1.000000
s 0
usemtl dirtymetal.001
f 6847/4086/2784 6845/4087/2784 6846/4088/2784
f 6848/4089/2784 6845/4087/2784 6847/4086/2784
f 6851/4088/2785 6849/4089/2785 6850/4086/2785
f 6852/4087/2785 6849/4089/2785 6851/4088/2785
f 6855/4090/2786 6853/4091/2786 6854/4092/2786
f 6856/4093/2786 6853/4091/2786 6855/4090/2786
f 6859/4092/2787 6857/4093/2787 6858/4090/2787
f 6860/4091/2787 6857/4093/2787 6859/4092/2787
f 6863/4094/2788 6861/4095/2788 6862/4096/2788
f 6864/4097/2788 6861/4095/2788 6863/4094/2788
f 6867/4096/2789 6865/4097/2789 6866/4094/2789
f 6868/4095/2789 6865/4097/2789 6867/4096/2789
o classname=brush.145
v -22.327879 11.269680 -83.345955
v -22.327879 11.269680 -82.458046
v -22.327879 0.000007 -82.458046
v -22.327879 0.000007 -83.345955
v -23.215792 0.000007 -83.345955
v -23.215792 0.000007 -82.458046
v -23.215792 11.269680 -82.458046
v -23.215792 11.269680 -83.345955
v -22.327879 0.000007 -82.458046
v -23.215792 0.000007 -82.458046
v -23.215792 0.000007 -83.345955
v -22.327879 0.000007 -83.345955
v -22.327879 11.269680 -83.345955
v -23.215792 11.269680 -83.345955
v -23.215792 11.269680 -82.458046
v -22.327879 11.269680 -82.458046
v -23.215792 0.000007 -83.345955
v -23.215792 11.269680 -83.345955
v -22.327879 11.269680 -83.345955
v -22.327879 0.000007 -83.345955
v -22.327879 0.000007 -82.458046
v -22.327879 11.269680 -82.458046
v -23.215792 11.269680 -82.458046
v -23.215792 0.000007 -82.458046
vn 1.0000 -0.0000 -0.0000
vn -1.0000 -0.0000 -0.0000
vn -0.0000 -1.0000 -0.0000
vn -0.0000 1.0000 -0.0000
vn -0.0000 -0.0000 -1.0000
vn -0.0000 -0.0000 1.0000
vt 2.902101 1.000000
vt 2.933351 1.396635
vt 2.902101 1.396635
vt 2.933351 1.000000
vt -0.817077 3.933351
vt -0.785827 3.902101
vt -0.817077 3.902101
vt -0.785827 3.933351
vt -0.785827 1.396635
vt -0.817077 1.000000
vt -0.817077 1.396635
vt -0.785827 1.000000
s 0
usemtl dirtymetal.001
f 6871/4098/2790 6869/4099/2790 6870/4100/2790
f 6872/4101/2790 6869/4099/2790 6871/4098/2790
f 6875/4100/2791 6873/4101/2791 6874/4098/2791
f 6876/4099/2791 6873/4101/2791 6875/4100/2791
f 6879/4102/2792 6877/4103/2792 6878/4104/2792
f 6880/4105/2792 6877/4103/2792 6879/4102/2792
f 6883/4104/2793 6881/4105/2793 6882/4102/2793
f 6884/4103/2793 6881/4105/2793 6883/4104/2793
f 6887/4106/2794 6885/4107/2794 6886/4108/2794
f 6888/4109/2794 6885/4107/2794 6887/4106/2794
f 6891/4108/2795 6889/4109/2795 6890/4106/2795
f 6892/4107/2795 6889/4109/2795 6891/4108/2795
o classname=brush.146
v -22.327879 12.294183 -83.345955
v -22.327879 12.294183 -82.458046
v -22.327879 11.269667 -82.458046
v -22.327879 11.269667 -83.345955
v -32.094925 11.269667 -83.345955
v -32.094925 11.269667 -82.458046
v -32.094925 12.294183 -82.458046
v -32.094925 12.294183 -83.345955
v -22.327879 11.269667 -82.458046
v -32.094925 11.269667 -82.458046
v -32.094925 11.269667 -83.345955
v -22.327879 11.269667 -83.345955
v -22.327879 12.294183 -83.345955
v -32.094925 12.294183 -83.345955
v -32.094925 12.294183 -82.458046
v -22.327879 12.294183 -82.458046
v -32.094925 11.269667 -83.345955
v -32.094925 12.294183 -83.345955
v -22.327879 12.294183 -83.345955
v -22.327879 11.269667 -83.345955
v -22.327879 11.269667 -82.458046
v -22.327879 12.294183 -82.458046
v -32.094925 12.294183 -82.458046
v -32.094925 11.269667 -82.458046
vn 1.0000 -0.0000 -0.0000
vn -1.0000 -0.0000 -0.0000
vn -0.0000 -1.0000 -0.0000
vn -0.0000 1.0000 -0.0000
vn -0.0000 -0.0000 -1.0000
vn -0.0000 -0.0000 1.0000
vt 2.902101 1.396635
vt 2.933351 1.432692
vt 2.902101 1.432692
vt 2.933351 1.396635
vt -1.129577 3.933351
vt -0.785827 3.902101
vt -1.129577 3.902101
vt -0.785827 3.933351
vt -0.785827 1.432692
vt -1.129577 1.396635
vt -1.129577 1.432692
vt -0.785827 1.396635
s 0
usemtl dirtymetal.001
f 6895/4110/2796 6893/4111/2796 6894/4112/2796
f 6896/4113/2796 6893/4111/2796 6895/4110/2796
f 6899/4112/2797 6897/4113/2797 6898/4110/2797
f 6900/4111/2797 6897/4113/2797 6899/4112/2797
f 6903/4114/2798 6901/4115/2798 6902/4116/2798
f 6904/4117/2798 6901/4115/2798 6903/4114/2798
f 6907/4116/2799 6905/4117/2799 6906/4114/2799
f 6908/4115/2799 6905/4117/2799 6907/4116/2799
f 6911/4118/2800 6909/4119/2800 6910/4120/2800
f 6912/4121/2800 6909/4119/2800 6911/4118/2800
f 6915/4120/2801 6913/4121/2801 6914/4118/2801
f 6916/4119/2801 6913/4121/2801 6915/4120/2801
o classname=brush.147
v -22.447205 33.740704 -13.803246
v -22.447205 24.861570 -13.803246
v -22.891161 24.861570 -13.803246
v -22.891161 33.740704 -13.803246
v -22.891161 24.861570 -13.803246
v -22.447205 24.861570 -13.803246
v -22.447205 24.861570 -12.471431
v -22.891161 24.861570 -12.471431
v -22.447205 33.740704 -13.803246
v -22.891161 33.740704 -13.803246
v -22.891161 33.740704 -12.471431
v -22.447205 33.740704 -12.471431
v -22.447205 24.861570 -12.471431
v -22.447205 24.861570 -13.803246
v -22.447205 33.740704 -13.803246
v -22.447205 33.740704 -12.471431
v -22.891161 24.861570 -13.803246
v -22.891161 24.861570 -12.471431
v -22.891161 33.740704 -12.471431
v -22.891161 33.740704 -13.803246
v -22.447205 33.740704 -12.471431
v -22.891161 33.740704 -12.471431
v -22.891161 24.861570 -12.471431
v -22.447205 24.861570 -12.471431
vn -0.0000 -0.0000 -1.0000
vn -0.0000 -1.0000 -0.0000
vn -0.0000 1.0000 -0.0000
vn 1.0000 -0.0000 -0.0000
vn -1.0000 -0.0000 -0.0000
vn -0.0000 -0.0000 1.0000
vt 7.382183 20.634766
vt 7.390155 20.791016
vt 7.390155 20.634766
vt 7.382183 20.791016
vt 7.708795 11.799061
vt 7.684880 11.791248
vt 7.684880 11.799061
vt 7.708795 11.791248
vt 12.043605 20.791016
vt 12.067520 20.634766
vt 12.043605 20.634766
vt 12.067520 20.791016
s 0
usemtl controlpanel.001
f 6919/4122/2802 6917/4123/2802 6918/4124/2802
f 6920/4125/2802 6917/4123/2802 6919/4122/2802
f 6923/4126/2803 6921/4127/2803 6922/4128/2803
f 6924/4129/2803 6921/4127/2803 6923/4126/2803
f 6927/4129/2804 6925/4128/2804 6926/4127/2804
f 6928/4126/2804 6925/4128/2804 6927/4129/2804
f 6931/4130/2805 6929/4131/2805 6930/4132/2805
f 6932/4133/2805 6929/4131/2805 6931/4130/2805
f 6935/4133/2806 6933/4132/2806 6934/4131/2806
f 6936/4130/2806 6933/4132/2806 6935/4133/2806
f 6939/4122/2807 6937/4123/2807 6938/4125/2807
f 6940/4124/2807 6937/4123/2807 6939/4122/2807
o classname=brush.148
v -22.891163 24.861570 -3.148288
v -22.447206 24.861570 -3.148288
v -22.447206 33.740704 -3.148288
v -22.891163 33.740704 -3.148288
v -22.447206 24.861570 -4.480212
v -22.447206 24.861570 -3.148288
v -22.891163 24.861570 -3.148288
v -22.891163 24.861570 -4.480212
v -22.891163 33.740704 -4.480212
v -22.891163 33.740704 -3.148288
v -22.447206 33.740704 -3.148288
v -22.447206 33.740704 -4.480212
v -22.447206 33.740704 -3.148288
v -22.447206 24.861570 -3.148288
v -22.447206 24.861570 -4.480212
v -22.447206 33.740704 -4.480212
v -22.891163 24.861570 -4.480212
v -22.891163 24.861570 -3.148288
v -22.891163 33.740704 -3.148288
v -22.891163 33.740704 -4.480212
v -22.891163 33.740704 -4.480212
v -22.447206 33.740704 -4.480212
v -22.447206 24.861570 -4.480212
v -22.891163 24.861570 -4.480212
vn -0.0000 -0.0000 1.0000
vn -0.0000 -1.0000 -0.0000
vn -0.0000 1.0000 -0.0000
vn 1.0000 -0.0000 -0.0000
vn -1.0000 -0.0000 -0.0000
vn -0.0000 -0.0000 -1.0000
vt 7.390155 20.791016
vt 7.382183 20.634766
vt 7.390155 20.634766
vt 7.382183 20.791016
vt 7.876207 11.791248
vt 7.852290 11.799061
vt 7.876207 11.799061
vt 7.852290 11.791248
vt 12.211016 20.634766
vt 12.234932 20.791016
vt 12.234932 20.634766
vt 12.211016 20.791016
s 0
usemtl controlpanel.001
f 6943/4134/2808 6941/4135/2808 6942/4136/2808
f 6944/4137/2808 6941/4135/2808 6943/4134/2808
f 6947/4138/2809 6945/4139/2809 6946/4140/2809
f 6948/4141/2809 6945/4139/2809 6947/4138/2809
f 6951/4140/2810 6949/4141/2810 6950/4138/2810
f 6952/4139/2810 6949/4141/2810 6951/4140/2810
f 6955/4142/2811 6953/4143/2811 6954/4144/2811
f 6956/4145/2811 6953/4143/2811 6955/4142/2811
f 6959/4143/2812 6957/4142/2812 6958/4144/2812
f 6960/4145/2812 6957/4142/2812 6959/4143/2812
f 6963/4136/2813 6961/4137/2813 6962/4134/2813
f 6964/4135/2813 6961/4137/2813 6963/4136/2813
o classname=brush.149
v -22.891163 24.861568 -4.480212
v -22.891163 24.861568 -12.471430
v -22.447206 24.861568 -12.471430
v -22.447206 24.861568 -4.480212
v -22.447206 26.193438 -4.480212
v -22.447206 24.861568 -4.480212
v -22.447206 24.861568 -12.471430
v -22.447206 26.193438 -12.471430
v -22.891163 26.193438 -12.471430
v -22.891163 24.861568 -12.471430
v -22.891163 24.861568 -4.480212
v -22.891163 26.193438 -4.480212
v -22.447206 24.861568 -12.471430
v -22.891163 24.861568 -12.471430
v -22.891163 26.193438 -12.471430
v -22.447206 26.193438 -12.471430
v -22.447206 24.861568 -4.480212
v -22.447206 26.193438 -4.480212
v -22.891163 26.193438 -4.480212
v -22.891163 24.861568 -4.480212
v -22.891163 26.193438 -4.480212
v -22.447206 26.193438 -4.480212
v -22.447206 26.193438 -12.471430
v -22.891163 26.193438 -12.471430
vn -0.0000 -1.0000 -0.0000
vn 1.0000 -0.0000 -0.0000
vn -1.0000 -0.0000 -0.0000
vn -0.0000 -0.0000 -1.0000
vn -0.0000 -0.0000 1.0000
vn -0.0000 1.0000 -0.0000
vt 7.708796 11.799061
vt 7.852291 11.791248
vt 7.708796 11.791248
vt 7.852291 11.799061
vt 12.067522 20.634766
vt 12.211017 20.658203
vt 12.211017 20.634766
vt 12.067522 20.658203
vt 7.382184 20.658203
vt 7.390156 20.634766
vt 7.382184 20.634766
vt 7.390156 20.658203
s 0
usemtl controlpanel.001
f 6967/4146/2814 6965/4147/2814 6966/4148/2814
f 6968/4149/2814 6965/4147/2814 6967/4146/2814
f 6971/4150/2815 6969/4151/2815 6970/4152/2815
f 6972/4153/2815 6969/4151/2815 6971/4150/2815
f 6975/4152/2816 6973/4153/2816 6974/4150/2816
f 6976/4151/2816 6973/4153/2816 6975/4152/2816
f 6979/4154/2817 6977/4155/2817 6978/4156/2817
f 6980/4157/2817 6977/4155/2817 6979/4154/2817
f 6983/4154/2818 6981/4155/2818 6982/4157/2818
f 6984/4156/2818 6981/4155/2818 6983/4154/2818
f 6987/4146/2819 6985/4147/2819 6986/4149/2819
f 6988/4148/2819 6985/4147/2819 6987/4146/2819
o classname=brush.150
v -22.891163 33.740704 -4.480212
v -22.447206 33.740704 -4.480212
v -22.447206 33.740704 -12.471430
v -22.891163 33.740704 -12.471430
v -22.447206 33.740704 -12.471430
v -22.447206 33.740704 -4.480212
v -22.447206 32.408833 -4.480212
v -22.447206 32.408833 -12.471430
v -22.891163 32.408833 -4.480212
v -22.891163 33.740704 -4.480212
v -22.891163 33.740704 -12.471430
v -22.891163 32.408833 -12.471430
v -22.891163 32.408833 -12.471430
v -22.891163 33.740704 -12.471430
v -22.447206 33.740704 -12.471430
v -22.447206 32.408833 -12.471430
v -22.447206 32.408833 -4.480212
v -22.447206 33.740704 -4.480212
v -22.891163 33.740704 -4.480212
v -22.891163 32.408833 -4.480212
v -22.447206 32.408833 -4.480212
v -22.891163 32.408833 -4.480212
v -22.891163 32.408833 -12.471430
v -22.447206 32.408833 -12.471430
vn -0.0000 1.0000 -0.0000
vn 1.0000 -0.0000 -0.0000
vn -1.0000 -0.0000 -0.0000
vn -0.0000 -0.0000 -1.0000
vn -0.0000 -0.0000 1.0000
vn -0.0000 -1.0000 -0.0000
vt 7.708796 11.799061
vt 7.852291 11.791248
vt 7.852291 11.799061
vt 7.708796 11.791248
vt 12.211017 20.767578
vt 12.067522 20.791016
vt 12.211017 20.791016
vt 12.067522 20.767578
vt 7.390156 20.791016
vt 7.382184 20.767578
vt 7.382184 20.791016
vt 7.390156 20.767578
s 0
usemtl controlpanel.001
f 6991/4158/2820 6989/4159/2820 6990/4160/2820
f 6992/4161/2820 6989/4159/2820 6991/4158/2820
f 6995/4162/2821 6993/4163/2821 6994/4164/2821
f 6996/4165/2821 6993/4163/2821 6995/4162/2821
f 6999/4163/2822 6997/4162/2822 6998/4164/2822
f 7000/4165/2822 6997/4162/2822 6999/4163/2822
f 7003/4166/2823 7001/4167/2823 7002/4168/2823
f 7004/4169/2823 7001/4167/2823 7003/4166/2823
f 7007/4168/2824 7005/4169/2824 7006/4166/2824
f 7008/4167/2824 7005/4169/2824 7007/4168/2824
f 7011/4161/2825 7009/4160/2825 7010/4159/2825
f 7012/4158/2825 7009/4160/2825 7011/4161/2825
o classname=brush.151
v -22.447206 26.193439 -4.480212
v -22.447206 26.193439 -12.471430
v -22.447206 32.408833 -12.471430
v -22.447206 32.408833 -4.480212
v -22.558195 26.193439 -4.480212
v -22.447206 26.193439 -4.480212
v -22.447206 32.408833 -4.480212
v -22.558195 32.408833 -4.480212
v -22.447206 32.408833 -12.471430
v -22.447206 26.193439 -12.471430
v -22.558195 26.193439 -12.471430
v -22.558195 32.408833 -12.471430
v -22.447206 26.193439 -4.480212
v -22.558195 26.193439 -4.480212
v -22.558195 26.193439 -12.471430
v -22.447206 26.193439 -12.471430
v -22.447206 32.408833 -4.480212
v -22.447206 32.408833 -12.471430
v -22.558195 32.408833 -12.471430
v -22.558195 32.408833 -4.480212
v -22.558195 32.408833 -4.480212
v -22.558195 32.408833 -12.471430
v -22.558195 26.193439 -12.471430
v -22.558195 26.193439 -4.480212
vn 1.0000 -0.0000 -0.0000
vn -0.0000 -0.0000 1.0000
vn -0.0000 -0.0000 -1.0000
vn -0.0000 -1.0000 -0.0000
vn -0.0000 1.0000 -0.0000
vn -1.0000 -0.0000 -0.0000
vt 78.000000 181.000000
vt 79.000000 180.000000
vt 78.000000 180.000000
vt 79.000000 181.000000
vt 3261.084961 181.000000
vt 3260.084961 180.000000
vt 3261.084961 180.000000
vt 3260.084961 181.000000
vt 3420.965576 77.321098
vt 3492.965576 77.334991
vt 3492.965576 77.321098
vt 3420.965576 77.334991
s 0
usemtl chatscreen.001
f 7015/4170/2826 7013/4171/2826 7014/4172/2826
f 7016/4173/2826 7013/4171/2826 7015/4170/2826
f 7019/4174/2827 7017/4175/2827 7018/4176/2827
f 7020/4177/2827 7017/4175/2827 7019/4174/2827
f 7023/4175/2828 7021/4174/2828 7022/4176/2828
f 7024/4177/2828 7021/4174/2828 7023/4175/2828
f 7027/4178/2829 7025/4179/2829 7026/4180/2829
f 7028/4181/2829 7025/4179/2829 7027/4178/2829
f 7031/4178/2830 7029/4179/2830 7030/4181/2830
f 7032/4180/2830 7029/4179/2830 7031/4178/2830
f 7035/4172/2831 7033/4173/2831 7034/4170/2831
f 7036/4171/2831 7033/4173/2831 7035/4172/2831
o classname=brush.152
v -32.496441 13.318706 -33.098869
v -32.496441 13.318706 -58.040432
v -32.496441 12.294189 -58.040432
v -32.496441 12.294189 -33.098869
v -21.883915 12.294189 -33.098869
v -21.883915 12.294189 -58.040432
v -21.883915 13.318706 -58.040432
v -21.883915 13.318706 -33.098869
v -32.496441 12.294189 -58.040432
v -21.883915 12.294189 -58.040432
v -21.883915 12.294189 -33.098869
v -32.496441 12.294189 -33.098869
v -32.496441 13.318706 -33.098869
v -21.883915 13.318706 -33.098869
v -21.883915 13.318706 -58.040432
v -32.496441 13.318706 -58.040432
v -21.883915 12.294189 -33.098869
v -21.883915 13.318706 -33.098869
v -32.496441 13.318706 -33.098869
v -32.496441 12.294189 -33.098869
v -32.496441 12.294189 -58.040432
v -32.496441 13.318706 -58.040432
v -21.883915 13.318706 -58.040432
v -21.883915 12.294189 -58.040432
vn -1.0000 -0.0000 -0.0000
vn 1.0000 -0.0000 -0.0000
vn -0.0000 -1.0000 -0.0000
vn -0.0000 1.0000 -0.0000
vn -0.0000 -0.0000 1.0000
vn -0.0000 -0.0000 -1.0000
vt 4.085452 1.865385
vt 2.329822 1.937500
vt 4.085452 1.937500
vt 2.329822 1.865385
vt -1.540404 3.329822
vt -2.287417 5.085452
vt -1.540404 5.085452
vt -2.287417 3.329822
vt -2.287417 1.937500
vt -1.540404 1.865385
vt -1.540404 1.937500
vt -2.287417 1.865385
s 0
usemtl metal.001
f 7039/4182/2832 7037/4183/2832 7038/4184/2832
f 7040/4185/2832 7037/4183/2832 7039/4182/2832
f 7043/4184/2833 7041/4185/2833 7042/4182/2833
f 7044/4183/2833 7041/4185/2833 7043/4184/2833
f 7047/4186/2834 7045/4187/2834 7046/4188/2834
f 7048/4189/2834 7045/4187/2834 7047/4186/2834
f 7051/4188/2835 7049/4189/2835 7050/4186/2835
f 7052/4187/2835 7049/4189/2835 7051/4188/2835
f 7055/4190/2836 7053/4191/2836 7054/4192/2836
f 7056/4193/2836 7053/4191/2836 7055/4190/2836
f 7059/4192/2837 7057/4193/2837 7058/4190/2837
f 7060/4191/2837 7057/4193/2837 7059/4192/2837
o classname=brush.153
v -31.207012 11.269680 -34.510738
v -31.207012 11.269680 -33.622826
v -31.207012 0.000007 -33.622826
v -31.207012 0.000007 -34.510738
v -32.094925 0.000007 -34.510738
v -32.094925 0.000007 -33.622826
v -32.094925 11.269680 -33.622826
v -32.094925 11.269680 -34.510738
v -31.207012 0.000007 -33.622826
v -32.094925 0.000007 -33.622826
v -32.094925 0.000007 -34.510738
v -31.207012 0.000007 -34.510738
v -31.207012 11.269680 -34.510738
v -32.094925 11.269680 -34.510738
v -32.094925 11.269680 -33.622826
v -31.207012 11.269680 -33.622826
v -32.094925 0.000007 -34.510738
v -32.094925 11.269680 -34.510738
v -31.207012 11.269680 -34.510738
v -31.207012 0.000007 -34.510738
v -31.207012 0.000007 -33.622826
v -31.207012 11.269680 -33.622826
v -32.094925 11.269680 -33.622826
v -32.094925 0.000007 -33.622826
vn 1.0000 -0.0000 -0.0000
vn -1.0000 -0.0000 -0.0000
vn -0.0000 -1.0000 -0.0000
vn -0.0000 1.0000 -0.0000
vn -0.0000 -0.0000 -1.0000
vn -0.0000 -0.0000 1.0000
vt 1.183351 1.000000
vt 1.214601 1.396635
vt 1.183351 1.396635
vt 1.214601 1.000000
vt -1.129577 2.214601
vt -1.098327 2.183351
vt -1.129577 2.183351
vt -1.098327 2.214601
vt -1.098327 1.396635
vt -1.129577 1.000000
vt -1.129577 1.396635
vt -1.098327 1.000000
s 0
usemtl dirtymetal.001
f 7063/4194/2838 7061/4195/2838 7062/4196/2838
f 7064/4197/2838 7061/4195/2838 7063/4194/2838
f 7067/4196/2839 7065/4197/2839 7066/4194/2839
f 7068/4195/2839 7065/4197/2839 7067/4196/2839
f 7071/4198/2840 7069/4199/2840 7070/4200/2840
f 7072/4201/2840 7069/4199/2840 7071/4198/2840
f 7075/4200/2841 7073/4201/2841 7074/4198/2841
f 7076/4199/2841 7073/4201/2841 7075/4200/2841
f 7079/4202/2842 7077/4203/2842 7078/4204/2842
f 7080/4205/2842 7077/4203/2842 7079/4202/2842
f 7083/4204/2843 7081/4205/2843 7082/4202/2843
f 7084/4203/2843 7081/4205/2843 7083/4204/2843
o classname=brush.154
v -22.327879 11.269680 -34.510738
v -22.327879 11.269680 -33.622826
v -22.327879 0.000007 -33.622826
v -22.327879 0.000007 -34.510738
v -23.215792 0.000007 -34.510738
v -23.215792 0.000007 -33.622826
v -23.215792 11.269680 -33.622826
v -23.215792 11.269680 -34.510738
v -22.327879 0.000007 -33.622826
v -23.215792 0.000007 -33.622826
v -23.215792 0.000007 -34.510738
v -22.327879 0.000007 -34.510738
v -22.327879 11.269680 -34.510738
v -23.215792 11.269680 -34.510738
v -23.215792 11.269680 -33.622826
v -22.327879 11.269680 -33.622826
v -23.215792 0.000007 -34.510738
v -23.215792 11.269680 -34.510738
v -22.327879 11.269680 -34.510738
v -22.327879 0.000007 -34.510738
v -22.327879 0.000007 -33.622826
v -22.327879 11.269680 -33.622826
v -23.215792 11.269680 -33.622826
v -23.215792 0.000007 -33.622826
vn 1.0000 -0.0000 -0.0000
vn -1.0000 -0.0000 -0.0000
vn -0.0000 -1.0000 -0.0000
vn -0.0000 1.0000 -0.0000
vn -0.0000 -0.0000 -1.0000
vn -0.0000 -0.0000 1.0000
vt 1.183351 1.000000
vt 1.214601 1.396635
vt 1.183351 1.396635
vt 1.214601 1.000000
vt -0.817077 2.214601
vt -0.785827 2.183351
vt -0.817077 2.183351
vt -0.785827 2.214601
vt -0.785827 1.396635
vt -0.817077 1.000000
vt -0.817077 1.396635
vt -0.785827 1.000000
s 0
usemtl dirtymetal.001
f 7087/4206/2844 7085/4207/2844 7086/4208/2844
f 7088/4209/2844 7085/4207/2844 7087/4206/2844
f 7091/4208/2845 7089/4209/2845 7090/4206/2845
f 7092/4207/2845 7089/4209/2845 7091/4208/2845
f 7095/4210/2846 7093/4211/2846 7094/4212/2846
f 7096/4213/2846 7093/4211/2846 7095/4210/2846
f 7099/4212/2847 7097/4213/2847 7098/4210/2847
f 7100/4211/2847 7097/4213/2847 7099/4212/2847
f 7103/4214/2848 7101/4215/2848 7102/4216/2848
f 7104/4217/2848 7101/4215/2848 7103/4214/2848
f 7107/4216/2849 7105/4217/2849 7106/4214/2849
f 7108/4215/2849 7105/4217/2849 7107/4216/2849
o classname=brush.155
v -22.327879 12.294183 -34.510738
v -22.327879 12.294183 -33.622826
v -22.327879 11.269667 -33.622826
v -22.327879 11.269667 -34.510738
v -32.094925 11.269667 -34.510738
v -32.094925 11.269667 -33.622826
v -32.094925 12.294183 -33.622826
v -32.094925 12.294183 -34.510738
v -22.327879 11.269667 -33.622826
v -32.094925 11.269667 -33.622826
v -32.094925 11.269667 -34.510738
v -22.327879 11.269667 -34.510738
v -22.327879 12.294183 -34.510738
v -32.094925 12.294183 -34.510738
v -32.094925 12.294183 -33.622826
v -22.327879 12.294183 -33.622826
v -32.094925 11.269667 -34.510738
v -32.094925 12.294183 -34.510738
v -22.327879 12.294183 -34.510738
v -22.327879 11.269667 -34.510738
v -22.327879 11.269667 -33.622826
v -22.327879 12.294183 -33.622826
v -32.094925 12.294183 -33.622826
v -32.094925 11.269667 -33.622826
vn 1.0000 -0.0000 -0.0000
vn -1.0000 -0.0000 -0.0000
vn -0.0000 -1.0000 -0.0000
vn -0.0000 1.0000 -0.0000
vn -0.0000 -0.0000 -1.0000
vn -0.0000 -0.0000 1.0000
vt 1.183351 1.396635
vt 1.214601 1.432692
vt 1.183351 1.432692
vt 1.214601 1.396635
vt -1.129577 2.214601
vt -0.785827 2.183351
vt -1.129577 2.183351
vt -0.785827 2.214601
vt -0.785827 1.432692
vt -1.129577 1.396635
vt -1.129577 1.432692
vt -0.785827 1.396635
s 0
usemtl dirtymetal.001
f 7111/4218/2850 7109/4219/2850 7110/4220/2850
f 7112/4221/2850 7109/4219/2850 7111/4218/2850
f 7115/4220/2851 7113/4221/2851 7114/4218/2851
f 7116/4219/2851 7113/4221/2851 7115/4220/2851
f 7119/4222/2852 7117/4223/2852 7118/4224/2852
f 7120/4225/2852 7117/4223/2852 7119/4222/2852
f 7123/4224/2853 7121/4225/2853 7122/4222/2853
f 7124/4223/2853 7121/4225/2853 7123/4224/2853
f 7127/4226/2854 7125/4227/2854 7126/4228/2854
f 7128/4229/2854 7125/4227/2854 7127/4226/2854
f 7131/4228/2855 7129/4229/2855 7130/4226/2855
f 7132/4227/2855 7129/4229/2855 7131/4228/2855
o classname=brush.156
v -31.207012 11.269680 -57.596474
v -31.207012 11.269680 -56.708561
v -31.207012 0.000007 -56.708561
v -31.207012 0.000007 -57.596474
v -32.094925 0.000007 -57.596474
v -32.094925 0.000007 -56.708561
v -32.094925 11.269680 -56.708561
v -32.094925 11.269680 -57.596474
v -31.207012 0.000007 -56.708561
v -32.094925 0.000007 -56.708561
v -32.094925 0.000007 -57.596474
v -31.207012 0.000007 -57.596474
v -31.207012 11.269680 -57.596474
v -32.094925 11.269680 -57.596474
v -32.094925 11.269680 -56.708561
v -31.207012 11.269680 -56.708561
v -32.094925 0.000007 -57.596474
v -32.094925 11.269680 -57.596474
v -31.207012 11.269680 -57.596474
v -31.207012 0.000007 -57.596474
v -31.207012 0.000007 -56.708561
v -31.207012 11.269680 -56.708561
v -32.094925 11.269680 -56.708561
v -32.094925 0.000007 -56.708561
vn 1.0000 -0.0000 -0.0000
vn -1.0000 -0.0000 -0.0000
vn -0.0000 -1.0000 -0.0000
vn -0.0000 1.0000 -0.0000
vn -0.0000 -0.0000 -1.0000
vn -0.0000 -0.0000 1.0000
vt 1.995851 1.000000
vt 2.027101 1.396635
vt 1.995851 1.396635
vt 2.027101 1.000000
vt -1.129577 3.027101
vt -1.098327 2.995851
vt -1.129577 2.995851
vt -1.098327 3.027101
vt -1.098327 1.396635
vt -1.129577 1.000000
vt -1.129577 1.396635
vt -1.098327 1.000000
s 0
usemtl dirtymetal.001
f 7135/4230/2856 7133/4231/2856 7134/4232/2856
f 7136/4233/2856 7133/4231/2856 7135/4230/2856
f 7139/4232/2857 7137/4233/2857 7138/4230/2857
f 7140/4231/2857 7137/4233/2857 7139/4232/2857
f 7143/4234/2858 7141/4235/2858 7142/4236/2858
f 7144/4237/2858 7141/4235/2858 7143/4234/2858
f 7147/4236/2859 7145/4237/2859 7146/4234/2859
f 7148/4235/2859 7145/4237/2859 7147/4236/2859
f 7151/4238/2860 7149/4239/2860 7150/4240/2860
f 7152/4241/2860 7149/4239/2860 7151/4238/2860
f 7155/4240/2861 7153/4241/2861 7154/4238/2861
f 7156/4239/2861 7153/4241/2861 7155/4240/2861
o classname=brush.157
v -22.327879 11.269680 -57.596474
v -22.327879 11.269680 -56.708561
v -22.327879 0.000007 -56.708561
v -22.327879 0.000007 -57.596474
v -23.215792 0.000007 -57.596474
v -23.215792 0.000007 -56.708561
v -23.215792 11.269680 -56.708561
v -23.215792 11.269680 -57.596474
v -22.327879 0.000007 -56.708561
v -23.215792 0.000007 -56.708561
v -23.215792 0.000007 -57.596474
v -22.327879 0.000007 -57.596474
v -22.327879 11.269680 -57.596474
v -23.215792 11.269680 -57.596474
v -23.215792 11.269680 -56.708561
v -22.327879 11.269680 -56.708561
v -23.215792 0.000007 -57.596474
v -23.215792 11.269680 -57.596474
v -22.327879 11.269680 -57.596474
v -22.327879 0.000007 -57.596474
v -22.327879 0.000007 -56.708561
v -22.327879 11.269680 -56.708561
v -23.215792 11.269680 -56.708561
v -23.215792 0.000007 -56.708561
vn 1.0000 -0.0000 -0.0000
vn -1.0000 -0.0000 -0.0000
vn -0.0000 -1.0000 -0.0000
vn -0.0000 1.0000 -0.0000
vn -0.0000 -0.0000 -1.0000
vn -0.0000 -0.0000 1.0000
vt 1.995851 1.000000
vt 2.027101 1.396635
vt 1.995851 1.396635
vt 2.027101 1.000000
vt -0.817077 3.027101
vt -0.785827 2.995851
vt -0.817077 2.995851
vt -0.785827 3.027101
vt -0.785827 1.396635
vt -0.817077 1.000000
vt -0.817077 1.396635
vt -0.785827 1.000000
s 0
usemtl dirtymetal.001
f 7159/4242/2862 7157/4243/2862 7158/4244/2862
f 7160/4245/2862 7157/4243/2862 7159/4242/2862
f 7163/4244/2863 7161/4245/2863 7162/4242/2863
f 7164/4243/2863 7161/4245/2863 7163/4244/2863
f 7167/4246/2864 7165/4247/2864 7166/4248/2864
f 7168/4249/2864 7165/4247/2864 7167/4246/2864
f 7171/4248/2865 7169/4249/2865 7170/4246/2865
f 7172/4247/2865 7169/4249/2865 7171/4248/2865
f 7175/4250/2866 7173/4251/2866 7174/4252/2866
f 7176/4253/2866 7173/4251/2866 7175/4250/2866
f 7179/4252/2867 7177/4253/2867 7178/4250/2867
f 7180/4251/2867 7177/4253/2867 7179/4252/2867
o classname=brush.158
v -22.327879 12.294183 -57.596474
v -22.327879 12.294183 -56.708561
v -22.327879 11.269667 -56.708561
v -22.327879 11.269667 -57.596474
v -32.094925 11.269667 -57.596474
v -32.094925 11.269667 -56.708561
v -32.094925 12.294183 -56.708561
v -32.094925 12.294183 -57.596474
v -22.327879 11.269667 -56.708561
v -32.094925 11.269667 -56.708561
v -32.094925 11.269667 -57.596474
v -22.327879 11.269667 -57.596474
v -22.327879 12.294183 -57.596474
v -32.094925 12.294183 -57.596474
v -32.094925 12.294183 -56.708561
v -22.327879 12.294183 -56.708561
v -32.094925 11.269667 -57.596474
v -32.094925 12.294183 -57.596474
v -22.327879 12.294183 -57.596474
v -22.327879 11.269667 -57.596474
v -22.327879 11.269667 -56.708561
v -22.327879 12.294183 -56.708561
v -32.094925 12.294183 -56.708561
v -32.094925 11.269667 -56.708561
vn 1.0000 -0.0000 -0.0000
vn -1.0000 -0.0000 -0.0000
vn -0.0000 -1.0000 -0.0000
vn -0.0000 1.0000 -0.0000
vn -0.0000 -0.0000 -1.0000
vn -0.0000 -0.0000 1.0000
vt 1.995851 1.396635
vt 2.027101 1.432692
vt 1.995851 1.432692
vt 2.027101 1.396635
vt -1.129577 3.027101
vt -0.785827 2.995851
vt -1.129577 2.995851
vt -0.785827 3.027101
vt -0.785827 1.432692
vt -1.129577 1.396635
vt -1.129577 1.432692
vt -0.785827 1.396635
s 0
usemtl dirtymetal.001
f 7183/4254/2868 7181/4255/2868 7182/4256/2868
f 7184/4257/2868 7181/4255/2868 7183/4254/2868
f 7187/4256/2869 7185/4257/2869 7186/4254/2869
f 7188/4255/2869 7185/4257/2869 7187/4256/2869
f 7191/4258/2870 7189/4259/2870 7190/4260/2870
f 7192/4261/2870 7189/4259/2870 7191/4258/2870
f 7195/4260/2871 7193/4261/2871 7194/4258/2871
f 7196/4259/2871 7193/4261/2871 7195/4260/2871
f 7199/4262/2872 7197/4263/2872 7198/4264/2872
f 7200/4265/2872 7197/4263/2872 7199/4262/2872
f 7203/4264/2873 7201/4265/2873 7202/4262/2873
f 7204/4263/2873 7201/4265/2873 7203/4264/2873
o classname=brush.159
v -33.162373 -0.002426 12.620653
v -33.162373 -0.002426 27.215727
v -33.162373 12.428360 27.215727
v -33.162373 12.428360 12.620653
v -22.507414 14.204186 12.620653
v -22.507414 14.204186 27.215727
v -22.507414 -0.002426 27.215727
v -22.507414 -0.002426 12.620653
v -33.162373 -0.002426 12.620653
v -22.507414 -0.002426 12.620653
v -22.507414 -0.002426 27.215727
v -33.162373 -0.002426 27.215727
v -33.162373 12.428360 27.215727
v -22.507414 14.204186 27.215727
v -22.507414 14.204186 12.620653
v -33.162373 12.428360 12.620653
v -33.162373 -0.002426 12.620653
v -33.162373 12.428360 12.620653
v -22.507414 14.204186 12.620653
v -22.507414 -0.002426 12.620653
v -22.507414 -0.002426 27.215727
v -22.507414 14.204186 27.215727
v -33.162373 12.428360 27.215727
v -33.162373 -0.002426 27.215727
vn -1.0000 -0.0000 -0.0000
vn 1.0000 -0.0000 -0.0000
vn -0.0000 -1.0000 -0.0000
vn -0.1644 0.9864 -0.0000
vn -0.0000 -0.0000 -1.0000
vn -0.0000 -0.0000 1.0000
vt 1.496168 1.314193
vt 1.011571 0.997164
vt 1.496168 0.997164
vt 1.011571 1.314193
vt 5.068359 -2.000000
vt 4.554688 -1.500000
vt 5.068359 -1.500000
vt 4.554688 -2.000000
vt -18.490234 21.093750
vt -19.003906 20.718750
vt -19.003906 21.093750
vt -18.490234 20.718750
vt 0.034180 1.627367
vt 0.462240 1.343277
vt 0.462240 1.627367
vt 0.034180 1.343277
vt 8.984375 -1.499999
vt 8.515625 -1.999999
vt 8.515625 -1.562499
vt 8.984375 -1.999999
vt 8.520508 -1.562499
vt 8.989258 -1.999999
vt 8.989258 -1.499999
vt 8.520508 -1.999999
s 0
usemtl controlpanel.001
f 7207/4266/2874 7205/4267/2874 7206/4268/2874
f 7208/4269/2874 7205/4267/2874 7207/4266/2874
f 7211/4270/2875 7209/4271/2875 7210/4272/2875
f 7212/4273/2875 7209/4271/2875 7211/4270/2875
f 7215/4274/2876 7213/4275/2876 7214/4276/2876
f 7216/4277/2876 7213/4275/2876 7215/4274/2876
f 7219/4278/2877 7217/4279/2877 7218/4280/2877
f 7220/4281/2877 7217/4279/2877 7219/4278/2877
f 7223/4282/2878 7221/4283/2878 7222/4284/2878
f 7224/4285/2878 7221/4283/2878 7223/4282/2878
f 7227/4286/2879 7225/4287/2879 7226/4288/2879
f 7228/4289/2879 7225/4287/2879 7227/4286/2879
o classname=brush.160
v -44.839619 49.501163 -11.098915
v -42.175877 49.501163 -11.098915
v -42.175877 49.925594 -11.098915
v -44.839619 49.925594 -11.098915
v -44.839619 49.925594 -15.538482
v -42.175877 49.925594 -15.538482
v -42.175877 49.501163 -15.538482
v -44.839619 49.501163 -15.538482
v -44.839619 49.501163 -11.098915
v -44.839619 49.501163 -15.538482
v -42.175877 49.501163 -15.538482
v -42.175877 49.501163 -11.098915
v -42.175877 49.925594 -11.098915
v -42.175877 49.925594 -15.538482
v -44.839619 49.925594 -15.538482
v -44.839619 49.925594 -11.098915
v -44.839619 49.501163 -11.098915
v -44.839619 49.925594 -11.098915
v -44.839619 49.925594 -15.538482
v -44.839619 49.501163 -15.538482
v -42.175877 49.501163 -15.538482
v -42.175877 49.925594 -15.538482
v -42.175877 49.925594 -11.098915
v -42.175877 49.501163 -11.098915
vn -0.0000 -0.0000 1.0000
vn -0.0000 -0.0000 -1.0000
vn -0.0000 -1.0000 -0.0000
vn -0.0000 1.0000 -0.0000
vn -1.0000 -0.0000 -0.0000
vn 1.0000 -0.0000 -0.0000
vt 2.328621 0.747523
vt 2.310404 0.861852
vt 2.310404 0.747523
vt 2.328621 0.861852
vt 2.467607 0.752286
vt 2.485824 0.866616
vt 2.485824 0.752286
vt 2.467607 0.866616
vt -1.148056 0.747523
vt -1.338605 0.861852
vt -1.148056 0.861852
vt -1.338605 0.747523
vt 2.433423 2.271913
vt 2.415206 2.462462
vt 2.433423 2.462462
vt 2.415206 2.271913
s 0
usemtl misc.001
f 7231/4290/2880 7229/4291/2880 7230/4292/2880
f 7232/4293/2880 7229/4291/2880 7231/4290/2880
f 7235/4294/2881 7233/4295/2881 7234/4296/2881
f 7236/4297/2881 7233/4295/2881 7235/4294/2881
f 7239/4298/2882 7237/4299/2882 7238/4300/2882
f 7240/4301/2882 7237/4299/2882 7239/4298/2882
f 7243/4300/2883 7241/4301/2883 7242/4298/2883
f 7244/4299/2883 7241/4301/2883 7243/4300/2883
f 7247/4302/2884 7245/4303/2884 7246/4304/2884
f 7248/4305/2884 7245/4303/2884 7247/4302/2884
f 7251/4304/2885 7249/4305/2885 7250/4302/2885
f 7252/4303/2885 7249/4305/2885 7251/4304/2885
o classname=brush.161
v -21.753874 28.413223 14.428590
v -21.309917 28.413223 14.650568
v -21.309917 49.723141 14.650568
v -21.753874 49.723141 14.428590
v -21.753874 49.723141 13.984633
v -21.309917 49.723141 13.762655
v -21.309917 28.413223 13.762655
v -21.753874 28.413223 13.984633
v -21.753874 28.413223 14.428590
v -21.753874 28.413223 13.984633
v -21.309917 28.413223 13.762655
v -21.309917 28.413223 14.650568
v -21.309917 49.723141 14.650568
v -21.309917 49.723141 13.762655
v -21.753874 49.723141 13.984633
v -21.753874 49.723141 14.428590
v -21.753874 28.413223 14.428590
v -21.753874 49.723141 14.428590
v -21.753874 49.723141 13.984633
v -21.753874 28.413223 13.984633
v -21.309917 28.413223 13.762655
v -21.309917 49.723141 13.762655
v -21.309917 49.723141 14.650568
v -21.309917 28.413223 14.650568
vn -0.4472 -0.0000 0.8944
vn -0.4472 -0.0000 -0.8944
vn -0.0000 -1.0000 -0.0000
vn -0.0000 1.0000 -0.0000
vn -1.0000 -0.0000 -0.0000
vn 1.0000 -0.0000 -0.0000
vt -0.359375 1.875000
vt -0.367188 1.500000
vt -0.359375 1.500000
vt -0.367188 1.875000
vt -0.359375 0.757812
vt -0.367188 0.746094
vt -0.367188 0.753906
vt -0.359375 0.742188
vt -0.246094 1.875000
vt -0.253906 1.500000
vt -0.253906 1.875000
vt -0.246094 1.500000
vt -0.257812 1.875000
vt -0.242188 1.500000
vt -0.242188 1.875000
vt -0.257812 1.500000
s 0
usemtl dirtymetal.001
f 7255/4306/2886 7253/4307/2886 7254/4308/2886
f 7256/4309/2886 7253/4307/2886 7255/4306/2886
f 7259/4308/2887 7257/4309/2887 7258/4306/2887
f 7260/4307/2887 7257/4309/2887 7259/4308/2887
f 7263/4310/2888 7261/4311/2888 7262/4312/2888
f 7264/4313/2888 7261/4311/2888 7263/4310/2888
f 7267/4312/2889 7265/4313/2889 7266/4310/2889
f 7268/4311/2889 7265/4313/2889 7267/4312/2889
f 7271/4314/2890 7269/4315/2890 7270/4316/2890
f 7272/4317/2890 7269/4315/2890 7271/4314/2890
f 7275/4318/2891 7273/4319/2891 7274/4320/2891
f 7276/4321/2891 7273/4319/2891 7275/4318/2891
o classname=brush.296
v -17.536285 14.650568 14.206612
v -17.536285 14.206612 14.206612
v 22.197830 14.206612 14.206612
v 22.197830 14.650568 14.206612
v -17.536285 14.206612 13.984633
v -17.536285 14.650568 13.984633
v 22.197830 14.650568 13.984633
v 22.197830 14.206612 13.984633
v 22.197830 14.206612 14.206612
v -17.536285 14.206612 14.206612
v -17.536285 14.206612 13.984633
v 22.197830 14.206612 13.984633
v -17.536285 14.206612 13.984633
v -17.536285 14.206612 14.206612
v -17.536285 14.650568 14.206612
v -17.536285 14.650568 13.984633
v 22.197830 14.206612 14.206612
v 22.197830 14.206612 13.984633
v 22.197830 14.650568 13.984633
v 22.197830 14.650568 14.206612
v 22.197830 14.650568 13.984633
v -17.536285 14.650568 13.984633
v -17.536285 14.650568 14.206612
v 22.197830 14.650568 14.206612
vn -0.0000 -0.0000 1.0000
vn -0.0000 -0.0000 -1.0000
vn -0.0000 -1.0000 -0.0000
vn -1.0000 -0.0000 -0.0000
vn 1.0000 -0.0000 -0.0000
vn -0.0000 1.0000 -0.0000
vt -0.984375 1.250000
vt -0.285156 1.257812
vt -0.285156 1.250000
vt -0.984375 1.257812
vt 0.660156 -0.316406
vt 0.656250 -1.015625
vt 0.656250 -0.316406
vt 0.660156 -1.015625
vt 0.656250 0.320313
vt 0.660156 0.312500
vt 0.656250 0.312500
vt 0.660156 0.320313
s 0
usemtl dirtymetal.001
f 7279/4322/2892 7277/4323/2892 7278/4324/2892
f 7280/4325/2892 7277/4323/2892 7279/4322/2892
f 7283/4325/2893 7281/4324/2893 7282/4323/2893
f 7284/4322/2893 7281/4324/2893 7283/4325/2893
f 7287/4326/2894 7285/4327/2894 7286/4328/2894
f 7288/4329/2894 7285/4327/2894 7287/4326/2894
f 7291/4330/2895 7289/4331/2895 7290/4332/2895
f 7292/4333/2895 7289/4331/2895 7291/4330/2895
f 7295/4333/2896 7293/4332/2896 7294/4331/2896
f 7296/4330/2896 7293/4332/2896 7295/4333/2896
f 7299/4328/2897 7297/4329/2897 7298/4326/2897
f 7300/4327/2897 7297/4329/2897 7299/4328/2897
o classname=brush.297
v 22.197830 35.516529 14.206612
v -17.536285 35.516529 14.206612
v -17.536285 35.072571 14.206612
v 22.197830 35.072571 14.206612
v -17.536285 35.072571 13.984633
v -17.536285 35.516529 13.984633
v 22.197830 35.516529 13.984633
v 22.197830 35.072571 13.984633
v -17.536285 35.516529 13.984633
v -17.536285 35.516529 14.206612
v 22.197830 35.516529 14.206612
v 22.197830 35.516529 13.984633
v -17.536285 35.072571 14.206612
v -17.536285 35.516529 14.206612
v -17.536285 35.516529 13.984633
v -17.536285 35.072571 13.984633
v 22.197830 35.072571 13.984633
v 22.197830 35.516529 13.984633
v 22.197830 35.516529 14.206612
v 22.197830 35.072571 14.206612
v -17.536285 35.072571 13.984633
v 22.197830 35.072571 13.984633
v 22.197830 35.072571 14.206612
v -17.536285 35.072571 14.206612
vn -0.0000 -0.0000 1.0000
vn -0.0000 -0.0000 -1.0000
vn -0.0000 1.0000 -0.0000
vn -1.0000 -0.0000 -0.0000
vn 1.0000 -0.0000 -0.0000
vn -0.0000 -1.0000 -0.0000
vt -0.285156 1.617188
vt -0.984375 1.625000
vt -0.285156 1.625000
vt -0.984375 1.617188
vt 0.656250 -1.015625
vt 0.660156 -0.316406
vt 0.656250 -0.316406
vt 0.660156 -1.015625
vt -0.371094 1.625000
vt -0.375000 1.617188
vt -0.375000 1.625000
vt -0.371094 1.617188
vt 0.656250 0.687500
vt 0.660156 0.679688
vt 0.660156 0.687500
vt 0.656250 0.679688
s 0
usemtl dirtymetal.001
f 7303/4334/2898 7301/4335/2898 7302/4336/2898
f 7304/4337/2898 7301/4335/2898 7303/4334/2898
f 7307/4335/2899 7305/4334/2899 7306/4336/2899
f 7308/4337/2899 7305/4334/2899 7307/4335/2899
f 7311/4338/2900 7309/4339/2900 7310/4340/2900
f 7312/4341/2900 7309/4339/2900 7311/4338/2900
f 7315/4342/2901 7313/4343/2901 7314/4344/2901
f 7316/4345/2901 7313/4343/2901 7315/4342/2901
f 7319/4346/2902 7317/4347/2902 7318/4348/2902
f 7320/4349/2902 7317/4347/2902 7319/4346/2902
f 7323/4338/2903 7321/4339/2903 7322/4341/2903
f 7324/4340/2903 7321/4339/2903 7323/4338/2903
o classname=brush.298
v 43.507748 14.650568 14.206612
v 43.507748 14.206612 14.206612
v 83.463844 14.206612 14.206612
v 83.463844 14.650568 14.206612
v 43.507748 14.206612 13.984633
v 43.507748 14.650568 13.984633
v 83.463844 14.650568 13.984633
v 83.463844 14.206612 13.984633
v 83.463844 14.206612 14.206612
v 43.507748 14.206612 14.206612
v 43.507748 14.206612 13.984633
v 83.463844 14.206612 13.984633
v 43.507748 14.206612 13.984633
v 43.507748 14.206612 14.206612
v 43.507748 14.650568 14.206612
v 43.507748 14.650568 13.984633
v 83.463844 14.206612 14.206612
v 83.463844 14.206612 13.984633
v 83.463844 14.650568 13.984633
v 83.463844 14.650568 14.206612
v 83.463844 14.650568 13.984633
v 43.507748 14.650568 13.984633
v 43.507748 14.650568 14.206612
v 83.463844 14.650568 14.206612
vn -0.0000 -0.0000 1.0000
vn -0.0000 -0.0000 -1.0000
vn -0.0000 -1.0000 -0.0000
vn -1.0000 -0.0000 -0.0000
vn 1.0000 -0.0000 -0.0000
vn -0.0000 1.0000 -0.0000
vt -0.988281 1.250000
vt -0.285156 1.257812
vt -0.285156 1.250000
vt -0.988281 1.257812
vt 0.660156 -0.316406
vt 0.656250 -1.019531
vt 0.656250 -0.316406
vt 0.660156 -1.019531
vt 0.656250 0.320313
vt 0.660156 0.312500
vt 0.656250 0.312500
vt 0.660156 0.320313
s 0
usemtl dirtymetal.001
f 7327/4350/2904 7325/4351/2904 7326/4352/2904
f 7328/4353/2904 7325/4351/2904 7327/4350/2904
f 7331/4353/2905 7329/4352/2905 7330/4351/2905
f 7332/4350/2905 7329/4352/2905 7331/4353/2905
f 7335/4354/2906 7333/4355/2906 7334/4356/2906
f 7336/4357/2906 7333/4355/2906 7335/4354/2906
f 7339/4358/2907 7337/4359/2907 7338/4360/2907
f 7340/4361/2907 7337/4359/2907 7339/4358/2907
f 7343/4361/2908 7341/4360/2908 7342/4359/2908
f 7344/4358/2908 7341/4360/2908 7343/4361/2908
f 7347/4356/2909 7345/4357/2909 7346/4354/2909
f 7348/4355/2909 7345/4357/2909 7347/4356/2909
o classname=brush.299
v 83.463844 35.516529 14.206612
v 43.507748 35.516529 14.206612
v 43.507748 35.072571 14.206612
v 83.463844 35.072571 14.206612
v 43.507748 35.072571 13.984633
v 43.507748 35.516529 13.984633
v 83.463844 35.516529 13.984633
v 83.463844 35.072571 13.984633
v 43.507748 35.516529 13.984633
v 43.507748 35.516529 14.206612
v 83.463844 35.516529 14.206612
v 83.463844 35.516529 13.984633
v 43.507748 35.072571 14.206612
v 43.507748 35.516529 14.206612
v 43.507748 35.516529 13.984633
v 43.507748 35.072571 13.984633
v 83.463844 35.072571 13.984633
v 83.463844 35.516529 13.984633
v 83.463844 35.516529 14.206612
v 83.463844 35.072571 14.206612
v 43.507748 35.072571 13.984633
v 83.463844 35.072571 13.984633
v 83.463844 35.072571 14.206612
v 43.507748 35.072571 14.206612
vn -0.0000 -0.0000 1.0000
vn -0.0000 -0.0000 -1.0000
vn -0.0000 1.0000 -0.0000
vn -1.0000 -0.0000 -0.0000
vn 1.0000 -0.0000 -0.0000
vn -0.0000 -1.0000 -0.0000
vt -0.285156 1.617188
vt -0.988281 1.625000
vt -0.285156 1.625000
vt -0.988281 1.617188
vt 0.656250 -1.019531
vt 0.660156 -0.316406
vt 0.656250 -0.316406
vt 0.660156 -1.019531
vt -0.371094 1.625000
vt -0.375000 1.617188
vt -0.375000 1.625000
vt -0.371094 1.617188
vt 0.656250 0.687500
vt 0.660156 0.679688
vt 0.660156 0.687500
vt 0.656250 0.679688
s 0
usemtl dirtymetal.001
f 7351/4362/2910 7349/4363/2910 7350/4364/2910
f 7352/4365/2910 7349/4363/2910 7351/4362/2910
f 7355/4363/2911 7353/4362/2911 7354/4364/2911
f 7356/4365/2911 7353/4362/2911 7355/4363/2911
f 7359/4366/2912 7357/4367/2912 7358/4368/2912
f 7360/4369/2912 7357/4367/2912 7359/4366/2912
f 7363/4370/2913 7361/4371/2913 7362/4372/2913
f 7364/4373/2913 7361/4371/2913 7363/4370/2913
f 7367/4374/2914 7365/4375/2914 7366/4376/2914
f 7368/4377/2914 7365/4375/2914 7367/4374/2914
f 7371/4366/2915 7369/4367/2915 7370/4369/2915
f 7372/4368/2915 7369/4367/2915 7371/4366/2915
o classname=brush.300
v 38.513210 21.560522 -86.333122
v 37.069649 23.653208 -86.869972
v 34.909199 25.051500 -87.228676
v 32.360775 25.542511 -87.354637
v 29.812353 25.051500 -87.228676
v 27.651905 23.653208 -86.869972
v 26.208340 21.560522 -86.333122
v 25.701426 19.092031 -85.699875
v 26.208340 16.623541 -85.066620
v 27.651905 14.530855 -84.529778
v 29.812353 13.132563 -84.171066
v 32.360775 12.641552 -84.045105
v 34.909195 13.132563 -84.171066
v 37.069645 14.530855 -84.529778
v 38.513210 16.623541 -85.066620
v 39.020126 19.092031 -85.699875
v 39.020126 18.871395 -86.559937
v 38.513210 16.402905 -85.926682
v 37.069645 14.310220 -85.389839
v 34.909195 12.911926 -85.031128
v 32.360775 12.420917 -84.905167
v 29.812353 12.911926 -85.031128
v 27.651905 14.310220 -85.389839
v 26.208340 16.402905 -85.926682
v 25.701426 18.871395 -86.559937
v 26.208340 21.339886 -87.193192
v 27.651905 23.432571 -87.730034
v 29.812353 24.830864 -88.088745
v 32.360775 25.321877 -88.214706
v 34.909199 24.830864 -88.088745
v 37.069649 23.432571 -87.730034
v 38.513210 21.339886 -87.193192
v 39.020126 19.092031 -85.699875
v 38.513210 16.623541 -85.066620
v 38.513210 16.402905 -85.926682
v 39.020126 18.871395 -86.559937
v 38.513210 16.623541 -85.066620
v 37.069645 14.530855 -84.529778
v 37.069645 14.310220 -85.389839
v 38.513210 16.402905 -85.926682
v 37.069645 14.530855 -84.529778
v 34.909195 13.132563 -84.171066
v 34.909195 12.911926 -85.031128
v 37.069645 14.310220 -85.389839
v 34.909195 13.132563 -84.171066
v 32.360775 12.641552 -84.045105
v 32.360775 12.420917 -84.905167
v 34.909195 12.911926 -85.031128
v 32.360775 12.641552 -84.045105
v 29.812353 13.132563 -84.171066
v 29.812353 12.911926 -85.031128
v 32.360775 12.420917 -84.905167
v 29.812353 13.132563 -84.171066
v 27.651905 14.530855 -84.529778
v 27.651905 14.310220 -85.389839
v 29.812353 12.911926 -85.031128
v 27.651905 14.530855 -84.529778
v 26.208340 16.623541 -85.066620
v 26.208340 16.402905 -85.926682
v 27.651905 14.310220 -85.389839
v 26.208340 16.623541 -85.066620
v 25.701426 19.092031 -85.699875
v 25.701426 18.871395 -86.559937
v 26.208340 16.402905 -85.926682
v 25.701426 19.092031 -85.699875
v 26.208340 21.560522 -86.333122
v 26.208340 21.339886 -87.193192
v 25.701426 18.871395 -86.559937
v 26.208340 21.560522 -86.333122
v 27.651905 23.653208 -86.869972
v 27.651905 23.432571 -87.730034
v 26.208340 21.339886 -87.193192
v 27.651905 23.653208 -86.869972
v 29.812353 25.051500 -87.228676
v 29.812353 24.830864 -88.088745
v 27.651905 23.432571 -87.730034
v 29.812353 25.051500 -87.228676
v 32.360775 25.542511 -87.354637
v 32.360775 25.321877 -88.214706
v 29.812353 24.830864 -88.088745
v 32.360775 25.542511 -87.354637
v 34.909199 25.051500 -87.228676
v 34.909199 24.830864 -88.088745
v 32.360775 25.321877 -88.214706
v 34.909199 25.051500 -87.228676
v 37.069649 23.653208 -86.869972
v 37.069649 23.432571 -87.730034
v 34.909199 24.830864 -88.088745
v 37.069649 23.653208 -86.869972
v 38.513210 21.560522 -86.333122
v 38.513210 21.339886 -87.193192
v 37.069649 23.432571 -87.730034
v 38.513210 21.560522 -86.333122
v 39.020126 19.092031 -85.699875
v 39.020126 18.871395 -86.559937
v 38.513210 21.339886 -87.193192
vn -0.0000 0.2485 0.9686
vn -0.0000 -0.2485 -0.9686
vn 0.9808 -0.1890 0.0485
vn 0.8315 -0.5381 0.1381
vn 0.5556 -0.8054 0.2066
vn 0.1951 -0.9500 0.2437
vn -0.1951 -0.9500 0.2437
vn -0.5556 -0.8054 0.2066
vn -0.8315 -0.5381 0.1381
vn -0.9808 -0.1890 0.0485
vn -0.9808 0.1890 -0.0485
vn -0.8315 0.5381 -0.1381
vn -0.5556 0.8054 -0.2066
vn -0.1951 0.9500 -0.2437
vn 0.1951 0.9500 -0.2437
vn 0.5556 0.8054 -0.2066
vn 0.8315 0.5381 -0.1381
vn 0.9808 0.1890 -0.0485
vt -0.138748 1.678580
vt -0.075327 1.615158
vt -0.100730 1.653177
vt -0.183594 1.687500
vt -0.228439 1.678580
vt -0.266458 1.653177
vt -0.291861 1.615158
vt -0.300781 1.570312
vt -0.291861 1.525467
vt -0.266458 1.487448
vt -0.228439 1.462045
vt -0.183594 1.453125
vt -0.138748 1.462045
vt -0.100730 1.487448
vt -0.075327 1.525467
vt -0.066406 1.570312
vt 0.334817 3.046042
vt 0.369141 3.128906
vt 0.360220 3.084061
vt 0.296799 3.020639
vt 0.251953 3.011719
vt 0.207107 3.020639
vt 0.169089 3.046042
vt 0.143686 3.084061
vt 0.134766 3.128906
vt 0.143686 3.173752
vt 0.169089 3.211770
vt 0.207107 3.237174
vt 0.251953 3.246094
vt 0.296799 3.237174
vt 0.334817 3.211770
vt 0.360220 3.173752
vt 3.150391 0.154373
vt 3.134766 0.199219
vt 3.134766 0.154373
vt 3.150391 0.199219
vt 3.150391 0.159323
vt 3.134766 0.197342
vt 3.134766 0.159323
vt 3.150391 0.197342
vt 0.296799 1.205078
vt 0.334817 1.189453
vt 0.296799 1.189453
vt 0.334817 1.205078
vt 0.251953 1.205078
vt 0.251953 1.189453
vt 0.207107 1.205078
vt 0.207107 1.189453
vt 0.169089 1.205078
vt 0.169089 1.189453
vt 3.150391 0.197266
vt 3.134766 0.152420
vt 3.134766 0.197266
vt 3.150391 0.152420
vt 3.150391 0.304611
vt 3.134766 0.259766
vt 3.134766 0.304611
vt 3.150391 0.259766
vt 3.150391 0.342630
vt 3.134766 0.342630
vt 0.169089 1.189453
vt 0.169089 1.205078
vt 0.296799 1.205078
vt 0.296799 1.189453
vt 0.334817 1.205078
vt 0.334817 1.189453
s 0
usemtl controlpanel.004
f 7375/4378/2916 7373/4379/2916 7374/4380/2916
f 7376/4381/2916 7373/4379/2916 7375/4378/2916
f 7377/4382/2916 7373/4379/2916 7376/4381/2916
f 7378/4383/2916 7373/4379/2916 7377/4382/2916
f 7379/4384/2916 7373/4379/2916 7378/4383/2916
f 7380/4385/2916 7373/4379/2916 7379/4384/2916
f 7381/4386/2916 7373/4379/2916 7380/4385/2916
f 7382/4387/2916 7373/4379/2916 7381/4386/2916
f 7383/4388/2916 7373/4379/2916 7382/4387/2916
f 7384/4389/2916 7373/4379/2916 7383/4388/2916
f 7385/4390/2916 7373/4379/2916 7384/4389/2916
f 7386/4391/2916 7373/4379/2916 7385/4390/2916
f 7387/4392/2916 7373/4379/2916 7386/4391/2916
f 7388/4393/2916 7373/4379/2916 7387/4392/2916
f 7391/4394/2917 7389/4395/2917 7390/4396/2917
f 7392/4397/2917 7389/4395/2917 7391/4394/2917
f 7393/4398/2917 7389/4395/2917 7392/4397/2917
f 7394/4399/2917 7389/4395/2917 7393/4398/2917
f 7395/4400/2917 7389/4395/2917 7394/4399/2917
f 7396/4401/2917 7389/4395/2917 7395/4400/2917
f 7397/4402/2917 7389/4395/2917 7396/4401/2917
f 7398/4403/2917 7389/4395/2917 7397/4402/2917
f 7399/4404/2917 7389/4395/2917 7398/4403/2917
f 7400/4405/2917 7389/4395/2917 7399/4404/2917
f 7401/4406/2917 7389/4395/2917 7400/4405/2917
f 7402/4407/2917 7389/4395/2917 7401/4406/2917
f 7403/4408/2917 7389/4395/2917 7402/4407/2917
f 7404/4409/2917 7389/4395/2917 7403/4408/2917
f 7407/4410/2918 7405/4411/2918 7406/4412/2918
f 7408/4413/2918 7405/4411/2918 7407/4410/2918
f 7411/4414/2919 7409/4415/2919 7410/4416/2919
f 7412/4417/2919 7409/4415/2919 7411/4414/2919
f 7415/4418/2920 7413/4419/2920 7414/4420/2920
f 7416/4421/2920 7413/4419/2920 7415/4418/2920
f 7419/4422/2921 7417/4420/2921 7418/4423/2921
f 7420/4418/2921 7417/4420/2921 7419/4422/2921
f 7423/4424/2922 7421/4423/2922 7422/4425/2922
f 7424/4422/2922 7421/4423/2922 7423/4424/2922
f 7427/4426/2923 7425/4425/2923 7426/4427/2923
f 7428/4424/2923 7425/4425/2923 7427/4426/2923
f 7431/4417/2924 7429/4416/2924 7430/4415/2924
f 7432/4414/2924 7429/4416/2924 7431/4417/2924
f 7435/4428/2925 7433/4429/2925 7434/4430/2925
f 7436/4431/2925 7433/4429/2925 7435/4428/2925
f 7439/4432/2926 7437/4433/2926 7438/4434/2926
f 7440/4435/2926 7437/4433/2926 7439/4432/2926
f 7443/4436/2927 7441/4434/2927 7442/4437/2927
f 7444/4432/2927 7441/4434/2927 7443/4436/2927
f 7447/4424/2928 7445/4438/2928 7446/4425/2928
f 7448/4439/2928 7445/4438/2928 7447/4424/2928
f 7451/4422/2929 7449/4425/2929 7450/4423/2929
f 7452/4424/2929 7449/4425/2929 7451/4422/2929
f 7455/4440/2930 7453/4423/2930 7454/4441/2930
f 7456/4422/2930 7453/4423/2930 7455/4440/2930
f 7459/4442/2931 7457/4441/2931 7458/4443/2931
f 7460/4440/2931 7457/4441/2931 7459/4442/2931
f 7463/4432/2932 7461/4437/2932 7462/4434/2932
f 7464/4436/2932 7461/4437/2932 7463/4432/2932
f 7467/4435/2933 7465/4434/2933 7466/4433/2933
f 7468/4432/2933 7465/4434/2933 7467/4435/2933
o classname=brush.301
v -2.219783 0.221978 -0.887913
v 2.219783 0.221978 -0.887913
v 2.219783 0.221978 0.443957
v -2.219783 0.221978 0.443957
v -2.219783 0.665935 0.443957
v 2.219783 0.665935 0.443957
v 2.219783 0.665935 -0.887913
v -2.219783 0.665935 -0.887913
v -2.219783 0.221978 -0.887913
v -2.219783 0.665935 -0.887913
v 2.219783 0.665935 -0.887913
v 2.219783 0.221978 -0.887913
v 2.219783 0.221978 0.443957
v 2.219783 0.665935 0.443957
v -2.219783 0.665935 0.443957
v -2.219783 0.221978 0.443957
v -2.219783 0.221978 -0.887913
v -2.219783 0.221978 0.443957
v -2.219783 0.665935 0.443957
v -2.219783 0.665935 -0.887913
v 2.219783 0.665935 -0.887913
v 2.219783 0.665935 0.443957
v 2.219783 0.221978 0.443957
v 2.219783 0.221978 -0.887913
vn -0.0000 -1.0000 -0.0000
vn -0.0000 1.0000 -0.0000
vn -0.0000 -0.0000 -1.0000
vn -0.0000 -0.0000 1.0000
vn -1.0000 -0.0000 -0.0000
vn 1.0000 -0.0000 -0.0000
vt 0.609375 1.460938
vt 0.531250 1.437500
vt 0.609375 1.437500
vt 0.531250 1.460938
vt 0.609375 2.523438
vt 0.531250 2.515625
vt 0.531250 2.523438
vt 0.609375 2.515625
vt 1.523438 1.460938
vt 1.515625 1.437500
vt 1.515625 1.460938
vt 1.523438 1.437500
s 0
usemtl dirtymetal.004
f 7471/4444/2934 7469/4445/2934 7470/4446/2934
f 7472/4447/2934 7469/4445/2934 7471/4444/2934
f 7475/4446/2935 7473/4447/2935 7474/4444/2935
f 7476/4445/2935 7473/4447/2935 7475/4446/2935
f 7479/4448/2936 7477/4449/2936 7478/4450/2936
f 7480/4451/2936 7477/4449/2936 7479/4448/2936
f 7483/4450/2937 7481/4451/2937 7482/4448/2937
f 7484/4449/2937 7481/4451/2937 7483/4450/2937
f 7487/4452/2938 7485/4453/2938 7486/4454/2938
f 7488/4455/2938 7485/4453/2938 7487/4452/2938
f 7491/4454/2939 7489/4455/2939 7490/4452/2939
f 7492/4453/2939 7489/4455/2939 7491/4454/2939
