g default
v 0.21193 2.61047 4.56131
v 0.245414 2.61047 4.56131
v 0.245414 2.45117 4.56131
v 0.21193 2.45117 4.56131
v 0.245414 2.45117 4.56131
v 0.21193 2.61047 4.56131
v 0.143183 2.61047 4.47881
v 0.143928 2.61008 4.47351
v 0.21193 2.61047 4.47356
v -0.180105 2.61047 4.58205
v -0.21359 2.61047 4.58205
v -0.21359 2.45117 4.58205
v -0.180105 2.45117 4.58205
v -0.21359 2.45117 4.58205
v -0.180105 2.61047 4.58205
v -0.111359 2.61047 4.66455
v -0.112103 2.61008 4.66985
v -0.180105 2.61047 4.6698
v -8.573 2.65072 10.0775
v -8.53952 2.65072 10.0775
v -8.53952 2.49142 10.0775
v -8.573 2.49142 10.0775
v -8.53952 2.49142 10.0775
v -8.573 2.65072 10.0775
v -8.641749 2.65072 9.995009
v -8.64101 2.65033 9.98971
v -8.573 2.65072 9.989759
v 0.33898 0.027029 4.47356
v 2.05089 0.027029 4.47356
v 2.05089 0.027029 4.55261
v 0.33898 0.027029 4.55261
v 0.33898 0.504426 4.47356
v 2.05089 0.504426 4.47356
v 2.05089 0.027029 4.47356
v 0.33898 0.027029 4.47356
v 2.05089 0.504426 4.47356
v 2.05089 0.504426 4.55261
v 2.05089 0.027029 4.55261
v 2.05089 0.027029 4.47356
v 0.33898 0.504426 4.47356
v 0.33898 0.027029 4.47356
v 0.33898 0.027029 4.55261
v 0.33898 0.504426 4.55261
v 2.24864 3.23902 4.47356
v 0.244934 3.14958 4.47356
v 0.244934 3.23902 4.47356
v 2.14493 3.14958 4.47356
v 2.24864 2.59271 4.47356
v 2.14493 2.59271 4.47356
v 2.24864 1.52958 4.47356
v 2.14493 1.52958 4.47356
v 2.24864 0.542395 4.47356
v 2.14493 0.542395 4.47356
v 2.24864 -0.0397927 4.47356
v 2.14493 -0.0397927 4.47356
v 0.244934 3.23902 4.47356
v 0.244934 3.14958 4.47356
v 0.244934 3.23902 4.4588
v 0.244934 2.59271 4.47356
v 0.244934 2.59271 4.4588
v 0.244934 1.52958 4.47356
v 0.244934 1.52958 4.4588
v 0.244934 0.542395 4.4588
v 0.244934 2.59271 4.55261
v 0.244934 3.14958 4.55261
v 0.244934 1.52958 4.55261
v 0.244934 0.542395 4.55261
v 0.244934 0.542395 4.47356
v 0.244934 -0.0397927 4.4588
v 0.244934 -0.0397927 4.47356
v 0.244934 -0.0397927 4.55261
v 0.845463 2.35404 4.51864
v 0.845463 2.3625 4.50779
v 0.845463 2.52236 4.50779
v 0.845463 2.5139 4.51864
v 0.845463 2.3625 4.5295
v 0.845463 2.52236 4.5295
v 0.845463 2.3625 4.50779
v 0.881324 2.3625 4.50779
v 0.881324 2.52236 4.50779
v 0.845463 2.52236 4.50779
v 2.14493 3.14958 4.47356
v 0.244934 3.14958 4.55261
v 0.244934 3.14958 4.47356
v 2.14493 3.14958 4.55261
v 2.14493 2.59271 4.47356
v 2.14493 3.14958 4.55261
v 2.14493 3.14958 4.47356
v 2.14493 2.59271 4.55261
v 2.14493 1.52958 4.47356
v 2.14493 1.52958 4.55261
v 2.14493 0.542395 4.55261
v 2.14493 0.542395 4.47356
v 2.14493 -0.0397927 4.55261
v 2.14493 -0.0397927 4.47356
v 2.24864 3.23902 4.47356
v 0.244934 3.23902 4.4588
v 2.24864 3.23902 4.4588
v 0.244934 3.23902 4.47356
v 0.33898 3.08276 4.47356
v 2.05089 3.08276 4.55261
v 2.05089 3.08276 4.47356
v 0.33898 3.08276 4.55261
v 0.33898 2.63068 4.47356
v 2.05089 3.08276 4.47356
v 2.05089 2.63068 4.47356
v 0.33898 3.08276 4.47356
v 2.05089 2.63068 4.47356
v 2.05089 3.08276 4.55261
v 2.05089 2.63068 4.55261
v 2.05089 3.08276 4.47356
v 0.33898 2.63068 4.47356
v 0.33898 3.08276 4.55261
v 0.33898 3.08276 4.47356
v 0.33898 2.63068 4.55261
v 2.24864 -0.0397927 4.4588
v 2.14493 -0.0397927 4.47356
v 2.24864 -0.0397927 4.47356
v 0.244934 -0.0397927 4.4588
v 0.244934 -0.0397927 4.47356
v 0.244934 -0.0397927 4.55261
v 2.14493 -0.0397927 4.55261
v 0.881324 2.35404 4.51864
v 0.881324 2.3625 4.5295
v 0.881324 2.52236 4.5295
v 0.881324 2.5139 4.51864
v 0.881324 2.3625 4.50779
v 0.881324 2.52236 4.50779
v 0.881324 2.3625 4.5295
v 0.845463 2.3625 4.5295
v 0.845463 2.52236 4.5295
v 0.881324 2.52236 4.5295
v 2.05089 2.55474 4.55261
v 0.33898 2.55474 4.47356
v 0.33898 2.55474 4.55261
v 2.05089 2.55474 4.47356
v 0.33898 2.63068 4.55261
v 2.05089 2.63068 4.47356
v 2.05089 2.63068 4.55261
v 0.33898 2.63068 4.47356
v 0.33898 1.49161 4.47356
v 0.33898 0.580364 4.55261
v 0.33898 1.49161 4.55261
v 0.33898 0.580364 4.47356
v 0.33898 1.56755 4.55261
v 0.33898 2.55474 4.47356
v 0.33898 1.56755 4.47356
v 0.33898 2.55474 4.55261
v 0.33898 1.56755 4.47356
v 2.05089 2.55474 4.47356
v 2.05089 1.56755 4.47356
v 0.33898 2.55474 4.47356
v 2.05089 1.49161 4.47356
v 0.33898 0.580364 4.47356
v 0.33898 1.49161 4.47356
v 2.05089 0.580364 4.47356
v 2.05089 1.56755 4.47356
v 2.05089 2.55474 4.55261
v 2.05089 1.56755 4.55261
v 2.05089 2.55474 4.47356
v 2.05089 1.49161 4.55261
v 2.05089 0.580364 4.47356
v 2.05089 1.49161 4.47356
v 2.05089 0.580364 4.55261
v 0.627093 2.52236 4.50779
v 0.627093 2.5139 4.51864
v 0.845463 2.5139 4.51864
v 0.845463 2.52236 4.50779
v 0.881324 2.5139 4.51864
v 0.881324 2.52236 4.5295
v 0.939788 2.52236 4.5295
v 0.939788 2.5139 4.51864
v 2.05089 0.504426 4.55261
v 0.33898 0.504426 4.47356
v 0.33898 0.504426 4.55261
v 2.05089 0.504426 4.47356
v 0.33898 0.580364 4.55261
v 2.05089 0.580364 4.47356
v 2.05089 0.580364 4.55261
v 0.33898 0.580364 4.47356
v 0.845463 2.5139 4.51864
v 0.627093 2.5139 4.51864
v 0.627093 2.52236 4.5295
v 0.845463 2.52236 4.5295
v 0.881324 2.35404 4.51864
v 0.881324 2.3625 4.50779
v 0.845463 2.3625 4.50779
v 0.845463 2.35404 4.51864
v 0.881324 2.52236 4.50779
v 0.881324 2.5139 4.51864
v 0.939788 2.5139 4.51864
v 0.939788 2.52236 4.50779
v 2.05089 1.49161 4.55261
v 0.33898 1.49161 4.47356
v 0.33898 1.49161 4.55261
v 2.05089 1.49161 4.47356
v 0.33898 1.56755 4.55261
v 2.05089 1.56755 4.47356
v 2.05089 1.56755 4.55261
v 0.33898 1.56755 4.47356
v 2.05089 2.55474 4.53636
v 1.74335 2.5069 4.53636
v 1.74335 2.55474 4.53636
v 2.05089 2.5069 4.53636
v 2.05089 2.5069 4.53636
v 1.74335 2.5069 4.47356
v 1.74335 2.5069 4.53636
v 2.05089 2.5069 4.47356
v 1.74335 2.55474 4.53636
v 1.74335 2.5069 4.47356
v 1.74335 2.55474 4.47356
v 1.74335 2.5069 4.53636
v 2.05089 2.55474 4.53636
v 1.74335 2.55474 4.47356
v 2.05089 2.55474 4.47356
v 1.74335 2.55474 4.53636
v 1.50854 2.3625 4.5295
v 1.54441 2.35404 4.51864
v 1.50854 2.35404 4.51864
v 1.54441 2.3625 4.5295
v 0.881324 2.3625 4.5295
v 0.881324 2.35404 4.51864
v 0.845463 2.35404 4.51864
v 0.845463 2.3625 4.5295
v 0.33898 2.55474 4.53636
v 0.33898 2.55474 4.47356
v 0.6465229 2.55474 4.47356
v 0.6465229 2.55474 4.53636
v 1.50854 2.5139 4.51864
v 1.45008 2.52236 4.5295
v 1.50854 2.52236 4.5295
v 1.45008 2.5139 4.51864
v 1.76278 2.52236 4.50779
v 1.54441 2.5139 4.51864
v 1.76278 2.5139 4.51864
v 1.54441 2.52236 4.50779
v 1.50854 2.52236 4.50779
v 1.45008 2.5139 4.51864
v 1.50854 2.5139 4.51864
v 1.45008 2.52236 4.50779
v 1.50854 2.35404 4.51864
v 1.54441 2.3625 4.50779
v 1.50854 2.3625 4.50779
v 1.54441 2.35404 4.51864
v 1.54441 2.5139 4.51864
v 1.76278 2.52236 4.5295
v 1.76278 2.5139 4.51864
v 1.54441 2.52236 4.5295
v 1.50854 2.3625 4.5295
v 1.54441 2.52236 4.5295
v 1.54441 2.3625 4.5295
v 1.50854 2.52236 4.5295
v 1.50854 2.35404 4.51864
v 1.50854 2.52236 4.5295
v 1.50854 2.3625 4.5295
v 1.50854 2.5139 4.51864
v 1.50854 2.3625 4.50779
v 1.50854 2.52236 4.50779
v 1.54441 2.3625 4.50779
v 1.50854 2.52236 4.50779
v 1.50854 2.3625 4.50779
v 1.54441 2.52236 4.50779
v 1.54441 2.35404 4.51864
v 1.54441 2.52236 4.50779
v 1.54441 2.3625 4.50779
v 1.54441 2.5139 4.51864
v 1.54441 2.3625 4.5295
v 1.54441 2.52236 4.5295
v 0.143928 2.45102 4.47351
v 0.143183 2.45117 4.47881
v 0.21193 2.45117 4.47881
v 0.21193 2.45117 4.47356
v 0.245414 2.45117 4.47356
v 0.245414 2.45117 4.47881
v 0.21193 2.45117 4.55256
v 0.245414 2.45117 4.55256
v 0.21193 2.45117 4.56131
v 0.245414 2.45117 4.56131
v 0.25148 2.45117 4.56456
v 0.263157 2.45117 4.55256
v 0.262735 2.45117 4.56131
v 0.270195 2.45117 4.55684
v 0.263157 2.61047 4.55256
v 0.263157 2.45117 4.55256
v 0.270195 2.45117 4.55684
v 0.270195 2.61047 4.55684
v 0.25148 2.45117 4.56456
v 0.25148 2.61047 4.56456
v 0.262735 2.61047 4.56131
v 0.262735 2.45117 4.56131
v 0.143183 2.45117 4.47881
v 0.143183 2.61047 4.47881
v 0.21193 2.61047 4.47881
v 0.21193 2.45117 4.47881
v 0.270195 2.61047 4.55684
v 0.270195 2.45117 4.55684
v 0.262735 2.45117 4.56131
v 0.262735 2.61047 4.56131
v 0.25148 2.61047 4.56456
v 0.25148 2.45117 4.56456
v 0.245414 2.45117 4.56131
v 0.245414 2.61047 4.56131
v 0.143928 2.45102 4.47351
v 0.143928 2.61008 4.47351
v 0.143183 2.61047 4.47881
v 0.143183 2.45117 4.47881
v 0.91722 2.50396 4.47933
v 0.91722 2.50396 4.47202
v 0.91722 2.4081 4.47202
v 0.91722 2.4081 4.47933
v 0.791943 2.50396 4.47933
v 0.791943 2.50396 4.47202
v 0.802352 2.50396 4.47202
v 0.802352 2.50396 4.47933
v 0.802352 2.50396 4.55126
v 0.791943 2.50396 4.55126
v 0.791943 2.50396 4.55126
v 0.802352 2.50396 4.55126
v 0.802352 2.4081 4.55126
v 0.791943 2.4081 4.55126
v 0.802352 2.50396 4.47933
v 0.802352 2.4081 4.47933
v 0.802352 2.4081 4.55126
v 0.802352 2.50396 4.55126
v 0.91722 2.4081 4.47933
v 0.91722 2.4081 4.47202
v 0.802352 2.4081 4.47202
v 0.802352 2.4081 4.47933
v 0.91722 2.50396 4.47933
v 0.91722 2.4081 4.47933
v 0.802352 2.4081 4.47933
v 0.802352 2.50396 4.47933
v 0.91722 2.50396 4.47202
v 0.91722 2.50396 4.47933
v 0.802352 2.50396 4.47933
v 0.802352 2.50396 4.47202
v 1.47265 2.50396 4.47933
v 1.47265 2.4081 4.47202
v 1.47265 2.50396 4.47202
v 1.47265 2.4081 4.47933
v 1.59793 2.50396 4.55126
v 1.58752 2.4081 4.55126
v 1.58752 2.50396 4.55126
v 1.59793 2.4081 4.55126
v 1.58752 2.50396 4.47933
v 1.58752 2.4081 4.55126
v 1.58752 2.4081 4.47933
v 1.58752 2.50396 4.55126
v 1.47265 2.4081 4.47933
v 1.58752 2.4081 4.47202
v 1.47265 2.4081 4.47202
v 1.58752 2.4081 4.47933
v 1.47265 2.50396 4.47933
v 1.58752 2.4081 4.47933
v 1.47265 2.4081 4.47933
v 1.58752 2.50396 4.47933
v 1.47265 2.50396 4.47202
v 1.58752 2.50396 4.47933
v 1.47265 2.50396 4.47933
v 1.58752 2.50396 4.47202
v 1.47265 1.41604 4.47933
v 1.47265 1.32017 4.47202
v 1.47265 1.41604 4.47202
v 1.47265 1.32017 4.47933
v 1.59793 1.41604 4.55126
v 1.58752 1.32017 4.55126
v 1.58752 1.41604 4.55126
v 1.59793 1.32017 4.55126
v 1.58752 1.41604 4.47933
v 1.58752 1.32017 4.55126
v 1.58752 1.32017 4.47933
v 1.58752 1.41604 4.55126
v 1.47265 1.32017 4.47933
v 1.58752 1.32017 4.47202
v 1.47265 1.32017 4.47202
v 1.58752 1.32017 4.47933
v 1.47265 1.41604 4.47933
v 1.58752 1.32017 4.47933
v 1.47265 1.32017 4.47933
v 1.58752 1.41604 4.47933
v 1.47265 1.41604 4.47202
v 1.58752 1.41604 4.47933
v 1.47265 1.41604 4.47933
v 1.58752 1.41604 4.47202
v 0.143183 1.23617 4.47349
v 0.143183 1.23617 4.47881
v 0.21193 1.23617 4.47881
v 0.21193 1.23617 4.47345
v 0.245414 1.23617 4.47356
v 0.245414 1.23617 4.47881
v 0.21193 1.23617 4.55256
v 0.245414 1.23617 4.55256
v 0.21193 1.23617 4.56131
v 0.245414 1.23617 4.56131
v 0.25148 1.23617 4.56456
v 0.263157 1.23617 4.55256
v 0.262735 1.23617 4.56131
v 0.270195 1.23617 4.55684
v 0.21193 1.39547 4.56131
v 0.245414 1.39547 4.56131
v 0.245414 1.23617 4.56131
v 0.21193 1.23617 4.56131
v 0.263157 1.39547 4.55256
v 0.263157 1.23617 4.55256
v 0.270195 1.23617 4.55684
v 0.270195 1.39547 4.55684
v 0.25148 1.23617 4.56456
v 0.25148 1.39547 4.56456
v 0.262735 1.39547 4.56131
v 0.262735 1.23617 4.56131
v 0.143183 1.23617 4.47881
v 0.143183 1.39547 4.47881
v 0.21193 1.39547 4.47881
v 0.21193 1.23617 4.47881
v 0.270195 1.39547 4.55684
v 0.270195 1.23617 4.55684
v 0.262735 1.23617 4.56131
v 0.262735 1.39547 4.56131
v 0.25148 1.39547 4.56456
v 0.25148 1.23617 4.56456
v 0.245414 1.23617 4.56131
v 0.245414 1.39547 4.56131
v 0.143183 1.23617 4.47349
v 0.143183 1.39547 4.47349
v 0.143183 1.39547 4.47881
v 0.143183 1.23617 4.47881
v 0.143183 0.0211721 4.47359
v 0.143183 0.0211721 4.47881
v 0.21193 0.0211721 4.47881
v 0.21193 0.0211721 4.4736
v 0.245414 0.0211721 4.47356
v 0.245414 0.0211721 4.47881
v 0.21193 0.0211721 4.55256
v 0.245414 0.0211721 4.55256
v 0.21193 0.0211721 4.56131
v 0.245414 0.0211721 4.56131
v 0.25148 0.0211721 4.56456
v 0.263157 0.0211721 4.55256
v 0.262735 0.0211721 4.56131
v 0.270195 0.0211721 4.55684
v 0.21193 0.18047 4.56131
v 0.245414 0.18047 4.56131
v 0.245414 0.0211721 4.56131
v 0.21193 0.0211721 4.56131
v 0.263157 0.18047 4.55256
v 0.263157 0.0211721 4.55256
v 0.270195 0.0211721 4.55684
v 0.270195 0.18047 4.55684
v 0.25148 0.0211721 4.56456
v 0.25148 0.18047 4.56456
v 0.262735 0.18047 4.56131
v 0.262735 0.0211721 4.56131
v 0.143183 0.0211721 4.47881
v 0.143183 0.18047 4.47881
v 0.21193 0.18047 4.47881
v 0.21193 0.0211721 4.47881
v 0.270195 0.18047 4.55684
v 0.270195 0.0211721 4.55684
v 0.262735 0.0211721 4.56131
v 0.262735 0.18047 4.56131
v 0.25148 0.18047 4.56456
v 0.25148 0.0211721 4.56456
v 0.245414 0.0211721 4.56131
v 0.245414 0.18047 4.56131
v 0.143183 0.0211721 4.47359
v 0.143183 0.18047 4.47359
v 0.143183 0.18047 4.47881
v 0.143183 0.0211721 4.47881
v 2.05089 1.491 4.53636
v 1.74335 1.44317 4.53636
v 1.74335 1.491 4.53636
v 2.05089 1.44317 4.53636
v 2.05089 1.44317 4.53636
v 1.74335 1.44317 4.47356
v 1.74335 1.44317 4.53636
v 2.05089 1.44317 4.47356
v 1.74335 1.491 4.53636
v 1.74335 1.44317 4.47356
v 1.74335 1.491 4.47356
v 1.74335 1.44317 4.53636
v 2.05089 1.491 4.53636
v 1.74335 1.491 4.47356
v 2.05089 1.491 4.47356
v 1.74335 1.491 4.53636
v 0.6465229 2.55474 4.53636
v 0.6465229 2.55474 4.47356
v 0.6465229 2.5069 4.47356
v 0.6465229 2.5069 4.53636
v 1.50854 1.29877 4.5295
v 1.54441 1.29031 4.51864
v 1.50854 1.29031 4.51864
v 1.54441 1.29877 4.5295
v 0.33898 2.5069 4.53636
v 0.6465229 2.5069 4.53636
v 0.6465229 2.5069 4.47356
v 0.33898 2.5069 4.47356
v 0.33898 2.55474 4.53636
v 0.6465229 2.55474 4.53636
v 0.6465229 2.5069 4.53636
v 0.33898 2.5069 4.53636
v 1.50854 1.45016 4.51864
v 1.45008 1.45863 4.5295
v 1.50854 1.45863 4.5295
v 1.45008 1.45016 4.51864
v 1.76278 1.45863 4.50779
v 1.54441 1.45016 4.51864
v 1.76278 1.45016 4.51864
v 1.54441 1.45863 4.50779
v 1.50854 1.45863 4.50779
v 1.45008 1.45016 4.51864
v 1.50854 1.45016 4.51864
v 1.45008 1.45863 4.50779
v 1.50854 1.29031 4.51864
v 1.54441 1.29877 4.50779
v 1.50854 1.29877 4.50779
v 1.54441 1.29031 4.51864
v 1.54441 1.45016 4.51864
v 1.76278 1.45863 4.5295
v 1.76278 1.45016 4.51864
v 1.54441 1.45863 4.5295
v 1.50854 1.29877 4.5295
v 1.54441 1.45863 4.5295
v 1.54441 1.29877 4.5295
v 1.50854 1.45863 4.5295
v 1.50854 1.29031 4.51864
v 1.50854 1.45863 4.5295
v 1.50854 1.29877 4.5295
v 1.50854 1.45016 4.51864
v 1.50854 1.29877 4.50779
v 1.50854 1.45863 4.50779
v 1.54441 1.29877 4.50779
v 1.50854 1.45863 4.50779
v 1.50854 1.29877 4.50779
v 1.54441 1.45863 4.50779
v 1.54441 1.29031 4.51864
v 1.54441 1.45863 4.50779
v 1.54441 1.29877 4.50779
v 1.54441 1.45016 4.51864
v 1.54441 1.29877 4.5295
v 1.54441 1.45863 4.5295
v 0.627093 2.53928 4.5295
v 0.627093 2.54774 4.51864
v 0.845463 2.54774 4.51864
v 0.845463 2.53928 4.5295
v 0.881324 2.54774 4.51864
v 0.881324 2.53928 4.5295
v 0.939788 2.54774 4.51864
v 0.939788 2.53928 4.5295
v 0.939788 2.53928 4.5295
v 0.939788 2.52236 4.5295
v 0.881324 2.52236 4.5295
v 0.881324 2.53928 4.5295
v 0.845463 2.52236 4.5295
v 0.845463 2.53928 4.5295
v 0.627093 2.52236 4.5295
v 0.627093 2.53928 4.5295
v 0.939788 2.53928 4.50779
v 0.939788 2.54774 4.51864
v 0.881324 2.54774 4.51864
v 0.881324 2.53928 4.50779
v 0.845463 2.54774 4.51864
v 0.845463 2.53928 4.50779
v 0.627093 2.54774 4.51864
v 0.627093 2.53928 4.50779
v 0.627093 2.53928 4.50779
v 0.627093 2.52236 4.50779
v 0.845463 2.52236 4.50779
v 0.845463 2.53928 4.50779
v 0.881324 2.52236 4.50779
v 0.881324 2.53928 4.50779
v 0.939788 2.52236 4.50779
v 0.939788 2.53928 4.50779
v 1.54441 2.53928 4.50779
v 1.76278 2.53928 4.50779
v 1.76278 2.54774 4.51864
v 1.54441 2.54774 4.51864
v 1.50854 2.53928 4.50779
v 1.50854 2.54774 4.51864
v 1.45008 2.53928 4.50779
v 1.45008 2.54774 4.51864
v 1.54441 2.52236 4.50779
v 1.76278 2.52236 4.50779
v 1.76278 2.53928 4.50779
v 1.54441 2.53928 4.50779
v 1.50854 2.52236 4.50779
v 1.50854 2.53928 4.50779
v 1.45008 2.52236 4.50779
v 1.45008 2.53928 4.50779
v 1.54441 2.54774 4.51864
v 1.76278 2.54774 4.51864
v 1.76278 2.53928 4.5295
v 1.54441 2.53928 4.5295
v 1.50854 2.54774 4.51864
v 1.50854 2.53928 4.5295
v 1.45008 2.54774 4.51864
v 1.45008 2.53928 4.5295
v 1.50854 2.52236 4.5295
v 1.45008 2.52236 4.5295
v 1.45008 2.53928 4.5295
v 1.50854 2.53928 4.5295
v 1.54441 2.52236 4.5295
v 1.54441 2.53928 4.5295
v 1.76278 2.52236 4.5295
v 1.76278 2.53928 4.5295
v 0.21193 2.61047 4.47356
v 0.21193 2.61047 4.47881
v 0.143183 2.61047 4.47881
v 0.245414 2.61047 4.47356
v 0.245414 2.61047 4.47881
v 0.245414 2.61047 4.55256
v 0.21193 2.61047 4.55256
v 0.245414 2.61047 4.56131
v 0.21193 2.61047 4.56131
v 0.263157 2.61047 4.55256
v 0.25148 2.61047 4.56456
v 0.270195 2.61047 4.55684
v 0.262735 2.61047 4.56131
v 0.791943 2.4081 4.47202
v 0.791943 2.50396 4.47202
v 0.791943 2.50396 4.47933
v 0.791943 2.4081 4.47933
v 0.791943 2.50396 4.55126
v 0.791943 2.4081 4.55126
v 0.791943 2.4081 4.55126
v 0.802352 2.4081 4.55126
v 0.802352 2.4081 4.47933
v 0.791943 2.4081 4.47933
v 0.802352 2.4081 4.47202
v 0.791943 2.4081 4.47202
v 1.58752 2.4081 4.47933
v 1.58752 2.4081 4.55126
v 1.59793 2.4081 4.55126
v 1.59793 2.4081 4.47933
v 1.58752 2.4081 4.47202
v 1.59793 2.4081 4.47202
v 1.59793 2.4081 4.47933
v 1.59793 2.4081 4.55126
v 1.59793 2.50396 4.55126
v 1.59793 2.50396 4.47933
v 1.59793 2.4081 4.47202
v 1.59793 2.50396 4.47202
v 1.59793 2.50396 4.47933
v 1.59793 2.50396 4.55126
v 1.58752 2.50396 4.55126
v 1.58752 2.50396 4.47933
v 1.58752 2.50396 4.47202
v 1.59793 2.50396 4.47202
v 1.58752 1.32017 4.47933
v 1.58752 1.32017 4.55126
v 1.59793 1.32017 4.55126
v 1.59793 1.32017 4.47933
v 1.58752 1.32017 4.47202
v 1.59793 1.32017 4.47202
v 1.59793 1.32017 4.47933
v 1.59793 1.32017 4.55126
v 1.59793 1.41604 4.55126
v 1.59793 1.41604 4.47933
v 1.59793 1.32017 4.47202
v 1.59793 1.41604 4.47202
v 1.59793 1.41604 4.47933
v 1.59793 1.41604 4.55126
v 1.58752 1.41604 4.55126
v 1.58752 1.41604 4.47933
v 1.58752 1.41604 4.47202
v 1.59793 1.41604 4.47202
v 0.270195 1.39547 4.55684
v 0.262735 1.39547 4.56131
v 0.25148 1.39547 4.56456
v 0.263157 1.39547 4.55256
v 0.245414 1.39547 4.56131
v 0.245414 1.39547 4.55256
v 0.21193 1.39547 4.55256
v 0.21193 1.39547 4.56131
v 0.21193 1.39547 4.47881
v 0.245414 1.39547 4.47881
v 0.245414 1.39547 4.47356
v 0.21193 1.39547 4.47345
v 0.143183 1.39547 4.47881
v 0.143183 1.39547 4.47349
v 0.21193 1.23617 4.47881
v 0.21193 1.39547 4.47881
v 0.21193 1.39547 4.55256
v 0.21193 1.23617 4.55256
v 0.21193 1.39547 4.56131
v 0.21193 1.23617 4.56131
v 0.270195 0.18047 4.55684
v 0.262735 0.18047 4.56131
v 0.25148 0.18047 4.56456
v 0.263157 0.18047 4.55256
v 0.245414 0.18047 4.56131
v 0.245414 0.18047 4.55256
v 0.21193 0.18047 4.55256
v 0.21193 0.18047 4.56131
v 0.21193 0.18047 4.47881
v 0.245414 0.18047 4.47881
v 0.245414 0.18047 4.47356
v 0.21193 0.18047 4.4736
v 0.143183 0.18047 4.47881
v 0.143183 0.18047 4.47359
v 1.54441 1.47555 4.50779
v 1.76278 1.47555 4.50779
v 1.76278 1.48401 4.51864
v 1.54441 1.48401 4.51864
v 1.50854 1.47555 4.50779
v 1.50854 1.48401 4.51864
v 1.45008 1.47555 4.50779
v 1.45008 1.48401 4.51864
v 1.54441 1.45863 4.50779
v 1.76278 1.45863 4.50779
v 1.76278 1.47555 4.50779
v 1.54441 1.47555 4.50779
v 1.50854 1.45863 4.50779
v 1.50854 1.47555 4.50779
v 1.45008 1.45863 4.50779
v 1.45008 1.47555 4.50779
v 1.54441 1.48401 4.51864
v 1.76278 1.48401 4.51864
v 1.76278 1.47555 4.5295
v 1.54441 1.47555 4.5295
v 1.50854 1.48401 4.51864
v 1.50854 1.47555 4.5295
v 1.45008 1.48401 4.51864
v 1.45008 1.47555 4.5295
v 1.54441 1.47555 4.5295
v 1.76278 1.47555 4.5295
v 1.76278 1.45863 4.5295
v 1.54441 1.45863 4.5295
v 1.50854 1.47555 4.5295
v 1.50854 1.45863 4.5295
v 1.45008 1.47555 4.5295
v 1.45008 1.45863 4.5295
v 2.24864 -0.0397927 4.4588
v 2.24864 -0.0397927 4.47356
v 2.24864 0.542395 4.47356
v 2.24864 0.542395 4.4588
v 2.24864 1.52958 4.47356
v 2.24864 1.52958 4.4588
v 2.24864 2.59271 4.4588
v 2.24864 2.59271 4.47356
v 2.24864 3.23902 4.4588
v 2.24864 3.23902 4.47356
v 0.21193 2.45117 4.47881
v 0.21193 2.61047 4.47881
v 0.21193 2.61047 4.55256
v 0.21193 2.45117 4.55256
v 0.21193 2.61047 4.56131
v 0.21193 2.45117 4.56131
v 0.21193 0.0211721 4.47881
v 0.21193 0.18047 4.47881
v 0.21193 0.18047 4.55256
v 0.21193 0.0211721 4.55256
v 0.21193 0.18047 4.56131
v 0.21193 0.0211721 4.56131
v 0.244934 0.542395 4.4588
v 0.244934 -0.0397927 4.4588
v 2.24864 -0.0397927 4.4588
v 2.24864 0.542395 4.4588
v 0.244934 1.52958 4.4588
v 2.24864 1.52958 4.4588
v 0.244934 2.59271 4.4588
v 2.24864 2.59271 4.4588
v 2.24864 3.23902 4.4588
v 0.244934 3.23902 4.4588
v 0.143928 2.61008 4.47351
v 0.143928 2.45102 4.47351
v 0.21193 2.45117 4.47356
v 0.21193 2.61047 4.47356
v 0.245414 2.45117 4.47356
v 0.245414 2.61047 4.47356
v 0.21193 1.23617 4.47345
v 0.245414 1.23617 4.47356
v 0.21193 1.39547 4.47345
v 0.245414 1.39547 4.47356
v 0.21193 0.0211721 4.4736
v 0.245414 0.0211721 4.47356
v 0.21193 0.18047 4.4736
v 0.245414 0.18047 4.47356
v 0.143183 1.39547 4.47349
v 0.143183 1.23617 4.47349
v 0.21193 1.39547 4.47345
v 0.21193 1.23617 4.47345
v 0.143183 0.18047 4.47359
v 0.143183 0.0211721 4.47359
v 0.21193 0.18047 4.4736
v 0.21193 0.0211721 4.4736
v 0.609999 0.04 4.71
v 0.609999 -2.84274E-16 4.71
v -1.31 2.84274E-16 4.71
v -1.31 0.04 4.71
v -1.27 0.04 4.71
v -1.31 3.16 4.71
v -1.27 3.16 4.71
v 0.609999 3.16 4.71
v 0.569999 0.04 4.71
v 0.569999 3.16 4.71
v -1.31 3.2 4.71
v 0.609999 3.2 4.71
v -1.31 0.04 4.43
v -1.31 2.84274E-16 4.43
v 0.609999 -2.84274E-16 4.43
v 0.609999 0.04 4.43
v -1.27 0.04 4.43
v -1.27 3.16 4.43
v -1.31 3.16 4.43
v 0.569999 0.04 4.43
v 0.609999 3.16 4.43
v 0.569999 3.16 4.43
v -1.31 3.2 4.43
v 0.609999 3.2 4.43
v 0.609999 -2.84274E-16 4.43
v -1.31 2.84274E-16 4.43
v -1.31 2.84274E-16 4.71
v 0.609999 -2.84274E-16 4.71
v -1.31 0.04 4.43
v -1.31 0.04 4.71
v -1.31 2.84274E-16 4.71
v -1.31 2.84274E-16 4.43
v 0.609999 0.04 4.71
v 0.609999 0.04 4.43
v 0.609999 -2.84274E-16 4.43
v 0.609999 -2.84274E-16 4.71
v 0.609999 0.04 4.71
v -1.31 0.04 4.71
v -1.31 0.04 4.43
v 0.609999 0.04 4.43
v -1.31 3.16 4.71
v 0.609999 3.16 4.71
v 0.609999 3.16 4.43
v -1.31 3.16 4.43
v -1.27 0.04 4.43
v -1.31 0.04 4.43
v -1.31 0.04 4.71
v -1.27 0.04 4.71
v -1.27 3.16 4.71
v -1.31 3.16 4.71
v -1.31 3.16 4.43
v -1.27 3.16 4.43
v -1.27 0.04 4.43
v -1.27 0.04 4.71
v -1.27 3.16 4.71
v -1.27 3.16 4.43
v 0.569999 0.04 4.43
v 0.569999 0.04 4.71
v 0.609999 0.04 4.71
v 0.609999 0.04 4.43
v 0.569999 3.16 4.43
v 0.609999 3.16 4.43
v 0.609999 3.16 4.71
v 0.569999 3.16 4.71
v 0.569999 0.04 4.71
v 0.569999 0.04 4.43
v 0.569999 3.16 4.43
v 0.569999 3.16 4.71
v -1.31 2.84274E-16 4.75
v -1.31 0.04 4.75
v 0.609999 0.04 4.75
v 0.609999 -2.84274E-16 4.75
v -1.31 2.84274E-16 4.71
v -1.31 2.84274E-16 4.75
v 0.609999 -2.84274E-16 4.75
v 0.609999 -2.84274E-16 4.71
v -1.31 0.04 4.71
v -1.31 0.04 4.75
v -1.31 2.84274E-16 4.75
v -1.31 2.84274E-16 4.71
v 0.609999 -2.84274E-16 4.71
v 0.609999 -2.84274E-16 4.75
v 0.609999 0.04 4.75
v 0.609999 0.04 4.71
v -1.31 0.04 4.71
v 0.609999 0.04 4.71
v 0.609999 0.04 4.75
v -1.31 0.04 4.75
v -1.31 2.84274E-16 4.71
v 0.609999 -2.84274E-16 4.71
v 0.609999 0.04 4.71
v -1.31 0.04 4.71
v -1.31 3.2 4.75
v 0.609999 3.2 4.75
v 0.609999 3.12 4.75
v -1.31 3.12 4.75
v 0.609999 3.2 4.71
v 0.609999 3.2 4.75
v -1.31 3.2 4.75
v -1.31 3.2 4.71
v -1.31 3.2 4.71
v -1.31 3.2 4.75
v -1.31 3.12 4.75
v -1.31 3.12 4.71
v 0.609999 3.2 4.71
v 0.609999 3.12 4.71
v 0.609999 3.12 4.75
v 0.609999 3.2 4.75
v 0.609999 3.12 4.71
v -1.31 3.12 4.71
v -1.31 3.12 4.75
v 0.609999 3.12 4.75
v -1.31 3.12 4.71
v 0.609999 3.12 4.71
v 0.609999 3.2 4.71
v -1.31 3.2 4.71
v -1.31 3.2 4.43
v 0.609999 3.2 4.43
v 0.609999 3.12 4.43
v -1.31 3.12 4.43
v 0.609999 3.2 4.39
v 0.609999 3.2 4.43
v -1.31 3.2 4.43
v -1.31 3.2 4.39
v -1.31 3.2 4.39
v -1.31 3.2 4.43
v -1.31 3.12 4.43
v -1.31 3.12 4.39
v 0.609999 3.2 4.39
v 0.609999 3.12 4.39
v 0.609999 3.12 4.43
v 0.609999 3.2 4.43
v 0.609999 3.12 4.39
v -1.31 3.12 4.39
v -1.31 3.12 4.43
v 0.609999 3.12 4.43
v -1.31 3.12 4.39
v 0.609999 3.12 4.39
v 0.609999 3.2 4.39
v -1.31 3.2 4.39
v 0.609999 -2.84274E-16 4.39
v 0.609999 0.04 4.39
v -1.31 0.04 4.39
v -1.31 2.84274E-16 4.39
v 0.609999 -2.84274E-16 4.43
v 0.609999 -2.84274E-16 4.39
v -1.31 2.84274E-16 4.39
v -1.31 2.84274E-16 4.43
v 0.609999 0.04 4.43
v 0.609999 0.04 4.39
v 0.609999 -2.84274E-16 4.39
v 0.609999 -2.84274E-16 4.43
v -1.31 2.84274E-16 4.43
v -1.31 2.84274E-16 4.39
v -1.31 0.04 4.39
v -1.31 0.04 4.43
v 0.609999 0.04 4.43
v -1.31 0.04 4.43
v -1.31 0.04 4.39
v 0.609999 0.04 4.39
v 0.609999 -2.84274E-16 4.43
v -1.31 2.84274E-16 4.43
v -1.31 0.04 4.43
v 0.609999 0.04 4.43
v -1.23 0.04 4.43
v -1.31 0.04 4.43
v -1.31 3.12 4.43
v -1.23 3.12 4.43
v -1.23 0.04 4.41
v -1.23 0.04 4.43
v -1.23 3.12 4.43
v -1.23 3.12 4.41
v -1.23 0.04 4.39
v -1.23 3.12 4.39
v -1.31 0.04 4.41
v -1.31 0.04 4.43
v -1.23 0.04 4.43
v -1.23 0.04 4.41
v -1.25 0.04 4.41
v -1.23 0.04 4.39
v -1.25 0.04 4.39
v -1.29 0.04 4.41
v -1.29 0.04 4.39
v -1.31 0.04 4.39
v -1.23 3.12 4.41
v -1.23 3.12 4.43
v -1.31 3.12 4.43
v -1.31 3.12 4.41
v -1.25 3.12 4.41
v -1.31 3.12 4.39
v -1.23 3.12 4.39
v -1.25 3.12 4.39
v -1.31 3.12 4.41
v -1.31 3.12 4.43
v -1.31 0.04 4.43
v -1.31 0.04 4.41
v -1.31 3.04 4.41
v -1.31 0.04 4.39
v -1.31 3.04 4.39
v -1.31 0.04 4.41
v -1.23 0.04 4.41
v -1.23 3.12 4.41
v -1.31 3.12 4.41
v -1.25 0.04 4.39
v -1.23 0.04 4.39
v -1.23 3.12 4.39
v -1.25 3.12 4.39
v -1.31 3.04 4.39
v -1.25 3.04 4.39
v -1.31 3.12 4.39
v -1.29 3.04 4.39
v -1.31 0.04 4.39
v -1.29 0.04 4.39
v -1.23 3.12 4.41
v -1.23 0.04 4.41
v -1.25 0.04 4.41
v -1.25 3.12 4.41
v -1.31 3.04 4.41
v -1.31 3.12 4.41
v -1.25 3.04 4.41
v -1.31 0.04 4.41
v -1.29 3.04 4.41
v -1.29 0.04 4.41
v -1.25 0.04 4.41
v -1.25 0.04 4.39
v -1.25 3.12 4.39
v -1.25 3.12 4.41
v -1.31 3.04 4.39
v -1.31 3.12 4.39
v -1.31 3.12 4.41
v -1.31 3.04 4.41
v -1.25 3.04 4.41
v -1.25 3.12 4.41
v -1.25 3.12 4.39
v -1.25 3.04 4.39
v -1.25 3.04 4.39
v -1.31 3.04 4.39
v -1.31 3.04 4.41
v -1.25 3.04 4.41
v -1.29 3.04 4.39
v -1.29 3.04 4.41
v -1.31 3.04 4.41
v -1.31 3.04 4.39
v -1.29 0.04 4.39
v -1.29 0.04 4.41
v -1.29 3.04 4.41
v -1.29 3.04 4.39
v -1.29 2.28 4.39
v -1.29 2.52 4.39
v -1.29 2.52 4.41
v -1.29 2.28 4.41
v -1.25 2.28 4.39
v -1.25 2.52 4.39
v -1.29 2.52 4.39
v -1.29 2.28 4.39
v -1.29 2.28 4.41
v -1.29 2.52 4.41
v -1.25 2.52 4.41
v -1.25 2.28 4.41
v -1.25 2.28 4.41
v -1.25 2.52 4.41
v -1.25 2.52 4.39
v -1.25 2.28 4.39
v -1.25 2.52 4.41
v -1.29 2.52 4.41
v -1.29 2.52 4.39
v -1.25 2.52 4.39
v -1.25 2.28 4.39
v -1.29 2.28 4.39
v -1.29 2.28 4.41
v -1.25 2.28 4.41
v -1.29 1.52 4.39
v -1.29 1.76 4.39
v -1.29 1.76 4.41
v -1.29 1.52 4.41
v -1.25 1.52 4.39
v -1.25 1.76 4.39
v -1.29 1.76 4.39
v -1.29 1.52 4.39
v -1.29 1.52 4.41
v -1.29 1.76 4.41
v -1.25 1.76 4.41
v -1.25 1.52 4.41
v -1.25 1.52 4.41
v -1.25 1.76 4.41
v -1.25 1.76 4.39
v -1.25 1.52 4.39
v -1.25 1.76 4.41
v -1.29 1.76 4.41
v -1.29 1.76 4.39
v -1.25 1.76 4.39
v -1.25 1.52 4.39
v -1.29 1.52 4.39
v -1.29 1.52 4.41
v -1.25 1.52 4.41
v -1.29 0.76 4.39
v -1.29 1 4.39
v -1.29 1 4.41
v -1.29 0.76 4.41
v -1.25 0.76 4.39
v -1.25 1 4.39
v -1.29 1 4.39
v -1.29 0.76 4.39
v -1.29 0.76 4.41
v -1.29 1 4.41
v -1.25 1 4.41
v -1.25 0.76 4.41
v -1.25 0.76 4.41
v -1.25 1 4.41
v -1.25 1 4.39
v -1.25 0.76 4.39
v -1.25 1 4.41
v -1.29 1 4.41
v -1.29 1 4.39
v -1.25 1 4.39
v -1.25 0.76 4.39
v -1.29 0.76 4.39
v -1.29 0.76 4.41
v -1.25 0.76 4.41
v -1.29 0.04 4.39
v -1.29 0.24 4.39
v -1.29 0.24 4.41
v -1.29 0.04 4.41
v -1.25 0.04 4.39
v -1.25 0.24 4.39
v -1.29 0.24 4.39
v -1.29 0.04 4.39
v -1.29 0.04 4.41
v -1.29 0.24 4.41
v -1.25 0.24 4.41
v -1.25 0.04 4.41
v -1.25 0.04 4.41
v -1.25 0.24 4.41
v -1.25 0.24 4.39
v -1.25 0.04 4.39
v -1.25 0.24 4.41
v -1.29 0.24 4.41
v -1.29 0.24 4.39
v -1.25 0.24 4.39
v -1.25 0.04 4.39
v -1.29 0.04 4.39
v -1.29 0.04 4.41
v -1.25 0.04 4.41
v 0.609999 0.04 4.43
v 0.529999 0.04 4.43
v 0.529999 3.12 4.43
v 0.609999 3.12 4.43
v 0.609999 0.04 4.41
v 0.609999 0.04 4.43
v 0.609999 3.12 4.43
v 0.609999 3.12 4.41
v 0.609999 0.04 4.39
v 0.609999 3.12 4.39
v 0.529999 0.04 4.41
v 0.529999 0.04 4.43
v 0.609999 0.04 4.43
v 0.609999 0.04 4.41
v 0.589999 0.04 4.41
v 0.609999 0.04 4.39
v 0.589999 0.04 4.39
v 0.549999 0.04 4.41
v 0.549999 0.04 4.39
v 0.529999 0.04 4.39
v 0.609999 3.12 4.41
v 0.609999 3.12 4.43
v 0.529999 3.12 4.43
v 0.529999 3.12 4.41
v 0.589999 3.12 4.41
v 0.529999 3.12 4.39
v 0.609999 3.12 4.39
v 0.589999 3.12 4.39
v 0.529999 3.12 4.41
v 0.529999 3.12 4.43
v 0.529999 0.04 4.43
v 0.529999 0.04 4.41
v 0.529999 3.04 4.41
v 0.529999 0.04 4.39
v 0.529999 3.04 4.39
v 0.529999 0.04 4.41
v 0.609999 0.04 4.41
v 0.609999 3.12 4.41
v 0.529999 3.12 4.41
v 0.589999 0.04 4.39
v 0.609999 0.04 4.39
v 0.609999 3.12 4.39
v 0.589999 3.12 4.39
v 0.529999 3.04 4.39
v 0.589999 3.04 4.39
v 0.529999 3.12 4.39
v 0.549999 3.04 4.39
v 0.529999 0.04 4.39
v 0.549999 0.04 4.39
v 0.609999 3.12 4.41
v 0.609999 0.04 4.41
v 0.589999 0.04 4.41
v 0.589999 3.12 4.41
v 0.529999 3.04 4.41
v 0.529999 3.12 4.41
v 0.589999 3.04 4.41
v 0.529999 0.04 4.41
v 0.549999 3.04 4.41
v 0.549999 0.04 4.41
v 0.589999 0.04 4.41
v 0.589999 0.04 4.39
v 0.589999 3.12 4.39
v 0.589999 3.12 4.41
v 0.529999 3.04 4.39
v 0.529999 3.12 4.39
v 0.529999 3.12 4.41
v 0.529999 3.04 4.41
v 0.589999 3.04 4.41
v 0.589999 3.12 4.41
v 0.589999 3.12 4.39
v 0.589999 3.04 4.39
v 0.589999 3.04 4.39
v 0.529999 3.04 4.39
v 0.529999 3.04 4.41
v 0.589999 3.04 4.41
v 0.549999 3.04 4.39
v 0.549999 3.04 4.41
v 0.529999 3.04 4.41
v 0.529999 3.04 4.39
v 0.549999 0.04 4.39
v 0.549999 0.04 4.41
v 0.549999 3.04 4.41
v 0.549999 3.04 4.39
v 0.549999 2.28 4.39
v 0.549999 2.52 4.39
v 0.549999 2.52 4.41
v 0.549999 2.28 4.41
v 0.589999 2.28 4.39
v 0.589999 2.52 4.39
v 0.549999 2.52 4.39
v 0.549999 2.28 4.39
v 0.549999 2.28 4.41
v 0.549999 2.52 4.41
v 0.589999 2.52 4.41
v 0.589999 2.28 4.41
v 0.589999 2.28 4.41
v 0.589999 2.52 4.41
v 0.589999 2.52 4.39
v 0.589999 2.28 4.39
v 0.589999 2.52 4.41
v 0.549999 2.52 4.41
v 0.549999 2.52 4.39
v 0.589999 2.52 4.39
v 0.589999 2.28 4.39
v 0.549999 2.28 4.39
v 0.549999 2.28 4.41
v 0.589999 2.28 4.41
v 0.549999 1.52 4.39
v 0.549999 1.76 4.39
v 0.549999 1.76 4.41
v 0.549999 1.52 4.41
v 0.589999 1.52 4.39
v 0.589999 1.76 4.39
v 0.549999 1.76 4.39
v 0.549999 1.52 4.39
v 0.549999 1.52 4.41
v 0.549999 1.76 4.41
v 0.589999 1.76 4.41
v 0.589999 1.52 4.41
v 0.589999 1.52 4.41
v 0.589999 1.76 4.41
v 0.589999 1.76 4.39
v 0.589999 1.52 4.39
v 0.589999 1.76 4.41
v 0.549999 1.76 4.41
v 0.549999 1.76 4.39
v 0.589999 1.76 4.39
v 0.589999 1.52 4.39
v 0.549999 1.52 4.39
v 0.549999 1.52 4.41
v 0.589999 1.52 4.41
v 0.549999 0.76 4.39
v 0.549999 1 4.39
v 0.549999 1 4.41
v 0.549999 0.76 4.41
v 0.589999 0.76 4.39
v 0.589999 1 4.39
v 0.549999 1 4.39
v 0.549999 0.76 4.39
v 0.549999 0.76 4.41
v 0.549999 1 4.41
v 0.589999 1 4.41
v 0.589999 0.76 4.41
v 0.589999 0.76 4.41
v 0.589999 1 4.41
v 0.589999 1 4.39
v 0.589999 0.76 4.39
v 0.589999 1 4.41
v 0.549999 1 4.41
v 0.549999 1 4.39
v 0.589999 1 4.39
v 0.589999 0.76 4.39
v 0.549999 0.76 4.39
v 0.549999 0.76 4.41
v 0.589999 0.76 4.41
v 0.549999 0.04 4.39
v 0.549999 0.24 4.39
v 0.549999 0.24 4.41
v 0.549999 0.04 4.41
v 0.589999 0.04 4.39
v 0.589999 0.24 4.39
v 0.549999 0.24 4.39
v 0.549999 0.04 4.39
v 0.549999 0.04 4.41
v 0.549999 0.24 4.41
v 0.589999 0.24 4.41
v 0.589999 0.04 4.41
v 0.589999 0.04 4.41
v 0.589999 0.24 4.41
v 0.589999 0.24 4.39
v 0.589999 0.04 4.39
v 0.589999 0.24 4.41
v 0.549999 0.24 4.41
v 0.549999 0.24 4.39
v 0.589999 0.24 4.39
v 0.589999 0.04 4.39
v 0.549999 0.04 4.39
v 0.549999 0.04 4.41
v 0.589999 0.04 4.41
v 0.529999 0.04 4.71
v 0.609999 0.04 4.71
v 0.609999 3.12 4.71
v 0.529999 3.12 4.71
v 0.529999 0.04 4.73
v 0.529999 0.04 4.71
v 0.529999 3.12 4.71
v 0.529999 3.12 4.73
v 0.529999 0.04 4.75
v 0.529999 3.12 4.75
v 0.609999 0.04 4.73
v 0.609999 0.04 4.71
v 0.529999 0.04 4.71
v 0.529999 0.04 4.73
v 0.549999 0.04 4.73
v 0.529999 0.04 4.75
v 0.549999 0.04 4.75
v 0.589999 0.04 4.73
v 0.589999 0.04 4.75
v 0.609999 0.04 4.75
v 0.529999 3.12 4.73
v 0.529999 3.12 4.71
v 0.609999 3.12 4.71
v 0.609999 3.12 4.73
v 0.549999 3.12 4.73
v 0.609999 3.12 4.75
v 0.529999 3.12 4.75
v 0.549999 3.12 4.75
v 0.609999 3.12 4.73
v 0.609999 3.12 4.71
v 0.609999 0.04 4.71
v 0.609999 0.04 4.73
v 0.609999 3.04 4.73
v 0.609999 0.04 4.75
v 0.609999 3.04 4.75
v 0.609999 0.04 4.73
v 0.529999 0.04 4.73
v 0.529999 3.12 4.73
v 0.609999 3.12 4.73
v 0.549999 0.04 4.75
v 0.529999 0.04 4.75
v 0.529999 3.12 4.75
v 0.549999 3.12 4.75
v 0.609999 3.04 4.75
v 0.549999 3.04 4.75
v 0.609999 3.12 4.75
v 0.589999 3.04 4.75
v 0.609999 0.04 4.75
v 0.589999 0.04 4.75
v 0.529999 3.12 4.73
v 0.529999 0.04 4.73
v 0.549999 0.04 4.73
v 0.549999 3.12 4.73
v 0.609999 3.04 4.73
v 0.609999 3.12 4.73
v 0.549999 3.04 4.73
v 0.609999 0.04 4.73
v 0.589999 3.04 4.73
v 0.589999 0.04 4.73
v 0.549999 0.04 4.73
v 0.549999 0.04 4.75
v 0.549999 3.12 4.75
v 0.549999 3.12 4.73
v 0.609999 3.04 4.75
v 0.609999 3.12 4.75
v 0.609999 3.12 4.73
v 0.609999 3.04 4.73
v 0.549999 3.04 4.73
v 0.549999 3.12 4.73
v 0.549999 3.12 4.75
v 0.549999 3.04 4.75
v 0.549999 3.04 4.75
v 0.609999 3.04 4.75
v 0.609999 3.04 4.73
v 0.549999 3.04 4.73
v 0.589999 3.04 4.75
v 0.589999 3.04 4.73
v 0.609999 3.04 4.73
v 0.609999 3.04 4.75
v 0.589999 0.04 4.75
v 0.589999 0.04 4.73
v 0.589999 3.04 4.73
v 0.589999 3.04 4.75
v 0.589999 2.28 4.75
v 0.589999 2.52 4.75
v 0.589999 2.52 4.73
v 0.589999 2.28 4.73
v 0.549999 2.28 4.75
v 0.549999 2.52 4.75
v 0.589999 2.52 4.75
v 0.589999 2.28 4.75
v 0.589999 2.28 4.73
v 0.589999 2.52 4.73
v 0.549999 2.52 4.73
v 0.549999 2.28 4.73
v 0.549999 2.28 4.73
v 0.549999 2.52 4.73
v 0.549999 2.52 4.75
v 0.549999 2.28 4.75
v 0.549999 2.52 4.73
v 0.589999 2.52 4.73
v 0.589999 2.52 4.75
v 0.549999 2.52 4.75
v 0.549999 2.28 4.75
v 0.589999 2.28 4.75
v 0.589999 2.28 4.73
v 0.549999 2.28 4.73
v 0.589999 1.52 4.75
v 0.589999 1.76 4.75
v 0.589999 1.76 4.73
v 0.589999 1.52 4.73
v 0.549999 1.52 4.75
v 0.549999 1.76 4.75
v 0.589999 1.76 4.75
v 0.589999 1.52 4.75
v 0.589999 1.52 4.73
v 0.589999 1.76 4.73
v 0.549999 1.76 4.73
v 0.549999 1.52 4.73
v 0.549999 1.52 4.73
v 0.549999 1.76 4.73
v 0.549999 1.76 4.75
v 0.549999 1.52 4.75
v 0.549999 1.76 4.73
v 0.589999 1.76 4.73
v 0.589999 1.76 4.75
v 0.549999 1.76 4.75
v 0.549999 1.52 4.75
v 0.589999 1.52 4.75
v 0.589999 1.52 4.73
v 0.549999 1.52 4.73
v 0.589999 0.76 4.75
v 0.589999 1 4.75
v 0.589999 1 4.73
v 0.589999 0.76 4.73
v 0.549999 0.76 4.75
v 0.549999 1 4.75
v 0.589999 1 4.75
v 0.589999 0.76 4.75
v 0.589999 0.76 4.73
v 0.589999 1 4.73
v 0.549999 1 4.73
v 0.549999 0.76 4.73
v 0.549999 0.76 4.73
v 0.549999 1 4.73
v 0.549999 1 4.75
v 0.549999 0.76 4.75
v 0.549999 1 4.73
v 0.589999 1 4.73
v 0.589999 1 4.75
v 0.549999 1 4.75
v 0.549999 0.76 4.75
v 0.589999 0.76 4.75
v 0.589999 0.76 4.73
v 0.549999 0.76 4.73
v 0.589999 0.04 4.75
v 0.589999 0.24 4.75
v 0.589999 0.24 4.73
v 0.589999 0.04 4.73
v 0.549999 0.04 4.75
v 0.549999 0.24 4.75
v 0.589999 0.24 4.75
v 0.589999 0.04 4.75
v 0.589999 0.04 4.73
v 0.589999 0.24 4.73
v 0.549999 0.24 4.73
v 0.549999 0.04 4.73
v 0.549999 0.04 4.73
v 0.549999 0.24 4.73
v 0.549999 0.24 4.75
v 0.549999 0.04 4.75
v 0.549999 0.24 4.73
v 0.589999 0.24 4.73
v 0.589999 0.24 4.75
v 0.549999 0.24 4.75
v 0.549999 0.04 4.75
v 0.589999 0.04 4.75
v 0.589999 0.04 4.73
v 0.549999 0.04 4.73
v -1.31 0.04 4.71
v -1.23 0.04 4.71
v -1.23 3.12 4.71
v -1.31 3.12 4.71
v -1.31 0.04 4.73
v -1.31 0.04 4.71
v -1.31 3.12 4.71
v -1.31 3.12 4.73
v -1.31 0.04 4.75
v -1.31 3.12 4.75
v -1.23 0.04 4.73
v -1.23 0.04 4.71
v -1.31 0.04 4.71
v -1.31 0.04 4.73
v -1.29 0.04 4.73
v -1.31 0.04 4.75
v -1.29 0.04 4.75
v -1.25 0.04 4.73
v -1.25 0.04 4.75
v -1.23 0.04 4.75
v -1.31 3.12 4.73
v -1.31 3.12 4.71
v -1.23 3.12 4.71
v -1.23 3.12 4.73
v -1.29 3.12 4.73
v -1.23 3.12 4.75
v -1.31 3.12 4.75
v -1.29 3.12 4.75
v -1.23 3.12 4.73
v -1.23 3.12 4.71
v -1.23 0.04 4.71
v -1.23 0.04 4.73
v -1.23 3.04 4.73
v -1.23 0.04 4.75
v -1.23 3.04 4.75
v -1.23 0.04 4.73
v -1.31 0.04 4.73
v -1.31 3.12 4.73
v -1.23 3.12 4.73
v -1.29 0.04 4.75
v -1.31 0.04 4.75
v -1.31 3.12 4.75
v -1.29 3.12 4.75
v -1.23 3.04 4.75
v -1.29 3.04 4.75
v -1.23 3.12 4.75
v -1.25 3.04 4.75
v -1.23 0.04 4.75
v -1.25 0.04 4.75
v -1.31 3.12 4.73
v -1.31 0.04 4.73
v -1.29 0.04 4.73
v -1.29 3.12 4.73
v -1.23 3.04 4.73
v -1.23 3.12 4.73
v -1.29 3.04 4.73
v -1.23 0.04 4.73
v -1.25 3.04 4.73
v -1.25 0.04 4.73
v -1.29 0.04 4.73
v -1.29 0.04 4.75
v -1.29 3.12 4.75
v -1.29 3.12 4.73
v -1.23 3.04 4.75
v -1.23 3.12 4.75
v -1.23 3.12 4.73
v -1.23 3.04 4.73
v -1.29 3.04 4.73
v -1.29 3.12 4.73
v -1.29 3.12 4.75
v -1.29 3.04 4.75
v -1.29 3.04 4.75
v -1.23 3.04 4.75
v -1.23 3.04 4.73
v -1.29 3.04 4.73
v -1.25 3.04 4.75
v -1.25 3.04 4.73
v -1.23 3.04 4.73
v -1.23 3.04 4.75
v -1.25 0.04 4.75
v -1.25 0.04 4.73
v -1.25 3.04 4.73
v -1.25 3.04 4.75
v -1.25 2.28 4.75
v -1.25 2.52 4.75
v -1.25 2.52 4.73
v -1.25 2.28 4.73
v -1.29 2.28 4.75
v -1.29 2.52 4.75
v -1.25 2.52 4.75
v -1.25 2.28 4.75
v -1.25 2.28 4.73
v -1.25 2.52 4.73
v -1.29 2.52 4.73
v -1.29 2.28 4.73
v -1.29 2.28 4.73
v -1.29 2.52 4.73
v -1.29 2.52 4.75
v -1.29 2.28 4.75
v -1.29 2.52 4.73
v -1.25 2.52 4.73
v -1.25 2.52 4.75
v -1.29 2.52 4.75
v -1.29 2.28 4.75
v -1.25 2.28 4.75
v -1.25 2.28 4.73
v -1.29 2.28 4.73
v -1.25 1.52 4.75
v -1.25 1.76 4.75
v -1.25 1.76 4.73
v -1.25 1.52 4.73
v -1.29 1.52 4.75
v -1.29 1.76 4.75
v -1.25 1.76 4.75
v -1.25 1.52 4.75
v -1.25 1.52 4.73
v -1.25 1.76 4.73
v -1.29 1.76 4.73
v -1.29 1.52 4.73
v -1.29 1.52 4.73
v -1.29 1.76 4.73
v -1.29 1.76 4.75
v -1.29 1.52 4.75
v -1.29 1.76 4.73
v -1.25 1.76 4.73
v -1.25 1.76 4.75
v -1.29 1.76 4.75
v -1.29 1.52 4.75
v -1.25 1.52 4.75
v -1.25 1.52 4.73
v -1.29 1.52 4.73
v -1.25 0.76 4.75
v -1.25 1 4.75
v -1.25 1 4.73
v -1.25 0.76 4.73
v -1.29 0.76 4.75
v -1.29 1 4.75
v -1.25 1 4.75
v -1.25 0.76 4.75
v -1.25 0.76 4.73
v -1.25 1 4.73
v -1.29 1 4.73
v -1.29 0.76 4.73
v -1.29 0.76 4.73
v -1.29 1 4.73
v -1.29 1 4.75
v -1.29 0.76 4.75
v -1.29 1 4.73
v -1.25 1 4.73
v -1.25 1 4.75
v -1.29 1 4.75
v -1.29 0.76 4.75
v -1.25 0.76 4.75
v -1.25 0.76 4.73
v -1.29 0.76 4.73
v -1.25 0.04 4.75
v -1.25 0.24 4.75
v -1.25 0.24 4.73
v -1.25 0.04 4.73
v -1.29 0.04 4.75
v -1.29 0.24 4.75
v -1.25 0.24 4.75
v -1.25 0.04 4.75
v -1.25 0.04 4.73
v -1.25 0.24 4.73
v -1.29 0.24 4.73
v -1.29 0.04 4.73
v -1.29 0.04 4.73
v -1.29 0.24 4.73
v -1.29 0.24 4.75
v -1.29 0.04 4.75
v -1.29 0.24 4.73
v -1.25 0.24 4.73
v -1.25 0.24 4.75
v -1.29 0.24 4.75
v -1.29 0.04 4.75
v -1.25 0.04 4.75
v -1.25 0.04 4.73
v -1.29 0.04 4.73
v -0.307155 0.027029 4.6698
v -2.01906 0.027029 4.6698
v -2.01906 0.027029 4.59075
v -0.307155 0.027029 4.59074
v -0.307155 0.504426 4.6698
v -2.01906 0.504426 4.6698
v -2.01906 0.027029 4.6698
v -0.307155 0.027029 4.6698
v -2.01906 0.504426 4.6698
v -2.01906 0.504426 4.59075
v -2.01906 0.027029 4.59075
v -2.01906 0.027029 4.6698
v -0.307155 0.504426 4.6698
v -0.307155 0.027029 4.6698
v -0.307155 0.027029 4.59074
v -0.307155 0.504426 4.59074
v -2.21682 3.23902 4.6698
v -0.21311 3.14958 4.6698
v -0.21311 3.23902 4.6698
v -2.11311 3.14958 4.6698
v -2.21682 2.59271 4.6698
v -2.11311 2.59271 4.6698
v -2.21682 1.52958 4.6698
v -2.11311 1.52958 4.6698
v -2.21682 0.542395 4.6698
v -2.11311 0.542395 4.6698
v -2.21682 -0.0397927 4.6698
v -2.11311 -0.0397927 4.6698
v -0.21311 3.23902 4.6698
v -0.21311 3.14958 4.6698
v -0.21311 3.23902 4.68456
v -0.21311 2.59271 4.6698
v -0.21311 2.59271 4.68456
v -0.21311 1.52958 4.6698
v -0.21311 1.52958 4.68456
v -0.21311 0.542395 4.68456
v -0.21311 2.59271 4.59074
v -0.21311 3.14958 4.59074
v -0.21311 1.52958 4.59074
v -0.21311 0.542395 4.59074
v -0.21311 0.542395 4.6698
v -0.21311 -0.0397927 4.68456
v -0.21311 -0.0397927 4.6698
v -0.21311 -0.0397927 4.59074
v -0.813638 2.35404 4.62471
v -0.813638 2.3625 4.63557
v -0.813638 2.52236 4.63557
v -0.813638 2.5139 4.62471
v -0.813638 2.3625 4.61386
v -0.813638 2.52236 4.61386
v -0.813638 2.3625 4.63557
v -0.8494999 2.3625 4.63557
v -0.8494999 2.52236 4.63557
v -0.813638 2.52236 4.63557
v -2.11311 3.14958 4.6698
v -0.21311 3.14958 4.59074
v -0.21311 3.14958 4.6698
v -2.11311 3.14958 4.59075
v -2.11311 2.59271 4.6698
v -2.11311 3.14958 4.59075
v -2.11311 3.14958 4.6698
v -2.11311 2.59271 4.59075
v -2.11311 1.52958 4.6698
v -2.11311 1.52958 4.59075
v -2.11311 0.542395 4.59075
v -2.11311 0.542395 4.6698
v -2.11311 -0.0397927 4.59075
v -2.11311 -0.0397927 4.6698
v -2.21682 3.23902 4.6698
v -0.21311 3.23902 4.68456
v -2.21682 3.23902 4.68456
v -0.21311 3.23902 4.6698
v -0.307155 3.08276 4.6698
v -2.01906 3.08276 4.59075
v -2.01906 3.08276 4.6698
v -0.307155 3.08276 4.59074
v -0.307155 2.63068 4.6698
v -2.01906 3.08276 4.6698
v -2.01906 2.63068 4.6698
v -0.307155 3.08276 4.6698
v -2.01906 2.63068 4.6698
v -2.01906 3.08276 4.59075
v -2.01906 2.63068 4.59075
v -2.01906 3.08276 4.6698
v -0.307155 2.63068 4.6698
v -0.307155 3.08276 4.59074
v -0.307155 3.08276 4.6698
v -0.307155 2.63068 4.59074
v -2.21682 -0.0397927 4.68456
v -2.11311 -0.0397927 4.6698
v -2.21682 -0.0397927 4.6698
v -0.21311 -0.0397927 4.68456
v -0.21311 -0.0397927 4.6698
v -0.21311 -0.0397927 4.59074
v -2.11311 -0.0397927 4.59075
v -0.8494999 2.35404 4.62471
v -0.8494999 2.3625 4.61386
v -0.8494999 2.52236 4.61386
v -0.8494999 2.5139 4.62471
v -0.8494999 2.3625 4.63557
v -0.8494999 2.52236 4.63557
v -0.8494999 2.3625 4.61386
v -0.813638 2.3625 4.61386
v -0.813638 2.52236 4.61386
v -0.8494999 2.52236 4.61386
v -2.01906 2.55474 4.59075
v -0.307155 2.55474 4.6698
v -0.307155 2.55474 4.59074
v -2.01906 2.55474 4.6698
v -0.307155 2.63068 4.59074
v -2.01906 2.63068 4.6698
v -2.01906 2.63068 4.59075
v -0.307155 2.63068 4.6698
v -0.307155 1.49161 4.6698
v -0.307155 0.580364 4.59074
v -0.307155 1.49161 4.59074
v -0.307155 0.580364 4.6698
v -0.307155 1.56755 4.59074
v -0.307155 2.55474 4.6698
v -0.307155 1.56755 4.6698
v -0.307155 2.55474 4.59074
v -0.307155 1.56755 4.6698
v -2.01906 2.55474 4.6698
v -2.01906 1.56755 4.6698
v -0.307155 2.55474 4.6698
v -2.01906 1.49161 4.6698
v -0.307155 0.580364 4.6698
v -0.307155 1.49161 4.6698
v -2.01906 0.580364 4.6698
v -2.01906 1.56755 4.6698
v -2.01906 2.55474 4.59075
v -2.01906 1.56755 4.59075
v -2.01906 2.55474 4.6698
v -2.01906 1.49161 4.59075
v -2.01906 0.580364 4.6698
v -2.01906 1.49161 4.6698
v -2.01906 0.580364 4.59075
v -0.595269 2.52236 4.63557
v -0.595269 2.5139 4.62471
v -0.813638 2.5139 4.62471
v -0.813638 2.52236 4.63557
v -0.8494999 2.5139 4.62471
v -0.8494999 2.52236 4.61386
v -0.907963 2.52236 4.61386
v -0.907963 2.5139 4.62471
v -2.01906 0.504426 4.59075
v -0.307155 0.504426 4.6698
v -0.307155 0.504426 4.59074
v -2.01906 0.504426 4.6698
v -0.307155 0.580364 4.59074
v -2.01906 0.580364 4.6698
v -2.01906 0.580364 4.59075
v -0.307155 0.580364 4.6698
v -0.813638 2.5139 4.62471
v -0.595269 2.5139 4.62471
v -0.595269 2.52236 4.61386
v -0.813638 2.52236 4.61386
v -0.8494999 2.35404 4.62471
v -0.8494999 2.3625 4.63557
v -0.813638 2.3625 4.63557
v -0.813638 2.35404 4.62471
v -0.8494999 2.52236 4.63557
v -0.8494999 2.5139 4.62471
v -0.907963 2.5139 4.62471
v -0.907963 2.52236 4.63557
v -2.01906 1.49161 4.59075
v -0.307155 1.49161 4.6698
v -0.307155 1.49161 4.59074
v -2.01906 1.49161 4.6698
v -0.307155 1.56755 4.59074
v -2.01906 1.56755 4.6698
v -2.01906 1.56755 4.59075
v -0.307155 1.56755 4.6698
v -2.01906 2.55474 4.607
v -1.71152 2.5069 4.607
v -1.71152 2.55474 4.607
v -2.01906 2.5069 4.607
v -2.01906 2.5069 4.607
v -1.71152 2.5069 4.6698
v -1.71152 2.5069 4.607
v -2.01906 2.5069 4.6698
v -1.71152 2.55474 4.607
v -1.71152 2.5069 4.6698
v -1.71152 2.55474 4.6698
v -1.71152 2.5069 4.607
v -2.01906 2.55474 4.607
v -1.71152 2.55474 4.6698
v -2.01906 2.55474 4.6698
v -1.71152 2.55474 4.607
v -1.47672 2.3625 4.61386
v -1.51258 2.35404 4.62471
v -1.47672 2.35404 4.62471
v -1.51258 2.3625 4.61386
v -0.8494999 2.3625 4.61386
v -0.8494999 2.35404 4.62471
v -0.813638 2.35404 4.62471
v -0.813638 2.3625 4.61386
v -0.307155 2.55474 4.607
v -0.307155 2.55474 4.6698
v -0.614698 2.55474 4.6698
v -0.614698 2.55474 4.607
v -1.47672 2.5139 4.62471
v -1.41826 2.52236 4.61386
v -1.47672 2.52236 4.61386
v -1.41826 2.5139 4.62471
v -1.73095 2.52236 4.63557
v -1.51258 2.5139 4.62471
v -1.73095 2.5139 4.62471
v -1.51258 2.52236 4.63557
v -1.47672 2.52236 4.63557
v -1.41826 2.5139 4.62471
v -1.47672 2.5139 4.62471
v -1.41826 2.52236 4.63557
v -1.47672 2.35404 4.62471
v -1.51258 2.3625 4.63557
v -1.47672 2.3625 4.63557
v -1.51258 2.35404 4.62471
v -1.51258 2.5139 4.62471
v -1.73095 2.52236 4.61386
v -1.73095 2.5139 4.62471
v -1.51258 2.52236 4.61386
v -1.47672 2.3625 4.61386
v -1.51258 2.52236 4.61386
v -1.51258 2.3625 4.61386
v -1.47672 2.52236 4.61386
v -1.47672 2.35404 4.62471
v -1.47672 2.52236 4.61386
v -1.47672 2.3625 4.61386
v -1.47672 2.5139 4.62471
v -1.47672 2.3625 4.63557
v -1.47672 2.52236 4.63557
v -1.51258 2.3625 4.63557
v -1.47672 2.52236 4.63557
v -1.47672 2.3625 4.63557
v -1.51258 2.52236 4.63557
v -1.51258 2.35404 4.62471
v -1.51258 2.52236 4.63557
v -1.51258 2.3625 4.63557
v -1.51258 2.5139 4.62471
v -1.51258 2.3625 4.61386
v -1.51258 2.52236 4.61386
v -0.112103 2.45102 4.66985
v -0.111359 2.45117 4.66455
v -0.180105 2.45117 4.66455
v -0.180105 2.45117 4.6698
v -0.21359 2.45117 4.6698
v -0.21359 2.45117 4.66455
v -0.180105 2.45117 4.59079
v -0.21359 2.45117 4.59079
v -0.180105 2.45117 4.58205
v -0.21359 2.45117 4.58205
v -0.219655 2.45117 4.5788
v -0.231333 2.45117 4.59079
v -0.23091 2.45117 4.58205
v -0.23837 2.45117 4.58652
v -0.231333 2.61047 4.59079
v -0.231333 2.45117 4.59079
v -0.23837 2.45117 4.58652
v -0.23837 2.61047 4.58652
v -0.219655 2.45117 4.5788
v -0.219655 2.61047 4.5788
v -0.23091 2.61047 4.58205
v -0.23091 2.45117 4.58205
v -0.111359 2.45117 4.66455
v -0.111359 2.61047 4.66455
v -0.180105 2.61047 4.66455
v -0.180105 2.45117 4.66455
v -0.23837 2.61047 4.58652
v -0.23837 2.45117 4.58652
v -0.23091 2.45117 4.58205
v -0.23091 2.61047 4.58205
v -0.219655 2.61047 4.5788
v -0.219655 2.45117 4.5788
v -0.21359 2.45117 4.58205
v -0.21359 2.61047 4.58205
v -0.112103 2.45102 4.66985
v -0.112103 2.61008 4.66985
v -0.111359 2.61047 4.66455
v -0.111359 2.45117 4.66455
v -0.8853959 2.50396 4.66403
v -0.8853959 2.50396 4.67133
v -0.8853959 2.4081 4.67133
v -0.8853959 2.4081 4.66403
v -0.760119 2.50396 4.66403
v -0.760119 2.50396 4.67133
v -0.7705269 2.50396 4.67133
v -0.7705269 2.50396 4.66403
v -0.7705269 2.50396 4.59209
v -0.760119 2.50396 4.59209
v -0.760119 2.50396 4.59209
v -0.7705269 2.50396 4.59209
v -0.7705269 2.4081 4.59209
v -0.760119 2.4081 4.59209
v -0.7705269 2.50396 4.66403
v -0.7705269 2.4081 4.66403
v -0.7705269 2.4081 4.59209
v -0.7705269 2.50396 4.59209
v -0.8853959 2.4081 4.66403
v -0.8853959 2.4081 4.67133
v -0.7705269 2.4081 4.67133
v -0.7705269 2.4081 4.66403
v -0.8853959 2.50396 4.66403
v -0.8853959 2.4081 4.66403
v -0.7705269 2.4081 4.66403
v -0.7705269 2.50396 4.66403
v -0.8853959 2.50396 4.67133
v -0.8853959 2.50396 4.66403
v -0.7705269 2.50396 4.66403
v -0.7705269 2.50396 4.67133
v -1.44082 2.50396 4.66403
v -1.44082 2.4081 4.67133
v -1.44082 2.50396 4.67133
v -1.44082 2.4081 4.66403
v -1.5661 2.50396 4.59209
v -1.55569 2.4081 4.59209
v -1.55569 2.50396 4.59209
v -1.5661 2.4081 4.59209
v -1.55569 2.50396 4.66403
v -1.55569 2.4081 4.59209
v -1.55569 2.4081 4.66403
v -1.55569 2.50396 4.59209
v -1.44082 2.4081 4.66403
v -1.55569 2.4081 4.67133
v -1.44082 2.4081 4.67133
v -1.55569 2.4081 4.66403
v -1.44082 2.50396 4.66403
v -1.55569 2.4081 4.66403
v -1.44082 2.4081 4.66403
v -1.55569 2.50396 4.66403
v -1.44082 2.50396 4.67133
v -1.55569 2.50396 4.66403
v -1.44082 2.50396 4.66403
v -1.55569 2.50396 4.67133
v -1.44082 1.41604 4.66403
v -1.44082 1.32017 4.67133
v -1.44082 1.41604 4.67133
v -1.44082 1.32017 4.66403
v -1.5661 1.41604 4.59209
v -1.55569 1.32017 4.59209
v -1.55569 1.41604 4.59209
v -1.5661 1.32017 4.59209
v -1.55569 1.41604 4.66403
v -1.55569 1.32017 4.59209
v -1.55569 1.32017 4.66403
v -1.55569 1.41604 4.59209
v -1.44082 1.32017 4.66403
v -1.55569 1.32017 4.67133
v -1.44082 1.32017 4.67133
v -1.55569 1.32017 4.66403
v -1.44082 1.41604 4.66403
v -1.55569 1.32017 4.66403
v -1.44082 1.32017 4.66403
v -1.55569 1.41604 4.66403
v -1.44082 1.41604 4.67133
v -1.55569 1.41604 4.66403
v -1.44082 1.41604 4.66403
v -1.55569 1.41604 4.67133
v -0.111359 1.23617 4.66987
v -0.111359 1.23617 4.66455
v -0.180105 1.23617 4.66455
v -0.180105 1.23617 4.6699
v -0.21359 1.23617 4.6698
v -0.21359 1.23617 4.66455
v -0.180105 1.23617 4.59079
v -0.21359 1.23617 4.59079
v -0.180105 1.23617 4.58205
v -0.21359 1.23617 4.58205
v -0.219655 1.23617 4.5788
v -0.231333 1.23617 4.59079
v -0.23091 1.23617 4.58205
v -0.23837 1.23617 4.58652
v -0.180105 1.39547 4.58205
v -0.21359 1.39547 4.58205
v -0.21359 1.23617 4.58205
v -0.180105 1.23617 4.58205
v -0.231333 1.39547 4.59079
v -0.231333 1.23617 4.59079
v -0.23837 1.23617 4.58652
v -0.23837 1.39547 4.58652
v -0.219655 1.23617 4.5788
v -0.219655 1.39547 4.5788
v -0.23091 1.39547 4.58205
v -0.23091 1.23617 4.58205
v -0.111359 1.23617 4.66455
v -0.111359 1.39547 4.66455
v -0.180105 1.39547 4.66455
v -0.180105 1.23617 4.66455
v -0.23837 1.39547 4.58652
v -0.23837 1.23617 4.58652
v -0.23091 1.23617 4.58205
v -0.23091 1.39547 4.58205
v -0.219655 1.39547 4.5788
v -0.219655 1.23617 4.5788
v -0.21359 1.23617 4.58205
v -0.21359 1.39547 4.58205
v -0.111359 1.23617 4.66987
v -0.111359 1.39547 4.66987
v -0.111359 1.39547 4.66455
v -0.111359 1.23617 4.66455
v -0.111359 0.0211721 4.66977
v -0.111359 0.0211721 4.66455
v -0.180105 0.0211721 4.66455
v -0.180105 0.0211721 4.66976
v -0.21359 0.0211721 4.6698
v -0.21359 0.0211721 4.66455
v -0.180105 0.0211721 4.59079
v -0.21359 0.0211721 4.59079
v -0.180105 0.0211721 4.58205
v -0.21359 0.0211721 4.58205
v -0.219655 0.0211721 4.5788
v -0.231333 0.0211721 4.59079
v -0.23091 0.0211721 4.58205
v -0.23837 0.0211721 4.58652
v -0.180105 0.18047 4.58205
v -0.21359 0.18047 4.58205
v -0.21359 0.0211721 4.58205
v -0.180105 0.0211721 4.58205
v -0.231333 0.18047 4.59079
v -0.231333 0.0211721 4.59079
v -0.23837 0.0211721 4.58652
v -0.23837 0.18047 4.58652
v -0.219655 0.0211721 4.5788
v -0.219655 0.18047 4.5788
v -0.23091 0.18047 4.58205
v -0.23091 0.0211721 4.58205
v -0.111359 0.0211721 4.66455
v -0.111359 0.18047 4.66455
v -0.180105 0.18047 4.66455
v -0.180105 0.0211721 4.66455
v -0.23837 0.18047 4.58652
v -0.23837 0.0211721 4.58652
v -0.23091 0.0211721 4.58205
v -0.23091 0.18047 4.58205
v -0.219655 0.18047 4.5788
v -0.219655 0.0211721 4.5788
v -0.21359 0.0211721 4.58205
v -0.21359 0.18047 4.58205
v -0.111359 0.0211721 4.66977
v -0.111359 0.18047 4.66977
v -0.111359 0.18047 4.66455
v -0.111359 0.0211721 4.66455
v -2.01906 1.491 4.607
v -1.71152 1.44317 4.607
v -1.71152 1.491 4.607
v -2.01906 1.44317 4.607
v -2.01906 1.44317 4.607
v -1.71152 1.44317 4.6698
v -1.71152 1.44317 4.607
v -2.01906 1.44317 4.6698
v -1.71152 1.491 4.607
v -1.71152 1.44317 4.6698
v -1.71152 1.491 4.6698
v -1.71152 1.44317 4.607
v -2.01906 1.491 4.607
v -1.71152 1.491 4.6698
v -2.01906 1.491 4.6698
v -1.71152 1.491 4.607
v -0.614698 2.55474 4.607
v -0.614698 2.55474 4.6698
v -0.614698 2.5069 4.6698
v -0.614698 2.5069 4.607
v -1.47672 1.29877 4.61386
v -1.51258 1.29031 4.62471
v -1.47672 1.29031 4.62471
v -1.51258 1.29877 4.61386
v -0.307155 2.5069 4.607
v -0.614698 2.5069 4.607
v -0.614698 2.5069 4.6698
v -0.307155 2.5069 4.6698
v -0.307155 2.55474 4.607
v -0.614698 2.55474 4.607
v -0.614698 2.5069 4.607
v -0.307155 2.5069 4.607
v -1.47672 1.45016 4.62471
v -1.41826 1.45863 4.61386
v -1.47672 1.45863 4.61386
v -1.41826 1.45016 4.62471
v -1.73095 1.45863 4.63557
v -1.51258 1.45016 4.62471
v -1.73095 1.45016 4.62471
v -1.51258 1.45863 4.63557
v -1.47672 1.45863 4.63557
v -1.41826 1.45016 4.62471
v -1.47672 1.45016 4.62471
v -1.41826 1.45863 4.63557
v -1.47672 1.29031 4.62471
v -1.51258 1.29877 4.63557
v -1.47672 1.29877 4.63557
v -1.51258 1.29031 4.62471
v -1.51258 1.45016 4.62471
v -1.73095 1.45863 4.61386
v -1.73095 1.45016 4.62471
v -1.51258 1.45863 4.61386
v -1.47672 1.29877 4.61386
v -1.51258 1.45863 4.61386
v -1.51258 1.29877 4.61386
v -1.47672 1.45863 4.61386
v -1.47672 1.29031 4.62471
v -1.47672 1.45863 4.61386
v -1.47672 1.29877 4.61386
v -1.47672 1.45016 4.62471
v -1.47672 1.29877 4.63557
v -1.47672 1.45863 4.63557
v -1.51258 1.29877 4.63557
v -1.47672 1.45863 4.63557
v -1.47672 1.29877 4.63557
v -1.51258 1.45863 4.63557
v -1.51258 1.29031 4.62471
v -1.51258 1.45863 4.63557
v -1.51258 1.29877 4.63557
v -1.51258 1.45016 4.62471
v -1.51258 1.29877 4.61386
v -1.51258 1.45863 4.61386
v -0.595269 2.53928 4.61386
v -0.595269 2.54774 4.62471
v -0.813638 2.54774 4.62471
v -0.813638 2.53928 4.61386
v -0.8494999 2.54774 4.62471
v -0.8494999 2.53928 4.61386
v -0.907963 2.54774 4.62471
v -0.907963 2.53928 4.61386
v -0.907963 2.53928 4.61386
v -0.907963 2.52236 4.61386
v -0.8494999 2.52236 4.61386
v -0.8494999 2.53928 4.61386
v -0.813638 2.52236 4.61386
v -0.813638 2.53928 4.61386
v -0.595269 2.52236 4.61386
v -0.595269 2.53928 4.61386
v -0.907963 2.53928 4.63557
v -0.907963 2.54774 4.62471
v -0.8494999 2.54774 4.62471
v -0.8494999 2.53928 4.63557
v -0.813638 2.54774 4.62471
v -0.813638 2.53928 4.63557
v -0.595269 2.54774 4.62471
v -0.595269 2.53928 4.63557
v -0.595269 2.53928 4.63557
v -0.595269 2.52236 4.63557
v -0.813638 2.52236 4.63557
v -0.813638 2.53928 4.63557
v -0.8494999 2.52236 4.63557
v -0.8494999 2.53928 4.63557
v -0.907963 2.52236 4.63557
v -0.907963 2.53928 4.63557
v -1.51258 2.53928 4.63557
v -1.73095 2.53928 4.63557
v -1.73095 2.54774 4.62471
v -1.51258 2.54774 4.62471
v -1.47672 2.53928 4.63557
v -1.47672 2.54774 4.62471
v -1.41826 2.53928 4.63557
v -1.41826 2.54774 4.62471
v -1.51258 2.52236 4.63557
v -1.73095 2.52236 4.63557
v -1.73095 2.53928 4.63557
v -1.51258 2.53928 4.63557
v -1.47672 2.52236 4.63557
v -1.47672 2.53928 4.63557
v -1.41826 2.52236 4.63557
v -1.41826 2.53928 4.63557
v -1.51258 2.54774 4.62471
v -1.73095 2.54774 4.62471
v -1.73095 2.53928 4.61386
v -1.51258 2.53928 4.61386
v -1.47672 2.54774 4.62471
v -1.47672 2.53928 4.61386
v -1.41826 2.54774 4.62471
v -1.41826 2.53928 4.61386
v -1.47672 2.52236 4.61386
v -1.41826 2.52236 4.61386
v -1.41826 2.53928 4.61386
v -1.47672 2.53928 4.61386
v -1.51258 2.52236 4.61386
v -1.51258 2.53928 4.61386
v -1.73095 2.52236 4.61386
v -1.73095 2.53928 4.61386
v -0.180105 2.61047 4.6698
v -0.180105 2.61047 4.66455
v -0.111359 2.61047 4.66455
v -0.21359 2.61047 4.6698
v -0.21359 2.61047 4.66455
v -0.21359 2.61047 4.59079
v -0.180105 2.61047 4.59079
v -0.21359 2.61047 4.58205
v -0.180105 2.61047 4.58205
v -0.231333 2.61047 4.59079
v -0.219655 2.61047 4.5788
v -0.23837 2.61047 4.58652
v -0.23091 2.61047 4.58205
v -0.760119 2.4081 4.67133
v -0.760119 2.50396 4.67133
v -0.760119 2.50396 4.66403
v -0.760119 2.4081 4.66403
v -0.760119 2.50396 4.59209
v -0.760119 2.4081 4.59209
v -0.760119 2.4081 4.59209
v -0.7705269 2.4081 4.59209
v -0.7705269 2.4081 4.66403
v -0.760119 2.4081 4.66403
v -0.7705269 2.4081 4.67133
v -0.760119 2.4081 4.67133
v -1.55569 2.4081 4.66403
v -1.55569 2.4081 4.59209
v -1.5661 2.4081 4.59209
v -1.5661 2.4081 4.66403
v -1.55569 2.4081 4.67133
v -1.5661 2.4081 4.67133
v -1.5661 2.4081 4.66403
v -1.5661 2.4081 4.59209
v -1.5661 2.50396 4.59209
v -1.5661 2.50396 4.66403
v -1.5661 2.4081 4.67133
v -1.5661 2.50396 4.67133
v -1.5661 2.50396 4.66403
v -1.5661 2.50396 4.59209
v -1.55569 2.50396 4.59209
v -1.55569 2.50396 4.66403
v -1.55569 2.50396 4.67133
v -1.5661 2.50396 4.67133
v -1.55569 1.32017 4.66403
v -1.55569 1.32017 4.59209
v -1.5661 1.32017 4.59209
v -1.5661 1.32017 4.66403
v -1.55569 1.32017 4.67133
v -1.5661 1.32017 4.67133
v -1.5661 1.32017 4.66403
v -1.5661 1.32017 4.59209
v -1.5661 1.41604 4.59209
v -1.5661 1.41604 4.66403
v -1.5661 1.32017 4.67133
v -1.5661 1.41604 4.67133
v -1.5661 1.41604 4.66403
v -1.5661 1.41604 4.59209
v -1.55569 1.41604 4.59209
v -1.55569 1.41604 4.66403
v -1.55569 1.41604 4.67133
v -1.5661 1.41604 4.67133
v -0.23837 1.39547 4.58652
v -0.23091 1.39547 4.58205
v -0.219655 1.39547 4.5788
v -0.231333 1.39547 4.59079
v -0.21359 1.39547 4.58205
v -0.21359 1.39547 4.59079
v -0.180105 1.39547 4.59079
v -0.180105 1.39547 4.58205
v -0.180105 1.39547 4.66455
v -0.21359 1.39547 4.66455
v -0.21359 1.39547 4.6698
v -0.180105 1.39547 4.6699
v -0.111359 1.39547 4.66455
v -0.111359 1.39547 4.66987
v -0.180105 1.23617 4.66455
v -0.180105 1.39547 4.66455
v -0.180105 1.39547 4.59079
v -0.180105 1.23617 4.59079
v -0.180105 1.39547 4.58205
v -0.180105 1.23617 4.58205
v -0.23837 0.18047 4.58652
v -0.23091 0.18047 4.58205
v -0.219655 0.18047 4.5788
v -0.231333 0.18047 4.59079
v -0.21359 0.18047 4.58205
v -0.21359 0.18047 4.59079
v -0.180105 0.18047 4.59079
v -0.180105 0.18047 4.58205
v -0.180105 0.18047 4.66455
v -0.21359 0.18047 4.66455
v -0.21359 0.18047 4.6698
v -0.180105 0.18047 4.66976
v -0.111359 0.18047 4.66455
v -0.111359 0.18047 4.66977
v -1.51258 1.47555 4.63557
v -1.73095 1.47555 4.63557
v -1.73095 1.48401 4.62471
v -1.51258 1.48401 4.62471
v -1.47672 1.47555 4.63557
v -1.47672 1.48401 4.62471
v -1.41826 1.47555 4.63557
v -1.41826 1.48401 4.62471
v -1.51258 1.45863 4.63557
v -1.73095 1.45863 4.63557
v -1.73095 1.47555 4.63557
v -1.51258 1.47555 4.63557
v -1.47672 1.45863 4.63557
v -1.47672 1.47555 4.63557
v -1.41826 1.45863 4.63557
v -1.41826 1.47555 4.63557
v -1.51258 1.48401 4.62471
v -1.73095 1.48401 4.62471
v -1.73095 1.47555 4.61386
v -1.51258 1.47555 4.61386
v -1.47672 1.48401 4.62471
v -1.47672 1.47555 4.61386
v -1.41826 1.48401 4.62471
v -1.41826 1.47555 4.61386
v -1.51258 1.47555 4.61386
v -1.73095 1.47555 4.61386
v -1.73095 1.45863 4.61386
v -1.51258 1.45863 4.61386
v -1.47672 1.47555 4.61386
v -1.47672 1.45863 4.61386
v -1.41826 1.47555 4.61386
v -1.41826 1.45863 4.61386
v -2.21682 -0.0397927 4.68456
v -2.21682 -0.0397927 4.6698
v -2.21682 0.542395 4.6698
v -2.21682 0.542395 4.68456
v -2.21682 1.52958 4.6698
v -2.21682 1.52958 4.68456
v -2.21682 2.59271 4.68456
v -2.21682 2.59271 4.6698
v -2.21682 3.23902 4.68456
v -2.21682 3.23902 4.6698
v -0.180105 2.45117 4.66455
v -0.180105 2.61047 4.66455
v -0.180105 2.61047 4.59079
v -0.180105 2.45117 4.59079
v -0.180105 2.61047 4.58205
v -0.180105 2.45117 4.58205
v -0.180105 0.0211721 4.66455
v -0.180105 0.18047 4.66455
v -0.180105 0.18047 4.59079
v -0.180105 0.0211721 4.59079
v -0.180105 0.18047 4.58205
v -0.180105 0.0211721 4.58205
v -0.21311 0.542395 4.68456
v -0.21311 -0.0397927 4.68456
v -2.21682 -0.0397927 4.68456
v -2.21682 0.542395 4.68456
v -0.21311 1.52958 4.68456
v -2.21682 1.52958 4.68456
v -0.21311 2.59271 4.68456
v -2.21682 2.59271 4.68456
v -2.21682 3.23902 4.68456
v -0.21311 3.23902 4.68456
v -0.112103 2.61008 4.66985
v -0.112103 2.45102 4.66985
v -0.180105 2.45117 4.6698
v -0.180105 2.61047 4.6698
v -0.21359 2.45117 4.6698
v -0.21359 2.61047 4.6698
v -0.180105 1.23617 4.6699
v -0.21359 1.23617 4.6698
v -0.180105 1.39547 4.6699
v -0.21359 1.39547 4.6698
v -0.180105 0.0211721 4.66976
v -0.21359 0.0211721 4.6698
v -0.180105 0.18047 4.66976
v -0.21359 0.18047 4.6698
v -0.111359 1.39547 4.66987
v -0.111359 1.23617 4.66987
v -0.180105 1.39547 4.6699
v -0.180105 1.23617 4.6699
v -0.111359 0.18047 4.66977
v -0.111359 0.0211721 4.66977
v -0.180105 0.18047 4.66976
v -0.180105 0.0211721 4.66976
v -8.44595 0.06727809 9.989759
v -6.73405 0.06727809 9.989759
v -6.73405 0.06727809 10.0688
v -8.44595 0.06727809 10.0688
v -8.44595 0.544675 9.989759
v -6.73405 0.544675 9.989759
v -6.73405 0.06727809 9.989759
v -8.44595 0.06727809 9.989759
v -6.73405 0.544675 9.989759
v -6.73405 0.544675 10.0688
v -6.73405 0.06727809 10.0688
v -6.73405 0.06727809 9.989759
v -8.44595 0.544675 9.989759
v -8.44595 0.06727809 9.989759
v -8.44595 0.06727809 10.0688
v -8.44595 0.544675 10.0688
v -6.53629 3.27927 9.989759
v -8.54 3.18983 9.989759
v -8.54 3.27927 9.989759
v -6.64 3.18983 9.989759
v -6.53629 2.63295 9.989759
v -6.64 2.63295 9.989759
v -6.53629 1.56983 9.989759
v -6.64 1.56983 9.989759
v -6.53629 0.582644 9.989759
v -6.64 0.582644 9.989759
v -6.53629 0.0004563 9.989759
v -6.64 0.0004563 9.989759
v -8.54 3.27927 9.989759
v -8.54 3.18983 9.989759
v -8.54 3.27927 9.974999
v -8.54 2.63295 9.989759
v -8.54 2.63295 9.974999
v -8.54 1.56983 9.989759
v -8.54 1.56983 9.974999
v -8.54 0.582644 9.974999
v -8.54 2.63295 10.0688
v -8.54 3.18983 10.0688
v -8.54 1.56983 10.0688
v -8.54 0.582644 10.0688
v -8.54 0.582644 9.989759
v -8.54 0.0004563 9.974999
v -8.54 0.0004563 9.989759
v -8.54 0.0004563 10.0688
v -7.93947 2.39429 10.0348
v -7.93947 2.40275 10.024
v -7.93947 2.56261 10.024
v -7.93947 2.55415 10.0348
v -7.93947 2.40275 10.0457
v -7.93947 2.56261 10.0457
v -7.93947 2.40275 10.024
v -7.90361 2.40275 10.024
v -7.90361 2.56261 10.024
v -7.93947 2.56261 10.024
v -6.64 3.18983 9.989759
v -8.54 3.18983 10.0688
v -8.54 3.18983 9.989759
v -6.64 3.18983 10.0688
v -6.64 2.63295 9.989759
v -6.64 3.18983 10.0688
v -6.64 3.18983 9.989759
v -6.64 2.63295 10.0688
v -6.64 1.56983 9.989759
v -6.64 1.56983 10.0688
v -6.64 0.582644 10.0688
v -6.64 0.582644 9.989759
v -6.64 0.0004563 10.0688
v -6.64 0.0004563 9.989759
v -6.53629 3.27927 9.989759
v -8.54 3.27927 9.974999
v -6.53629 3.27927 9.974999
v -8.54 3.27927 9.989759
v -8.44595 3.12301 9.989759
v -6.73405 3.12301 10.0688
v -6.73405 3.12301 9.989759
v -8.44595 3.12301 10.0688
v -8.44595 2.67092 9.989759
v -6.73405 3.12301 9.989759
v -6.73405 2.67092 9.989759
v -8.44595 3.12301 9.989759
v -6.73405 2.67092 9.989759
v -6.73405 3.12301 10.0688
v -6.73405 2.67092 10.0688
v -6.73405 3.12301 9.989759
v -8.44595 2.67092 9.989759
v -8.44595 3.12301 10.0688
v -8.44595 3.12301 9.989759
v -8.44595 2.67092 10.0688
v -6.53629 0.0004563 9.974999
v -6.64 0.0004563 9.989759
v -6.53629 0.0004563 9.989759
v -8.54 0.0004563 9.974999
v -8.54 0.0004563 9.989759
v -8.54 0.0004563 10.0688
v -6.64 0.0004563 10.0688
v -7.90361 2.39429 10.0348
v -7.90361 2.40275 10.0457
v -7.90361 2.56261 10.0457
v -7.90361 2.55415 10.0348
v -7.90361 2.40275 10.024
v -7.90361 2.56261 10.024
v -7.90361 2.40275 10.0457
v -7.93947 2.40275 10.0457
v -7.93947 2.56261 10.0457
v -7.90361 2.56261 10.0457
v -6.73405 2.59499 10.0688
v -8.44595 2.59499 9.989759
v -8.44595 2.59499 10.0688
v -6.73405 2.59499 9.989759
v -8.44595 2.67092 10.0688
v -6.73405 2.67092 9.989759
v -6.73405 2.67092 10.0688
v -8.44595 2.67092 9.989759
v -8.44595 1.53186 9.989759
v -8.44595 0.620613 10.0688
v -8.44595 1.53186 10.0688
v -8.44595 0.620613 9.989759
v -8.44595 1.6078 10.0688
v -8.44595 2.59499 9.989759
v -8.44595 1.6078 9.989759
v -8.44595 2.59499 10.0688
v -8.44595 1.6078 9.989759
v -6.73405 2.59499 9.989759
v -6.73405 1.6078 9.989759
v -8.44595 2.59499 9.989759
v -6.73405 1.53186 9.989759
v -8.44595 0.620613 9.989759
v -8.44595 1.53186 9.989759
v -6.73405 0.620613 9.989759
v -6.73405 1.6078 9.989759
v -6.73405 2.59499 10.0688
v -6.73405 1.6078 10.0688
v -6.73405 2.59499 9.989759
v -6.73405 1.53186 10.0688
v -6.73405 0.620613 9.989759
v -6.73405 1.53186 9.989759
v -6.73405 0.620613 10.0688
v -8.15784 2.56261 10.024
v -8.15784 2.55415 10.0348
v -7.93947 2.55415 10.0348
v -7.93947 2.56261 10.024
v -7.90361 2.55415 10.0348
v -7.90361 2.56261 10.0457
v -7.84515 2.56261 10.0457
v -7.84515 2.55415 10.0348
v -6.73405 0.544675 10.0688
v -8.44595 0.544675 9.989759
v -8.44595 0.544675 10.0688
v -6.73405 0.544675 9.989759
v -8.44595 0.620613 10.0688
v -6.73405 0.620613 9.989759
v -6.73405 0.620613 10.0688
v -8.44595 0.620613 9.989759
v -7.93947 2.55415 10.0348
v -8.15784 2.55415 10.0348
v -8.15784 2.56261 10.0457
v -7.93947 2.56261 10.0457
v -7.90361 2.39429 10.0348
v -7.90361 2.40275 10.024
v -7.93947 2.40275 10.024
v -7.93947 2.39429 10.0348
v -7.90361 2.56261 10.024
v -7.90361 2.55415 10.0348
v -7.84515 2.55415 10.0348
v -7.84515 2.56261 10.024
v -6.73405 1.53186 10.0688
v -8.44595 1.53186 9.989759
v -8.44595 1.53186 10.0688
v -6.73405 1.53186 9.989759
v -8.44595 1.6078 10.0688
v -6.73405 1.6078 9.989759
v -6.73405 1.6078 10.0688
v -8.44595 1.6078 9.989759
v -6.73405 2.59499 10.0526
v -7.04159 2.54715 10.0526
v -7.04159 2.59499 10.0526
v -6.73405 2.54715 10.0526
v -6.73405 2.54715 10.0526
v -7.04159 2.54715 9.989759
v -7.04159 2.54715 10.0526
v -6.73405 2.54715 9.989759
v -7.04159 2.59499 10.0526
v -7.04159 2.54715 9.989759
v -7.04159 2.59499 9.989759
v -7.04159 2.54715 10.0526
v -6.73405 2.59499 10.0526
v -7.04159 2.59499 9.989759
v -6.73405 2.59499 9.989759
v -7.04159 2.59499 10.0526
v -7.27639 2.40275 10.0457
v -7.24053 2.39429 10.0348
v -7.27639 2.39429 10.0348
v -7.24053 2.40275 10.0457
v -7.90361 2.40275 10.0457
v -7.90361 2.39429 10.0348
v -7.93947 2.39429 10.0348
v -7.93947 2.40275 10.0457
v -8.44595 2.59499 10.0526
v -8.44595 2.59499 9.989759
v -8.13841 2.59499 9.989759
v -8.13841 2.59499 10.0526
v -7.27639 2.55415 10.0348
v -7.33485 2.56261 10.0457
v -7.27639 2.56261 10.0457
v -7.33485 2.55415 10.0348
v -7.02216 2.56261 10.024
v -7.24053 2.55415 10.0348
v -7.02216 2.55415 10.0348
v -7.24053 2.56261 10.024
v -7.27639 2.56261 10.024
v -7.33485 2.55415 10.0348
v -7.27639 2.55415 10.0348
v -7.33485 2.56261 10.024
v -7.27639 2.39429 10.0348
v -7.24053 2.40275 10.024
v -7.27639 2.40275 10.024
v -7.24053 2.39429 10.0348
v -7.24053 2.55415 10.0348
v -7.02216 2.56261 10.0457
v -7.02216 2.55415 10.0348
v -7.24053 2.56261 10.0457
v -7.27639 2.40275 10.0457
v -7.24053 2.56261 10.0457
v -7.24053 2.40275 10.0457
v -7.27639 2.56261 10.0457
v -7.27639 2.39429 10.0348
v -7.27639 2.56261 10.0457
v -7.27639 2.40275 10.0457
v -7.27639 2.55415 10.0348
v -7.27639 2.40275 10.024
v -7.27639 2.56261 10.024
v -7.24053 2.40275 10.024
v -7.27639 2.56261 10.024
v -7.27639 2.40275 10.024
v -7.24053 2.56261 10.024
v -7.24053 2.39429 10.0348
v -7.24053 2.56261 10.024
v -7.24053 2.40275 10.024
v -7.24053 2.55415 10.0348
v -7.24053 2.40275 10.0457
v -7.24053 2.56261 10.0457
v -8.64101 2.49127 9.98971
v -8.641749 2.49142 9.995009
v -8.573 2.49142 9.995009
v -8.573 2.49142 9.989759
v -8.53952 2.49142 9.989759
v -8.53952 2.49142 9.995009
v -8.573 2.49142 10.0688
v -8.53952 2.49142 10.0688
v -8.573 2.49142 10.0775
v -8.53952 2.49142 10.0775
v -8.533449 2.49142 10.0808
v -8.52178 2.49142 10.0688
v -8.5222 2.49142 10.0775
v -8.51474 2.49142 10.073
v -8.52178 2.65072 10.0688
v -8.52178 2.49142 10.0688
v -8.51474 2.49142 10.073
v -8.51474 2.65072 10.073
v -8.533449 2.49142 10.0808
v -8.533449 2.65072 10.0808
v -8.5222 2.65072 10.0775
v -8.5222 2.49142 10.0775
v -8.641749 2.49142 9.995009
v -8.641749 2.65072 9.995009
v -8.573 2.65072 9.995009
v -8.573 2.49142 9.995009
v -8.51474 2.65072 10.073
v -8.51474 2.49142 10.073
v -8.5222 2.49142 10.0775
v -8.5222 2.65072 10.0775
v -8.533449 2.65072 10.0808
v -8.533449 2.49142 10.0808
v -8.53952 2.49142 10.0775
v -8.53952 2.65072 10.0775
v -8.64101 2.49127 9.98971
v -8.64101 2.65033 9.98971
v -8.641749 2.65072 9.995009
v -8.641749 2.49142 9.995009
v -7.86771 2.54421 9.995529
v -7.86771 2.54421 9.98823
v -7.86771 2.44835 9.98823
v -7.86771 2.44835 9.995529
v -7.99299 2.54421 9.995529
v -7.99299 2.54421 9.98823
v -7.98258 2.54421 9.98823
v -7.98258 2.54421 9.995529
v -7.98258 2.54421 10.0675
v -7.99299 2.54421 10.0675
v -7.99299 2.54421 10.0675
v -7.98258 2.54421 10.0675
v -7.98258 2.44835 10.0675
v -7.99299 2.44835 10.0675
v -7.98258 2.54421 9.995529
v -7.98258 2.44835 9.995529
v -7.98258 2.44835 10.0675
v -7.98258 2.54421 10.0675
v -7.86771 2.44835 9.995529
v -7.86771 2.44835 9.98823
v -7.98258 2.44835 9.98823
v -7.98258 2.44835 9.995529
v -7.86771 2.54421 9.995529
v -7.86771 2.44835 9.995529
v -7.98258 2.44835 9.995529
v -7.98258 2.54421 9.995529
v -7.86771 2.54421 9.98823
v -7.86771 2.54421 9.995529
v -7.98258 2.54421 9.995529
v -7.98258 2.54421 9.98823
v -7.31229 2.54421 9.995529
v -7.31229 2.44835 9.98823
v -7.31229 2.54421 9.98823
v -7.31229 2.44835 9.995529
v -7.18701 2.54421 10.0675
v -7.19742 2.44835 10.0675
v -7.19742 2.54421 10.0675
v -7.18701 2.44835 10.0675
v -7.19742 2.54421 9.995529
v -7.19742 2.44835 10.0675
v -7.19742 2.44835 9.995529
v -7.19742 2.54421 10.0675
v -7.31229 2.44835 9.995529
v -7.19742 2.44835 9.98823
v -7.31229 2.44835 9.98823
v -7.19742 2.44835 9.995529
v -7.31229 2.54421 9.995529
v -7.19742 2.44835 9.995529
v -7.31229 2.44835 9.995529
v -7.19742 2.54421 9.995529
v -7.31229 2.54421 9.98823
v -7.19742 2.54421 9.995529
v -7.31229 2.54421 9.995529
v -7.19742 2.54421 9.98823
v -7.31229 1.45629 9.995529
v -7.31229 1.36042 9.98823
v -7.31229 1.45629 9.98823
v -7.31229 1.36042 9.995529
v -7.18701 1.45629 10.0675
v -7.19742 1.36042 10.0675
v -7.19742 1.45629 10.0675
v -7.18701 1.36042 10.0675
v -7.19742 1.45629 9.995529
v -7.19742 1.36042 10.0675
v -7.19742 1.36042 9.995529
v -7.19742 1.45629 10.0675
v -7.31229 1.36042 9.995529
v -7.19742 1.36042 9.98823
v -7.31229 1.36042 9.98823
v -7.19742 1.36042 9.995529
v -7.31229 1.45629 9.995529
v -7.19742 1.36042 9.995529
v -7.31229 1.36042 9.995529
v -7.19742 1.45629 9.995529
v -7.31229 1.45629 9.98823
v -7.19742 1.45629 9.995529
v -7.31229 1.45629 9.995529
v -7.19742 1.45629 9.98823
v -8.641749 1.27642 9.98969
v -8.641749 1.27642 9.995009
v -8.573 1.27642 9.995009
v -8.573 1.27642 9.98966
v -8.53952 1.27642 9.989759
v -8.53952 1.27642 9.995009
v -8.573 1.27642 10.0688
v -8.53952 1.27642 10.0688
v -8.573 1.27642 10.0775
v -8.53952 1.27642 10.0775
v -8.533449 1.27642 10.0808
v -8.52178 1.27642 10.0688
v -8.5222 1.27642 10.0775
v -8.51474 1.27642 10.073
v -8.573 1.43572 10.0775
v -8.53952 1.43572 10.0775
v -8.53952 1.27642 10.0775
v -8.573 1.27642 10.0775
v -8.52178 1.43572 10.0688
v -8.52178 1.27642 10.0688
v -8.51474 1.27642 10.073
v -8.51474 1.43572 10.073
v -8.533449 1.27642 10.0808
v -8.533449 1.43572 10.0808
v -8.5222 1.43572 10.0775
v -8.5222 1.27642 10.0775
v -8.641749 1.27642 9.995009
v -8.641749 1.43572 9.995009
v -8.573 1.43572 9.995009
v -8.573 1.27642 9.995009
v -8.51474 1.43572 10.073
v -8.51474 1.27642 10.073
v -8.5222 1.27642 10.0775
v -8.5222 1.43572 10.0775
v -8.533449 1.43572 10.0808
v -8.533449 1.27642 10.0808
v -8.53952 1.27642 10.0775
v -8.53952 1.43572 10.0775
v -8.641749 1.27642 9.98969
v -8.641749 1.43572 9.98969
v -8.641749 1.43572 9.995009
v -8.641749 1.27642 9.995009
v -8.641749 0.0614211 9.98979
v -8.641749 0.0614211 9.995009
v -8.573 0.0614211 9.995009
v -8.573 0.0614211 9.989799
v -8.53952 0.0614211 9.989759
v -8.53952 0.0614211 9.995009
v -8.573 0.0614211 10.0688
v -8.53952 0.0614211 10.0688
v -8.573 0.0614211 10.0775
v -8.53952 0.0614211 10.0775
v -8.533449 0.0614211 10.0808
v -8.52178 0.0614211 10.0688
v -8.5222 0.0614211 10.0775
v -8.51474 0.0614211 10.073
v -8.573 0.220719 10.0775
v -8.53952 0.220719 10.0775
v -8.53952 0.0614211 10.0775
v -8.573 0.0614211 10.0775
v -8.52178 0.220719 10.0688
v -8.52178 0.0614211 10.0688
v -8.51474 0.0614211 10.073
v -8.51474 0.220719 10.073
v -8.533449 0.0614211 10.0808
v -8.533449 0.220719 10.0808
v -8.5222 0.220719 10.0775
v -8.5222 0.0614211 10.0775
v -8.641749 0.0614211 9.995009
v -8.641749 0.220719 9.995009
v -8.573 0.220719 9.995009
v -8.573 0.0614211 9.995009
v -8.51474 0.220719 10.073
v -8.51474 0.0614211 10.073
v -8.5222 0.0614211 10.0775
v -8.5222 0.220719 10.0775
v -8.533449 0.220719 10.0808
v -8.533449 0.0614211 10.0808
v -8.53952 0.0614211 10.0775
v -8.53952 0.220719 10.0775
v -8.641749 0.0614211 9.98979
v -8.641749 0.220719 9.98979
v -8.641749 0.220719 9.995009
v -8.641749 0.0614211 9.995009
v -6.73405 1.53125 10.0526
v -7.04159 1.48342 10.0526
v -7.04159 1.53125 10.0526
v -6.73405 1.48342 10.0526
v -6.73405 1.48342 10.0526
v -7.04159 1.48342 9.989759
v -7.04159 1.48342 10.0526
v -6.73405 1.48342 9.989759
v -7.04159 1.53125 10.0526
v -7.04159 1.48342 9.989759
v -7.04159 1.53125 9.989759
v -7.04159 1.48342 10.0526
v -6.73405 1.53125 10.0526
v -7.04159 1.53125 9.989759
v -6.73405 1.53125 9.989759
v -7.04159 1.53125 10.0526
v -8.13841 2.59499 10.0526
v -8.13841 2.59499 9.989759
v -8.13841 2.54715 9.989759
v -8.13841 2.54715 10.0526
v -7.27639 1.33902 10.0457
v -7.24053 1.33055 10.0348
v -7.27639 1.33055 10.0348
v -7.24053 1.33902 10.0457
v -8.44595 2.54715 10.0526
v -8.13841 2.54715 10.0526
v -8.13841 2.54715 9.989759
v -8.44595 2.54715 9.989759
v -8.44595 2.59499 10.0526
v -8.13841 2.59499 10.0526
v -8.13841 2.54715 10.0526
v -8.44595 2.54715 10.0526
v -7.27639 1.49041 10.0348
v -7.33485 1.49887 10.0457
v -7.27639 1.49887 10.0457
v -7.33485 1.49041 10.0348
v -7.02216 1.49887 10.024
v -7.24053 1.49041 10.0348
v -7.02216 1.49041 10.0348
v -7.24053 1.49887 10.024
v -7.27639 1.49887 10.024
v -7.33485 1.49041 10.0348
v -7.27639 1.49041 10.0348
v -7.33485 1.49887 10.024
v -7.27639 1.33055 10.0348
v -7.24053 1.33902 10.024
v -7.27639 1.33902 10.024
v -7.24053 1.33055 10.0348
v -7.24053 1.49041 10.0348
v -7.02216 1.49887 10.0457
v -7.02216 1.49041 10.0348
v -7.24053 1.49887 10.0457
v -7.27639 1.33902 10.0457
v -7.24053 1.49887 10.0457
v -7.24053 1.33902 10.0457
v -7.27639 1.49887 10.0457
v -7.27639 1.33055 10.0348
v -7.27639 1.49887 10.0457
v -7.27639 1.33902 10.0457
v -7.27639 1.49041 10.0348
v -7.27639 1.33902 10.024
v -7.27639 1.49887 10.024
v -7.24053 1.33902 10.024
v -7.27639 1.49887 10.024
v -7.27639 1.33902 10.024
v -7.24053 1.49887 10.024
v -7.24053 1.33055 10.0348
v -7.24053 1.49887 10.024
v -7.24053 1.33902 10.024
v -7.24053 1.49041 10.0348
v -7.24053 1.33902 10.0457
v -7.24053 1.49887 10.0457
v -8.15784 2.57953 10.0457
v -8.15784 2.58799 10.0348
v -7.93947 2.58799 10.0348
v -7.93947 2.57953 10.0457
v -7.90361 2.58799 10.0348
v -7.90361 2.57953 10.0457
v -7.84515 2.58799 10.0348
v -7.84515 2.57953 10.0457
v -7.84515 2.57953 10.0457
v -7.84515 2.56261 10.0457
v -7.90361 2.56261 10.0457
v -7.90361 2.57953 10.0457
v -7.93947 2.56261 10.0457
v -7.93947 2.57953 10.0457
v -8.15784 2.56261 10.0457
v -8.15784 2.57953 10.0457
v -7.84515 2.57953 10.024
v -7.84515 2.58799 10.0348
v -7.90361 2.58799 10.0348
v -7.90361 2.57953 10.024
v -7.93947 2.58799 10.0348
v -7.93947 2.57953 10.024
v -8.15784 2.58799 10.0348
v -8.15784 2.57953 10.024
v -8.15784 2.57953 10.024
v -8.15784 2.56261 10.024
v -7.93947 2.56261 10.024
v -7.93947 2.57953 10.024
v -7.90361 2.56261 10.024
v -7.90361 2.57953 10.024
v -7.84515 2.56261 10.024
v -7.84515 2.57953 10.024
v -7.24053 2.57953 10.024
v -7.02216 2.57953 10.024
v -7.02216 2.58799 10.0348
v -7.24053 2.58799 10.0348
v -7.27639 2.57953 10.024
v -7.27639 2.58799 10.0348
v -7.33485 2.57953 10.024
v -7.33485 2.58799 10.0348
v -7.24053 2.56261 10.024
v -7.02216 2.56261 10.024
v -7.02216 2.57953 10.024
v -7.24053 2.57953 10.024
v -7.27639 2.56261 10.024
v -7.27639 2.57953 10.024
v -7.33485 2.56261 10.024
v -7.33485 2.57953 10.024
v -7.24053 2.58799 10.0348
v -7.02216 2.58799 10.0348
v -7.02216 2.57953 10.0457
v -7.24053 2.57953 10.0457
v -7.27639 2.58799 10.0348
v -7.27639 2.57953 10.0457
v -7.33485 2.58799 10.0348
v -7.33485 2.57953 10.0457
v -7.27639 2.56261 10.0457
v -7.33485 2.56261 10.0457
v -7.33485 2.57953 10.0457
v -7.27639 2.57953 10.0457
v -7.24053 2.56261 10.0457
v -7.24053 2.57953 10.0457
v -7.02216 2.56261 10.0457
v -7.02216 2.57953 10.0457
v -8.573 2.65072 9.989759
v -8.573 2.65072 9.995009
v -8.641749 2.65072 9.995009
v -8.53952 2.65072 9.989759
v -8.53952 2.65072 9.995009
v -8.53952 2.65072 10.0688
v -8.573 2.65072 10.0688
v -8.53952 2.65072 10.0775
v -8.573 2.65072 10.0775
v -8.52178 2.65072 10.0688
v -8.533449 2.65072 10.0808
v -8.51474 2.65072 10.073
v -8.5222 2.65072 10.0775
v -7.99299 2.44835 9.98823
v -7.99299 2.54421 9.98823
v -7.99299 2.54421 9.995529
v -7.99299 2.44835 9.995529
v -7.99299 2.54421 10.0675
v -7.99299 2.44835 10.0675
v -7.99299 2.44835 10.0675
v -7.98258 2.44835 10.0675
v -7.98258 2.44835 9.995529
v -7.99299 2.44835 9.995529
v -7.98258 2.44835 9.98823
v -7.99299 2.44835 9.98823
v -7.19742 2.44835 9.995529
v -7.19742 2.44835 10.0675
v -7.18701 2.44835 10.0675
v -7.18701 2.44835 9.995529
v -7.19742 2.44835 9.98823
v -7.18701 2.44835 9.98823
v -7.18701 2.44835 9.995529
v -7.18701 2.44835 10.0675
v -7.18701 2.54421 10.0675
v -7.18701 2.54421 9.995529
v -7.18701 2.44835 9.98823
v -7.18701 2.54421 9.98823
v -7.18701 2.54421 9.995529
v -7.18701 2.54421 10.0675
v -7.19742 2.54421 10.0675
v -7.19742 2.54421 9.995529
v -7.19742 2.54421 9.98823
v -7.18701 2.54421 9.98823
v -7.19742 1.36042 9.995529
v -7.19742 1.36042 10.0675
v -7.18701 1.36042 10.0675
v -7.18701 1.36042 9.995529
v -7.19742 1.36042 9.98823
v -7.18701 1.36042 9.98823
v -7.18701 1.36042 9.995529
v -7.18701 1.36042 10.0675
v -7.18701 1.45629 10.0675
v -7.18701 1.45629 9.995529
v -7.18701 1.36042 9.98823
v -7.18701 1.45629 9.98823
v -7.18701 1.45629 9.995529
v -7.18701 1.45629 10.0675
v -7.19742 1.45629 10.0675
v -7.19742 1.45629 9.995529
v -7.19742 1.45629 9.98823
v -7.18701 1.45629 9.98823
v -8.51474 1.43572 10.073
v -8.5222 1.43572 10.0775
v -8.533449 1.43572 10.0808
v -8.52178 1.43572 10.0688
v -8.53952 1.43572 10.0775
v -8.53952 1.43572 10.0688
v -8.573 1.43572 10.0688
v -8.573 1.43572 10.0775
v -8.573 1.43572 9.995009
v -8.53952 1.43572 9.995009
v -8.53952 1.43572 9.989759
v -8.573 1.43572 9.98966
v -8.641749 1.43572 9.995009
v -8.641749 1.43572 9.98969
v -8.573 1.27642 9.995009
v -8.573 1.43572 9.995009
v -8.573 1.43572 10.0688
v -8.573 1.27642 10.0688
v -8.573 1.43572 10.0775
v -8.573 1.27642 10.0775
v -8.51474 0.220719 10.073
v -8.5222 0.220719 10.0775
v -8.533449 0.220719 10.0808
v -8.52178 0.220719 10.0688
v -8.53952 0.220719 10.0775
v -8.53952 0.220719 10.0688
v -8.573 0.220719 10.0688
v -8.573 0.220719 10.0775
v -8.573 0.220719 9.995009
v -8.53952 0.220719 9.995009
v -8.53952 0.220719 9.989759
v -8.573 0.220719 9.989799
v -8.641749 0.220719 9.995009
v -8.641749 0.220719 9.98979
v -7.24053 1.5158 10.024
v -7.02216 1.5158 10.024
v -7.02216 1.52426 10.0348
v -7.24053 1.52426 10.0348
v -7.27639 1.5158 10.024
v -7.27639 1.52426 10.0348
v -7.33485 1.5158 10.024
v -7.33485 1.52426 10.0348
v -7.24053 1.49887 10.024
v -7.02216 1.49887 10.024
v -7.02216 1.5158 10.024
v -7.24053 1.5158 10.024
v -7.27639 1.49887 10.024
v -7.27639 1.5158 10.024
v -7.33485 1.49887 10.024
v -7.33485 1.5158 10.024
v -7.24053 1.52426 10.0348
v -7.02216 1.52426 10.0348
v -7.02216 1.5158 10.0457
v -7.24053 1.5158 10.0457
v -7.27639 1.52426 10.0348
v -7.27639 1.5158 10.0457
v -7.33485 1.52426 10.0348
v -7.33485 1.5158 10.0457
v -7.24053 1.5158 10.0457
v -7.02216 1.5158 10.0457
v -7.02216 1.49887 10.0457
v -7.24053 1.49887 10.0457
v -7.27639 1.5158 10.0457
v -7.27639 1.49887 10.0457
v -7.33485 1.5158 10.0457
v -7.33485 1.49887 10.0457
v -6.53629 0.0004563 9.974999
v -6.53629 0.0004563 9.989759
v -6.53629 0.582644 9.989759
v -6.53629 0.582644 9.974999
v -6.53629 1.56983 9.989759
v -6.53629 1.56983 9.974999
v -6.53629 2.63295 9.974999
v -6.53629 2.63295 9.989759
v -6.53629 3.27927 9.974999
v -6.53629 3.27927 9.989759
v -8.573 2.49142 9.995009
v -8.573 2.65072 9.995009
v -8.573 2.65072 10.0688
v -8.573 2.49142 10.0688
v -8.573 2.65072 10.0775
v -8.573 2.49142 10.0775
v -8.573 0.0614211 9.995009
v -8.573 0.220719 9.995009
v -8.573 0.220719 10.0688
v -8.573 0.0614211 10.0688
v -8.573 0.220719 10.0775
v -8.573 0.0614211 10.0775
v -8.54 0.582644 9.974999
v -8.54 0.0004563 9.974999
v -6.53629 0.0004563 9.974999
v -6.53629 0.582644 9.974999
v -8.54 1.56983 9.974999
v -6.53629 1.56983 9.974999
v -8.54 2.63295 9.974999
v -6.53629 2.63295 9.974999
v -6.53629 3.27927 9.974999
v -8.54 3.27927 9.974999
v -8.64101 2.65033 9.98971
v -8.64101 2.49127 9.98971
v -8.573 2.49142 9.989759
v -8.573 2.65072 9.989759
v -8.53952 2.49142 9.989759
v -8.53952 2.65072 9.989759
v -8.573 1.27642 9.98966
v -8.53952 1.27642 9.989759
v -8.573 1.43572 9.98966
v -8.53952 1.43572 9.989759
v -8.573 0.0614211 9.989799
v -8.53952 0.0614211 9.989759
v -8.573 0.220719 9.989799
v -8.53952 0.220719 9.989759
v -8.641749 1.43572 9.98969
v -8.641749 1.27642 9.98969
v -8.573 1.43572 9.98966
v -8.573 1.27642 9.98966
v -8.641749 0.220719 9.98979
v -8.641749 0.0614211 9.98979
v -8.573 0.220719 9.989799
v -8.573 0.0614211 9.989799
v 0.939788 2.53928 4.50779
v 0.939788 2.53082 4.51864
v 0.939788 2.54774 4.51864
v 0.939788 2.52236 4.50779
v 0.939788 2.53928 4.5295
v 0.939788 2.5139 4.51864
v 0.939788 2.52236 4.5295
v 1.45008 2.52236 4.50779
v 1.45008 2.53928 4.50779
v 1.45008 2.53082 4.51864
v 1.45008 2.5139 4.51864
v 1.45008 2.54774 4.51864
v 1.45008 2.52236 4.5295
v 1.45008 2.53928 4.5295
v 1.45008 1.45863 4.50779
v 1.45008 1.47555 4.50779
v 1.45008 1.46709 4.51864
v 1.45008 1.45016 4.51864
v 1.45008 1.48401 4.51864
v 1.45008 1.45863 4.5295
v 1.45008 1.47555 4.5295
v -0.907963 2.53928 4.63557
v -0.907963 2.53082 4.62471
v -0.907963 2.54774 4.62471
v -0.907963 2.52236 4.63557
v -0.907963 2.53928 4.61386
v -0.907963 2.5139 4.62471
v -0.907963 2.52236 4.61386
v -1.41826 2.52236 4.63557
v -1.41826 2.53928 4.63557
v -1.41826 2.53082 4.62471
v -1.41826 2.5139 4.62471
v -1.41826 2.54774 4.62471
v -1.41826 2.52236 4.61386
v -1.41826 2.53928 4.61386
v -1.41826 1.45863 4.63557
v -1.41826 1.47555 4.63557
v -1.41826 1.46709 4.62471
v -1.41826 1.45016 4.62471
v -1.41826 1.48401 4.62471
v -1.41826 1.45863 4.61386
v -1.41826 1.47555 4.61386
v -7.84515 2.57953 10.024
v -7.84515 2.57107 10.0348
v -7.84515 2.58799 10.0348
v -7.84515 2.56261 10.024
v -7.84515 2.57953 10.0457
v -7.84515 2.55415 10.0348
v -7.84515 2.56261 10.0457
v -7.33485 2.56261 10.024
v -7.33485 2.57953 10.024
v -7.33485 2.57107 10.0348
v -7.33485 2.55415 10.0348
v -7.33485 2.58799 10.0348
v -7.33485 2.56261 10.0457
v -7.33485 2.57953 10.0457
v -7.33485 1.49887 10.024
v -7.33485 1.5158 10.024
v -7.33485 1.50734 10.0348
v -7.33485 1.49041 10.0348
v -7.33485 1.52426 10.0348
v -7.33485 1.49887 10.0457
v -7.33485 1.5158 10.0457
v 2.14493 -0.0397927 4.55261
v 2.05089 0.027029 4.55261
v 2.05089 0.504426 4.55261
v 0.33898 0.027029 4.55261
v 0.244934 -0.0397927 4.55261
v 0.33898 0.504426 4.55261
v 2.14493 0.542395 4.55261
v 0.244934 0.542395 4.55261
v 2.05089 0.580364 4.55261
v 2.14493 1.52958 4.55261
v 0.33898 0.580364 4.55261
v 0.33898 1.49161 4.55261
v 2.05089 1.49161 4.55261
v 0.244934 1.52958 4.55261
v 2.05089 1.56755 4.55261
v 2.14493 2.59271 4.55261
v 0.33898 1.56755 4.55261
v 0.33898 2.55474 4.55261
v 2.05089 2.55474 4.55261
v 0.244934 2.59271 4.55261
v 2.05089 2.63068 4.55261
v 2.14493 3.14958 4.55261
v 2.05089 3.08276 4.55261
v 0.33898 3.08276 4.55261
v 0.244934 3.14958 4.55261
v 0.33898 2.63068 4.55261
v -2.11311 -0.0397927 4.59075
v -2.01906 0.027029 4.59075
v -2.01906 0.504426 4.59075
v -0.307155 0.027029 4.59074
v -0.21311 -0.0397927 4.59074
v -0.307155 0.504426 4.59074
v -2.11311 0.542395 4.59075
v -0.21311 0.542395 4.59074
v -2.01906 0.580364 4.59075
v -2.11311 1.52958 4.59075
v -0.307155 0.580364 4.59074
v -0.307155 1.49161 4.59074
v -2.01906 1.49161 4.59075
v -0.21311 1.52958 4.59074
v -2.01906 1.56755 4.59075
v -2.11311 2.59271 4.59075
v -0.307155 1.56755 4.59074
v -0.307155 2.55474 4.59074
v -2.01906 2.55474 4.59075
v -0.21311 2.59271 4.59074
v -2.01906 2.63068 4.59075
v -2.11311 3.14958 4.59075
v -2.01906 3.08276 4.59075
v -0.307155 3.08276 4.59074
v -0.21311 3.14958 4.59074
v -0.307155 2.63068 4.59074
v -6.64 0.0004563 10.0688
v -6.73405 0.06727809 10.0688
v -6.73405 0.544675 10.0688
v -8.44595 0.06727809 10.0688
v -8.54 0.0004563 10.0688
v -8.44595 0.544675 10.0688
v -6.64 0.582644 10.0688
v -8.54 0.582644 10.0688
v -6.73405 0.620613 10.0688
v -6.64 1.56983 10.0688
v -8.44595 0.620613 10.0688
v -8.44595 1.53186 10.0688
v -6.73405 1.53186 10.0688
v -8.54 1.56983 10.0688
v -6.73405 1.6078 10.0688
v -6.64 2.63295 10.0688
v -8.44595 1.6078 10.0688
v -8.44595 2.59499 10.0688
v -6.73405 2.59499 10.0688
v -8.54 2.63295 10.0688
v -6.73405 2.67092 10.0688
v -6.64 3.18983 10.0688
v -6.73405 3.12301 10.0688
v -8.44595 3.12301 10.0688
v -8.54 3.18983 10.0688
v -8.44595 2.67092 10.0688
v 2.4423 0.960157 3.49832
v 2.4423 1.02546 3.96181
v 2.4423 0.960157 3.96332
v 3.49233 0.960157 3.96332
v 3.49233 1.02394 3.96185
v 3.49233 0.960157 3.49832
v 3.55238 1.06846 3.98998
v 2.38249 1.06857 3.98994
v 2.69599 1.06847 3.99003
v 0.692332 0.960157 -0.83832
v 0.692332 1.02546 -1.30182
v 0.692332 0.960157 -1.30332
v -0.357698 0.960157 -1.30332
v -0.357698 1.02394 -1.30185
v -0.357698 0.960157 -0.83832
v -0.417739 1.06846 -1.32999
v 0.752148 1.06857 -1.32994
v 0.438643 1.06847 -1.33003
v 3.55238 0.96 3.46904
v 2.38226 0.992049 3.47174
v 2.38226 0.96 3.46904
v 2.69599 0.992056 3.47161
v 3.55222 0.992222 3.47166
v 3.49233 1.02394 3.96185
v 2.4423 0.960157 3.96332
v 2.4423 1.02546 3.96181
v 3.49233 0.960157 3.96332
v 3.55238 1.02914 3.99096
v 3.55222 0.992222 3.47166
v 3.55238 0.96 3.46904
v 3.55238 1.06846 3.98998
v 3.55238 1.06846 3.98998
v 2.38226 1.03083 3.99092
v 2.38249 1.06857 3.98994
v 3.55238 1.02914 3.99096
v 2.38226 0.96 3.46904
v 2.38249 1.06857 3.98994
v 2.38226 1.03083 3.99092
v 2.38226 0.992049 3.47174
v 3.55238 1.02914 3.99096
v 2.4423 1.02546 3.96181
v 2.38226 1.03083 3.99092
v 3.49233 1.02394 3.96185
v 2.38226 1.03083 3.99092
v 2.4423 0.960157 3.49832
v 2.38226 0.96 3.46904
v 3.55238 0.96 3.46904
v 3.49233 1.02394 3.96185
v 3.55238 1.02914 3.99096
v 3.49233 0.960157 3.49832
v 3.55238 0.96 3.46904
v 2.38226 0.96 3.46904
v 2.4423 0.960157 3.49832
v 3.49233 0.960157 3.49832
v 2.4423 0.960157 3.96332
v 3.49233 0.960157 3.96332
v 3.4776 1.01876 3.55885
v 2.77242 1.06765 3.88271
v 2.77242 1.01876 3.55885
v 3.47654 1.06773 3.88329
v 2.63266 1.01948 3.56109
v 2.4202 1.0674 3.87783
v 2.42002 1.01948 3.56109
v 2.63266 1.06742 3.87801
v 3.49985 1.00424 3.55258
v 2.77242 1.01876 3.55885
v 2.75018 1.00424 3.55258
v 3.4776 1.01876 3.55885
v 2.75018 1.00424 3.55258
v 2.77242 1.06765 3.88271
v 2.75018 1.05588 3.89688
v 2.77242 1.01876 3.55885
v 2.75018 1.05588 3.89688
v 3.47654 1.06773 3.88329
v 3.49871 1.05597 3.8975
v 2.77242 1.06765 3.88271
v 3.49871 1.05597 3.8975
v 3.4776 1.01876 3.55885
v 3.49985 1.00424 3.55258
v 3.47654 1.06773 3.88329
v 2.64181 1.00424 3.55258
v 2.42002 1.01948 3.56109
v 2.41087 1.00424 3.55258
v 2.63266 1.01948 3.56109
v 2.41087 1.00424 3.55258
v 2.4202 1.0674 3.87783
v 2.41106 1.05585 3.8966
v 2.42002 1.01948 3.56109
v 2.41106 1.05585 3.8966
v 2.63266 1.06742 3.87801
v 2.64181 1.05587 3.89679
v 2.4202 1.0674 3.87783
v 2.64181 1.05587 3.89679
v 2.63266 1.01948 3.56109
v 2.64181 1.00424 3.55258
v 2.63266 1.06742 3.87801
v -0.417743 0.96 -0.809041
v 0.752379 0.992049 -0.811742
v 0.752376 0.96 -0.809041
v 0.438643 0.992056 -0.811612
v -0.417584 0.992222 -0.811663
v -0.357698 1.02394 -1.30185
v 0.692332 0.960157 -1.30332
v 0.692332 1.02546 -1.30182
v -0.357698 0.960157 -1.30332
v -0.417743 1.02914 -1.33096
v -0.417584 0.992222 -0.811663
v -0.417743 0.96 -0.809041
v -0.417739 1.06846 -1.32999
v -0.417739 1.06846 -1.32999
v 0.752376 1.03083 -1.33092
v 0.752148 1.06857 -1.32994
v -0.417743 1.02914 -1.33096
v 0.752376 0.96 -0.809041
v 0.752148 1.06857 -1.32994
v 0.752376 1.03083 -1.33092
v 0.752379 0.992049 -0.811742
v -0.417743 1.02914 -1.33096
v 0.692332 1.02546 -1.30182
v 0.752376 1.03083 -1.33092
v -0.357698 1.02394 -1.30185
v 0.752376 1.03083 -1.33092
v 0.692332 0.960157 -0.83832
v 0.752376 0.96 -0.809041
v -0.417743 0.96 -0.809041
v -0.357698 1.02394 -1.30185
v -0.417743 1.02914 -1.33096
v -0.357698 0.960157 -0.83832
v -0.417743 0.96 -0.809041
v 0.752376 0.96 -0.809041
v 0.692332 0.960157 -0.83832
v -0.357698 0.960157 -0.83832
v 0.692332 0.960157 -1.30332
v -0.357698 0.960157 -1.30332
v -0.342965 1.01876 -0.898851
v 0.362216 1.06765 -1.22272
v 0.362216 1.01876 -0.898851
v -0.341901 1.06773 -1.2233
v 0.50198 1.01948 -0.90109
v 0.7144349 1.0674 -1.21784
v 0.714615 1.01948 -0.90109
v 0.50198 1.06742 -1.21801
v -0.365209 1.00424 -0.8925869
v 0.362216 1.01876 -0.898851
v 0.38446 1.00424 -0.8925869
v -0.342965 1.01876 -0.898851
v 0.38446 1.00424 -0.8925869
v 0.362216 1.06765 -1.22272
v 0.38446 1.05588 -1.23688
v 0.362216 1.01876 -0.898851
v 0.38446 1.05588 -1.23688
v -0.341901 1.06773 -1.2233
v -0.364078 1.05597 -1.2375
v 0.362216 1.06765 -1.22272
v -0.364078 1.05597 -1.2375
v -0.342965 1.01876 -0.898851
v -0.365209 1.00424 -0.8925869
v -0.341901 1.06773 -1.2233
v 0.492826 1.00424 -0.8925869
v 0.714615 1.01948 -0.90109
v 0.72377 1.00424 -0.8925869
v 0.50198 1.01948 -0.90109
v 0.72377 1.00424 -0.8925869
v 0.7144349 1.0674 -1.21784
v 0.723573 1.05585 -1.2366
v 0.714615 1.01948 -0.90109
v 0.723573 1.05585 -1.2366
v 0.50198 1.06742 -1.21801
v 0.492826 1.05587 -1.23679
v 0.7144349 1.0674 -1.21784
v 0.492826 1.05587 -1.23679
v 0.50198 1.01948 -0.90109
v 0.492826 1.00424 -0.8925869
v 0.50198 1.06742 -1.21801
v 2.41087 1.00424 3.55258
v 2.41106 1.05585 3.8966
v 2.38249 1.06857 3.98994
v 2.64181 1.05587 3.89679
v 2.38226 0.992049 3.47174
v 2.69599 0.992056 3.47161
v 2.64181 1.00424 3.55258
v 2.69599 1.06847 3.99003
v 2.75018 1.00424 3.55258
v 3.55222 0.992222 3.47166
v 2.75018 1.05588 3.89688
v 3.49985 1.00424 3.55258
v 3.49871 1.05597 3.8975
v 3.55238 1.06846 3.98998
v 0.72377 1.00424 -0.8925869
v 0.723573 1.05585 -1.2366
v 0.752148 1.06857 -1.32994
v 0.492826 1.05587 -1.23679
v 0.752379 0.992049 -0.811742
v 0.438643 0.992056 -0.811612
v 0.492826 1.00424 -0.8925869
v 0.438643 1.06847 -1.33003
v 0.38446 1.00424 -0.8925869
v -0.417584 0.992222 -0.811663
v 0.38446 1.05588 -1.23688
v -0.365209 1.00424 -0.8925869
v -0.364078 1.05597 -1.2375
v -0.417739 1.06846 -1.32999
v 1.0773 1.27274 -1.03131
v 1.04058 1.26429 -1.05367
v 1.08373 1.26149 -1.03777
v 1.0773 1.27274 -1.03131
v 1.04058 1.27525 -1.04557
v 1.04058 1.26429 -1.05367
v 0.997425 1.24665 -0.953611
v 1.04058 1.25691 -0.941576
v 1.04058 1.24384 -0.937713
v 0.997425 1.24665 -0.953611
v 1.00386 1.25943 -0.955833
v 1.04058 1.25691 -0.941576
v 1.08373 1.24665 -0.953611
v 1.04058 1.25691 -0.941576
v 1.0773 1.25943 -0.955833
v 1.08373 1.24665 -0.953611
v 1.04058 1.24384 -0.937713
v 1.04058 1.25691 -0.941576
v 0.997425 1.26149 -1.03777
v 1.04058 1.27525 -1.04557
v 1.00386 1.27274 -1.03131
v 0.997425 1.26149 -1.03777
v 1.04058 1.26429 -1.05367
v 1.04058 1.27525 -1.04557
v -0.922704 1.27274 -1.07131
v -0.959421 1.26429 -1.09367
v -0.916268 1.26149 -1.07777
v -0.922704 1.27274 -1.07131
v -0.959421 1.27525 -1.08557
v -0.959421 1.26429 -1.09367
v -1.00258 1.24665 -0.99361
v -0.959421 1.25691 -0.981576
v -0.959421 1.24384 -0.977713
v -1.00258 1.24665 -0.99361
v -0.996138 1.25943 -0.995833
v -0.959421 1.25691 -0.981576
v -0.916268 1.24665 -0.99361
v -0.959421 1.25691 -0.981576
v -0.922704 1.25943 -0.995833
v -0.916268 1.24665 -0.99361
v -0.959421 1.24384 -0.977713
v -0.959421 1.25691 -0.981576
v -1.00258 1.26149 -1.07777
v -0.959421 1.27525 -1.08557
v -0.996139 1.27274 -1.07131
v -1.00258 1.26149 -1.07777
v -0.959421 1.26429 -1.09367
v -0.959421 1.27525 -1.08557
v 0.934732 2.03006 4.43239
v 0.934732 1.62567 4.38166
v 0.934732 1.62567 4.43239
v 0.934732 2.03006 4.38166
v 0.934732 1.62567 4.43239
v 0.713168 1.62567 4.38166
v 0.713168 1.62567 4.43239
v 0.934732 1.62567 4.38166
v 0.713168 1.62567 4.43239
v 0.713168 1.62567 4.38166
v 0.713168 2.03006 4.43239
v 0.713168 2.03006 4.38166
v 0.934732 2.03006 4.43239
v 0.713168 2.03006 4.43239
v 0.713168 2.03006 4.38166
v 0.934732 2.03006 4.38166
v 0.739516 1.85475 4.35794
v 0.739516 1.83013 4.35794
v 0.8239499 1.85475 4.35794
v 0.781615 1.83013 4.35794
v 0.8239499 1.83013 4.35794
v 0.866286 1.83013 4.35794
v 0.908733 1.83013 4.35794
v 0.908733 1.85475 4.35794
v 0.739516 1.66346 4.35794
v 0.713168 1.62567 4.38166
v 0.8239499 1.66346 4.35794
v 0.934732 1.62567 4.38166
v 0.908733 1.66346 4.35794
v 0.739516 1.99227 4.35794
v 0.739516 1.85475 4.35794
v 0.73928 1.85475 4.36886
v 0.73928 1.99227 4.36886
v 0.739516 1.99227 4.35794
v 0.73928 1.99227 4.36886
v 0.908621 1.99227 4.36886
v 0.908733 1.99227 4.35794
v 0.908733 1.99227 4.35794
v 0.908621 1.85475 4.36886
v 0.908733 1.85475 4.35794
v 0.908621 1.99227 4.36886
v 0.73928 1.99227 4.36886
v 0.73928 1.85475 4.36886
v 0.908621 1.99227 4.36886
v 0.8239499 1.85475 4.36886
v 0.908621 1.85475 4.36886
v 0.908733 1.99227 4.35794
v 0.934732 1.62567 4.38166
v 0.934732 2.03006 4.38166
v 0.908733 1.85475 4.35794
v 0.908733 1.83013 4.35794
v 0.908733 1.78207 4.35794
v 0.908733 1.73408 4.35794
v 0.908733 1.6865 4.35794
v 0.908733 1.66346 4.35794
v 0.908733 1.99227 4.35794
v 0.934732 2.03006 4.38166
v 0.713168 2.03006 4.38166
v 0.739516 1.99227 4.35794
v 0.739516 1.99227 4.35794
v 0.713168 2.03006 4.38166
v 0.713168 1.62567 4.38166
v 0.739516 1.85475 4.35794
v 0.739516 1.83013 4.35794
v 0.739516 1.78207 4.35794
v 0.739516 1.73408 4.35794
v 0.739516 1.6865 4.35794
v 0.739516 1.66346 4.35794
v 0.908733 1.6865 4.35794
v 0.866286 1.6865 4.35794
v 0.908733 1.66346 4.35794
v 0.8239499 1.66346 4.35794
v 0.8239499 1.6865 4.35794
v 0.781615 1.6865 4.35794
v 0.739516 1.66346 4.35794
v 0.739516 1.6865 4.35794
v 0.908733 1.85475 4.35794
v 0.908621 1.85475 4.36886
v 0.8239499 1.85475 4.35794
v 0.8239499 1.85475 4.36886
v 0.739516 1.85475 4.35794
v 0.73928 1.85475 4.36886
v 0.739516 1.83013 4.35794
v 0.739516 1.80159 4.35794
v 0.769837 1.83013 4.35794
v 0.769837 1.80159 4.35794
v 0.878955 1.80159 4.35794
v 0.878955 1.83013 4.35794
v 0.908733 1.83013 4.35794
v 0.908733 1.80159 4.35794
v 0.908733 1.7604 4.35794
v 0.770109 1.76051 4.35794
v 0.739516 1.7604 4.35794
v 0.739516 1.75682 4.35794
v 0.878841 1.76051 4.35794
v 0.878841 1.7565 4.35794
v 0.908733 1.75682 4.35794
v 0.770109 1.7565 4.35794
v 0.769837 1.71564 4.35794
v 0.739516 1.71564 4.35794
v 0.739516 1.6865 4.35794
v 0.769837 1.6865 4.35794
v 0.908733 1.71564 4.35794
v 0.878955 1.6865 4.35794
v 0.908733 1.6865 4.35794
v 0.878955 1.71564 4.35794
v 0.77038 1.76061 4.3746
v 0.8787259 1.76061 4.3746
v 0.878841 1.76051 4.35794
v 0.770109 1.76051 4.35794
v 0.770109 1.7565 4.35794
v 0.878841 1.7565 4.35794
v 0.8787259 1.75618 4.3746
v 0.77038 1.75618 4.3746
v 0.770109 1.76051 4.35794
v 0.770109 1.7565 4.35794
v 0.77038 1.75618 4.3746
v 0.77038 1.76061 4.3746
v 0.878841 1.7565 4.35794
v 0.878841 1.76051 4.35794
v 0.8787259 1.76061 4.3746
v 0.8787259 1.75618 4.3746
v 0.8787259 1.75618 4.3746
v 0.8787259 1.76061 4.3746
v 0.77038 1.75618 4.3746
v 0.77038 1.76061 4.3746
v 0.955915 1.28178 -1.22746
v 1.12492 1.28178 -1.22746
v 0.955915 1.25795 -1.0923
v 1.12492 1.25795 -1.0923
v 1.00386 1.25943 -0.955833
v 0.981122 1.25407 -0.995691
v 0.98999 1.26608 -0.993572
v 0.997425 1.24665 -0.953611
v 0.955915 1.23755 -0.902043
v 0.9298549 1.20315 -0.869815
v 0.955915 1.24148 -0.9242939
v 0.955915 1.26642 -1.06578
v 0.955915 1.2707 -1.09005
v 0.955915 1.29454 -1.22521
v 0.9298549 1.27323 -1.26726
v 0.9298549 1.20315 -0.869815
v 0.955915 1.23755 -0.902043
v 1.12492 1.23755 -0.902044
v 1.15098 1.20315 -0.8698159
v 1.12492 1.29454 -1.22521
v 1.15098 1.27323 -1.26726
v 1.15098 1.20315 -0.8698159
v 1.12492 1.2707 -1.09005
v 1.12492 1.26642 -1.06578
v 1.12492 1.24148 -0.9242939
v 1.12492 1.23755 -0.902044
v 1.0773 1.25943 -0.955833
v 1.10003 1.25407 -0.995691
v 1.08373 1.24665 -0.953611
v 1.09117 1.26608 -0.993572
v 0.955915 1.23755 -0.902043
v 1.12492 1.24148 -0.9242939
v 1.12492 1.23755 -0.902044
v 0.955915 1.24148 -0.9242939
v 0.9298549 1.21341 -1.27781
v 0.9298549 1.20315 -0.869815
v 0.9298549 1.14333 -0.880364
v 0.9298549 1.27323 -1.26726
v 1.15098 1.20315 -0.8698159
v 0.9298549 1.14333 -0.880364
v 0.9298549 1.20315 -0.869815
v 1.15098 1.14333 -0.880364
v 0.955915 1.26642 -1.06578
v 1.12492 1.2707 -1.09005
v 1.12492 1.26642 -1.06578
v 0.955915 1.2707 -1.09005
v 0.955915 1.25795 -1.0923
v 1.12492 1.2707 -1.09005
v 0.955915 1.2707 -1.09005
v 1.12492 1.25795 -1.0923
v 0.955915 1.25795 -1.0923
v 0.955915 1.29454 -1.22521
v 0.955915 1.28178 -1.22746
v 0.955915 1.2707 -1.09005
v 1.12492 1.29454 -1.22521
v 1.12492 1.25795 -1.0923
v 1.12492 1.28178 -1.22746
v 1.12492 1.2707 -1.09005
v 1.12492 1.28178 -1.22746
v 0.955915 1.29454 -1.22521
v 1.12492 1.29454 -1.22521
v 0.955915 1.28178 -1.22746
v 1.15098 1.27323 -1.26726
v 1.15098 1.14333 -0.880364
v 1.15098 1.20315 -0.8698159
v 1.15098 1.21341 -1.27781
v 1.12492 1.29454 -1.22521
v 0.9298549 1.27323 -1.26726
v 1.15098 1.27323 -1.26726
v 0.955915 1.29454 -1.22521
v 0.9298549 1.27323 -1.26726
v 1.15098 1.21341 -1.27781
v 1.15098 1.27323 -1.26726
v 0.9298549 1.21341 -1.27781
v 1.08373 1.26149 -1.03777
v 1.09117 1.26608 -0.993572
v 1.0773 1.27274 -1.03131
v 1.10003 1.25407 -0.995691
v 1.00386 1.27274 -1.03131
v 0.981122 1.25407 -0.995691
v 0.997425 1.26149 -1.03777
v 0.98999 1.26608 -0.993572
v -1.04409 1.28178 -1.26746
v -0.875083 1.28178 -1.26746
v -1.04409 1.25795 -1.1323
v -0.875083 1.25795 -1.1323
v -0.996138 1.25943 -0.995833
v -1.01888 1.25407 -1.03569
v -1.01001 1.26608 -1.03357
v -1.00258 1.24665 -0.99361
v -1.04409 1.23755 -0.942043
v -1.07014 1.20315 -0.909815
v -1.04409 1.24148 -0.964294
v -1.04409 1.26642 -1.10578
v -1.04409 1.2707 -1.13005
v -1.04409 1.29454 -1.26521
v -1.07014 1.27323 -1.30726
v -1.07014 1.20315 -0.909815
v -1.04409 1.23755 -0.942043
v -0.875083 1.23755 -0.942043
v -0.8490239 1.20315 -0.909815
v -0.875083 1.29454 -1.26521
v -0.8490239 1.27323 -1.30726
v -0.8490239 1.20315 -0.909815
v -0.875083 1.2707 -1.13005
v -0.875083 1.26642 -1.10578
v -0.875083 1.24148 -0.964294
v -0.875083 1.23755 -0.942043
v -0.922704 1.25943 -0.995833
v -0.899965 1.25407 -1.03569
v -0.916268 1.24665 -0.99361
v -0.908833 1.26608 -1.03357
v -1.04409 1.23755 -0.942043
v -0.875083 1.24148 -0.964294
v -0.875083 1.23755 -0.942043
v -1.04409 1.24148 -0.964294
v -1.07014 1.21341 -1.31781
v -1.07014 1.20315 -0.909815
v -1.07014 1.14333 -0.920364
v -1.07014 1.27323 -1.30726
v -0.8490239 1.20315 -0.909815
v -1.07014 1.14333 -0.920364
v -1.07014 1.20315 -0.909815
v -0.8490239 1.14333 -0.920364
v -1.04409 1.26642 -1.10578
v -0.875083 1.2707 -1.13005
v -0.875083 1.26642 -1.10578
v -1.04409 1.2707 -1.13005
v -1.04409 1.25795 -1.1323
v -0.875083 1.2707 -1.13005
v -1.04409 1.2707 -1.13005
v -0.875083 1.25795 -1.1323
v -1.04409 1.25795 -1.1323
v -1.04409 1.29454 -1.26521
v -1.04409 1.28178 -1.26746
v -1.04409 1.2707 -1.13005
v -0.875083 1.29454 -1.26521
v -0.875083 1.25795 -1.1323
v -0.875083 1.28178 -1.26746
v -0.875083 1.2707 -1.13005
v -0.875083 1.28178 -1.26746
v -1.04409 1.29454 -1.26521
v -0.875083 1.29454 -1.26521
v -1.04409 1.28178 -1.26746
v -0.8490239 1.27323 -1.30726
v -0.8490239 1.14333 -0.920364
v -0.8490239 1.20315 -0.909815
v -0.8490239 1.21341 -1.31781
v -0.875083 1.29454 -1.26521
v -1.07014 1.27323 -1.30726
v -0.8490239 1.27323 -1.30726
v -1.04409 1.29454 -1.26521
v -1.07014 1.27323 -1.30726
v -0.8490239 1.21341 -1.31781
v -0.8490239 1.27323 -1.30726
v -1.07014 1.21341 -1.31781
v -0.916268 1.26149 -1.07777
v -0.908833 1.26608 -1.03357
v -0.922704 1.27274 -1.07131
v -0.899965 1.25407 -1.03569
v -0.996139 1.27274 -1.07131
v -1.01888 1.25407 -1.03569
v -1.00258 1.26149 -1.07777
v -1.01001 1.26608 -1.03357
v 0.813179 1.98554 4.82423
v 0.948233 1.60155 4.80377
v 0.9493859 1.61131 4.75401
v 0.812025 1.97578 4.87399
v 0.9493859 1.61131 4.75401
v 1.15679 1.67389 4.82279
v 1.15794 1.68365 4.77303
v 0.948233 1.60155 4.80377
v 1.15794 1.68365 4.77303
v 1.15679 1.67389 4.82279
v 1.02174 2.05788 4.84325
v 1.02058 2.04812 4.89301
v 0.813179 1.98554 4.82423
v 1.02174 2.05788 4.84325
v 1.02058 2.04812 4.89301
v 0.812025 1.97578 4.87399
v 1.05429 1.87272 4.88358
v 1.06258 1.84994 4.87931
v 0.974814 1.84515 4.87633
v 1.02295 1.8362 4.87569
v 0.983104 1.82237 4.87206
v 0.943254 1.80855 4.86842
v 0.903298 1.79469 4.86478
v 0.895008 1.81747 4.86906
v 1.11872 1.6957 4.85036
v 1.15679 1.67389 4.82279
v 1.03924 1.66813 4.84312
v 0.948233 1.60155 4.80377
v 0.959438 1.64045 4.83584
v 1.00797 1.99999 4.90746
v 1.05429 1.87272 4.88358
v 1.05476 1.8749 4.87289
v 1.00844 2.00216 4.89677
v 1.00797 1.99999 4.90746
v 1.00844 2.00216 4.89677
v 0.849041 1.94687 4.88223
v 0.8486869 1.94474 4.89294
v 0.8486869 1.94474 4.89294
v 0.895362 1.81961 4.85835
v 0.895008 1.81747 4.86906
v 0.849041 1.94687 4.88223
v 1.00844 2.00216 4.89677
v 1.05476 1.8749 4.87289
v 0.849041 1.94687 4.88223
v 0.975062 1.84725 4.86562
v 0.895362 1.81961 4.85835
v 0.8486869 1.94474 4.89294
v 0.948233 1.60155 4.80377
v 0.812025 1.97578 4.87399
v 0.895008 1.81747 4.86906
v 0.903298 1.79469 4.86478
v 0.919488 1.75021 4.85643
v 0.93565 1.70581 4.8481
v 0.951678 1.66177 4.83984
v 0.959438 1.64045 4.83584
v 0.8486869 1.94474 4.89294
v 0.812025 1.97578 4.87399
v 1.02058 2.04812 4.89301
v 1.00797 1.99999 4.90746
v 1.00797 1.99999 4.90746
v 1.02058 2.04812 4.89301
v 1.15679 1.67389 4.82279
v 1.05429 1.87272 4.88358
v 1.06258 1.84994 4.87931
v 1.07877 1.80546 4.87096
v 1.09493 1.76106 4.86263
v 1.11096 1.71702 4.85436
v 1.11872 1.6957 4.85036
v 0.951678 1.66177 4.83984
v 0.991634 1.67563 4.84348
v 0.959438 1.64045 4.83584
v 1.03924 1.66813 4.84312
v 1.03148 1.68945 4.84712
v 1.07133 1.70327 4.85075
v 1.11872 1.6957 4.85036
v 1.11096 1.71702 4.85436
v 0.895008 1.81747 4.86906
v 0.895362 1.81961 4.85835
v 0.974814 1.84515 4.87633
v 0.975062 1.84725 4.86562
v 1.05429 1.87272 4.88358
v 1.05476 1.8749 4.87289
v 1.06258 1.84994 4.87931
v 1.0722 1.82352 4.87435
v 1.03404 1.84004 4.8767
v 1.04366 1.81362 4.87175
v 0.940944 1.778 4.86238
v 0.9313279 1.80442 4.86734
v 0.903298 1.79469 4.86478
v 0.912913 1.76827 4.85982
v 0.926784 1.73016 4.85267
v 1.05724 1.77552 4.86459
v 1.08607 1.78541 4.8672
v 1.08727 1.7821 4.86658
v 0.954887 1.74002 4.85526
v 0.956237 1.73631 4.85456
v 0.92799 1.72685 4.85205
v 1.05859 1.77181 4.86389
v 1.0726 1.73409 4.85682
v 1.10114 1.74399 4.85942
v 1.11096 1.71702 4.85436
v 1.08242 1.70712 4.85176
v 0.9418609 1.68874 4.8449
v 0.979709 1.67149 4.8424
v 0.951678 1.66177 4.83984
v 0.969892 1.69846 4.84746
v 1.05732 1.77873 4.84825
v 0.955339 1.74336 4.83895
v 0.954887 1.74002 4.85526
v 1.05724 1.77552 4.86459
v 1.05859 1.77181 4.86389
v 0.956237 1.73631 4.85456
v 0.9568329 1.73925 4.83818
v 1.05882 1.77463 4.84748
v 1.05724 1.77552 4.86459
v 1.05859 1.77181 4.86389
v 1.05882 1.77463 4.84748
v 1.05732 1.77873 4.84825
v 0.956237 1.73631 4.85456
v 0.954887 1.74002 4.85526
v 0.955339 1.74336 4.83895
v 0.9568329 1.73925 4.83818
v 0.9568329 1.73925 4.83818
v 0.955339 1.74336 4.83895
v 1.05882 1.77463 4.84748
v 1.05732 1.77873 4.84825
v 1.0773 1.27274 -1.03131
v 1.04058 1.26608 -0.993572
v 1.04058 1.27525 -1.04557
v 1.09117 1.26608 -0.993572
v 1.00386 1.27274 -1.03131
v 1.0773 1.25943 -0.955833
v 0.98999 1.26608 -0.993572
v 1.04058 1.25691 -0.941576
v 1.00386 1.25943 -0.955833
v 0.955915 1.26642 -1.06578
v 0.997425 1.26149 -1.03777
v 0.981122 1.25407 -0.995691
v 1.04058 1.26429 -1.05367
v 0.955915 1.24148 -0.9242939
v 0.997425 1.24665 -0.953611
v 1.04058 1.24384 -0.937713
v 1.12492 1.26642 -1.06578
v 1.08373 1.26149 -1.03777
v 1.10003 1.25407 -0.995691
v 1.12492 1.24148 -0.9242939
v 1.08373 1.24665 -0.953611
v -0.922704 1.27274 -1.07131
v -0.959421 1.26608 -1.03357
v -0.959421 1.27525 -1.08557
v -0.908833 1.26608 -1.03357
v -0.996139 1.27274 -1.07131
v -0.922704 1.25943 -0.995833
v -1.01001 1.26608 -1.03357
v -0.959421 1.25691 -0.981576
v -0.996138 1.25943 -0.995833
v -1.04409 1.26642 -1.10578
v -1.00258 1.26149 -1.07777
v -1.01888 1.25407 -1.03569
v -0.959421 1.26429 -1.09367
v -1.04409 1.24148 -0.964294
v -1.00258 1.24665 -0.99361
v -0.959421 1.24384 -0.977713
v -0.875083 1.26642 -1.10578
v -0.916268 1.26149 -1.07777
v -0.899965 1.25407 -1.03569
v -0.875083 1.24148 -0.964294
v -0.916268 1.24665 -0.99361
v 0.302802 1.80082 -1.49558
v -0.292449 1.80161 -1.49558
v -0.0971461 1.80142 -1.49558
v -0.160481 1.45238 -1.49558
v 0.170834 1.45238 -1.49558
v 0.302802 1.33866 -1.49558
v -0.332723 1.30576 -1.46646
v 0.343075 1.86827 -1.46646
v 0.343075 1.30576 -1.46646
v -0.332723 1.86827 -1.46646
v -0.380023 1.90769 -1.45365
v 0.390376 1.90769 -1.47386
v 0.390376 1.90769 -1.45365
v -0.380023 1.90769 -1.47386
v -0.380023 1.26602 -1.47386
v 0.390376 1.26602 -1.45365
v 0.390376 1.26602 -1.47386
v -0.380023 1.26602 -1.45365
v 0.390376 1.26602 -1.45365
v 0.390376 1.90769 -1.47386
v 0.390376 1.26602 -1.47386
v 0.390376 1.90769 -1.45365
v -0.380023 1.26602 -1.47386
v -0.380023 1.90769 -1.45365
v -0.380023 1.26602 -1.45365
v -0.380023 1.90769 -1.47386
v -0.338201 1.30092 -1.45365
v 0.343075 1.30576 -1.46646
v 0.348554 1.30092 -1.45365
v -0.332723 1.30576 -1.46646
v 0.348554 1.30092 -1.45365
v 0.343075 1.86827 -1.46646
v 0.348554 1.87283 -1.45365
v 0.343075 1.30576 -1.46646
v 0.348554 1.87283 -1.45365
v -0.332723 1.86827 -1.46646
v -0.338201 1.87283 -1.45365
v 0.343075 1.86827 -1.46646
v -0.332723 1.30576 -1.46646
v -0.338201 1.87283 -1.45365
v -0.332723 1.86827 -1.46646
v -0.338201 1.30092 -1.45365
v -0.380023 1.90769 -1.47386
v 0.302802 1.83471 -1.49558
v 0.390376 1.90769 -1.47386
v -0.292449 1.83471 -1.49558
v 0.302802 1.83471 -1.49558
v 0.390376 1.26602 -1.47386
v 0.390376 1.90769 -1.47386
v 0.302802 1.33866 -1.49558
v 0.302802 1.83471 -1.49558
v 0.302802 1.48874 -1.49558
v 0.302802 1.33866 -1.49558
v 0.302802 1.80082 -1.49558
v 0.390376 1.26602 -1.47386
v -0.292449 1.33866 -1.49558
v -0.380023 1.26602 -1.47386
v 0.302802 1.33866 -1.49558
v -0.380023 1.26602 -1.47386
v -0.292449 1.83471 -1.49558
v -0.380023 1.90769 -1.47386
v -0.292449 1.80161 -1.49558
v -0.292449 1.48729 -1.49558
v -0.292449 1.33866 -1.49558
v -0.422769 1.11977 -1.57806
v 0.433122 1.11983 -1.46932
v 0.433122 1.11977 -1.57806
v -0.422769 1.11983 -1.46932
v 0.170834 1.45238 -1.49558
v 0.170834 1.37106 -1.49558
v 0.302802 1.33866 -1.49558
v -0.160481 1.37106 -1.49558
v -0.292449 1.33866 -1.49558
v -0.160481 1.45238 -1.49558
v 0.302802 1.48874 -1.49558
v -0.292449 1.48729 -1.49558
v 0.107499 1.48838 -1.49558
v -0.0971461 1.48765 -1.49558
v 0.107499 1.80102 -1.49558
v -0.0971461 1.80142 -1.49558
v 0.302802 1.80082 -1.49558
v -0.292449 1.83471 -1.49558
v -0.292449 1.80161 -1.49558
v 0.302802 1.83471 -1.49558
v -0.160481 1.45238 -1.49558
v 0.170834 1.45165 -1.53799
v 0.170834 1.45238 -1.49558
v -0.160481 1.45165 -1.53799
v 0.170834 1.45238 -1.49558
v 0.170834 1.37179 -1.50939
v 0.170834 1.37106 -1.49558
v 0.170834 1.45165 -1.53799
v 0.170834 1.17389 -1.50884
v 0.170834 1.17387 -1.53854
v 0.170834 1.37106 -1.49558
v -0.160481 1.37179 -1.50939
v -0.160481 1.37106 -1.49558
v 0.170834 1.37179 -1.50939
v -0.160481 1.37106 -1.49558
v -0.160481 1.45165 -1.53799
v -0.160481 1.45238 -1.49558
v -0.160481 1.37179 -1.50939
v -0.160481 1.17387 -1.53854
v -0.160481 1.17389 -1.50884
v -0.160481 1.45165 -1.53799
v 0.170834 1.17387 -1.53854
v 0.170834 1.45165 -1.53799
v -0.160481 1.17387 -1.53854
v 0.170834 1.37179 -1.50939
v -0.160481 1.17389 -1.50884
v -0.160481 1.37179 -1.50939
v 0.170834 1.17389 -1.50884
v -0.160481 1.17387 -1.53854
v 0.433122 1.13776 -1.57806
v 0.170834 1.17387 -1.53854
v -0.422769 1.13776 -1.57806
v 0.170834 1.17387 -1.53854
v 0.433122 1.13782 -1.46932
v 0.170834 1.17389 -1.50884
v 0.433122 1.13776 -1.57806
v 0.170834 1.17389 -1.50884
v -0.422769 1.13782 -1.46932
v -0.160481 1.17389 -1.50884
v 0.433122 1.13782 -1.46932
v -0.160481 1.17389 -1.50884
v -0.422769 1.13776 -1.57806
v -0.160481 1.17387 -1.53854
v -0.422769 1.13782 -1.46932
v -0.422769 1.13776 -1.57806
v 0.433122 1.11977 -1.57806
v 0.433122 1.13776 -1.57806
v -0.422769 1.11977 -1.57806
v 0.433122 1.13776 -1.57806
v 0.433122 1.11983 -1.46932
v 0.433122 1.13782 -1.46932
v 0.433122 1.11977 -1.57806
v 0.433122 1.13782 -1.46932
v -0.422769 1.11983 -1.46932
v -0.422769 1.13782 -1.46932
v 0.433122 1.11983 -1.46932
v -0.422769 1.13782 -1.46932
v -0.422769 1.11977 -1.57806
v -0.422769 1.13776 -1.57806
v -0.422769 1.11983 -1.46932
v -0.108604 1.50605 -1.50415
v -0.280991 1.78317 -1.50415
v -0.280991 1.50573 -1.50415
v -0.108604 1.783 -1.50415
v 0.291687 1.50649 -1.50415
v 0.118614 1.78323 -1.50415
v 0.118614 1.50617 -1.50415
v 0.291687 1.78305 -1.50415
v -0.0971461 1.48765 -1.49558
v -0.280991 1.50573 -1.50415
v -0.292449 1.48729 -1.49558
v -0.108604 1.50605 -1.50415
v -0.292449 1.48729 -1.49558
v -0.280991 1.78317 -1.50415
v -0.292449 1.80161 -1.49558
v -0.280991 1.50573 -1.50415
v -0.292449 1.80161 -1.49558
v -0.108604 1.783 -1.50415
v -0.0971461 1.80142 -1.49558
v -0.280991 1.78317 -1.50415
v -0.0971461 1.80142 -1.49558
v -0.108604 1.50605 -1.50415
v -0.0971461 1.48765 -1.49558
v -0.108604 1.783 -1.50415
v 0.302802 1.48874 -1.49558
v 0.118614 1.50617 -1.50415
v 0.107499 1.48838 -1.49558
v 0.291687 1.50649 -1.50415
v 0.107499 1.48838 -1.49558
v 0.118614 1.78323 -1.50415
v 0.107499 1.80102 -1.49558
v 0.118614 1.50617 -1.50415
v 0.107499 1.80102 -1.49558
v 0.291687 1.78305 -1.50415
v 0.302802 1.80082 -1.49558
v 0.118614 1.78323 -1.50415
v 0.302802 1.80082 -1.49558
v 0.291687 1.50649 -1.50415
v 0.302802 1.48874 -1.49558
v 0.291687 1.78305 -1.50415
v -0.380023 1.26602 -1.45365
v 0.348554 1.30092 -1.45365
v 0.390376 1.26602 -1.45365
v -0.338201 1.30092 -1.45365
v 0.348554 1.87283 -1.45365
v -0.380023 1.90769 -1.45365
v 0.390376 1.90769 -1.45365
v -0.338201 1.87283 -1.45365
v 0.776512 2.06059 -1.26571
v 0.766872 2.30619 -1.26014
v 0.797264 2.06831 -1.206
v 0.797264 2.06831 -1.206
v 0.766872 2.30619 -1.26014
v 0.79332 2.08993 -1.14622
v 0.79332 2.08993 -1.14622
v 0.766872 2.30619 -1.26014
v 0.765461 2.12118 -1.09823
v 0.765461 2.12118 -1.09823
v 0.766872 2.30619 -1.26014
v 0.719204 2.15587 -1.07153
v 0.719204 2.15587 -1.07153
v 0.766872 2.30619 -1.26014
v 0.663713 2.18712 -1.07139
v 0.663713 2.18712 -1.07139
v 0.766872 2.30619 -1.26014
v 0.609976 2.20875 -1.09786
v 0.609976 2.20875 -1.09786
v 0.766872 2.30619 -1.26014
v 0.568638 2.21647 -1.14569
v 0.766872 2.30619 -1.26014
v 0.776512 2.06059 -1.26571
v 0.735174 2.06831 -1.31354
v 0.766872 2.30619 -1.26014
v 0.735174 2.06831 -1.31354
v 0.681437 2.08993 -1.34001
v 0.766872 2.30619 -1.26014
v 0.681437 2.08993 -1.34001
v 0.625946 2.12118 -1.33988
v 0.766872 2.30619 -1.26014
v 0.625946 2.12118 -1.33988
v 0.579689 2.15587 -1.31317
v 0.766872 2.30619 -1.26014
v 0.579689 2.15587 -1.31317
v 0.55183 2.18712 -1.26518
v 0.766872 2.30619 -1.26014
v 0.55183 2.18712 -1.26518
v 0.547886 2.20875 -1.20541
v 0.766872 2.30619 -1.26014
v 0.547886 2.20875 -1.20541
v 0.568638 2.21647 -1.14569
v 0.7831179 2.18425 -1.13638
v 0.779909 2.24693 -1.20359
v 0.806141 2.15842 -1.17605
v 0.779909 2.24693 -1.20359
v 0.7905 2.23104 -1.23418
v 0.806141 2.15842 -1.17605
v 0.620454 2.263 -1.17561
v 0.696685 2.28853 -1.21962
v 0.654617 2.25662 -1.13608
v 0.696685 2.28853 -1.21962
v 0.721928 2.28246 -1.19459
v 0.654617 2.25662 -1.13608
v 0.781446 2.22497 -1.26856
v 0.756203 2.23104 -1.29359
v 0.7922509 2.13417 -1.2748
v 0.756203 2.23104 -1.29359
v 0.758087 2.14055 -1.31432
v 0.7922509 2.13417 -1.2748
v 0.687631 2.28246 -1.254
v 0.606563 2.23874 -1.27436
v 0.698222 2.26657 -1.28459
v 0.606563 2.23874 -1.27436
v 0.629587 2.21292 -1.31402
v 0.698222 2.26657 -1.28459
v 0.694638 2.2542 -1.21844
v 0.688281 2.25116 -1.23881
v 0.738982 2.29734 -1.24404
v 0.688281 2.25116 -1.23881
v 0.737432 2.2913 -1.26533
v 0.738982 2.29734 -1.24404
v 0.688281 2.25116 -1.23881
v 0.69173 2.24286 -1.25839
v 0.737432 2.2913 -1.26533
v 0.69173 2.24286 -1.25839
v 0.7040589 2.23152 -1.27195
v 0.737432 2.2913 -1.26533
v 0.7040589 2.23152 -1.27195
v 0.753548 2.27922 -1.27464
v 0.737432 2.2913 -1.26533
v 0.7040589 2.23152 -1.27195
v 0.721967 2.22018 -1.27585
v 0.753548 2.27922 -1.27464
v 0.721967 2.22018 -1.27585
v 0.7406549 2.21188 -1.26904
v 0.753548 2.27922 -1.27464
v 0.7406549 2.21188 -1.26904
v 0.771213 2.27317 -1.26265
v 0.753548 2.27922 -1.27464
v 0.7406549 2.21188 -1.26904
v 0.755115 2.20885 -1.25336
v 0.771213 2.27317 -1.26265
v 0.755115 2.20885 -1.25336
v 0.761471 2.21188 -1.23299
v 0.771213 2.27317 -1.26265
v 0.761471 2.21188 -1.23299
v 0.772763 2.27922 -1.24136
v 0.771213 2.27317 -1.26265
v 0.761471 2.21188 -1.23299
v 0.758022 2.22018 -1.2134
v 0.772763 2.27922 -1.24136
v 0.758022 2.22018 -1.2134
v 0.745692 2.23152 -1.19984
v 0.772763 2.27922 -1.24136
v 0.745692 2.23152 -1.19984
v 0.756647 2.2913 -1.23205
v 0.772763 2.27922 -1.24136
v 0.745692 2.23152 -1.19984
v 0.727785 2.24286 -1.19594
v 0.756647 2.2913 -1.23205
v 0.727785 2.24286 -1.19594
v 0.709097 2.25116 -1.20275
v 0.756647 2.2913 -1.23205
v 0.709097 2.25116 -1.20275
v 0.738982 2.29734 -1.24404
v 0.756647 2.2913 -1.23205
v 0.709097 2.25116 -1.20275
v 0.694638 2.2542 -1.21844
v 0.738982 2.29734 -1.24404
v 0.689572 2.2111 -1.22753
v 0.692751 2.21262 -1.21735
v 0.705239 2.1966 -1.22456
v 0.691297 2.20695 -1.23733
v 0.689572 2.2111 -1.22753
v 0.705239 2.1966 -1.22456
v 0.697462 2.20128 -1.24411
v 0.691297 2.20695 -1.23733
v 0.705239 2.1966 -1.22456
v 0.706416 2.19561 -1.24606
v 0.697462 2.20128 -1.24411
v 0.705239 2.1966 -1.22456
v 0.715759 2.19146 -1.24265
v 0.706416 2.19561 -1.24606
v 0.705239 2.1966 -1.22456
v 0.722989 2.18995 -1.23481
v 0.715759 2.19146 -1.24265
v 0.705239 2.1966 -1.22456
v 0.726167 2.19146 -1.22463
v 0.722989 2.18995 -1.23481
v 0.705239 2.1966 -1.22456
v 0.724443 2.19561 -1.21483
v 0.726167 2.19146 -1.22463
v 0.705239 2.1966 -1.22456
v 0.7182779 2.20128 -1.20805
v 0.724443 2.19561 -1.21483
v 0.705239 2.1966 -1.22456
v 0.709324 2.20695 -1.2061
v 0.7182779 2.20128 -1.20805
v 0.705239 2.1966 -1.22456
v 0.69998 2.2111 -1.20951
v 0.709324 2.20695 -1.2061
v 0.705239 2.1966 -1.22456
v 0.692751 2.21262 -1.21735
v 0.69998 2.2111 -1.20951
v 0.705239 2.1966 -1.22456
v 0.809401 2.14055 -1.22545
v 0.806141 2.15842 -1.17605
v 0.7905 2.23104 -1.23418
v 0.781446 2.22497 -1.26856
v 0.7922509 2.13417 -1.2748
v 0.7905 2.23104 -1.23418
v 0.7922509 2.13417 -1.2748
v 0.809401 2.14055 -1.22545
v 0.7905 2.23104 -1.23418
v 0.654617 2.25662 -1.13608
v 0.721928 2.28246 -1.19459
v 0.699028 2.23874 -1.11421
v 0.606563 2.23874 -1.27436
v 0.687631 2.28246 -1.254
v 0.603303 2.25662 -1.22496
v 0.667816 2.18425 -1.33609
v 0.713676 2.15842 -1.3362
v 0.7244149 2.24693 -1.29971
v 0.713676 2.15842 -1.3362
v 0.756203 2.23104 -1.29359
v 0.7244149 2.24693 -1.29971
v 0.713676 2.15842 -1.3362
v 0.758087 2.14055 -1.31432
v 0.756203 2.23104 -1.29359
v 0.603303 2.25662 -1.22496
v 0.696685 2.28853 -1.21962
v 0.620454 2.263 -1.17561
v 0.696685 2.28853 -1.21962
v 0.603303 2.25662 -1.22496
v 0.687631 2.28246 -1.254
v 0.699028 2.23874 -1.11421
v 0.7537159 2.26657 -1.18847
v 0.744889 2.21292 -1.11431
v 0.7537159 2.26657 -1.18847
v 0.699028 2.23874 -1.11421
v 0.721928 2.28246 -1.19459
v 0.825185 2.36171 -1.32777
v 0.846829 2.3565 -1.30631
v 0.797928 2.37533 -1.33302
v 0.77547 2.39217 -1.32005
v 0.854593 2.36171 -1.27683
v 0.766389 2.4058 -1.29382
v 0.845511 2.37533 -1.2506
v 0.774152 2.411 -1.26435
v 0.8230529 2.39217 -1.23764
v 0.7957969 2.4058 -1.24289
v 0.7244149 2.24693 -1.29971
v 0.756203 2.23104 -1.29359
v 0.797928 2.37533 -1.33302
v 0.825185 2.36171 -1.32777
v 0.698222 2.26657 -1.28459
v 0.7244149 2.24693 -1.29971
v 0.77547 2.39217 -1.32005
v 0.797928 2.37533 -1.33302
v 0.687631 2.28246 -1.254
v 0.698222 2.26657 -1.28459
v 0.766389 2.4058 -1.29382
v 0.77547 2.39217 -1.32005
v 0.696685 2.28853 -1.21962
v 0.687631 2.28246 -1.254
v 0.774152 2.411 -1.26435
v 0.766389 2.4058 -1.29382
v 0.779909 2.24693 -1.20359
v 0.845511 2.37533 -1.2506
v 0.7905 2.23104 -1.23418
v 0.854593 2.36171 -1.27683
v 0.7537159 2.26657 -1.18847
v 0.8230529 2.39217 -1.23764
v 0.779909 2.24693 -1.20359
v 0.845511 2.37533 -1.2506
v 0.721928 2.28246 -1.19459
v 0.7957969 2.4058 -1.24289
v 0.7537159 2.26657 -1.18847
v 0.8230529 2.39217 -1.23764
v 0.696685 2.28853 -1.21962
v 0.774152 2.411 -1.26435
v 0.721928 2.28246 -1.19459
v 0.7957969 2.4058 -1.24289
v 0.756203 2.23104 -1.29359
v 0.781446 2.22497 -1.26856
v 0.825185 2.36171 -1.32777
v 0.846829 2.3565 -1.30631
v 0.7905 2.23104 -1.23418
v 0.854593 2.36171 -1.27683
v 0.781446 2.22497 -1.26856
v 0.846829 2.3565 -1.30631
v 0.809401 2.14055 -1.22545
v 0.7922509 2.13417 -1.2748
v 0.797264 2.06831 -1.206
v 0.776512 2.06059 -1.26571
v 0.806141 2.15842 -1.17605
v 0.809401 2.14055 -1.22545
v 0.79332 2.08993 -1.14622
v 0.797264 2.06831 -1.206
v 0.7831179 2.18425 -1.13638
v 0.806141 2.15842 -1.17605
v 0.765461 2.12118 -1.09823
v 0.79332 2.08993 -1.14622
v 0.744889 2.21292 -1.11431
v 0.7537159 2.26657 -1.18847
v 0.7831179 2.18425 -1.13638
v 0.779909 2.24693 -1.20359
v 0.744889 2.21292 -1.11431
v 0.7831179 2.18425 -1.13638
v 0.719204 2.15587 -1.07153
v 0.765461 2.12118 -1.09823
v 0.699028 2.23874 -1.11421
v 0.744889 2.21292 -1.11431
v 0.663713 2.18712 -1.07139
v 0.719204 2.15587 -1.07153
v 0.654617 2.25662 -1.13608
v 0.699028 2.23874 -1.11421
v 0.609976 2.20875 -1.09786
v 0.663713 2.18712 -1.07139
v 0.606563 2.23874 -1.27436
v 0.603303 2.25662 -1.22496
v 0.55183 2.18712 -1.26518
v 0.547886 2.20875 -1.20541
v 0.603303 2.25662 -1.22496
v 0.620454 2.263 -1.17561
v 0.547886 2.20875 -1.20541
v 0.568638 2.21647 -1.14569
v 0.620454 2.263 -1.17561
v 0.654617 2.25662 -1.13608
v 0.568638 2.21647 -1.14569
v 0.609976 2.20875 -1.09786
v 0.7922509 2.13417 -1.2748
v 0.758087 2.14055 -1.31432
v 0.776512 2.06059 -1.26571
v 0.735174 2.06831 -1.31354
v 0.758087 2.14055 -1.31432
v 0.713676 2.15842 -1.3362
v 0.735174 2.06831 -1.31354
v 0.681437 2.08993 -1.34001
v 0.713676 2.15842 -1.3362
v 0.667816 2.18425 -1.33609
v 0.681437 2.08993 -1.34001
v 0.625946 2.12118 -1.33988
v 0.667816 2.18425 -1.33609
v 0.629587 2.21292 -1.31402
v 0.625946 2.12118 -1.33988
v 0.579689 2.15587 -1.31317
v 0.629587 2.21292 -1.31402
v 0.606563 2.23874 -1.27436
v 0.579689 2.15587 -1.31317
v 0.55183 2.18712 -1.26518
v 0.825064 2.40528 -1.28805
v 0.819024 2.40797 -1.29025
v 0.826178 2.4026 -1.29438
v 0.820139 2.40528 -1.29658
v 0.825064 2.40528 -1.28805
v 0.811126 2.3805 -1.28001
v 0.819024 2.40797 -1.29025
v 0.805087 2.38319 -1.28221
v 0.826178 2.4026 -1.29438
v 0.8122399 2.37782 -1.28634
v 0.825064 2.40528 -1.28805
v 0.811126 2.3805 -1.28001
v 0.819024 2.40797 -1.29025
v 0.805087 2.38319 -1.28221
v 0.820139 2.40528 -1.29658
v 0.806201 2.3805 -1.28854
v 0.820139 2.40528 -1.29658
v 0.806201 2.3805 -1.28854
v 0.826178 2.4026 -1.29438
v 0.8122399 2.37782 -1.28634
v 0.827265 2.2412 -1.29501
v 0.7958329 2.26477 -1.27687
v 0.8210919 2.23588 -1.29878
v 0.78966 2.25945 -1.28064
v 0.827445 2.23588 -1.28778
v 0.796013 2.25945 -1.26963
v 0.827265 2.2412 -1.29501
v 0.7958329 2.26477 -1.27687
v 0.821272 2.23055 -1.29155
v 0.78984 2.25412 -1.2734
v 0.827445 2.23588 -1.28778
v 0.796013 2.25945 -1.26963
v 0.8210919 2.23588 -1.29878
v 0.78966 2.25945 -1.28064
v 0.821272 2.23055 -1.29155
v 0.78984 2.25412 -1.2734
v 0.895674 2.30118 -1.3249
v 0.8755339 2.28598 -1.31327
v 0.8802459 2.31479 -1.31599
v 0.815723 2.25561 -1.27874
v 0.857099 2.25215 -1.30263
v 0.823198 2.22678 -1.28305
v 0.8825859 2.22778 -1.31734
v 0.8852649 2.24723 -1.31889
v 0.887352 2.30118 -1.33931
v 0.871924 2.31479 -1.33041
v 0.867212 2.28598 -1.32769
v 0.8074009 2.25561 -1.29315
v 0.848777 2.25215 -1.31704
v 0.814876 2.22678 -1.29747
v 0.874264 2.22778 -1.33176
v 0.8769429 2.24723 -1.3333
v 0.823198 2.22678 -1.28305
v 0.814876 2.22678 -1.29747
v 0.815723 2.25561 -1.27874
v 0.8074009 2.25561 -1.29315
v 0.8825859 2.22778 -1.31734
v 0.874264 2.22778 -1.33176
v 0.823198 2.22678 -1.28305
v 0.814876 2.22678 -1.29747
v 0.8852649 2.24723 -1.31889
v 0.8769429 2.24723 -1.3333
v 0.8825859 2.22778 -1.31734
v 0.874264 2.22778 -1.33176
v 0.848777 2.25215 -1.31704
v 0.8769429 2.24723 -1.3333
v 0.857099 2.25215 -1.30263
v 0.8852649 2.24723 -1.31889
v 0.887352 2.30118 -1.33931
v 0.867212 2.28598 -1.32769
v 0.895674 2.30118 -1.3249
v 0.8755339 2.28598 -1.31327
v 0.867212 2.28598 -1.32769
v 0.848777 2.25215 -1.31704
v 0.8755339 2.28598 -1.31327
v 0.857099 2.25215 -1.30263
v 0.815723 2.25561 -1.27874
v 0.8074009 2.25561 -1.29315
v 0.8802459 2.31479 -1.31599
v 0.871924 2.31479 -1.33041
v 0.8802459 2.31479 -1.31599
v 0.871924 2.31479 -1.33041
v 0.895674 2.30118 -1.3249
v 0.887352 2.30118 -1.33931
v 0.871254 2.23194 -1.31471
v 0.876761 2.24252 -1.31789
v 1.36128 1.89195 -1.59762
v 1.36678 1.90254 -1.6008
v 1.36185 1.90254 -1.60935
v 0.871823 2.24252 -1.32644
v 1.35634 1.89195 -1.60618
v 0.866317 2.23194 -1.32326
v 1.36678 1.90254 -1.6008
v 0.876761 2.24252 -1.31789
v 1.36185 1.90254 -1.60935
v 0.871823 2.24252 -1.32644
v 0.871254 2.23194 -1.31471
v 1.36128 1.89195 -1.59762
v 0.866317 2.23194 -1.32326
v 1.35634 1.89195 -1.60618
v 0.8733439 2.30096 -1.32732
v 0.867837 2.29038 -1.32414
v 1.37618 1.95208 -1.61763
v 1.37067 1.9415 -1.61445
v 1.37561 1.9415 -1.6059
v 0.872775 2.29038 -1.31559
v 1.38112 1.95208 -1.60908
v 0.878282 2.30096 -1.31876
v 1.37067 1.9415 -1.61445
v 0.867837 2.29038 -1.32414
v 1.37561 1.9415 -1.6059
v 0.872775 2.29038 -1.31559
v 0.8733439 2.30096 -1.32732
v 1.37618 1.95208 -1.61763
v 0.878282 2.30096 -1.31876
v 1.38112 1.95208 -1.60908
v 1.37407 1.86648 -1.62128
v 1.38322 1.86648 -1.60542
v 1.41159 1.91776 -1.64295
v 1.42075 1.91776 -1.62709
v 1.33882 1.90981 -1.57979
v 1.37634 1.96109 -1.60145
v 1.38322 1.86648 -1.60542
v 1.42075 1.91776 -1.62709
v 1.32966 1.90981 -1.59564
v 1.37407 1.86648 -1.62128
v 1.36719 1.96109 -1.61731
v 1.41159 1.91776 -1.64295
v 1.32966 1.90981 -1.59564
v 1.33882 1.90981 -1.57979
v 1.37407 1.86648 -1.62128
v 1.38322 1.86648 -1.60542
v 1.36719 1.96109 -1.61731
v 1.37634 1.96109 -1.60145
v 1.32966 1.90981 -1.59564
v 1.33882 1.90981 -1.57979
v 1.41159 1.91776 -1.64295
v 1.42075 1.91776 -1.62709
v 1.36719 1.96109 -1.61731
v 1.37634 1.96109 -1.60145
v 1.40328 1.92713 -1.62188
v 1.29029 1.28004 -1.55664
v 1.3928 1.92957 -1.61582
v 1.27981 1.28248 -1.55059
v 1.27487 1.28248 -1.55914
v 1.28535 1.28004 -1.56519
v 1.38787 1.92957 -1.62438
v 1.39835 1.92713 -1.63043
v 1.27981 1.28248 -1.55059
v 1.27487 1.28248 -1.55914
v 1.3928 1.92957 -1.61582
v 1.38787 1.92957 -1.62438
v 1.40328 1.92713 -1.62188
v 1.39835 1.92713 -1.63043
v 1.29029 1.28004 -1.55664
v 1.28535 1.28004 -1.56519
v 1.35191 1.92421 -1.60362
v 1.23892 1.27712 -1.53838
v 1.36239 1.92177 -1.60967
v 1.2494 1.27468 -1.54443
v 1.25434 1.27468 -1.53588
v 1.24386 1.27712 -1.52983
v 1.36733 1.92177 -1.60112
v 1.35685 1.92421 -1.59507
v 1.2494 1.27468 -1.54443
v 1.25434 1.27468 -1.53588
v 1.36239 1.92177 -1.60967
v 1.36733 1.92177 -1.60112
v 1.35191 1.92421 -1.60362
v 1.35685 1.92421 -1.59507
v 1.23892 1.27712 -1.53838
v 1.24386 1.27712 -1.52983
v 1.27021 1.22581 -1.53992
v 1.23487 1.22581 -1.51952
v 1.3037 1.28236 -1.55926
v 1.24599 1.36945 -1.52594
v 1.22501 1.35228 -1.51383
v 1.2764 1.2 -1.52187
v 1.26855 1.28236 -1.53897
v 1.33768 1.2 -1.55724
v 1.3037 1.28236 -1.55926
v 1.26084 1.22581 -1.55616
v 1.2255 1.22581 -1.53576
v 1.27021 1.22581 -1.53992
v 1.23487 1.22581 -1.51952
v 1.2255 1.22581 -1.53576
v 1.21563 1.35228 -1.53006
v 1.23487 1.22581 -1.51952
v 1.22501 1.35228 -1.51383
v 1.21563 1.35228 -1.53006
v 1.23662 1.36945 -1.54217
v 1.22501 1.35228 -1.51383
v 1.24599 1.36945 -1.52594
v 1.24829 1.2 -1.57055
v 1.25918 1.28236 -1.5552
v 1.26855 1.28236 -1.53897
v 1.2764 1.2 -1.52187
v 1.30957 1.2 -1.60593
v 1.24829 1.2 -1.57055
v 1.33768 1.2 -1.55724
v 1.2764 1.2 -1.52187
v 1.23662 1.36945 -1.54217
v 1.29433 1.28236 -1.57549
v 1.24599 1.36945 -1.52594
v 1.3037 1.28236 -1.55926
v 1.30957 1.2 -1.60593
v 1.33768 1.2 -1.55724
v 1.29433 1.28236 -1.57549
v 1.3037 1.28236 -1.55926
v 1.2255 1.22581 -1.53576
v 1.26084 1.22581 -1.55616
v 1.29433 1.28236 -1.57549
v 1.23662 1.36945 -1.54217
v 1.21563 1.35228 -1.53006
v 1.24829 1.2 -1.57055
v 1.30957 1.2 -1.60593
v 1.25918 1.28236 -1.5552
v 1.29433 1.28236 -1.57549
v 0.688281 2.25116 -1.23881
v 0.694638 2.2542 -1.21844
v 0.683365 2.23107 -1.23275
v 0.68887 2.2337 -1.21511
v 0.69173 2.24286 -1.25839
v 0.688281 2.25116 -1.23881
v 0.686351 2.22388 -1.24971
v 0.683365 2.23107 -1.23275
v 0.7040589 2.23152 -1.27195
v 0.69173 2.24286 -1.25839
v 0.69703 2.21406 -1.26145
v 0.686351 2.22388 -1.24971
v 0.721967 2.22018 -1.27585
v 0.7040589 2.23152 -1.27195
v 0.712539 2.20424 -1.26483
v 0.69703 2.21406 -1.26145
v 0.7406549 2.21188 -1.26904
v 0.721967 2.22018 -1.27585
v 0.728722 2.19706 -1.25893
v 0.712539 2.20424 -1.26483
v 0.755115 2.20885 -1.25336
v 0.7406549 2.21188 -1.26904
v 0.741245 2.19443 -1.24535
v 0.728722 2.19706 -1.25893
v 0.761471 2.21188 -1.23299
v 0.755115 2.20885 -1.25336
v 0.7467489 2.19706 -1.22771
v 0.741245 2.19443 -1.24535
v 0.758022 2.22018 -1.2134
v 0.761471 2.21188 -1.23299
v 0.743763 2.20424 -1.21075
v 0.7467489 2.19706 -1.22771
v 0.745692 2.23152 -1.19984
v 0.758022 2.22018 -1.2134
v 0.733085 2.21406 -1.199
v 0.743763 2.20424 -1.21075
v 0.727785 2.24286 -1.19594
v 0.745692 2.23152 -1.19984
v 0.717575 2.22388 -1.19563
v 0.733085 2.21406 -1.199
v 0.709097 2.25116 -1.20275
v 0.727785 2.24286 -1.19594
v 0.701392 2.23107 -1.20152
v 0.717575 2.22388 -1.19563
v 0.694638 2.2542 -1.21844
v 0.709097 2.25116 -1.20275
v 0.68887 2.2337 -1.21511
v 0.701392 2.23107 -1.20152
v 0.683365 2.23107 -1.23275
v 0.68887 2.2337 -1.21511
v 0.689572 2.2111 -1.22753
v 0.692751 2.21262 -1.21735
v 0.686351 2.22388 -1.24971
v 0.683365 2.23107 -1.23275
v 0.691297 2.20695 -1.23733
v 0.689572 2.2111 -1.22753
v 0.69703 2.21406 -1.26145
v 0.686351 2.22388 -1.24971
v 0.697462 2.20128 -1.24411
v 0.691297 2.20695 -1.23733
v 0.712539 2.20424 -1.26483
v 0.69703 2.21406 -1.26145
v 0.706416 2.19561 -1.24606
v 0.697462 2.20128 -1.24411
v 0.728722 2.19706 -1.25893
v 0.712539 2.20424 -1.26483
v 0.715759 2.19146 -1.24265
v 0.706416 2.19561 -1.24606
v 0.741245 2.19443 -1.24535
v 0.728722 2.19706 -1.25893
v 0.722989 2.18995 -1.23481
v 0.715759 2.19146 -1.24265
v 0.7467489 2.19706 -1.22771
v 0.741245 2.19443 -1.24535
v 0.726167 2.19146 -1.22463
v 0.722989 2.18995 -1.23481
v 0.743763 2.20424 -1.21075
v 0.7467489 2.19706 -1.22771
v 0.724443 2.19561 -1.21483
v 0.726167 2.19146 -1.22463
v 0.733085 2.21406 -1.199
v 0.743763 2.20424 -1.21075
v 0.7182779 2.20128 -1.20805
v 0.724443 2.19561 -1.21483
v 0.717575 2.22388 -1.19563
v 0.733085 2.21406 -1.199
v 0.709324 2.20695 -1.2061
v 0.7182779 2.20128 -1.20805
v 0.701392 2.23107 -1.20152
v 0.717575 2.22388 -1.19563
v 0.69998 2.2111 -1.20951
v 0.709324 2.20695 -1.2061
v 0.68887 2.2337 -1.21511
v 0.701392 2.23107 -1.20152
v 0.692751 2.21262 -1.21735
v 0.69998 2.2111 -1.20951
v 0.7244149 2.24693 -1.29971
v 0.698222 2.26657 -1.28459
v 0.667816 2.18425 -1.33609
v 0.629587 2.21292 -1.31402
v -10.13 0 10.31
v -10.13 0 -1.83
v 10.27 0 -1.83
v 10.27 0 10.31
v 3.83 0 -1.83
v 3.83 0 -4.75
v 10.39 0 -4.75
v 10.39 0 -1.83
v -10.21 0 -1.83
v -10.21 0 -4.75
v -4.59 0 -4.75
v -4.59 0 -1.83
v -1.33 0 4.41
v -4.77 0 4.41
v -4.77 0 4.73
v -1.33 0 4.73
v -1.33 0 4.73
v -1.33 4.64 4.73
v -1.33 4.64 4.41
v -1.33 0 4.41
v -1.33 0 4.41
v -1.33 4.64 4.41
v -4.77 4.64 4.41
v -4.77 0 4.41
v -4.49 4.08 -1.85
v -4.49 3.28 -1.85
v -4.49 3.28 4.57
v -4.49 4.08 4.57
v -4.67 3.28 4.57
v -4.67 3.28 -1.85
v -4.67 4.08 4.57
v -4.67 4.08 -1.85
v -4.67 3.28 -4.53
v -4.67 4.08 -4.53
v -4.67 3.28 -1.85
v -4.67 3.28 4.57
v -4.49 3.28 4.57
v -4.49 3.28 -1.85
v -4.67 4.08 4.57
v -4.49 4.08 4.57
v -4.49 3.28 4.57
v -4.67 3.28 4.57
v -4.67 4.08 -1.85
v -4.49 4.08 -1.85
v -4.49 3.28 -1.85
v -4.67 3.28 -1.85
v -4.59 0 -1.79
v -4.59 0 -4.53
v 3.83 0 -4.53
v 3.83 0 -1.79
v 3.79 4.48 -4.67
v 3.79 -3.05176E-07 -4.67
v 3.79 -3.05176E-07 -4.35
v 3.79 4.48 -4.35
v -4.51 -3.05176E-07 -4.67
v -4.51 4.48 -4.67
v -4.51 4.48 -4.35
v -4.51 -3.05176E-07 -4.35
v -4.51 -3.05176E-07 -4.67
v -4.51 -3.05176E-07 -4.35
v 3.79 -3.05176E-07 -4.35
v 3.79 -3.05176E-07 -4.67
v -4.51 4.48 -4.35
v 3.79 4.48 -4.35
v 3.79 -3.05176E-07 -4.35
v -4.51 -3.05176E-07 -4.35
v -4.49 4.08 -4.53
v -4.49 3.28 -4.53
v -4.49 3.28 -1.85
v -4.49 4.08 -1.85
v -4.67 3.28 -4.53
v -4.67 3.28 -1.85
v -4.49 3.28 -1.85
v -4.49 3.28 -4.53
v -4.29 3.2 4.44192
v -4.29 3.16 4.44192
v -4.29 3.16 3.80192
v -4.29 3.2 3.80192
v -2.53 3.16 4.44192
v -2.53 3.2 4.44192
v -2.53 3.2 3.80192
v -2.53 3.16 3.80192
v -2.53 3.16 4.44192
v -2.53 3.16 3.80192
v -4.29 3.16 3.80192
v -4.29 3.16 4.44192
v -2.53 3.2 3.80192
v -2.53 3.2 4.44192
v -4.29 3.2 4.44192
v -4.29 3.2 3.80192
v -2.53 3.2 3.80192
v -4.29 3.2 3.80192
v -4.29 3.16 3.80192
v -2.53 3.16 3.80192
v -4.29 3.2 4.44192
v -2.53 3.2 4.44192
v -2.53 3.16 4.44192
v -4.29 3.16 4.44192
v -4.29 2.64 4.44192
v -4.29 2.6 4.44192
v -4.29 2.6 3.80192
v -4.29 2.64 3.80192
v -2.53 2.6 4.44192
v -2.53 2.64 4.44192
v -2.53 2.64 3.80192
v -2.53 2.6 3.80192
v -2.53 2.6 4.44192
v -2.53 2.6 3.80192
v -4.29 2.6 3.80192
v -4.29 2.6 4.44192
v -2.53 2.64 3.80192
v -2.53 2.64 4.44192
v -4.29 2.64 4.44192
v -4.29 2.64 3.80192
v -2.53 2.64 3.80192
v -4.29 2.64 3.80192
v -4.29 2.6 3.80192
v -2.53 2.6 3.80192
v -4.29 2.64 4.44192
v -2.53 2.64 4.44192
v -2.53 2.6 4.44192
v -4.29 2.6 4.44192
v -4.29 2 4.44192
v -4.29 1.96 4.44192
v -4.29 1.96 3.80192
v -4.29 2 3.80192
v -2.53 1.96 4.44192
v -2.53 2 4.44192
v -2.53 2 3.80192
v -2.53 1.96 3.80192
v -2.53 1.96 4.44192
v -2.53 1.96 3.80192
v -4.29 1.96 3.80192
v -4.29 1.96 4.44192
v -2.53 2 3.80192
v -2.53 2 4.44192
v -4.29 2 4.44192
v -4.29 2 3.80192
v -2.53 2 3.80192
v -4.29 2 3.80192
v -4.29 1.96 3.80192
v -2.53 1.96 3.80192
v -4.29 2 4.44192
v -2.53 2 4.44192
v -2.53 1.96 4.44192
v -4.29 1.96 4.44192
v -4.29 1.36 4.44192
v -4.29 1.32 4.44192
v -4.29 1.32 3.80192
v -4.29 1.36 3.80192
v -2.53 1.32 4.44192
v -2.53 1.36 4.44192
v -2.53 1.36 3.80192
v -2.53 1.32 3.80192
v -2.53 1.32 4.44192
v -2.53 1.32 3.80192
v -4.29 1.32 3.80192
v -4.29 1.32 4.44192
v -2.53 1.36 3.80192
v -2.53 1.36 4.44192
v -4.29 1.36 4.44192
v -4.29 1.36 3.80192
v -2.53 1.36 3.80192
v -4.29 1.36 3.80192
v -4.29 1.32 3.80192
v -2.53 1.32 3.80192
v -4.29 1.36 4.44192
v -2.53 1.36 4.44192
v -2.53 1.32 4.44192
v -4.29 1.32 4.44192
v -4.29 0.72 4.44192
v -4.29 0.68 4.44192
v -4.29 0.68 3.80192
v -4.29 0.72 3.80192
v -2.53 0.68 4.44192
v -2.53 0.72 4.44192
v -2.53 0.72 3.80192
v -2.53 0.68 3.80192
v -2.53 0.68 4.44192
v -2.53 0.68 3.80192
v -4.29 0.68 3.80192
v -4.29 0.68 4.44192
v -2.53 0.72 3.80192
v -2.53 0.72 4.44192
v -4.29 0.72 4.44192
v -4.29 0.72 3.80192
v -2.53 0.72 3.80192
v -4.29 0.72 3.80192
v -4.29 0.68 3.80192
v -2.53 0.68 3.80192
v -4.29 0.72 4.44192
v -2.53 0.72 4.44192
v -2.53 0.68 4.44192
v -4.29 0.68 4.44192
v 0.98663 3.2 4.42484
v 0.98663 -6.10352E-07 4.42484
v 0.98663 -6.10352E-07 4.34484
v 0.98663 3.2 4.34484
v 3.66663 -6.10352E-07 4.42484
v 3.66663 3.2 4.42484
v 3.66663 3.2 4.34484
v 3.66663 -6.10352E-07 4.34484
v 3.66663 -6.10352E-07 4.42484
v 3.66663 -6.10352E-07 4.34484
v 0.98663 -6.10352E-07 4.34484
v 0.98663 -6.10352E-07 4.42484
v 3.66663 3.2 4.34484
v 3.66663 3.2 4.42484
v 0.98663 3.2 4.42484
v 0.98663 3.2 4.34484
v 3.66663 3.2 4.34484
v 0.98663 3.2 4.34484
v 0.98663 -6.10352E-07 4.34484
v 3.66663 -6.10352E-07 4.34484
v 0.98663 3.2 4.42484
v 3.66663 3.2 4.42484
v 3.66663 -6.10352E-07 4.42484
v 0.98663 -6.10352E-07 4.42484
v -2.47 3.2 -1.65
v -2.47 3.16 -1.65
v -2.47 3.16 -1.01
v -2.47 3.2 -1.01
v -4.23 3.16 -1.65
v -4.23 3.2 -1.65
v -4.23 3.2 -1.01
v -4.23 3.16 -1.01
v -4.23 3.16 -1.65
v -4.23 3.16 -1.01
v -2.47 3.16 -1.01
v -2.47 3.16 -1.65
v -4.23 3.2 -1.01
v -4.23 3.2 -1.65
v -2.47 3.2 -1.65
v -2.47 3.2 -1.01
v -4.23 3.2 -1.01
v -2.47 3.2 -1.01
v -2.47 3.16 -1.01
v -4.23 3.16 -1.01
v -2.47 3.2 -1.65
v -4.23 3.2 -1.65
v -4.23 3.16 -1.65
v -2.47 3.16 -1.65
v -2.47 2.64 -1.65
v -2.47 2.6 -1.65
v -2.47 2.6 -1.01
v -2.47 2.64 -1.01
v -4.23 2.6 -1.65
v -4.23 2.64 -1.65
v -4.23 2.64 -1.01
v -4.23 2.6 -1.01
v -4.23 2.6 -1.65
v -4.23 2.6 -1.01
v -2.47 2.6 -1.01
v -2.47 2.6 -1.65
v -4.23 2.64 -1.01
v -4.23 2.64 -1.65
v -2.47 2.64 -1.65
v -2.47 2.64 -1.01
v -4.23 2.64 -1.01
v -2.47 2.64 -1.01
v -2.47 2.6 -1.01
v -4.23 2.6 -1.01
v -2.47 2.64 -1.65
v -4.23 2.64 -1.65
v -4.23 2.6 -1.65
v -2.47 2.6 -1.65
v -2.47 2 -1.65
v -2.47 1.96 -1.65
v -2.47 1.96 -1.01
v -2.47 2 -1.01
v -4.23 1.96 -1.65
v -4.23 2 -1.65
v -4.23 2 -1.01
v -4.23 1.96 -1.01
v -4.23 1.96 -1.65
v -4.23 1.96 -1.01
v -2.47 1.96 -1.01
v -2.47 1.96 -1.65
v -4.23 2 -1.01
v -4.23 2 -1.65
v -2.47 2 -1.65
v -2.47 2 -1.01
v -4.23 2 -1.01
v -2.47 2 -1.01
v -2.47 1.96 -1.01
v -4.23 1.96 -1.01
v -2.47 2 -1.65
v -4.23 2 -1.65
v -4.23 1.96 -1.65
v -2.47 1.96 -1.65
v -2.47 1.36 -1.65
v -2.47 1.32 -1.65
v -2.47 1.32 -1.01
v -2.47 1.36 -1.01
v -4.23 1.32 -1.65
v -4.23 1.36 -1.65
v -4.23 1.36 -1.01
v -4.23 1.32 -1.01
v -4.23 1.32 -1.65
v -4.23 1.32 -1.01
v -2.47 1.32 -1.01
v -2.47 1.32 -1.65
v -4.23 1.36 -1.01
v -4.23 1.36 -1.65
v -2.47 1.36 -1.65
v -2.47 1.36 -1.01
v -4.23 1.36 -1.01
v -2.47 1.36 -1.01
v -2.47 1.32 -1.01
v -4.23 1.32 -1.01
v -2.47 1.36 -1.65
v -4.23 1.36 -1.65
v -4.23 1.32 -1.65
v -2.47 1.32 -1.65
v -2.47 0.72 -1.65
v -2.47 0.68 -1.65
v -2.47 0.68 -1.01
v -2.47 0.72 -1.01
v -4.23 0.68 -1.65
v -4.23 0.72 -1.65
v -4.23 0.72 -1.01
v -4.23 0.68 -1.01
v -4.23 0.68 -1.65
v -4.23 0.68 -1.01
v -2.47 0.68 -1.01
v -2.47 0.68 -1.65
v -4.23 0.72 -1.01
v -4.23 0.72 -1.65
v -2.47 0.72 -1.65
v -2.47 0.72 -1.01
v -4.23 0.72 -1.01
v -2.47 0.72 -1.01
v -2.47 0.68 -1.01
v -4.23 0.68 -1.01
v -2.47 0.72 -1.65
v -4.23 0.72 -1.65
v -4.23 0.68 -1.65
v -2.47 0.68 -1.65
v -1.91893 4.02 -4.00766
v -1.91893 4.06 -4.00766
v -1.95028 4.06 -4.00766
v -1.95028 4.02 -4.00766
v -1.91893 4.06 -2.24338
v -1.91893 4.02 -2.24338
v -1.95028 4.02 -2.24338
v -1.95028 4.06 -2.24338
v -1.95028 4.02 -2.24338
v -1.91893 4.02 -2.24338
v -1.91893 4.02 -4.00766
v -1.95028 4.02 -4.00766
v -1.95028 4.02 -2.24338
v -1.95028 4.02 -4.00766
v -1.95028 4.06 -4.00766
v -1.95028 4.06 -2.24338
v -1.91893 4.02 -4.00766
v -1.91893 4.02 -2.24338
v -1.91893 4.06 -2.24338
v -1.91893 4.06 -4.00766
v -1.66814 4.02 -4.00766
v -1.66814 4.06 -4.00767
v -1.69949 4.06 -4.00767
v -1.69949 4.02 -4.00767
v -1.66814 4.06 -2.24338
v -1.66814 4.02 -2.24338
v -1.69949 4.02 -2.24338
v -1.69949 4.06 -2.24338
v -1.69949 4.02 -2.24338
v -1.66814 4.02 -2.24338
v -1.66814 4.02 -4.00766
v -1.69949 4.02 -4.00767
v -1.69949 4.02 -2.24338
v -1.69949 4.02 -4.00767
v -1.69949 4.06 -4.00767
v -1.69949 4.06 -2.24338
v -1.66814 4.02 -4.00766
v -1.66814 4.02 -2.24338
v -1.66814 4.06 -2.24338
v -1.66814 4.06 -4.00767
v -1.41735 4.02 -4.00766
v -1.41735 4.06 -4.00766
v -1.4487 4.06 -4.00766
v -1.4487 4.02 -4.00766
v -1.41735 4.06 -2.24338
v -1.41735 4.02 -2.24338
v -1.4487 4.02 -2.24338
v -1.4487 4.06 -2.24338
v -1.4487 4.02 -2.24338
v -1.41735 4.02 -2.24338
v -1.41735 4.02 -4.00766
v -1.4487 4.02 -4.00766
v -1.4487 4.02 -2.24338
v -1.4487 4.02 -4.00766
v -1.4487 4.06 -4.00766
v -1.4487 4.06 -2.24338
v -1.41735 4.02 -4.00766
v -1.41735 4.02 -2.24338
v -1.41735 4.06 -2.24338
v -1.41735 4.06 -4.00766
v -1.16657 4.02 -4.00766
v -1.16657 4.06 -4.00766
v -1.19791 4.06 -4.00766
v -1.19791 4.02 -4.00766
v -1.16657 4.06 -2.24338
v -1.16657 4.02 -2.24338
v -1.19791 4.02 -2.24338
v -1.19791 4.06 -2.24338
v -1.19791 4.02 -2.24338
v -1.16657 4.02 -2.24338
v -1.16657 4.02 -4.00766
v -1.19791 4.02 -4.00766
v -1.19791 4.02 -2.24338
v -1.19791 4.02 -4.00766
v -1.19791 4.06 -4.00766
v -1.19791 4.06 -2.24338
v -1.16657 4.02 -4.00766
v -1.16657 4.02 -2.24338
v -1.16657 4.06 -2.24338
v -1.16657 4.06 -4.00766
v -0.915776 4.02 -4.00766
v -0.915776 4.06 -4.00766
v -0.947124 4.06 -4.00766
v -0.947124 4.02 -4.00766
v -0.915777 4.06 -2.24338
v -0.915776 4.02 -2.24338
v -0.947125 4.02 -2.24338
v -0.947124 4.06 -2.24338
v -0.947125 4.02 -2.24338
v -0.915776 4.02 -2.24338
v -0.915776 4.02 -4.00766
v -0.947124 4.02 -4.00766
v -0.947125 4.02 -2.24338
v -0.947124 4.02 -4.00766
v -0.947124 4.06 -4.00766
v -0.947124 4.06 -2.24338
v -0.915776 4.02 -4.00766
v -0.915776 4.02 -2.24338
v -0.915777 4.06 -2.24338
v -0.915776 4.06 -4.00766
v -0.664988 4.02 -4.00766
v -0.664988 4.06 -4.00766
v -0.696336 4.06 -4.00766
v -0.696336 4.02 -4.00766
v -0.664987 4.06 -2.24338
v -0.664987 4.02 -2.24338
v -0.696336 4.02 -2.24338
v -0.696336 4.06 -2.24338
v -0.696336 4.02 -2.24338
v -0.664987 4.02 -2.24338
v -0.664988 4.02 -4.00766
v -0.696336 4.02 -4.00766
v -0.696336 4.02 -2.24338
v -0.696336 4.02 -4.00766
v -0.696336 4.06 -4.00766
v -0.696336 4.06 -2.24338
v -0.664988 4.02 -4.00766
v -0.664987 4.02 -2.24338
v -0.664987 4.06 -2.24338
v -0.664988 4.06 -4.00766
v -0.4142 4.02 -4.00766
v -0.414199 4.06 -4.00767
v -0.445548 4.06 -4.00766
v -0.445548 4.02 -4.00766
v -0.4142 4.06 -2.24338
v -0.4142 4.02 -2.24338
v -0.445548 4.02 -2.24338
v -0.445547 4.06 -2.24338
v -0.445548 4.02 -2.24338
v -0.4142 4.02 -2.24338
v -0.4142 4.02 -4.00766
v -0.445548 4.02 -4.00766
v -0.445548 4.02 -2.24338
v -0.445548 4.02 -4.00766
v -0.445548 4.06 -4.00766
v -0.445547 4.06 -2.24338
v -0.4142 4.02 -4.00766
v -0.4142 4.02 -2.24338
v -0.4142 4.06 -2.24338
v -0.414199 4.06 -4.00767
v -0.367176 4.04 -3.92284
v -0.367176 4.06 -3.92284
v -0.367178 4.06 -3.95677
v -0.367178 4.04 -3.95677
v -1.9973 4.06 -3.92285
v -1.9973 4.04 -3.92285
v -1.9973 4.04 -3.95677
v -1.9973 4.06 -3.95677
v -1.9973 4.04 -3.95677
v -1.9973 4.04 -3.92285
v -0.367176 4.04 -3.92284
v -0.367178 4.04 -3.95677
v -1.9973 4.04 -3.95677
v -0.367178 4.04 -3.95677
v -0.367178 4.06 -3.95677
v -1.9973 4.06 -3.95677
v -0.367176 4.04 -3.92284
v -1.9973 4.04 -3.92285
v -1.9973 4.06 -3.92285
v -0.367176 4.06 -3.92284
v -0.367176 4.04 -3.65141
v -0.367176 4.06 -3.65141
v -0.367179 4.06 -3.68534
v -0.367178 4.04 -3.68534
v -1.9973 4.06 -3.65141
v -1.9973 4.04 -3.65142
v -1.9973 4.04 -3.68534
v -1.9973 4.06 -3.68534
v -1.9973 4.04 -3.68534
v -1.9973 4.04 -3.65142
v -0.367176 4.04 -3.65141
v -0.367178 4.04 -3.68534
v -1.9973 4.04 -3.68534
v -0.367178 4.04 -3.68534
v -0.367179 4.06 -3.68534
v -1.9973 4.06 -3.68534
v -0.367176 4.04 -3.65141
v -1.9973 4.04 -3.65142
v -1.9973 4.06 -3.65141
v -0.367176 4.06 -3.65141
v -0.367177 4.04 -3.37999
v -0.367176 4.06 -3.37999
v -0.367178 4.06 -3.41391
v -0.367177 4.04 -3.41392
v -1.9973 4.06 -3.37999
v -1.9973 4.04 -3.37999
v -1.9973 4.04 -3.41391
v -1.9973 4.06 -3.41391
v -1.9973 4.04 -3.41391
v -1.9973 4.04 -3.37999
v -0.367177 4.04 -3.37999
v -0.367177 4.04 -3.41392
v -1.9973 4.04 -3.41391
v -0.367177 4.04 -3.41392
v -0.367178 4.06 -3.41391
v -1.9973 4.06 -3.41391
v -0.367177 4.04 -3.37999
v -1.9973 4.04 -3.37999
v -1.9973 4.06 -3.37999
v -0.367176 4.06 -3.37999
v -0.367177 4.04 -3.10856
v -0.367177 4.06 -3.10856
v -0.367179 4.06 -3.14248
v -0.367178 4.04 -3.14249
v -1.9973 4.06 -3.10856
v -1.9973 4.04 -3.10856
v -1.9973 4.04 -3.14248
v -1.9973 4.06 -3.14248
v -1.9973 4.04 -3.14248
v -1.9973 4.04 -3.10856
v -0.367177 4.04 -3.10856
v -0.367178 4.04 -3.14249
v -1.9973 4.04 -3.14248
v -0.367178 4.04 -3.14249
v -0.367179 4.06 -3.14248
v -1.9973 4.06 -3.14248
v -0.367177 4.04 -3.10856
v -1.9973 4.04 -3.10856
v -1.9973 4.06 -3.10856
v -0.367177 4.06 -3.10856
v -0.367175 4.04 -2.83713
v -0.367174 4.06 -2.83713
v -0.367177 4.06 -2.87106
v -0.367176 4.04 -2.87106
v -1.9973 4.06 -2.83713
v -1.9973 4.04 -2.83714
v -1.9973 4.04 -2.87106
v -1.9973 4.06 -2.87106
v -1.9973 4.04 -2.87106
v -1.9973 4.04 -2.83714
v -0.367175 4.04 -2.83713
v -0.367176 4.04 -2.87106
v -1.9973 4.04 -2.87106
v -0.367176 4.04 -2.87106
v -0.367177 4.06 -2.87106
v -1.9973 4.06 -2.87106
v -0.367175 4.04 -2.83713
v -1.9973 4.04 -2.83714
v -1.9973 4.06 -2.83713
v -0.367174 4.06 -2.83713
v -0.367176 4.04 -2.5657
v -0.367175 4.06 -2.5657
v -0.367178 4.06 -2.59963
v -0.367177 4.04 -2.59963
v -1.9973 4.06 -2.5657
v -1.9973 4.04 -2.5657
v -1.9973 4.04 -2.59963
v -1.9973 4.06 -2.59963
v -1.9973 4.04 -2.59963
v -1.9973 4.04 -2.5657
v -0.367176 4.04 -2.5657
v -0.367177 4.04 -2.59963
v -1.9973 4.04 -2.59963
v -0.367177 4.04 -2.59963
v -0.367178 4.06 -2.59963
v -1.9973 4.06 -2.59963
v -0.367176 4.04 -2.5657
v -1.9973 4.04 -2.5657
v -1.9973 4.06 -2.5657
v -0.367175 4.06 -2.5657
v -0.367176 4.04 -2.29427
v -0.367175 4.06 -2.29427
v -0.367178 4.06 -2.3282
v -0.367177 4.04 -2.3282
v -1.9973 4.06 -2.29427
v -1.9973 4.04 -2.29427
v -1.9973 4.04 -2.3282
v -1.9973 4.06 -2.3282
v -1.9973 4.04 -2.3282
v -1.9973 4.04 -2.29427
v -0.367176 4.04 -2.29427
v -0.367177 4.04 -2.3282
v -1.9973 4.04 -2.3282
v -0.367177 4.04 -2.3282
v -0.367178 4.06 -2.3282
v -1.9973 4.06 -2.3282
v -0.367176 4.04 -2.29427
v -1.9973 4.04 -2.29427
v -1.9973 4.06 -2.29427
v -0.367175 4.06 -2.29427
v -0.367176 4.04 -3.78713
v -0.367176 4.06 -3.78713
v -0.367177 4.06 -3.82106
v -0.367176 4.04 -3.82106
v -1.9973 4.06 -3.78713
v -1.9973 4.04 -3.78713
v -1.9973 4.04 -3.82106
v -1.9973 4.06 -3.82106
v -1.9973 4.04 -3.82106
v -1.9973 4.04 -3.78713
v -0.367176 4.04 -3.78713
v -0.367176 4.04 -3.82106
v -1.9973 4.04 -3.82106
v -0.367176 4.04 -3.82106
v -0.367177 4.06 -3.82106
v -1.9973 4.06 -3.82106
v -0.367176 4.04 -3.78713
v -1.9973 4.04 -3.78713
v -1.9973 4.06 -3.78713
v -0.367176 4.06 -3.78713
v -0.367177 4.04 -3.5157
v -0.367176 4.06 -3.5157
v -0.367179 4.06 -3.54963
v -0.367178 4.04 -3.54963
v -1.9973 4.06 -3.5157
v -1.9973 4.04 -3.5157
v -1.9973 4.04 -3.54963
v -1.9973 4.06 -3.54963
v -1.9973 4.04 -3.54963
v -1.9973 4.04 -3.5157
v -0.367177 4.04 -3.5157
v -0.367178 4.04 -3.54963
v -1.9973 4.04 -3.54963
v -0.367178 4.04 -3.54963
v -0.367179 4.06 -3.54963
v -1.9973 4.06 -3.54963
v -0.367177 4.04 -3.5157
v -1.9973 4.04 -3.5157
v -1.9973 4.06 -3.5157
v -0.367176 4.06 -3.5157
v -0.367176 4.04 -3.24427
v -0.367175 4.06 -3.24427
v -0.367178 4.06 -3.2782
v -0.367177 4.04 -3.2782
v -1.9973 4.06 -3.24427
v -1.9973 4.04 -3.24427
v -1.9973 4.04 -3.2782
v -1.9973 4.06 -3.2782
v -1.9973 4.04 -3.2782
v -1.9973 4.04 -3.24427
v -0.367176 4.04 -3.24427
v -0.367177 4.04 -3.2782
v -1.9973 4.04 -3.2782
v -0.367177 4.04 -3.2782
v -0.367178 4.06 -3.2782
v -1.9973 4.06 -3.2782
v -0.367176 4.04 -3.24427
v -1.9973 4.04 -3.24427
v -1.9973 4.06 -3.24427
v -0.367175 4.06 -3.24427
v -0.367177 4.04 -2.97284
v -0.367177 4.06 -2.97284
v -0.367179 4.06 -3.00677
v -0.367178 4.04 -3.00677
v -1.9973 4.06 -2.97284
v -1.9973 4.04 -2.97284
v -1.9973 4.04 -3.00677
v -1.9973 4.06 -3.00677
v -1.9973 4.04 -3.00677
v -1.9973 4.04 -2.97284
v -0.367177 4.04 -2.97284
v -0.367178 4.04 -3.00677
v -1.9973 4.04 -3.00677
v -0.367178 4.04 -3.00677
v -0.367179 4.06 -3.00677
v -1.9973 4.06 -3.00677
v -0.367177 4.04 -2.97284
v -1.9973 4.04 -2.97284
v -1.9973 4.06 -2.97284
v -0.367177 4.06 -2.97284
v -0.367177 4.04 -2.70142
v -0.367176 4.06 -2.70142
v -0.367178 4.06 -2.73534
v -0.367177 4.04 -2.73534
v -1.9973 4.06 -2.70142
v -1.9973 4.04 -2.70142
v -1.9973 4.04 -2.73534
v -1.9973 4.06 -2.73534
v -1.9973 4.04 -2.73534
v -1.9973 4.04 -2.70142
v -0.367177 4.04 -2.70142
v -0.367177 4.04 -2.73534
v -1.9973 4.04 -2.73534
v -0.367177 4.04 -2.73534
v -0.367178 4.06 -2.73534
v -1.9973 4.06 -2.73534
v -0.367177 4.04 -2.70142
v -1.9973 4.04 -2.70142
v -1.9973 4.06 -2.70142
v -0.367176 4.06 -2.70142
v -0.367177 4.04 -2.42999
v -0.367177 4.06 -2.42999
v -0.367179 4.06 -2.46391
v -0.367178 4.04 -2.46391
v -1.9973 4.06 -2.42999
v -1.9973 4.04 -2.42999
v -1.9973 4.04 -2.46391
v -1.9973 4.06 -2.46391
v -1.9973 4.04 -2.46391
v -1.9973 4.04 -2.42999
v -0.367177 4.04 -2.42999
v -0.367178 4.04 -2.46391
v -1.9973 4.04 -2.46391
v -0.367178 4.04 -2.46391
v -0.367179 4.06 -2.46391
v -1.9973 4.06 -2.46391
v -0.367177 4.04 -2.42999
v -1.9973 4.04 -2.42999
v -1.9973 4.06 -2.42999
v -0.367177 4.06 -2.42999
v -2.06 4.08 -2.17552
v -0.30448 4.08 -2.17552
v -0.30448 4 -2.17552
v -2.06 4 -2.17552
v -0.304481 4.08 -2.24338
v -0.30448 4.08 -2.17552
v -2.06 4.08 -2.17552
v -2.06 4.08 -2.24338
v -1.9973 4.08 -2.24338
v -1.9973 4.08 -4.00766
v -2.06 4.08 -4.00766
v -2.06 4.08 -4.07552
v -0.304479 4.08 -4.00766
v -0.30448 4.08 -4.07552
v -2.06 4 -2.24338
v -2.06 4 -2.17552
v -0.30448 4 -2.17552
v -0.30448 4 -2.24338
v -0.367177 4 -2.24338
v -0.304479 4 -4.00766
v -0.367178 4 -4.00766
v -2.06 4 -4.00766
v -1.9973 4 -2.24338
v -1.9973 4 -4.00766
v -0.304479 4 -4.07552
v -2.06 4 -4.07552
v -0.30448 4 -2.17552
v -0.30448 4.08 -2.17552
v -0.304481 4.08 -2.24338
v -0.30448 4 -2.24338
v -0.30448 4.08 -2.24338
v -0.304479 4 -4.00766
v -0.30448 4.08 -4.00766
v -0.304479 4.08 -4.00766
v -0.304479 4 -4.07552
v -0.30448 4.08 -4.07552
v -2.06 4 -2.17552
v -2.06 4 -2.24338
v -2.06 4.08 -2.17552
v -2.06 4.08 -2.24338
v -2.06 4.08 -4.00766
v -2.06 4 -4.00766
v -2.06 4 -4.07552
v -2.06 4.08 -4.07552
v -2.06 4.08 -2.24338
v -2.06 4 -2.24338
v -0.30448 4 -2.24338
v -0.304481 4.08 -2.24338
v -0.304479 4 -4.07552
v -0.30448 4.08 -4.07552
v -2.06 4.08 -4.07552
v -2.06 4 -4.07552
v -0.304479 4.08 -4.00766
v -0.304479 4 -4.00766
v -2.06 4 -4.00766
v -2.06 4.08 -4.00766
v -0.30448 4.08 -4.00766
v -0.30448 4.08 -2.24338
v -0.367177 4.08 -2.24338
v -0.367178 4.08 -4.00766
v -0.367177 4 -2.24338
v -0.367177 4.08 -2.24338
v -0.30448 4.08 -2.24338
v -0.30448 4 -2.24338
v -0.367178 4 -4.00766
v -0.304479 4 -4.00766
v -0.30448 4.08 -4.00766
v -0.367178 4.08 -4.00766
v -0.367177 4.08 -2.24338
v -0.367177 4 -2.24338
v -0.367178 4 -4.00766
v -0.367178 4.08 -4.00766
v -2.06 4 -2.24338
v -2.06 4.08 -2.24338
v -1.9973 4.08 -2.24338
v -1.9973 4 -2.24338
v -2.06 4.08 -4.00766
v -2.06 4 -4.00766
v -1.9973 4 -4.00766
v -1.9973 4.08 -4.00766
v -1.9973 4.08 -4.00766
v -1.9973 4 -4.00766
v -1.9973 4 -2.24338
v -1.9973 4.08 -2.24338
v -2.53 3.24 4.44192
v -2.53 0.000566711 4.44192
v -2.53 0.000566711 3.80192
v -2.53 3.24 3.80192
v -2.49 0.000566711 4.44192
v -2.49 3.24 4.44192
v -2.49 3.24 3.80192
v -2.49 0.000566711 3.80192
v -2.49 0.000566711 4.44192
v -2.49 0.000566711 3.80192
v -2.53 0.000566711 3.80192
v -2.53 0.000566711 4.44192
v -2.49 3.24 3.80192
v -2.49 3.24 4.44192
v -2.53 3.24 4.44192
v -2.53 3.24 3.80192
v -2.49 3.24 3.80192
v -2.53 3.24 3.80192
v -2.53 0.000566711 3.80192
v -2.49 0.000566711 3.80192
v -2.53 3.24 4.44192
v -2.49 3.24 4.44192
v -2.49 0.000566711 4.44192
v -2.53 0.000566711 4.44192
v -4.33 3.24 4.44192
v -4.33 0.000566711 4.44192
v -4.33 0.000566711 3.80192
v -4.33 3.24 3.80192
v -4.29 0.000566711 4.44192
v -4.29 3.24 4.44192
v -4.29 3.24 3.80192
v -4.29 0.000566711 3.80192
v -4.29 0.000566711 4.44192
v -4.29 0.000566711 3.80192
v -4.33 0.000566711 3.80192
v -4.33 0.000566711 4.44192
v -4.29 3.24 3.80192
v -4.29 3.24 4.44192
v -4.33 3.24 4.44192
v -4.33 3.24 3.80192
v -4.29 3.24 3.80192
v -4.33 3.24 3.80192
v -4.33 0.000566711 3.80192
v -4.29 0.000566711 3.80192
v -4.33 3.24 4.44192
v -4.29 3.24 4.44192
v -4.29 0.000566711 4.44192
v -4.33 0.000566711 4.44192
v -4.23 3.24 -1.65
v -4.23 0.000566711 -1.65
v -4.23 0.000566711 -1.01
v -4.23 3.24 -1.01
v -4.27 0.000566711 -1.65
v -4.27 3.24 -1.65
v -4.27 3.24 -1.01
v -4.27 0.000566711 -1.01
v -4.27 0.000566711 -1.65
v -4.27 0.000566711 -1.01
v -4.23 0.000566711 -1.01
v -4.23 0.000566711 -1.65
v -4.27 3.24 -1.01
v -4.27 3.24 -1.65
v -4.23 3.24 -1.65
v -4.23 3.24 -1.01
v -4.27 3.24 -1.01
v -4.23 3.24 -1.01
v -4.23 0.000566711 -1.01
v -4.27 0.000566711 -1.01
v -4.23 3.24 -1.65
v -4.27 3.24 -1.65
v -4.27 0.000566711 -1.65
v -4.23 0.000566711 -1.65
v -2.43 3.24 -1.65
v -2.43 0.000566711 -1.65
v -2.43 0.000566711 -1.01
v -2.43 3.24 -1.01
v -2.47 0.000566711 -1.65
v -2.47 3.24 -1.65
v -2.47 3.24 -1.01
v -2.47 0.000566711 -1.01
v -2.47 0.000566711 -1.65
v -2.47 0.000566711 -1.01
v -2.43 0.000566711 -1.01
v -2.43 0.000566711 -1.65
v -2.47 3.24 -1.01
v -2.47 3.24 -1.65
v -2.43 3.24 -1.65
v -2.43 3.24 -1.01
v -2.47 3.24 -1.01
v -2.43 3.24 -1.01
v -2.43 0.000566711 -1.01
v -2.47 0.000566711 -1.01
v -2.43 3.24 -1.65
v -2.47 3.24 -1.65
v -2.47 0.000566711 -1.65
v -2.43 0.000566711 -1.65
v -3.60846 2.08 3.77
v -2.97819 2.08 3.88114
v -3.06154 2.08 4.35384
v -3.69181 2.08 4.24271
v -3.69181 1.995 4.24271
v -3.69181 2.08 4.24271
v -3.06154 2.08 4.35384
v -3.06154 1.995 4.35384
v -3.575 2.16 3.82192
v -2.935 2.16 3.82192
v -2.935 2.16 4.30192
v -3.575 2.16 4.30192
v -3.575 2.075 4.30192
v -3.575 2.16 4.30192
v -2.935 2.16 4.30192
v -2.935 2.075 4.30192
v -2.97819 1.995 3.88114
v -3.60846 1.995 3.77
v -3.69181 1.995 4.24271
v -3.06154 1.995 4.35384
v -2.97819 1.995 3.88114
v -3.06154 1.995 4.35384
v -3.06154 2.08 4.35384
v -2.97819 2.08 3.88114
v -3.69181 1.995 4.24271
v -3.60846 1.995 3.77
v -3.60846 2.08 3.77
v -3.69181 2.08 4.24271
v -3.60846 2.08 3.77
v -3.60846 1.995 3.77
v -2.97819 1.995 3.88114
v -2.97819 2.08 3.88114
v -3.86181 0.715 -1.08921
v -3.23154 0.715 -0.978079
v -3.14819 0.715 -1.45079
v -3.77846 0.715 -1.56192
v -3.86181 0.715 -1.08921
v -3.77846 0.715 -1.56192
v -3.77846 0.8 -1.56192
v -3.86181 0.8 -1.08921
v -3.14819 0.715 -1.45079
v -3.23154 0.715 -0.978079
v -3.23154 0.8 -0.978079
v -3.14819 0.8 -1.45079
v -3.23154 0.8 -0.978079
v -3.23154 0.715 -0.978079
v -3.86181 0.715 -1.08921
v -3.86181 0.8 -1.08921
v -2.935 2.075 3.82192
v -3.575 2.075 3.82192
v -3.575 2.075 4.30192
v -2.935 2.075 4.30192
v -2.935 2.075 3.82192
v -2.935 2.075 4.30192
v -2.935 2.16 4.30192
v -2.935 2.16 3.82192
v -3.575 2.075 4.30192
v -3.575 2.075 3.82192
v -3.575 2.16 3.82192
v -3.575 2.16 4.30192
v -3.575 2.16 3.82192
v -3.575 2.075 3.82192
v -2.935 2.075 3.82192
v -2.935 2.16 3.82192
v -3.23154 0.8 -0.978079
v -3.86181 0.8 -1.08921
v -3.77846 0.8 -1.56192
v -3.14819 0.8 -1.45079
v -3.14819 0.715 -1.45079
v -3.14819 0.8 -1.45079
v -3.77846 0.8 -1.56192
v -3.77846 0.715 -1.56192
v -2.68448 4.06 -3.34552
v -2.68448 4.06 -3.04552
v -2.68448 4.12 -3.04552
v -2.68448 4.12 -3.34552
v -3.00448 4.06 -3.04552
v -3.00448 4.06 -3.34552
v -3.00448 4.12 -3.34552
v -3.00448 4.12 -3.04552
v -3.00448 4.06 -3.04552
v -3.00448 4.12 -3.04552
v -2.68448 4.12 -3.04552
v -2.68448 4.06 -3.04552
v -3.00448 4.12 -3.34552
v -3.00448 4.06 -3.34552
v -2.68448 4.06 -3.34552
v -2.68448 4.12 -3.34552
v -3.00448 4.12 -3.34552
v -2.68448 4.12 -3.34552
v -2.68448 4.12 -3.04552
v -3.00448 4.12 -3.04552
v -2.68448 4.06 -3.34552
v -3.00448 4.06 -3.34552
v -3.00448 4.06 -3.04552
v -2.68448 4.06 -3.04552
v 2.11552 4.06 -3.34552
v 2.11552 4.06 -3.04552
v 2.11552 4.12 -3.04552
v 2.11552 4.12 -3.34552
v 1.79552 4.06 -3.04552
v 1.79552 4.06 -3.34552
v 1.79552 4.12 -3.34552
v 1.79552 4.12 -3.04552
v 1.79552 4.06 -3.04552
v 1.79552 4.12 -3.04552
v 2.11552 4.12 -3.04552
v 2.11552 4.06 -3.04552
v 1.79552 4.12 -3.34552
v 1.79552 4.06 -3.34552
v 2.11552 4.06 -3.34552
v 2.11552 4.12 -3.34552
v 1.79552 4.12 -3.34552
v 2.11552 4.12 -3.34552
v 2.11552 4.12 -3.04552
v 1.79552 4.12 -3.04552
v 2.11552 4.06 -3.34552
v 1.79552 4.06 -3.34552
v 1.79552 4.06 -3.04552
v 2.11552 4.06 -3.04552
v -3.47 3.2 -1.57
v -3.47 3.2 -1.25
v -3.47 3.52 -1.25
v -3.47 3.52 -1.57
v -3.49 3.2 -1.25
v -3.47 3.2 -1.25
v -3.47 3.2 -1.57
v -3.49 3.2 -1.57
v -3.77 3.2 -1.57
v -3.77 3.2 -1.25
v -3.79 3.2 -1.57
v -3.79 3.2 -1.25
v -3.49 3.52 -1.57
v -3.47 3.52 -1.57
v -3.47 3.52 -1.25
v -3.49 3.52 -1.25
v -3.47 3.52 -1.25
v -3.47 3.2 -1.25
v -3.49 3.2 -1.25
v -3.49 3.52 -1.25
v -3.77 3.24 -1.25
v -3.77 3.52 -1.25
v -3.49 3.24 -1.25
v -3.77 3.2 -1.25
v -3.79 3.52 -1.25
v -3.79 3.2 -1.25
v -3.47 3.52 -1.57
v -3.49 3.52 -1.57
v -3.47 3.2 -1.57
v -3.49 3.2 -1.57
v -3.77 3.52 -1.57
v -3.49 3.24 -1.57
v -3.77 3.2 -1.57
v -3.77 3.24 -1.57
v -3.79 3.52 -1.57
v -3.79 3.2 -1.57
v -3.49 3.2 -1.57
v -3.49 3.52 -1.57
v -3.49 3.52 -1.25
v -3.49 3.2 -1.25
v -3.79 3.52 -1.25
v -3.79 3.2 -1.25
v -3.79 3.2 -1.57
v -3.79 3.52 -1.57
v -3.79 3.52 -1.25
v -3.79 3.52 -1.57
v -3.77 3.52 -1.57
v -3.77 3.52 -1.25
v -3.77 3.2 -1.25
v -3.77 3.52 -1.25
v -3.77 3.52 -1.57
v -3.77 3.2 -1.57
v -3.49 3.24 -1.57
v -3.49 3.2 -1.57
v -3.49 3.2 -1.25
v -3.49 3.24 -1.25
v -3.49 3.52 -1.27
v -3.49 3.24 -1.27
v -3.49 3.52 -1.25
v -3.49 3.52 -1.57
v -3.49 3.24 -1.55
v -3.49 3.52 -1.55
v -3.77 3.2 -1.57
v -3.77 3.24 -1.57
v -3.77 3.2 -1.25
v -3.77 3.24 -1.25
v -3.77 3.24 -1.55
v -3.77 3.52 -1.57
v -3.77 3.52 -1.55
v -3.77 3.52 -1.25
v -3.77 3.24 -1.27
v -3.77 3.52 -1.27
v -3.49 3.24 -1.25
v -3.77 3.24 -1.25
v -3.77 3.24 -1.57
v -3.49 3.24 -1.57
v -3.49 3.52 -1.25
v -3.77 3.52 -1.25
v -3.77 3.52 -1.27
v -3.49 3.52 -1.27
v -3.77 3.24 -1.27
v -3.77 3.24 -1.25
v -3.49 3.24 -1.25
v -3.49 3.24 -1.27
v -3.49 3.24 -1.27
v -3.49 3.52 -1.27
v -3.77 3.52 -1.27
v -3.77 3.24 -1.27
v -3.77 3.52 -1.55
v -3.77 3.52 -1.57
v -3.49 3.52 -1.57
v -3.49 3.52 -1.55
v -3.49 3.24 -1.57
v -3.77 3.24 -1.57
v -3.77 3.24 -1.55
v -3.49 3.24 -1.55
v -3.77 3.24 -1.55
v -3.77 3.52 -1.55
v -3.49 3.52 -1.55
v -3.49 3.24 -1.55
v -3.11 3.2 -1.57
v -3.11 3.2 -1.25
v -3.11 3.52 -1.25
v -3.11 3.52 -1.57
v -3.13 3.2 -1.25
v -3.11 3.2 -1.25
v -3.11 3.2 -1.57
v -3.13 3.2 -1.57
v -3.41 3.2 -1.57
v -3.41 3.2 -1.25
v -3.43 3.2 -1.57
v -3.43 3.2 -1.25
v -3.13 3.52 -1.57
v -3.11 3.52 -1.57
v -3.11 3.52 -1.25
v -3.13 3.52 -1.25
v -3.11 3.52 -1.25
v -3.11 3.2 -1.25
v -3.13 3.2 -1.25
v -3.13 3.52 -1.25
v -3.41 3.24 -1.25
v -3.41 3.52 -1.25
v -3.13 3.24 -1.25
v -3.41 3.2 -1.25
v -3.43 3.52 -1.25
v -3.43 3.2 -1.25
v -3.11 3.52 -1.57
v -3.13 3.52 -1.57
v -3.11 3.2 -1.57
v -3.13 3.2 -1.57
v -3.41 3.52 -1.57
v -3.13 3.24 -1.57
v -3.41 3.2 -1.57
v -3.41 3.24 -1.57
v -3.43 3.52 -1.57
v -3.43 3.2 -1.57
v -3.13 3.2 -1.57
v -3.13 3.52 -1.57
v -3.13 3.52 -1.25
v -3.13 3.2 -1.25
v -3.43 3.52 -1.25
v -3.43 3.2 -1.25
v -3.43 3.2 -1.57
v -3.43 3.52 -1.57
v -3.43 3.52 -1.25
v -3.43 3.52 -1.57
v -3.41 3.52 -1.57
v -3.41 3.52 -1.25
v -3.41 3.2 -1.25
v -3.41 3.52 -1.25
v -3.41 3.52 -1.57
v -3.41 3.2 -1.57
v -3.13 3.24 -1.57
v -3.13 3.2 -1.57
v -3.13 3.2 -1.25
v -3.13 3.24 -1.25
v -3.13 3.52 -1.27
v -3.13 3.24 -1.27
v -3.13 3.52 -1.25
v -3.13 3.52 -1.57
v -3.13 3.24 -1.55
v -3.13 3.52 -1.55
v -3.41 3.2 -1.57
v -3.41 3.24 -1.57
v -3.41 3.2 -1.25
v -3.41 3.24 -1.25
v -3.41 3.24 -1.55
v -3.41 3.52 -1.57
v -3.41 3.52 -1.55
v -3.41 3.52 -1.25
v -3.41 3.24 -1.27
v -3.41 3.52 -1.27
v -3.13 3.24 -1.25
v -3.41 3.24 -1.25
v -3.41 3.24 -1.57
v -3.13 3.24 -1.57
v -3.13 3.52 -1.25
v -3.41 3.52 -1.25
v -3.41 3.52 -1.27
v -3.13 3.52 -1.27
v -3.41 3.24 -1.27
v -3.41 3.24 -1.25
v -3.13 3.24 -1.25
v -3.13 3.24 -1.27
v -3.13 3.24 -1.27
v -3.13 3.52 -1.27
v -3.41 3.52 -1.27
v -3.41 3.24 -1.27
v -3.41 3.52 -1.55
v -3.41 3.52 -1.57
v -3.13 3.52 -1.57
v -3.13 3.52 -1.55
v -3.13 3.24 -1.57
v -3.41 3.24 -1.57
v -3.41 3.24 -1.55
v -3.13 3.24 -1.55
v -3.41 3.24 -1.55
v -3.41 3.52 -1.55
v -3.13 3.52 -1.55
v -3.13 3.24 -1.55
v -3.93 1.36 4.28192
v -3.93 1.36 3.96192
v -3.93 1.68 3.96192
v -3.93 1.68 4.28192
v -3.91 1.36 3.96192
v -3.93 1.36 3.96192
v -3.93 1.36 4.28192
v -3.91 1.36 4.28192
v -3.63 1.36 4.28192
v -3.63 1.36 3.96192
v -3.61 1.36 4.28192
v -3.61 1.36 3.96192
v -3.91 1.68 4.28192
v -3.93 1.68 4.28192
v -3.93 1.68 3.96192
v -3.91 1.68 3.96192
v -3.93 1.68 3.96192
v -3.93 1.36 3.96192
v -3.91 1.36 3.96192
v -3.91 1.68 3.96192
v -3.63 1.4 3.96192
v -3.63 1.68 3.96192
v -3.91 1.4 3.96192
v -3.63 1.36 3.96192
v -3.61 1.68 3.96192
v -3.61 1.36 3.96192
v -3.93 1.68 4.28192
v -3.91 1.68 4.28192
v -3.93 1.36 4.28192
v -3.91 1.36 4.28192
v -3.63 1.68 4.28192
v -3.91 1.4 4.28192
v -3.63 1.36 4.28192
v -3.63 1.4 4.28192
v -3.61 1.68 4.28192
v -3.61 1.36 4.28192
v -3.91 1.36 4.28192
v -3.91 1.68 4.28192
v -3.91 1.68 3.96192
v -3.91 1.36 3.96192
v -3.61 1.68 3.96192
v -3.61 1.36 3.96192
v -3.61 1.36 4.28192
v -3.61 1.68 4.28192
v -3.61 1.68 3.96192
v -3.61 1.68 4.28192
v -3.63 1.68 4.28192
v -3.63 1.68 3.96192
v -3.63 1.36 3.96192
v -3.63 1.68 3.96192
v -3.63 1.68 4.28192
v -3.63 1.36 4.28192
v -3.91 1.4 4.28192
v -3.91 1.36 4.28192
v -3.91 1.36 3.96192
v -3.91 1.4 3.96192
v -3.91 1.68 3.98192
v -3.91 1.4 3.98192
v -3.91 1.68 3.96192
v -3.91 1.68 4.28192
v -3.91 1.4 4.26192
v -3.91 1.68 4.26192
v -3.63 1.36 4.28192
v -3.63 1.4 4.28192
v -3.63 1.36 3.96192
v -3.63 1.4 3.96192
v -3.63 1.4 4.26192
v -3.63 1.68 4.28192
v -3.63 1.68 4.26192
v -3.63 1.68 3.96192
v -3.63 1.4 3.98192
v -3.63 1.68 3.98192
v -3.91 1.4 3.96192
v -3.63 1.4 3.96192
v -3.63 1.4 4.28192
v -3.91 1.4 4.28192
v -3.91 1.68 3.96192
v -3.63 1.68 3.96192
v -3.63 1.68 3.98192
v -3.91 1.68 3.98192
v -3.63 1.4 3.98192
v -3.63 1.4 3.96192
v -3.91 1.4 3.96192
v -3.91 1.4 3.98192
v -3.91 1.4 3.98192
v -3.91 1.68 3.98192
v -3.63 1.68 3.98192
v -3.63 1.4 3.98192
v -3.63 1.68 4.26192
v -3.63 1.68 4.28192
v -3.91 1.68 4.28192
v -3.91 1.68 4.26192
v -3.91 1.4 4.28192
v -3.63 1.4 4.28192
v -3.63 1.4 4.26192
v -3.91 1.4 4.26192
v -3.63 1.4 4.26192
v -3.63 1.68 4.26192
v -3.91 1.68 4.26192
v -3.91 1.4 4.26192
v 2.50663 2.72 4.34484
v 2.50663 1.92 4.34484
v 2.50663 1.92 4.30484
v 2.50663 2.72 4.30484
v 3.46663 1.92 4.34484
v 3.46663 2.72 4.34484
v 3.46663 2.72 4.30484
v 3.46663 1.92 4.30484
v 3.46663 1.92 4.34484
v 3.46663 1.92 4.30484
v 2.50663 1.92 4.30484
v 2.50663 1.92 4.34484
v 3.46663 2.72 4.30484
v 3.46663 2.72 4.34484
v 2.50663 2.72 4.34484
v 2.50663 2.72 4.30484
v 3.46663 2.72 4.30484
v 2.50663 2.72 4.30484
v 2.50663 1.92 4.30484
v 3.46663 1.92 4.30484
v 2.50663 2.72 4.34484
v 3.46663 2.72 4.34484
v 3.46663 1.92 4.34484
v 2.50663 1.92 4.34484
v 1.22663 2.72 4.34484
v 1.22663 1.92 4.34484
v 1.22663 1.92 4.30484
v 1.22663 2.72 4.30484
v 2.18663 1.92 4.34484
v 2.18663 2.72 4.34484
v 2.18663 2.72 4.30484
v 2.18663 1.92 4.30484
v 2.18663 1.92 4.34484
v 2.18663 1.92 4.30484
v 1.22663 1.92 4.30484
v 1.22663 1.92 4.34484
v 2.18663 2.72 4.30484
v 2.18663 2.72 4.34484
v 1.22663 2.72 4.34484
v 1.22663 2.72 4.30484
v 2.18663 2.72 4.30484
v 1.22663 2.72 4.30484
v 1.22663 1.92 4.30484
v 2.18663 1.92 4.30484
v 1.22663 2.72 4.34484
v 2.18663 2.72 4.34484
v 2.18663 1.92 4.34484
v 1.22663 1.92 4.34484
v -0.498781 1.27978 -1.65
v -0.498781 0.959999 -1.65
v 0.463779 0.959999 -1.65
v 0.463779 1.27978 -1.65
v 0.463779 1.23978 -1.41
v -0.498781 1.23978 -1.41
v -0.498781 1.27978 -1.65
v 0.463779 1.27978 -1.65
v -0.498781 1.23978 -1.41
v -0.498781 0.959999 -1.41
v -0.498781 0.959999 -1.65
v -0.498781 1.27978 -1.65
v 0.463779 1.27978 -1.65
v 0.463779 0.959999 -1.65
v 0.463779 0.959999 -1.41
v 0.463779 1.23978 -1.41
v 0.463779 0.959999 -1.65
v -0.498781 0.959999 -1.65
v -0.498781 0.959999 -1.41
v 0.463779 0.959999 -1.41
v -0.498781 0.959999 -1.41
v -0.498781 1.23978 -1.41
v 0.463779 1.23978 -1.41
v 0.463779 0.959999 -1.41
v -2.11 1.09 -4.35
v -2.11 -0.03 -4.35
v -2.11 -0.03 -4.34
v -2.11 1.09 -4.34
v -3.23 -0.03 -4.35
v -3.23 1.09 -4.35
v -3.23 1.09 -4.34
v -3.23 -0.03 -4.34
v -3.23 -0.03 -4.35
v -3.23 -0.03 -4.34
v -2.11 -0.03 -4.34
v -2.11 -0.03 -4.35
v -3.23 1.09 -4.34
v -3.23 1.09 -4.35
v -2.11 1.09 -4.35
v -2.11 1.09 -4.34
v -3.23 1.09 -4.34
v -2.11 1.09 -4.34
v -2.11 -0.03 -4.34
v -3.23 -0.03 -4.34
v -2.11 1.09 -4.35
v -3.23 1.09 -4.35
v -3.23 -0.03 -4.35
v -2.11 -0.03 -4.35
v 2.21 1.09 -4.35
v 2.21 -0.03 -4.35
v 2.21 -0.03 -4.34
v 2.21 1.09 -4.34
v 1.09 -0.03 -4.35
v 1.09 1.09 -4.35
v 1.09 1.09 -4.34
v 1.09 -0.03 -4.34
v 1.09 -0.03 -4.35
v 1.09 -0.03 -4.34
v 2.21 -0.03 -4.34
v 2.21 -0.03 -4.35
v 1.09 1.09 -4.34
v 1.09 1.09 -4.35
v 2.21 1.09 -4.35
v 2.21 1.09 -4.34
v 1.09 1.09 -4.34
v 2.21 1.09 -4.34
v 2.21 -0.03 -4.34
v 1.09 -0.03 -4.34
v 2.21 1.09 -4.35
v 1.09 1.09 -4.35
v 1.09 -0.03 -4.35
v 2.21 -0.03 -4.35
v 0.16 3.84 4.78
v 0.16 3.2 4.78
v -0.82 3.2 4.78
v -0.82 3.84 4.78
v 0.16 3.2 4.77
v 0.16 3.84 4.77
v -0.82 3.84 4.77
v -0.82 3.2 4.77
v 0.16 3.2 4.77
v -0.82 3.2 4.77
v -0.82 3.2 4.78
v 0.16 3.2 4.78
v -0.82 3.84 4.77
v 0.16 3.84 4.77
v 0.16 3.84 4.78
v -0.82 3.84 4.78
v -0.82 3.84 4.77
v -0.82 3.84 4.78
v -0.82 3.2 4.78
v -0.82 3.2 4.77
v 0.16 3.84 4.78
v 0.16 3.84 4.77
v 0.16 3.2 4.77
v 0.16 3.2 4.78
v 10.27 4.48 -4.75
v 10.27 4.08 -4.75
v 10.27 4.08 4.83
v 10.27 4.48 4.83
v 3.87 4.08 -4.75
v 3.87 4.48 -4.75
v 3.87 4.48 4.83
v 3.87 4.08 4.83
v 3.87 4.08 -4.75
v 3.87 4.08 4.83
v 10.27 4.08 4.83
v 10.27 4.08 -4.75
v 3.87 4.48 4.83
v 10.27 4.48 4.83
v 10.27 4.08 4.83
v 3.87 4.08 4.83
v 10.27 4.48 -4.75
v 3.87 4.48 -4.75
v 3.87 4.08 -4.75
v 10.27 4.08 -4.75
v 3.87 4.5 -4.8
v 3.87 4.48 -4.8
v 3.87 4.48 -3.67523
v 3.87 4.5 -3.67523
v 3.27464 4.48 -2.03795
v 3.28218 4.48 -2.04977
v 3.87 4.48 -3.67523
v 3.59896 4.48 -4.8
v 3.87 4.48 -4.8
v 3.27464 4.5 -2.03795
v 3.59896 4.5 -4.8
v 3.87 4.5 -4.8
v 3.28218 4.5 -2.04977
v 3.87 4.5 -3.67523
v 3.87 4.5 -4.8
v 3.59896 4.5 -4.8
v 3.59896 4.48 -4.8
v 3.87 4.48 -4.8
v 3.59896 4.48 -4.8
v 3.59896 4.5 -4.8
v 3.27464 4.5 -2.03795
v 3.27464 4.48 -2.03795
v 3.28218 4.5 -2.04977
v 3.87 4.5 -3.67523
v 3.87 4.48 -3.67523
v 3.28218 4.48 -2.04977
v 3.27464 4.48 -2.03795
v 3.27464 4.5 -2.03795
v 3.28218 4.5 -2.04977
v 3.28218 4.48 -2.04977
v 3.87 4.5 -4.04906
v 3.87 4.48 -4.04906
v 3.87 4.48 -3.21091
v 3.87 4.5 -3.21091
v 3.87 4.48 -2.83716
v 3.87 4.5 -2.83716
v 3.87 4.48 -2.61709
v 3.87 4.5 -2.61709
v 3.87 4.48 -2.46573
v 3.87 4.5 -2.46573
v 3.87 4.48 -2.34987
v 3.87 4.5 -2.34987
v 3.28682 4.48 -2.12653
v 3.29697 4.48 -2.13889
v 3.87 4.48 -3.21091
v 3.87 4.48 -4.04906
v 3.87 4.48 -2.83716
v 3.3045 4.48 -2.15299
v 3.31686 4.48 -2.16314
v 3.32701 4.48 -2.1755
v 3.87 4.48 -2.61709
v 3.34111 4.48 -2.18304
v 3.35347 4.48 -2.19318
v 3.87 4.48 -2.46573
v 3.36877 4.48 -2.19782
v 3.38287 4.48 -2.20536
v 3.87 4.48 -2.34987
v 3.39879 4.48 -2.20693
v 3.28682 4.5 -2.12653
v 3.87 4.5 -4.04906
v 3.87 4.5 -3.21091
v 3.29697 4.5 -2.13889
v 3.3045 4.5 -2.15299
v 3.87 4.5 -2.83716
v 3.31686 4.5 -2.16314
v 3.32701 4.5 -2.1755
v 3.87 4.5 -2.61709
v 3.34111 4.5 -2.18304
v 3.35347 4.5 -2.19318
v 3.87 4.5 -2.46573
v 3.36877 4.5 -2.19782
v 3.38287 4.5 -2.20536
v 3.87 4.5 -2.34987
v 3.39879 4.5 -2.20693
v 3.87 4.48 -4.04906
v 3.87 4.5 -4.04906
v 3.28682 4.5 -2.12653
v 3.28682 4.48 -2.12653
v 3.29697 4.5 -2.13889
v 3.87 4.5 -3.21091
v 3.87 4.48 -3.21091
v 3.29697 4.48 -2.13889
v 3.28682 4.48 -2.12653
v 3.28682 4.5 -2.12653
v 3.29697 4.5 -2.13889
v 3.29697 4.48 -2.13889
v 3.87 4.48 -3.21091
v 3.87 4.5 -3.21091
v 3.3045 4.5 -2.15299
v 3.3045 4.48 -2.15299
v 3.31686 4.5 -2.16314
v 3.87 4.5 -2.83716
v 3.87 4.48 -2.83716
v 3.31686 4.48 -2.16314
v 3.3045 4.48 -2.15299
v 3.3045 4.5 -2.15299
v 3.31686 4.5 -2.16314
v 3.31686 4.48 -2.16314
v 3.87 4.48 -2.83716
v 3.87 4.5 -2.83716
v 3.32701 4.5 -2.1755
v 3.32701 4.48 -2.1755
v 3.34111 4.5 -2.18304
v 3.87 4.5 -2.61709
v 3.87 4.48 -2.61709
v 3.34111 4.48 -2.18304
v 3.32701 4.48 -2.1755
v 3.32701 4.5 -2.1755
v 3.34111 4.5 -2.18304
v 3.34111 4.48 -2.18304
v 3.87 4.48 -2.61709
v 3.87 4.5 -2.61709
v 3.35347 4.5 -2.19318
v 3.35347 4.48 -2.19318
v 3.36877 4.5 -2.19782
v 3.87 4.5 -2.46573
v 3.87 4.48 -2.46573
v 3.36877 4.48 -2.19782
v 3.35347 4.48 -2.19318
v 3.35347 4.5 -2.19318
v 3.36877 4.5 -2.19782
v 3.36877 4.48 -2.19782
v 3.87 4.48 -2.46573
v 3.87 4.5 -2.46573
v 3.38287 4.5 -2.20536
v 3.38287 4.48 -2.20536
v 3.39879 4.5 -2.20693
v 3.87 4.5 -2.34987
v 3.87 4.48 -2.34987
v 3.39879 4.48 -2.20693
v 3.38287 4.48 -2.20536
v 3.38287 4.5 -2.20536
v 3.39879 4.5 -2.20693
v 3.39879 4.48 -2.20693
v 3.87 4.5 -2.25334
v 3.87 4.48 -2.25334
v 3.87 4.48 -2.16666
v 3.87 4.5 -2.16666
v 3.87 4.48 -2.08292
v 3.87 4.5 -2.08292
v 3.87 4.48 -1.99537
v 3.87 4.5 -1.99537
v 3.87 4.48 -1.89488
v 3.87 4.5 -1.89488
v 3.87 4.48 -1.79
v 3.87 4.5 -1.79
v 3.44591 4.48 -2.21157
v 3.46121 4.48 -2.20693
v 3.87 4.48 -2.16666
v 3.87 4.48 -2.25334
v 3.87 4.48 -2.08292
v 3.47713 4.48 -2.20536
v 3.49123 4.48 -2.19782
v 3.50653 4.48 -2.19318
v 3.87 4.48 -1.99537
v 3.51889 4.48 -2.18303
v 3.53299 4.48 -2.1755
v 3.87 4.48 -1.89488
v 3.54314 4.48 -2.16314
v 3.87 4.48 -1.79
v 3.84935 4.48 -1.79
v 3.5555 4.48 -2.15299
v 3.56303 4.48 -2.13889
v 3.57318 4.48 -2.12653
v 3.74953 4.48 -1.79
v 3.57782 4.48 -2.11123
v 3.58536 4.48 -2.09713
v 3.67526 4.48 -1.79
v 3.58693 4.48 -2.08122
v 3.44591 4.5 -2.21157
v 3.87 4.5 -2.25334
v 3.87 4.5 -2.16666
v 3.46121 4.5 -2.20693
v 3.47713 4.5 -2.20536
v 3.87 4.5 -2.08292
v 3.49123 4.5 -2.19782
v 3.50653 4.5 -2.19318
v 3.87 4.5 -1.99537
v 3.51889 4.5 -2.18303
v 3.53299 4.5 -2.1755
v 3.87 4.5 -1.89488
v 3.54314 4.5 -2.16314
v 3.5555 4.5 -2.15299
v 3.87 4.5 -1.79
v 3.56303 4.5 -2.13889
v 3.84935 4.5 -1.79
v 3.57318 4.5 -2.12653
v 3.74953 4.5 -1.79
v 3.57782 4.5 -2.11123
v 3.58536 4.5 -2.09713
v 3.67526 4.5 -1.79
v 3.58693 4.5 -2.08122
v 3.87 4.48 -2.25334
v 3.87 4.5 -2.25334
v 3.44591 4.5 -2.21157
v 3.44591 4.48 -2.21157
v 3.46121 4.5 -2.20693
v 3.87 4.5 -2.16666
v 3.87 4.48 -2.16666
v 3.46121 4.48 -2.20693
v 3.44591 4.48 -2.21157
v 3.44591 4.5 -2.21157
v 3.46121 4.5 -2.20693
v 3.46121 4.48 -2.20693
v 3.87 4.48 -2.16666
v 3.87 4.5 -2.16666
v 3.47713 4.5 -2.20536
v 3.47713 4.48 -2.20536
v 3.49123 4.5 -2.19782
v 3.87 4.5 -2.08292
v 3.87 4.48 -2.08292
v 3.49123 4.48 -2.19782
v 3.47713 4.48 -2.20536
v 3.47713 4.5 -2.20536
v 3.49123 4.5 -2.19782
v 3.49123 4.48 -2.19782
v 3.87 4.48 -2.08292
v 3.87 4.5 -2.08292
v 3.50653 4.5 -2.19318
v 3.50653 4.48 -2.19318
v 3.51889 4.5 -2.18303
v 3.87 4.5 -1.99537
v 3.87 4.48 -1.99537
v 3.51889 4.48 -2.18303
v 3.50653 4.48 -2.19318
v 3.50653 4.5 -2.19318
v 3.51889 4.5 -2.18303
v 3.51889 4.48 -2.18303
v 3.87 4.48 -1.99537
v 3.87 4.5 -1.99537
v 3.53299 4.5 -2.1755
v 3.53299 4.48 -2.1755
v 3.54314 4.5 -2.16314
v 3.87 4.5 -1.89488
v 3.87 4.48 -1.89488
v 3.54314 4.48 -2.16314
v 3.53299 4.48 -2.1755
v 3.53299 4.5 -2.1755
v 3.54314 4.5 -2.16314
v 3.54314 4.48 -2.16314
v 3.87 4.5 -1.79
v 3.87 4.48 -1.79
v 3.84935 4.5 -1.79
v 3.84935 4.48 -1.79
v 3.74953 4.5 -1.79
v 3.74953 4.48 -1.79
v 3.67526 4.5 -1.79
v 3.67526 4.48 -1.79
v 3.87 4.48 -1.89488
v 3.87 4.5 -1.89488
v 3.5555 4.5 -2.15299
v 3.5555 4.48 -2.15299
v 3.56303 4.5 -2.13889
v 3.84935 4.5 -1.79
v 3.84935 4.48 -1.79
v 3.56303 4.48 -2.13889
v 3.5555 4.48 -2.15299
v 3.5555 4.5 -2.15299
v 3.56303 4.5 -2.13889
v 3.56303 4.48 -2.13889
v 3.84935 4.48 -1.79
v 3.84935 4.5 -1.79
v 3.57318 4.5 -2.12653
v 3.57318 4.48 -2.12653
v 3.57782 4.5 -2.11123
v 3.74953 4.5 -1.79
v 3.74953 4.48 -1.79
v 3.57782 4.48 -2.11123
v 3.57318 4.48 -2.12653
v 3.57318 4.5 -2.12653
v 3.57782 4.5 -2.11123
v 3.57782 4.48 -2.11123
v 3.74953 4.48 -1.79
v 3.74953 4.5 -1.79
v 3.58536 4.5 -2.09713
v 3.58536 4.48 -2.09713
v 3.58693 4.5 -2.08122
v 3.67526 4.5 -1.79
v 3.67526 4.48 -1.79
v 3.58693 4.48 -2.08122
v 3.58536 4.48 -2.09713
v 3.58536 4.5 -2.09713
v 3.58693 4.5 -2.08122
v 3.58693 4.48 -2.08122
v 3.59157 4.48 -2.03409
v 3.58693 4.48 -2.01879
v 3.56439 4.48 -1.79
v 3.61561 4.48 -1.79
v 3.58536 4.48 -2.00287
v 3.51753 4.48 -1.79
v 3.57782 4.48 -1.98877
v 3.57318 4.48 -1.97347
v 3.47157 4.48 -1.79
v 3.56303 4.48 -1.96111
v 3.5555 4.48 -1.94701
v 3.42261 4.48 -1.79
v 3.54314 4.48 -1.93686
v 3.36419 4.48 -1.79
v 3.53299 4.48 -1.9245
v 3.51889 4.48 -1.91696
v 3.50653 4.48 -1.90682
v 3.28135 4.48 -1.79
v 3.49123 4.48 -1.90218
v 3.24439 4.48 -1.79
v 3.24818 4.48 -1.82845
v 3.47713 4.48 -1.89464
v 3.46121 4.48 -1.89307
v 3.59157 4.5 -2.03409
v 3.61561 4.5 -1.79
v 3.56439 4.5 -1.79
v 3.58693 4.5 -2.01879
v 3.58536 4.5 -2.00287
v 3.51753 4.5 -1.79
v 3.57782 4.5 -1.98877
v 3.57318 4.5 -1.97347
v 3.47157 4.5 -1.79
v 3.56303 4.5 -1.96111
v 3.5555 4.5 -1.94701
v 3.42261 4.5 -1.79
v 3.54314 4.5 -1.93686
v 3.53299 4.5 -1.9245
v 3.36419 4.5 -1.79
v 3.51889 4.5 -1.91696
v 3.50653 4.5 -1.90682
v 3.28135 4.5 -1.79
v 3.49123 4.5 -1.90218
v 3.47713 4.5 -1.89464
v 3.24439 4.5 -1.79
v 3.46121 4.5 -1.89307
v 3.24818 4.5 -1.82845
v 3.61561 4.5 -1.79
v 3.61561 4.48 -1.79
v 3.56439 4.48 -1.79
v 3.56439 4.5 -1.79
v 3.51753 4.48 -1.79
v 3.51753 4.5 -1.79
v 3.47157 4.48 -1.79
v 3.47157 4.5 -1.79
v 3.42261 4.48 -1.79
v 3.42261 4.5 -1.79
v 3.36419 4.48 -1.79
v 3.36419 4.5 -1.79
v 3.28135 4.48 -1.79
v 3.28135 4.5 -1.79
v 3.24439 4.48 -1.79
v 3.24439 4.5 -1.79
v 3.61561 4.48 -1.79
v 3.61561 4.5 -1.79
v 3.59157 4.5 -2.03409
v 3.59157 4.48 -2.03409
v 3.58693 4.5 -2.01879
v 3.56439 4.5 -1.79
v 3.56439 4.48 -1.79
v 3.58693 4.48 -2.01879
v 3.59157 4.48 -2.03409
v 3.59157 4.5 -2.03409
v 3.58693 4.5 -2.01879
v 3.58693 4.48 -2.01879
v 3.56439 4.48 -1.79
v 3.56439 4.5 -1.79
v 3.58536 4.5 -2.00287
v 3.58536 4.48 -2.00287
v 3.57782 4.5 -1.98877
v 3.51753 4.5 -1.79
v 3.51753 4.48 -1.79
v 3.57782 4.48 -1.98877
v 3.58536 4.48 -2.00287
v 3.58536 4.5 -2.00287
v 3.57782 4.5 -1.98877
v 3.57782 4.48 -1.98877
v 3.51753 4.48 -1.79
v 3.51753 4.5 -1.79
v 3.57318 4.5 -1.97347
v 3.57318 4.48 -1.97347
v 3.56303 4.5 -1.96111
v 3.47157 4.5 -1.79
v 3.47157 4.48 -1.79
v 3.56303 4.48 -1.96111
v 3.57318 4.48 -1.97347
v 3.57318 4.5 -1.97347
v 3.56303 4.5 -1.96111
v 3.56303 4.48 -1.96111
v 3.47157 4.48 -1.79
v 3.47157 4.5 -1.79
v 3.5555 4.5 -1.94701
v 3.5555 4.48 -1.94701
v 3.54314 4.5 -1.93686
v 3.42261 4.5 -1.79
v 3.42261 4.48 -1.79
v 3.54314 4.48 -1.93686
v 3.5555 4.48 -1.94701
v 3.5555 4.5 -1.94701
v 3.54314 4.5 -1.93686
v 3.54314 4.48 -1.93686
v 3.42261 4.48 -1.79
v 3.42261 4.5 -1.79
v 3.53299 4.5 -1.9245
v 3.53299 4.48 -1.9245
v 3.51889 4.5 -1.91696
v 3.36419 4.5 -1.79
v 3.36419 4.48 -1.79
v 3.51889 4.48 -1.91696
v 3.53299 4.48 -1.9245
v 3.53299 4.5 -1.9245
v 3.51889 4.5 -1.91696
v 3.51889 4.48 -1.91696
v 3.36419 4.48 -1.79
v 3.36419 4.5 -1.79
v 3.50653 4.5 -1.90682
v 3.50653 4.48 -1.90682
v 3.49123 4.5 -1.90218
v 3.28135 4.5 -1.79
v 3.28135 4.48 -1.79
v 3.49123 4.48 -1.90218
v 3.50653 4.48 -1.90682
v 3.50653 4.5 -1.90682
v 3.49123 4.5 -1.90218
v 3.49123 4.48 -1.90218
v 3.24439 4.48 -1.79
v 3.24818 4.48 -1.82845
v 3.24818 4.5 -1.82845
v 3.24439 4.5 -1.79
v 3.28135 4.48 -1.79
v 3.28135 4.5 -1.79
v 3.47713 4.5 -1.89464
v 3.47713 4.48 -1.89464
v 3.46121 4.5 -1.89307
v 3.24818 4.5 -1.82845
v 3.24818 4.48 -1.82845
v 3.46121 4.48 -1.89307
v 3.47713 4.48 -1.89464
v 3.47713 4.5 -1.89464
v 3.46121 4.5 -1.89307
v 3.46121 4.48 -1.89307
v 3.41409 4.48 -1.88843
v 3.39879 4.48 -1.89307
v 3.25593 4.48 -1.90714
v 3.25252 4.48 -1.87252
v 3.38287 4.48 -1.89464
v 3.25873 4.48 -1.93556
v 3.36877 4.48 -1.90218
v 3.35347 4.48 -1.90682
v 3.26111 4.48 -1.95972
v 3.34111 4.48 -1.91697
v 3.32701 4.48 -1.9245
v 3.26319 4.48 -1.98091
v 3.31686 4.48 -1.93686
v 3.3045 4.48 -1.94701
v 3.26507 4.48 -1.99997
v 3.29697 4.48 -1.96111
v 3.28682 4.48 -1.97347
v 3.2668 4.48 -2.01754
v 3.28218 4.48 -1.98877
v 3.27464 4.48 -2.00287
v 3.26843 4.48 -2.03409
v 3.27307 4.48 -2.01879
v 3.41409 4.5 -1.88843
v 3.25252 4.5 -1.87252
v 3.25593 4.5 -1.90714
v 3.39879 4.5 -1.89307
v 3.38287 4.5 -1.89464
v 3.25873 4.5 -1.93556
v 3.36877 4.5 -1.90218
v 3.35347 4.5 -1.90682
v 3.26111 4.5 -1.95972
v 3.34111 4.5 -1.91697
v 3.32701 4.5 -1.9245
v 3.26319 4.5 -1.98091
v 3.31686 4.5 -1.93686
v 3.3045 4.5 -1.94701
v 3.26507 4.5 -1.99997
v 3.29697 4.5 -1.96111
v 3.28682 4.5 -1.97347
v 3.2668 4.5 -2.01754
v 3.28218 4.5 -1.98877
v 3.27464 4.5 -2.00287
v 3.26843 4.5 -2.03409
v 3.27307 4.5 -2.01879
v 3.25593 4.5 -1.90714
v 3.25252 4.5 -1.87252
v 3.25252 4.48 -1.87252
v 3.25593 4.48 -1.90714
v 3.25873 4.48 -1.93556
v 3.25873 4.5 -1.93556
v 3.26111 4.48 -1.95972
v 3.26111 4.5 -1.95972
v 3.26319 4.48 -1.98091
v 3.26319 4.5 -1.98091
v 3.26507 4.48 -1.99997
v 3.26507 4.5 -1.99997
v 3.2668 4.48 -2.01754
v 3.2668 4.5 -2.01754
v 3.26843 4.48 -2.03409
v 3.26843 4.5 -2.03409
v 3.25252 4.48 -1.87252
v 3.25252 4.5 -1.87252
v 3.41409 4.5 -1.88843
v 3.41409 4.48 -1.88843
v 3.39879 4.5 -1.89307
v 3.25593 4.5 -1.90714
v 3.25593 4.48 -1.90714
v 3.39879 4.48 -1.89307
v 3.41409 4.48 -1.88843
v 3.41409 4.5 -1.88843
v 3.39879 4.5 -1.89307
v 3.39879 4.48 -1.89307
v 3.25593 4.48 -1.90714
v 3.25593 4.5 -1.90714
v 3.38287 4.5 -1.89464
v 3.38287 4.48 -1.89464
v 3.36877 4.5 -1.90218
v 3.25873 4.5 -1.93556
v 3.25873 4.48 -1.93556
v 3.36877 4.48 -1.90218
v 3.38287 4.48 -1.89464
v 3.38287 4.5 -1.89464
v 3.36877 4.5 -1.90218
v 3.36877 4.48 -1.90218
v 3.25873 4.48 -1.93556
v 3.25873 4.5 -1.93556
v 3.35347 4.5 -1.90682
v 3.35347 4.48 -1.90682
v 3.34111 4.5 -1.91697
v 3.26111 4.5 -1.95972
v 3.26111 4.48 -1.95972
v 3.34111 4.48 -1.91697
v 3.35347 4.48 -1.90682
v 3.35347 4.5 -1.90682
v 3.34111 4.5 -1.91697
v 3.34111 4.48 -1.91697
v 3.26111 4.48 -1.95972
v 3.26111 4.5 -1.95972
v 3.32701 4.5 -1.9245
v 3.32701 4.48 -1.9245
v 3.31686 4.5 -1.93686
v 3.26319 4.5 -1.98091
v 3.26319 4.48 -1.98091
v 3.31686 4.48 -1.93686
v 3.32701 4.48 -1.9245
v 3.32701 4.5 -1.9245
v 3.31686 4.5 -1.93686
v 3.31686 4.48 -1.93686
v 3.26319 4.48 -1.98091
v 3.26319 4.5 -1.98091
v 3.3045 4.5 -1.94701
v 3.3045 4.48 -1.94701
v 3.29697 4.5 -1.96111
v 3.26507 4.5 -1.99997
v 3.26507 4.48 -1.99997
v 3.29697 4.48 -1.96111
v 3.3045 4.48 -1.94701
v 3.3045 4.5 -1.94701
v 3.29697 4.5 -1.96111
v 3.29697 4.48 -1.96111
v 3.26507 4.48 -1.99997
v 3.26507 4.5 -1.99997
v 3.28682 4.5 -1.97347
v 3.28682 4.48 -1.97347
v 3.28218 4.5 -1.98877
v 3.2668 4.5 -2.01754
v 3.2668 4.48 -2.01754
v 3.28218 4.48 -1.98877
v 3.28682 4.48 -1.97347
v 3.28682 4.5 -1.97347
v 3.28218 4.5 -1.98877
v 3.28218 4.48 -1.98877
v 3.2668 4.48 -2.01754
v 3.2668 4.5 -2.01754
v 3.27464 4.5 -2.00287
v 3.27464 4.48 -2.00287
v 3.27307 4.5 -2.01879
v 3.26843 4.5 -2.03409
v 3.26843 4.48 -2.03409
v 3.27307 4.48 -2.01879
v 3.27464 4.48 -2.00287
v 3.27464 4.5 -2.00287
v 3.27307 4.5 -2.01879
v 3.27307 4.48 -2.01879
v -4.44448 4.1 -1.87552
v -4.44448 4.08 -1.87552
v -4.44448 4.08 -5.47552
v -4.44448 4.1 -5.47552
v -4.44448 4.08 -5.47552
v -4.44448 4.08 -1.87552
v -2.20448 4.08 -1.87552
v -2.20448 4.08 -5.47552
v -4.44448 4.1 -1.87552
v -4.44448 4.1 -5.47552
v -2.20448 4.1 -5.47552
v -2.20448 4.1 -1.87552
v -2.20448 4.08 -1.87552
v -4.44448 4.08 -1.87552
v -4.44448 4.1 -1.87552
v -2.20448 4.1 -1.87552
v -4.44448 4.1 -5.47552
v -4.44448 4.08 -5.47552
v -2.20448 4.08 -5.47552
v -2.20448 4.1 -5.47552
v -2.20448 4.08 -1.87552
v -2.20448 4.1 -1.87552
v -2.20448 4.1 -5.47552
v -2.20448 4.08 -5.47552
v -2.20448 4.08 -1.75552
v -0.284479 4.08 -1.75552
v -0.284479 4.08 -2.15552
v -2.20448 4.08 -2.15552
v -0.284479 4.1 -2.15552
v -0.284479 4.1 -1.75552
v -2.20448 4.1 -1.75552
v -2.20448 4.1 -2.15552
v -0.284479 4.08 -1.75552
v -2.20448 4.08 -1.75552
v -2.20448 4.1 -1.75552
v -0.284479 4.1 -1.75552
v -0.284479 4.1 -2.15552
v -0.284479 4.08 -2.15552
v -0.284479 4.08 -1.75552
v -0.284479 4.1 -1.75552
v -2.20448 4.1 -2.15552
v -2.20448 4.1 -1.75552
v -2.20448 4.08 -1.75552
v -2.20448 4.08 -2.15552
v -0.284479 4.08 -2.15552
v -0.284479 4.1 -2.15552
v -2.20448 4.1 -2.15552
v -2.20448 4.08 -2.15552
v -0.284479 4.08 -5.35552
v -2.20448 4.08 -5.35552
v -2.20448 4.08 -4.07552
v -0.284479 4.08 -4.07552
v -2.20448 4.1 -5.35552
v -0.284479 4.1 -5.35552
v -0.284479 4.1 -4.07552
v -2.20448 4.1 -4.07552
v -0.284479 4.1 -5.35552
v -2.20448 4.1 -5.35552
v -2.20448 4.08 -5.35552
v -0.284479 4.08 -5.35552
v -0.284479 4.1 -5.35552
v -0.284479 4.08 -5.35552
v -0.284479 4.08 -4.07552
v -0.284479 4.1 -4.07552
v -2.20448 4.08 -5.35552
v -2.20448 4.1 -5.35552
v -2.20448 4.1 -4.07552
v -2.20448 4.08 -4.07552
v -2.20448 4.08 -4.07552
v -2.20448 4.1 -4.07552
v -0.284479 4.1 -4.07552
v -0.284479 4.08 -4.07552
v 4.04 4.08 -5.47552
v -0.284479 4.08 -5.47552
v -0.284478 4.08 -1.87552
v 3.70517 4.08 -2.16674
v 3.61441 4.08 -1.87552
v 3.61441 4.1 -1.87552
v -0.284478 4.1 -1.87552
v -0.284479 4.1 -5.47552
v 3.70517 4.1 -2.16674
v 4.04 4.1 -5.47552
v -0.284478 4.08 -1.87552
v -0.284478 4.1 -1.87552
v 3.61441 4.1 -1.87552
v 3.61441 4.08 -1.87552
v -0.284479 4.08 -5.47552
v 4.04 4.08 -5.47552
v 4.04 4.1 -5.47552
v -0.284479 4.1 -5.47552
v -0.284478 4.1 -1.87552
v -0.284478 4.08 -1.87552
v -0.284479 4.08 -5.47552
v -0.284479 4.1 -5.47552
v 3.70517 4.1 -2.16674
v 4.04 4.1 -5.47552
v 4.04 4.08 -5.47552
v 3.70517 4.08 -2.16674
v 3.61441 4.08 -1.87552
v 3.61441 4.1 -1.87552
v 3.70517 4.1 -2.16674
v 3.70517 4.08 -2.16674
v 3.29279 5.06247 -2.06271
v 3.28873 5.06247 -2.07609
v 3.2901 5.06247 -2.09
v 3.30075 5.06247 -2.03646
v 3.2873 5.06247 -2.06161
v 3.31368 5.06247 -2.01227
v 3.28579 5.06247 -2.04626
v 3.33107 5.06247 -1.99107
v 3.28415 5.06247 -2.02959
v 3.35227 5.06247 -1.97367
v 3.29537 5.06247 -2.00409
v 3.28377 5.06247 -2.02579
v 3.28218 5.06247 -2.02877
v 3.29911 5.06247 -2.1815
v 3.27307 5.06247 -2.05879
v 3.27 5.06247 -2.09
v 3.27307 5.06247 -2.12121
v 3.28218 5.06247 -2.15123
v 3.29697 5.06247 -2.17889
v 3.31472 5.06247 -1.97948
v 3.29697 5.06247 -2.00111
v 3.37646 5.06247 -1.96075
v 3.31686 5.06247 -2.20314
v 3.31948 5.06247 -2.20528
v 3.29279 5.06247 -2.11729
v 3.3385 5.06247 -1.95911
v 3.31686 5.06247 -1.97686
v 3.40271 5.06247 -1.95279
v 3.34111 5.06247 -2.22303
v 3.34409 5.06247 -2.22463
v 3.30075 5.06247 -2.14354
v 3.36579 5.06247 -1.94377
v 3.34111 5.06247 -1.95696
v 3.43 5.06247 -1.9501
v 3.36877 5.06247 -2.23782
v 3.372 5.06247 -2.2388
v 3.31368 5.06247 -2.16773
v 3.39555 5.06247 -1.93406
v 3.36877 5.06247 -1.94218
v 3.45729 5.06247 -1.95278
v 3.39879 5.06247 -2.24693
v 3.40215 5.06247 -2.24726
v 3.33107 5.06247 -2.18893
v 3.42664 5.06247 -1.93033
v 3.39879 5.06247 -1.93307
v 3.48354 5.06247 -1.96075
v 3.43 5.06247 -2.25
v 3.43337 5.06247 -2.24967
v 3.35227 5.06247 -2.20633
v 3.45785 5.06247 -1.93274
v 3.43 5.06247 -1.93
v 3.50773 5.06247 -1.97367
v 3.46121 5.06247 -2.24693
v 3.46445 5.06247 -2.24594
v 3.37646 5.06247 -2.21925
v 3.488 5.06247 -1.9412
v 3.46121 5.06247 -1.93307
v 3.52893 5.06247 -1.99107
v 3.49123 5.06247 -2.23782
v 3.49421 5.06247 -2.23623
v 3.40271 5.06247 -2.22721
v 3.51591 5.06247 -1.95537
v 3.49123 5.06247 -1.94218
v 3.54633 5.06247 -2.01227
v 3.51889 5.06247 -2.22304
v 3.52151 5.06247 -2.22089
v 3.43 5.06247 -2.2299
v 3.54053 5.06247 -1.97472
v 3.51889 5.06247 -1.95696
v 3.55925 5.06247 -2.03646
v 3.54314 5.06247 -2.20314
v 3.54528 5.06247 -2.20052
v 3.45729 5.06247 -2.22721
v 3.56089 5.06247 -1.9985
v 3.54314 5.06247 -1.97686
v 3.56721 5.06247 -2.06271
v 3.56303 5.06247 -2.17889
v 3.56463 5.06247 -2.17591
v 3.48354 5.06247 -2.21925
v 3.57623 5.06247 -2.02579
v 3.56303 5.06247 -2.00111
v 3.5699 5.06247 -2.09
v 3.57782 5.06247 -2.15123
v 3.5788 5.06247 -2.14799
v 3.50773 5.06247 -2.20632
v 3.58594 5.06247 -2.05555
v 3.57782 5.06247 -2.02877
v 3.56721 5.06247 -2.11729
v 3.58693 5.06247 -2.12121
v 3.58726 5.06247 -2.11785
v 3.52893 5.06247 -2.18893
v 3.58967 5.06247 -2.08664
v 3.58693 5.06247 -2.05879
v 3.55925 5.06247 -2.14354
v 3.59 5.06247 -2.09
v 3.54633 5.06247 -2.16773
v 3.2901 0.0575281 -2.09
v 3.28873 0.0575281 -2.07609
v 3.29279 0.0575281 -2.06271
v 3.2873 0.0575281 -2.06161
v 3.30075 0.0575281 -2.03646
v 3.28579 0.0575281 -2.04626
v 3.31368 0.0575281 -2.01227
v 3.28415 0.0575281 -2.02959
v 3.33107 0.0575281 -1.99107
v 3.28377 0.0575281 -2.02579
v 3.35227 0.0575281 -1.97367
v 3.29537 0.0575281 -2.00409
v 3.29697 0.0575281 -2.00111
v 3.37646 0.0575281 -1.96075
v 3.31472 0.0575281 -1.97948
v 3.31686 0.0575281 -1.97686
v 3.40271 0.0575281 -1.95279
v 3.3385 0.0575281 -1.95911
v 3.43 0.0575281 -1.9501
v 3.34111 0.0575281 -1.95696
v 3.36579 0.0575281 -1.94377
v 3.36877 0.0575281 -1.94218
v 3.45729 0.0575281 -1.95278
v 3.39555 0.0575281 -1.93406
v 3.39879 0.0575281 -1.93307
v 3.48354 0.0575281 -1.96075
v 3.42664 0.0575281 -1.93033
v 3.43 0.0575281 -1.93
v 3.50773 0.0575281 -1.97367
v 3.45785 0.0575281 -1.93274
v 3.46121 0.0575281 -1.93307
v 3.52893 0.0575281 -1.99107
v 3.488 0.0575281 -1.9412
v 3.49123 0.0575281 -1.94218
v 3.54633 0.0575281 -2.01227
v 3.51591 0.0575281 -1.95537
v 3.51889 0.0575281 -1.95696
v 3.55925 0.0575281 -2.03646
v 3.54053 0.0575281 -1.97472
v 3.54314 0.0575281 -1.97686
v 3.56721 0.0575281 -2.06271
v 3.56089 0.0575281 -1.9985
v 3.56303 0.0575281 -2.00111
v 3.5699 0.0575281 -2.09
v 3.57623 0.0575281 -2.02579
v 3.57782 0.0575281 -2.02877
v 3.56721 0.0575281 -2.11729
v 3.58594 0.0575281 -2.05555
v 3.58693 0.0575281 -2.05879
v 3.55925 0.0575281 -2.14354
v 3.58967 0.0575281 -2.08664
v 3.59 0.0575281 -2.09
v 3.54633 0.0575281 -2.16773
v 3.58726 0.0575281 -2.11785
v 3.58693 0.0575281 -2.12121
v 3.52893 0.0575281 -2.18893
v 3.5788 0.0575281 -2.14799
v 3.57782 0.0575281 -2.15123
v 3.50773 0.0575281 -2.20632
v 3.56463 0.0575281 -2.17591
v 3.48354 0.0575281 -2.21925
v 3.56303 0.0575281 -2.17889
v 3.54528 0.0575281 -2.20052
v 3.54314 0.0575281 -2.20314
v 3.45729 0.0575281 -2.22721
v 3.52151 0.0575281 -2.22089
v 3.51889 0.0575281 -2.22304
v 3.43 0.0575281 -2.2299
v 3.49421 0.0575281 -2.23623
v 3.49123 0.0575281 -2.23782
v 3.40271 0.0575281 -2.22721
v 3.46445 0.0575281 -2.24594
v 3.46121 0.0575281 -2.24693
v 3.37646 0.0575281 -2.21925
v 3.43337 0.0575281 -2.24967
v 3.43 0.0575281 -2.25
v 3.35227 0.0575281 -2.20633
v 3.40215 0.0575281 -2.24726
v 3.39879 0.0575281 -2.24693
v 3.33107 0.0575281 -2.18893
v 3.372 0.0575281 -2.2388
v 3.36877 0.0575281 -2.23782
v 3.31368 0.0575281 -2.16773
v 3.34409 0.0575281 -2.22463
v 3.34111 0.0575281 -2.22303
v 3.30075 0.0575281 -2.14354
v 3.31948 0.0575281 -2.20528
v 3.31686 0.0575281 -2.20314
v 3.29279 0.0575281 -2.11729
v 3.29911 0.0575281 -2.1815
v 3.29697 0.0575281 -2.17889
v 3.28218 0.0575281 -2.15123
v 3.27307 0.0575281 -2.12121
v 3.27 0.0575281 -2.09
v 3.27307 0.0575281 -2.05879
v 3.28218 0.0575281 -2.02877
v -4.30303 4.48 -2.00111
v -4.31782 4.48 -2.02877
v -4.32693 4.48 -2.05879
v -4.28314 4.48 -1.97686
v -4.25889 4.48 -1.95696
v -4.23123 4.48 -1.94218
v -4.20121 4.48 -1.93307
v -4.17 4.48 -1.93
v -4.13879 4.48 -1.93307
v -4.10877 4.48 -1.94218
v -4.08111 4.48 -1.95696
v -4.05686 4.48 -1.97686
v -4.03697 4.48 -2.00111
v -4.02218 4.48 -2.02877
v -4.01307 4.48 -2.05879
v -4.01 4.48 -2.09
v -4.01307 4.48 -2.12121
v -4.02218 4.48 -2.15123
v -4.03697 4.48 -2.17889
v -4.05686 4.48 -2.20314
v -4.08111 4.48 -2.22304
v -4.10877 4.48 -2.23782
v -4.13879 4.48 -2.24693
v -4.17 4.48 -2.25
v -4.20121 4.48 -2.24693
v -4.23123 4.48 -2.23782
v -4.25889 4.48 -2.22304
v -4.28314 4.48 -2.20314
v -4.30303 4.48 -2.17889
v -4.31782 4.48 -2.15123
v -4.32693 4.48 -2.12121
v -4.33 4.48 -2.09
v -4.31782 -0.18 -2.15123
v -4.32693 -0.18 -2.12121
v -4.33 -0.18 -2.09
v -4.30303 -0.18 -2.17889
v -4.28314 -0.18 -2.20314
v -4.25889 -0.18 -2.22304
v -4.23123 -0.18 -2.23782
v -4.20121 -0.18 -2.24693
v -4.17 -0.18 -2.25
v -4.13879 -0.18 -2.24693
v -4.10877 -0.18 -2.23782
v -4.08111 -0.18 -2.22304
v -4.05686 -0.18 -2.20314
v -4.03697 -0.18 -2.17889
v -4.02218 -0.18 -2.15123
v -4.01307 -0.18 -2.12121
v -4.01 -0.18 -2.09
v -4.01307 -0.18 -2.05879
v -4.02218 -0.18 -2.02877
v -4.03697 -0.18 -2.00111
v -4.05686 -0.18 -1.97686
v -4.08111 -0.18 -1.95696
v -4.10877 -0.18 -1.94218
v -4.13879 -0.18 -1.93307
v -4.17 -0.18 -1.93
v -4.20121 -0.18 -1.93307
v -4.23123 -0.18 -1.94218
v -4.25889 -0.18 -1.95696
v -4.28314 -0.18 -1.97686
v -4.30303 -0.18 -2.00111
v -4.31782 -0.18 -2.02877
v -4.32693 -0.18 -2.05879
v -4.32693 -0.18 -2.12121
v -4.32693 4.48 -2.12121
v -4.33 4.48 -2.09
v -4.33 -0.18 -2.09
v -4.31782 -0.18 -2.15123
v -4.31782 4.48 -2.15123
v -4.32693 4.48 -2.12121
v -4.32693 -0.18 -2.12121
v -4.30303 -0.18 -2.17889
v -4.30303 4.48 -2.17889
v -4.31782 4.48 -2.15123
v -4.31782 -0.18 -2.15123
v -4.28314 -0.18 -2.20314
v -4.28314 4.48 -2.20314
v -4.30303 4.48 -2.17889
v -4.30303 -0.18 -2.17889
v -4.25889 -0.18 -2.22304
v -4.25889 4.48 -2.22304
v -4.28314 4.48 -2.20314
v -4.28314 -0.18 -2.20314
v -4.23123 -0.18 -2.23782
v -4.23123 4.48 -2.23782
v -4.25889 4.48 -2.22304
v -4.25889 -0.18 -2.22304
v -4.20121 -0.18 -2.24693
v -4.20121 4.48 -2.24693
v -4.23123 4.48 -2.23782
v -4.23123 -0.18 -2.23782
v -4.17 -0.18 -2.25
v -4.17 4.48 -2.25
v -4.20121 4.48 -2.24693
v -4.20121 -0.18 -2.24693
v -4.13879 -0.18 -2.24693
v -4.13879 4.48 -2.24693
v -4.17 4.48 -2.25
v -4.17 -0.18 -2.25
v -4.10877 -0.18 -2.23782
v -4.10877 4.48 -2.23782
v -4.13879 4.48 -2.24693
v -4.13879 -0.18 -2.24693
v -4.08111 -0.18 -2.22304
v -4.08111 4.48 -2.22304
v -4.10877 4.48 -2.23782
v -4.10877 -0.18 -2.23782
v -4.05686 -0.18 -2.20314
v -4.05686 4.48 -2.20314
v -4.08111 4.48 -2.22304
v -4.08111 -0.18 -2.22304
v -4.03697 -0.18 -2.17889
v -4.03697 4.48 -2.17889
v -4.05686 4.48 -2.20314
v -4.05686 -0.18 -2.20314
v -4.02218 -0.18 -2.15123
v -4.02218 4.48 -2.15123
v -4.03697 4.48 -2.17889
v -4.03697 -0.18 -2.17889
v -4.01307 -0.18 -2.12121
v -4.01307 4.48 -2.12121
v -4.02218 4.48 -2.15123
v -4.02218 -0.18 -2.15123
v -4.01 -0.18 -2.09
v -4.01 4.48 -2.09
v -4.01307 4.48 -2.12121
v -4.01307 -0.18 -2.12121
v -4.01307 -0.18 -2.05879
v -4.01307 4.48 -2.05879
v -4.01 4.48 -2.09
v -4.01 -0.18 -2.09
v -4.02218 -0.18 -2.02877
v -4.02218 4.48 -2.02877
v -4.01307 4.48 -2.05879
v -4.01307 -0.18 -2.05879
v -4.03697 -0.18 -2.00111
v -4.03697 4.48 -2.00111
v -4.02218 4.48 -2.02877
v -4.02218 -0.18 -2.02877
v -4.05686 -0.18 -1.97686
v -4.05686 4.48 -1.97686
v -4.03697 4.48 -2.00111
v -4.03697 -0.18 -2.00111
v -4.08111 -0.18 -1.95696
v -4.08111 4.48 -1.95696
v -4.05686 4.48 -1.97686
v -4.05686 -0.18 -1.97686
v -4.10877 -0.18 -1.94218
v -4.10877 4.48 -1.94218
v -4.08111 4.48 -1.95696
v -4.08111 -0.18 -1.95696
v -4.13879 -0.18 -1.93307
v -4.13879 4.48 -1.93307
v -4.10877 4.48 -1.94218
v -4.10877 -0.18 -1.94218
v -4.17 -0.18 -1.93
v -4.17 4.48 -1.93
v -4.13879 4.48 -1.93307
v -4.13879 -0.18 -1.93307
v -4.20121 -0.18 -1.93307
v -4.20121 4.48 -1.93307
v -4.17 4.48 -1.93
v -4.17 -0.18 -1.93
v -4.23123 -0.18 -1.94218
v -4.23123 4.48 -1.94218
v -4.20121 4.48 -1.93307
v -4.20121 -0.18 -1.93307
v -4.25889 -0.18 -1.95696
v -4.25889 4.48 -1.95696
v -4.23123 4.48 -1.94218
v -4.23123 -0.18 -1.94218
v -4.28314 -0.18 -1.97686
v -4.28314 4.48 -1.97686
v -4.25889 4.48 -1.95696
v -4.25889 -0.18 -1.95696
v -4.30303 -0.18 -2.00111
v -4.30303 4.48 -2.00111
v -4.28314 4.48 -1.97686
v -4.28314 -0.18 -1.97686
v -4.31782 -0.18 -2.02877
v -4.31782 4.48 -2.02877
v -4.30303 4.48 -2.00111
v -4.30303 -0.18 -2.00111
v -4.32693 -0.18 -2.05879
v -4.32693 4.48 -2.05879
v -4.31782 4.48 -2.02877
v -4.31782 -0.18 -2.02877
v -4.33 -0.18 -2.09
v -4.33 4.48 -2.09
v -4.32693 4.48 -2.05879
v -4.32693 -0.18 -2.05879
v 3.28218 5.12 -2.02877
v 3.27307 5.12 -2.05879
v 3.27 5.12 -2.09
v 3.29697 5.12 -2.00111
v 3.31686 5.12 -1.97686
v 3.34111 5.12 -1.95696
v 3.36877 5.12 -1.94218
v 3.39879 5.12 -1.93307
v 3.43 5.12 -1.93
v 3.46121 5.12 -1.93307
v 3.49123 5.12 -1.94218
v 3.51889 5.12 -1.95696
v 3.54314 5.12 -1.97686
v 3.56303 5.12 -2.00111
v 3.57782 5.12 -2.02877
v 3.58693 5.12 -2.05879
v 3.59 5.12 -2.09
v 3.58693 5.12 -2.12121
v 3.57782 5.12 -2.15123
v 3.56303 5.12 -2.17889
v 3.54314 5.12 -2.20314
v 3.51889 5.12 -2.22304
v 3.49123 5.12 -2.23782
v 3.46121 5.12 -2.24693
v 3.43 5.12 -2.25
v 3.39879 5.12 -2.24693
v 3.36877 5.12 -2.23782
v 3.34111 5.12 -2.22304
v 3.31686 5.12 -2.20314
v 3.29697 5.12 -2.17889
v 3.28218 5.12 -2.15123
v 3.27307 5.12 -2.12121
v 3.27307 5.12 -2.12121
v 3.27 5.12 -2.09
v 3.27 5.06247 -2.09
v 3.27307 5.06247 -2.12121
v 3.27307 0.0575281 -2.12121
v 3.27 0.0575281 -2.09
v 3.27307 0 -2.12121
v 3.27 0 -2.09
v 3.28218 5.12 -2.15123
v 3.27307 5.12 -2.12121
v 3.27307 5.06247 -2.12121
v 3.28218 5.06247 -2.15123
v 3.28218 0.0575281 -2.15123
v 3.27307 0.0575281 -2.12121
v 3.28218 9.15527E-07 -2.15123
v 3.27307 0 -2.12121
v 3.29697 5.12 -2.17889
v 3.28218 5.12 -2.15123
v 3.28218 5.06247 -2.15123
v 3.29697 5.06247 -2.17889
v 3.29697 0.0575281 -2.17889
v 3.28218 0.0575281 -2.15123
v 3.29697 0 -2.17889
v 3.28218 9.15527E-07 -2.15123
v 3.31686 5.12 -2.20314
v 3.29697 5.12 -2.17889
v 3.29697 5.06247 -2.17889
v 3.31686 5.06247 -2.20314
v 3.29911 0.0575281 -2.1815
v 3.31686 0.0575281 -2.20314
v 3.29911 5.06247 -2.1815
v 3.29697 0.0575281 -2.17889
v 3.31686 0 -2.20314
v 3.29697 0 -2.17889
v 3.34111 5.12 -2.22304
v 3.31686 5.12 -2.20314
v 3.31686 5.06247 -2.20314
v 3.34111 5.06247 -2.22304
v 3.31686 0.0575281 -2.20314
v 3.31948 0.0575281 -2.20528
v 3.31948 5.06247 -2.20528
v 3.34111 0.0575281 -2.22303
v 3.34111 5.06247 -2.22303
v 3.31686 0 -2.20314
v 3.34111 0 -2.22304
v 3.34111 0.0575281 -2.22304
v 3.36877 5.12 -2.23782
v 3.34111 5.12 -2.22304
v 3.34111 5.06247 -2.22304
v 3.36877 5.06247 -2.23782
v 3.34409 5.06247 -2.22463
v 3.34409 0.0575281 -2.22463
v 3.36877 0.0575281 -2.23782
v 3.34111 5.06247 -2.22303
v 3.34111 0.0575281 -2.22303
v 3.34111 0.0575281 -2.22304
v 3.36877 0 -2.23782
v 3.34111 0 -2.22304
v 3.39879 5.12 -2.24693
v 3.36877 5.12 -2.23782
v 3.36877 5.06247 -2.23782
v 3.39879 5.06247 -2.24693
v 3.372 5.06247 -2.2388
v 3.36877 0.0575281 -2.23782
v 3.372 0.0575281 -2.2388
v 3.39879 0.0575281 -2.24693
v 3.39879 0 -2.24693
v 3.36877 0 -2.23782
v 3.43 5.12 -2.25
v 3.39879 5.12 -2.24693
v 3.39879 5.06247 -2.24693
v 3.43 5.06247 -2.25
v 3.40215 0.0575281 -2.24726
v 3.43 0.0575281 -2.25
v 3.40215 5.06247 -2.24726
v 3.39879 0.0575281 -2.24693
v 3.43 0 -2.25
v 3.39879 0 -2.24693
v 3.46121 5.12 -2.24693
v 3.43 5.12 -2.25
v 3.43 5.06247 -2.25
v 3.46121 5.06247 -2.24693
v 3.46121 0.0575281 -2.24693
v 3.43337 5.06247 -2.24967
v 3.43337 0.0575281 -2.24967
v 3.43 0.0575281 -2.25
v 3.46121 0 -2.24693
v 3.43 0 -2.25
v 3.49123 5.12 -2.23782
v 3.46121 5.12 -2.24693
v 3.46121 5.06247 -2.24693
v 3.49123 5.06247 -2.23782
v 3.46445 5.06247 -2.24594
v 3.46445 0.0575281 -2.24594
v 3.49123 0.0575281 -2.23782
v 3.46121 0.0575281 -2.24693
v 3.49123 0 -2.23782
v 3.46121 0 -2.24693
v 3.51889 5.12 -2.22304
v 3.49123 5.12 -2.23782
v 3.49123 5.06247 -2.23782
v 3.51889 5.06247 -2.22304
v 3.49421 5.06247 -2.23623
v 3.49123 0.0575281 -2.23782
v 3.49421 0.0575281 -2.23623
v 3.51889 0.0575281 -2.22304
v 3.51889 0 -2.22304
v 3.49123 0 -2.23782
v 3.54314 5.12 -2.20314
v 3.51889 5.12 -2.22304
v 3.51889 5.06247 -2.22304
v 3.54314 5.06247 -2.20314
v 3.52151 0.0575281 -2.22089
v 3.54314 0.0575281 -2.20314
v 3.52151 5.06247 -2.22089
v 3.51889 0.0575281 -2.22304
v 3.54314 0 -2.20314
v 3.51889 0 -2.22304
v 3.56303 5.12 -2.17889
v 3.54314 5.12 -2.20314
v 3.54314 5.06247 -2.20314
v 3.56303 5.06247 -2.17889
v 3.56303 0.0575281 -2.17889
v 3.54528 5.06247 -2.20052
v 3.54528 0.0575281 -2.20052
v 3.54314 0.0575281 -2.20314
v 3.56303 0 -2.17889
v 3.54314 0 -2.20314
v 3.57782 5.12 -2.15123
v 3.56303 5.12 -2.17889
v 3.56303 5.06247 -2.17889
v 3.57782 5.06247 -2.15123
v 3.56463 5.06247 -2.17591
v 3.56463 0.0575281 -2.17591
v 3.57782 0.0575281 -2.15123
v 3.56303 0.0575281 -2.17889
v 3.57782 9.15527E-07 -2.15123
v 3.56303 0 -2.17889
v 3.58693 5.12 -2.12121
v 3.57782 5.12 -2.15123
v 3.57782 5.06247 -2.15123
v 3.58693 5.06247 -2.12121
v 3.5788 5.06247 -2.14799
v 3.57782 0.0575281 -2.15123
v 3.5788 0.0575281 -2.14799
v 3.58693 0.0575281 -2.12121
v 3.58693 0 -2.12121
v 3.57782 9.15527E-07 -2.15123
v 3.59 5.12 -2.09
v 3.58693 5.12 -2.12121
v 3.58693 5.06247 -2.12121
v 3.59 5.06247 -2.09
v 3.58726 0.0575281 -2.11785
v 3.59 0.0575281 -2.09
v 3.58726 5.06247 -2.11785
v 3.58693 0.0575281 -2.12121
v 3.59 0 -2.09
v 3.58693 0 -2.12121
v 3.58693 5.12 -2.05879
v 3.59 5.12 -2.09
v 3.59 5.06247 -2.09
v 3.58693 5.06247 -2.05879
v 3.58693 0.0575281 -2.05879
v 3.58967 5.06247 -2.08664
v 3.58967 0.0575281 -2.08664
v 3.59 0.0575281 -2.09
v 3.58693 0 -2.05879
v 3.59 0 -2.09
v 3.57782 5.12 -2.02877
v 3.58693 5.12 -2.05879
v 3.58693 5.06247 -2.05879
v 3.57782 5.06247 -2.02877
v 3.58594 5.06247 -2.05555
v 3.58594 0.0575281 -2.05555
v 3.57782 0.0575281 -2.02877
v 3.58693 0.0575281 -2.05879
v 3.57782 9.15527E-07 -2.02877
v 3.58693 0 -2.05879
v 3.56303 5.12 -2.00111
v 3.57782 5.12 -2.02877
v 3.57782 5.06247 -2.02877
v 3.56303 5.06247 -2.00111
v 3.57623 5.06247 -2.02579
v 3.57782 0.0575281 -2.02877
v 3.57623 0.0575281 -2.02579
v 3.56303 0.0575281 -2.00111
v 3.56303 0 -2.00111
v 3.57782 9.15527E-07 -2.02877
v 3.54314 5.12 -1.97686
v 3.56303 5.12 -2.00111
v 3.56303 5.06247 -2.00111
v 3.54314 5.06247 -1.97686
v 3.56089 0.0575281 -1.9985
v 3.54314 0.0575281 -1.97686
v 3.56089 5.06247 -1.9985
v 3.56303 0.0575281 -2.00111
v 3.54314 0 -1.97686
v 3.56303 0 -2.00111
v 3.51889 5.12 -1.95696
v 3.54314 5.12 -1.97686
v 3.54314 5.06247 -1.97686
v 3.51889 5.06247 -1.95696
v 3.51889 0.0575281 -1.95696
v 3.54053 5.06247 -1.97472
v 3.54053 0.0575281 -1.97472
v 3.54314 0.0575281 -1.97686
v 3.51889 0 -1.95696
v 3.54314 0 -1.97686
v 3.49123 5.12 -1.94218
v 3.51889 5.12 -1.95696
v 3.51889 5.06247 -1.95696
v 3.49123 5.06247 -1.94218
v 3.51591 5.06247 -1.95537
v 3.51591 0.0575281 -1.95537
v 3.49123 0.0575281 -1.94218
v 3.51889 0.0575281 -1.95696
v 3.49123 0 -1.94218
v 3.51889 0 -1.95696
v 3.46121 5.12 -1.93307
v 3.49123 5.12 -1.94218
v 3.49123 5.06247 -1.94218
v 3.46121 5.06247 -1.93307
v 3.488 5.06247 -1.9412
v 3.49123 0.0575281 -1.94218
v 3.488 0.0575281 -1.9412
v 3.46121 0.0575281 -1.93307
v 3.46121 0 -1.93307
v 3.49123 0 -1.94218
v 3.43 5.12 -1.93
v 3.46121 5.12 -1.93307
v 3.46121 5.06247 -1.93307
v 3.43 5.06247 -1.93
v 3.45785 0.0575281 -1.93274
v 3.43 0.0575281 -1.93
v 3.45785 5.06247 -1.93274
v 3.46121 0.0575281 -1.93307
v 3.43 0 -1.93
v 3.46121 0 -1.93307
v 3.39879 5.12 -1.93307
v 3.43 5.12 -1.93
v 3.43 5.06247 -1.93
v 3.39879 5.06247 -1.93307
v 3.39879 0.0575281 -1.93307
v 3.42664 5.06247 -1.93033
v 3.42664 0.0575281 -1.93033
v 3.43 0.0575281 -1.93
v 3.39879 0 -1.93307
v 3.43 0 -1.93
v 3.36877 5.12 -1.94218
v 3.39879 5.12 -1.93307
v 3.39879 5.06247 -1.93307
v 3.36877 5.06247 -1.94218
v 3.39555 5.06247 -1.93406
v 3.39555 0.0575281 -1.93406
v 3.36877 0.0575281 -1.94218
v 3.39879 0.0575281 -1.93307
v 3.36877 0 -1.94218
v 3.39879 0 -1.93307
v 3.34111 5.12 -1.95696
v 3.36877 5.12 -1.94218
v 3.36877 5.06247 -1.94218
v 3.34111 5.06247 -1.95696
v 3.36579 5.06247 -1.94377
v 3.36877 0.0575281 -1.94218
v 3.36579 0.0575281 -1.94377
v 3.34111 0.0575281 -1.95696
v 3.34111 0 -1.95696
v 3.36877 0 -1.94218
v 3.31686 5.12 -1.97686
v 3.34111 5.12 -1.95696
v 3.34111 5.06247 -1.95696
v 3.31686 5.06247 -1.97686
v 3.3385 0.0575281 -1.95911
v 3.31686 0.0575281 -1.97686
v 3.3385 5.06247 -1.95911
v 3.34111 0.0575281 -1.95696
v 3.31686 0 -1.97686
v 3.34111 0 -1.95696
v 3.29697 5.12 -2.00111
v 3.31686 5.12 -1.97686
v 3.31686 5.06247 -1.97686
v 3.29697 5.06247 -2.00111
v 3.29697 0.0575281 -2.00111
v 3.31472 5.06247 -1.97948
v 3.31472 0.0575281 -1.97948
v 3.31686 0.0575281 -1.97686
v 3.29697 0 -2.00111
v 3.31686 0 -1.97686
v 3.28218 5.12 -2.02877
v 3.29697 5.12 -2.00111
v 3.29697 5.06247 -2.00111
v 3.28218 5.06247 -2.02877
v 3.28377 5.06247 -2.02579
v 3.28218 0.0575281 -2.02877
v 3.28377 0.0575281 -2.02579
v 3.29537 0.0575281 -2.00409
v 3.29537 5.06247 -2.00409
v 3.29697 0.0575281 -2.00111
v 3.28218 9.15527E-07 -2.02877
v 3.29697 0 -2.00111
v 3.27307 5.12 -2.05879
v 3.28218 5.12 -2.02877
v 3.28218 5.06247 -2.02877
v 3.27307 5.06247 -2.05879
v 3.27307 0.0575281 -2.05879
v 3.28218 0.0575281 -2.02877
v 3.27307 0 -2.05879
v 3.28218 9.15527E-07 -2.02877
v 3.27 5.12 -2.09
v 3.27307 5.12 -2.05879
v 3.27307 5.06247 -2.05879
v 3.27 5.06247 -2.09
v 3.27 0.0575281 -2.09
v 3.27307 0.0575281 -2.05879
v 3.27 0 -2.09
v 3.27307 0 -2.05879
v 3.36877 0.0575281 -2.23782
v 3.39879 0.0575281 -2.24693
v 3.43 0.0575281 -2.25
v 3.34111 0.0575281 -2.22304
v 3.31686 0.0575281 -2.20314
v 3.29697 0.0575281 -2.17889
v 3.28218 0.0575281 -2.15123
v 3.27307 0.0575281 -2.12121
v 3.27 0.0575281 -2.09
v 3.27307 0.0575281 -2.05879
v 3.28218 0.0575281 -2.02877
v 3.29697 0.0575281 -2.00111
v 3.31686 0.0575281 -1.97686
v 3.34111 0.0575281 -1.95696
v 3.36877 0.0575281 -1.94218
v 3.39879 0.0575281 -1.93307
v 3.43 0.0575281 -1.93
v 3.46121 0.0575281 -1.93307
v 3.49123 0.0575281 -1.94218
v 3.51889 0.0575281 -1.95696
v 3.54314 0.0575281 -1.97686
v 3.56303 0.0575281 -2.00111
v 3.57782 0.0575281 -2.02877
v 3.58693 0.0575281 -2.05879
v 3.59 0.0575281 -2.09
v 3.58693 0.0575281 -2.12121
v 3.57782 0.0575281 -2.15123
v 3.56303 0.0575281 -2.17889
v 3.54314 0.0575281 -2.20314
v 3.51889 0.0575281 -2.22304
v 3.49123 0.0575281 -2.23782
v 3.46121 0.0575281 -2.24693
v 3.28377 0.0575281 -2.02579
v 3.28377 5.06247 -2.02579
v 3.29911 5.06247 -2.1815
v 3.29911 0.0575281 -2.1815
v 3.29911 0.0575281 -2.1815
v 3.29911 5.06247 -2.1815
v 3.29279 5.06247 -2.11729
v 3.29279 0.0575281 -2.11729
v 3.29279 0.0575281 -2.11729
v 3.29279 5.06247 -2.11729
v 3.31948 5.06247 -2.20528
v 3.31948 0.0575281 -2.20528
v 3.31948 0.0575281 -2.20528
v 3.31948 5.06247 -2.20528
v 3.30075 5.06247 -2.14354
v 3.30075 0.0575281 -2.14354
v 3.30075 0.0575281 -2.14354
v 3.30075 5.06247 -2.14354
v 3.34409 5.06247 -2.22463
v 3.34409 0.0575281 -2.22463
v 3.34409 0.0575281 -2.22463
v 3.34409 5.06247 -2.22463
v 3.31368 5.06247 -2.16773
v 3.31368 0.0575281 -2.16773
v 3.31368 0.0575281 -2.16773
v 3.31368 5.06247 -2.16773
v 3.372 5.06247 -2.2388
v 3.372 0.0575281 -2.2388
v 3.372 0.0575281 -2.2388
v 3.372 5.06247 -2.2388
v 3.33107 5.06247 -2.18893
v 3.33107 0.0575281 -2.18893
v 3.33107 0.0575281 -2.18893
v 3.33107 5.06247 -2.18893
v 3.40215 5.06247 -2.24726
v 3.40215 0.0575281 -2.24726
v 3.40215 0.0575281 -2.24726
v 3.40215 5.06247 -2.24726
v 3.35227 5.06247 -2.20633
v 3.35227 0.0575281 -2.20633
v 3.35227 0.0575281 -2.20633
v 3.35227 5.06247 -2.20633
v 3.43337 5.06247 -2.24967
v 3.43337 0.0575281 -2.24967
v 3.43337 0.0575281 -2.24967
v 3.43337 5.06247 -2.24967
v 3.37646 5.06247 -2.21925
v 3.37646 0.0575281 -2.21925
v 3.37646 0.0575281 -2.21925
v 3.37646 5.06247 -2.21925
v 3.46445 5.06247 -2.24594
v 3.46445 0.0575281 -2.24594
v 3.46445 0.0575281 -2.24594
v 3.46445 5.06247 -2.24594
v 3.40271 5.06247 -2.22721
v 3.40271 0.0575281 -2.22721
v 3.40271 0.0575281 -2.22721
v 3.40271 5.06247 -2.22721
v 3.49421 5.06247 -2.23623
v 3.49421 0.0575281 -2.23623
v 3.49421 0.0575281 -2.23623
v 3.49421 5.06247 -2.23623
v 3.43 5.06247 -2.2299
v 3.43 0.0575281 -2.2299
v 3.43 0.0575281 -2.2299
v 3.43 5.06247 -2.2299
v 3.52151 5.06247 -2.22089
v 3.52151 0.0575281 -2.22089
v 3.52151 0.0575281 -2.22089
v 3.52151 5.06247 -2.22089
v 3.45729 5.06247 -2.22721
v 3.45729 0.0575281 -2.22721
v 3.45729 0.0575281 -2.22721
v 3.45729 5.06247 -2.22721
v 3.54528 5.06247 -2.20052
v 3.54528 0.0575281 -2.20052
v 3.54528 0.0575281 -2.20052
v 3.54528 5.06247 -2.20052
v 3.48354 5.06247 -2.21925
v 3.48354 0.0575281 -2.21925
v 3.48354 0.0575281 -2.21925
v 3.48354 5.06247 -2.21925
v 3.56463 5.06247 -2.17591
v 3.56463 0.0575281 -2.17591
v 3.56463 0.0575281 -2.17591
v 3.56463 5.06247 -2.17591
v 3.50773 5.06247 -2.20632
v 3.50773 0.0575281 -2.20632
v 3.50773 0.0575281 -2.20632
v 3.50773 5.06247 -2.20632
v 3.5788 5.06247 -2.14799
v 3.5788 0.0575281 -2.14799
v 3.5788 0.0575281 -2.14799
v 3.5788 5.06247 -2.14799
v 3.52893 5.06247 -2.18893
v 3.52893 0.0575281 -2.18893
v 3.52893 0.0575281 -2.18893
v 3.52893 5.06247 -2.18893
v 3.58726 5.06247 -2.11785
v 3.58726 0.0575281 -2.11785
v 3.58726 0.0575281 -2.11785
v 3.58726 5.06247 -2.11785
v 3.54633 5.06247 -2.16773
v 3.54633 0.0575281 -2.16773
v 3.54633 0.0575281 -2.16773
v 3.54633 5.06247 -2.16773
v 3.58967 5.06247 -2.08664
v 3.58967 0.0575281 -2.08664
v 3.58967 0.0575281 -2.08664
v 3.58967 5.06247 -2.08664
v 3.55925 5.06247 -2.14354
v 3.55925 0.0575281 -2.14354
v 3.55925 0.0575281 -2.14354
v 3.55925 5.06247 -2.14354
v 3.58594 5.06247 -2.05555
v 3.58594 0.0575281 -2.05555
v 3.58594 0.0575281 -2.05555
v 3.58594 5.06247 -2.05555
v 3.56721 5.06247 -2.11729
v 3.56721 0.0575281 -2.11729
v 3.56721 0.0575281 -2.11729
v 3.56721 5.06247 -2.11729
v 3.57623 5.06247 -2.02579
v 3.57623 0.0575281 -2.02579
v 3.57623 0.0575281 -2.02579
v 3.57623 5.06247 -2.02579
v 3.5699 5.06247 -2.09
v 3.5699 0.0575281 -2.09
v 3.5699 0.0575281 -2.09
v 3.5699 5.06247 -2.09
v 3.56089 5.06247 -1.9985
v 3.56089 0.0575281 -1.9985
v 3.56089 0.0575281 -1.9985
v 3.56089 5.06247 -1.9985
v 3.56721 5.06247 -2.06271
v 3.56721 0.0575281 -2.06271
v 3.56721 0.0575281 -2.06271
v 3.56721 5.06247 -2.06271
v 3.54053 5.06247 -1.97472
v 3.54053 0.0575281 -1.97472
v 3.54053 0.0575281 -1.97472
v 3.54053 5.06247 -1.97472
v 3.55925 5.06247 -2.03646
v 3.55925 0.0575281 -2.03646
v 3.55925 0.0575281 -2.03646
v 3.55925 5.06247 -2.03646
v 3.51591 5.06247 -1.95537
v 3.51591 0.0575281 -1.95537
v 3.51591 0.0575281 -1.95537
v 3.51591 5.06247 -1.95537
v 3.54633 5.06247 -2.01227
v 3.54633 0.0575281 -2.01227
v 3.54633 0.0575281 -2.01227
v 3.54633 5.06247 -2.01227
v 3.488 5.06247 -1.9412
v 3.488 0.0575281 -1.9412
v 3.488 0.0575281 -1.9412
v 3.488 5.06247 -1.9412
v 3.52893 5.06247 -1.99107
v 3.52893 0.0575281 -1.99107
v 3.52893 0.0575281 -1.99107
v 3.52893 5.06247 -1.99107
v 3.45785 5.06247 -1.93274
v 3.45785 0.0575281 -1.93274
v 3.45785 0.0575281 -1.93274
v 3.45785 5.06247 -1.93274
v 3.50773 5.06247 -1.97367
v 3.50773 0.0575281 -1.97367
v 3.50773 0.0575281 -1.97367
v 3.50773 5.06247 -1.97367
v 3.42664 5.06247 -1.93033
v 3.42664 0.0575281 -1.93033
v 3.42664 0.0575281 -1.93033
v 3.42664 5.06247 -1.93033
v 3.48354 5.06247 -1.96075
v 3.48354 0.0575281 -1.96075
v 3.48354 0.0575281 -1.96075
v 3.48354 5.06247 -1.96075
v 3.39555 5.06247 -1.93406
v 3.39555 0.0575281 -1.93406
v 3.39555 0.0575281 -1.93406
v 3.39555 5.06247 -1.93406
v 3.45729 5.06247 -1.95278
v 3.45729 0.0575281 -1.95278
v 3.45729 0.0575281 -1.95278
v 3.45729 5.06247 -1.95278
v 3.36579 5.06247 -1.94377
v 3.36579 0.0575281 -1.94377
v 3.36579 0.0575281 -1.94377
v 3.36579 5.06247 -1.94377
v 3.43 5.06247 -1.9501
v 3.43 0.0575281 -1.9501
v 3.43 0.0575281 -1.9501
v 3.43 5.06247 -1.9501
v 3.3385 5.06247 -1.95911
v 3.3385 0.0575281 -1.95911
v 3.3385 0.0575281 -1.95911
v 3.3385 5.06247 -1.95911
v 3.40271 5.06247 -1.95279
v 3.40271 0.0575281 -1.95279
v 3.40271 0.0575281 -1.95279
v 3.40271 5.06247 -1.95279
v 3.31472 5.06247 -1.97948
v 3.31472 0.0575281 -1.97948
v 3.31472 0.0575281 -1.97948
v 3.31472 5.06247 -1.97948
v 3.37646 5.06247 -1.96075
v 3.37646 0.0575281 -1.96075
v 3.37646 0.0575281 -1.96075
v 3.37646 5.06247 -1.96075
v 3.29537 5.06247 -2.00409
v 3.29537 0.0575281 -2.00409
v 3.28377 5.06247 -2.02579
v 3.28377 0.0575281 -2.02579
v 3.28415 0.0575281 -2.02959
v 3.28415 5.06247 -2.02959
v 3.28579 0.0575281 -2.04626
v 3.28579 5.06247 -2.04626
v 3.2873 5.06247 -2.06161
v 3.2873 0.0575281 -2.06161
v 3.28873 5.06247 -2.07609
v 3.28873 0.0575281 -2.07609
v 3.2901 5.06247 -2.09
v 3.2901 0.0575281 -2.09
v 3.29537 0.0575281 -2.00409
v 3.29537 5.06247 -2.00409
v 3.35227 5.06247 -1.97367
v 3.35227 0.0575281 -1.97367
v 3.35227 0.0575281 -1.97367
v 3.35227 5.06247 -1.97367
v 3.28415 5.06247 -2.02959
v 3.28415 0.0575281 -2.02959
v 3.28415 0.0575281 -2.02959
v 3.28415 5.06247 -2.02959
v 3.33107 5.06247 -1.99107
v 3.33107 0.0575281 -1.99107
v 3.33107 0.0575281 -1.99107
v 3.33107 5.06247 -1.99107
v 3.28579 5.06247 -2.04626
v 3.28579 0.0575281 -2.04626
v 3.28579 0.0575281 -2.04626
v 3.28579 5.06247 -2.04626
v 3.31368 5.06247 -2.01227
v 3.31368 0.0575281 -2.01227
v 3.31368 0.0575281 -2.01227
v 3.31368 5.06247 -2.01227
v 3.2873 5.06247 -2.06161
v 3.2873 0.0575281 -2.06161
v 3.2873 0.0575281 -2.06161
v 3.2873 5.06247 -2.06161
v 3.30075 5.06247 -2.03646
v 3.30075 0.0575281 -2.03646
v 3.30075 0.0575281 -2.03646
v 3.30075 5.06247 -2.03646
v 3.28873 5.06247 -2.07609
v 3.28873 0.0575281 -2.07609
v 3.28873 0.0575281 -2.07609
v 3.28873 5.06247 -2.07609
v 3.29279 5.06247 -2.06271
v 3.29279 0.0575281 -2.06271
v 3.29279 0.0575281 -2.06271
v 3.29279 5.06247 -2.06271
v 3.2901 5.06247 -2.09
v 3.2901 0.0575281 -2.09
v 2.08552 5.28158 -2.16777
v 2.08552 4.08421 -2.16777
v 2.08552 4.08421 -2.13752
v 2.08552 5.28158 -2.13752
v -2.07448 4.08421 -2.16777
v -2.07448 5.28158 -2.16777
v -2.07448 5.28158 -2.13752
v -2.07448 4.08421 -2.13752
v -2.07448 4.08421 -2.16777
v -2.07448 4.08421 -2.13752
v 2.08552 4.08421 -2.13752
v 2.08552 4.08421 -2.16777
v -2.07448 5.28158 -2.13752
v -2.07448 5.28158 -2.16777
v 2.08552 5.28158 -2.16777
v 2.08552 5.28158 -2.13752
v -2.07448 5.28158 -2.13752
v 2.08552 5.28158 -2.13752
v 2.08552 4.08421 -2.13752
v -2.07448 4.08421 -2.13752
v 2.08552 5.28158 -2.16777
v -2.07448 5.28158 -2.16777
v -2.07448 4.08421 -2.16777
v 2.08552 4.08421 -2.16777
v 2.00552 5.28158 -4.10377
v 2.00552 4.08421 -4.10377
v 2.00552 4.08421 -4.07352
v 2.00552 5.28158 -4.07352
v -2.09448 4.08421 -4.10377
v -2.09448 5.28158 -4.10377
v -2.09448 5.28158 -4.07352
v -2.09448 4.08421 -4.07352
v -2.09448 4.08421 -4.10377
v -2.09448 4.08421 -4.07352
v 2.00552 4.08421 -4.07352
v 2.00552 4.08421 -4.10377
v -2.09448 5.28158 -4.07352
v -2.09448 5.28158 -4.10377
v 2.00552 5.28158 -4.10377
v 2.00552 5.28158 -4.07352
v -2.09448 5.28158 -4.07352
v 2.00552 5.28158 -4.07352
v 2.00552 4.08421 -4.07352
v -2.09448 4.08421 -4.07352
v 2.00552 5.28158 -4.10377
v -2.09448 5.28158 -4.10377
v -2.09448 4.08421 -4.10377
v 2.00552 4.08421 -4.10377
v -2.08448 5.25877 -4.08865
v -2.08448 4.08 -4.08865
v -2.06448 4.08 -4.08865
v -2.06448 5.25877 -4.08865
v -2.08448 4.08 -2.15265
v -2.08448 5.25877 -2.15265
v -2.06448 5.25877 -2.15265
v -2.06448 4.08 -2.15265
v -2.08448 4.08 -2.15265
v -2.06448 4.08 -2.15265
v -2.06448 4.08 -4.08865
v -2.08448 4.08 -4.08865
v -2.06448 5.25877 -2.15265
v -2.08448 5.25877 -2.15265
v -2.08448 5.25877 -4.08865
v -2.06448 5.25877 -4.08865
v -2.06448 5.25877 -2.15265
v -2.06448 5.25877 -4.08865
v -2.06448 4.08 -4.08865
v -2.06448 4.08 -2.15265
v -2.08448 5.25877 -4.08865
v -2.08448 5.25877 -2.15265
v -2.08448 4.08 -2.15265
v -2.08448 4.08 -4.08865
v 2.00552 5.35 -4.31552
v 2.00552 5.25877 -4.31552
v 2.00552 5.25877 -1.89552
v 2.00552 5.35 -1.89552
v -2.23448 5.25877 -4.31552
v -2.23448 5.35 -4.31552
v -2.23448 5.35 -1.89552
v -2.23448 5.25877 -1.89552
v -2.23448 5.25877 -4.31552
v -2.23448 5.25877 -1.89552
v 2.00552 5.25877 -1.89552
v 2.00552 5.25877 -4.31552
v -2.23448 5.35 -1.89552
v -2.23448 5.35 -4.31552
v 2.00552 5.35 -4.31552
v 2.00552 5.35 -1.89552
v -2.23448 5.35 -1.89552
v 2.00552 5.35 -1.89552
v 2.00552 5.25877 -1.89552
v -2.23448 5.25877 -1.89552
v 2.00552 5.35 -4.31552
v -2.23448 5.35 -4.31552
v -2.23448 5.25877 -4.31552
v 2.00552 5.25877 -4.31552
v -0.28448 4 -2.15552
v -0.164479 4.06 -2.03552
v -0.164479 4.06 -2.15552
v -0.284479 4 -2.15552
v -0.164479 4.06 -4.07552
v -0.284479 4 -4.07552
v -0.309284 4 -4.09552
v -0.159674 4.06 -4.21552
v -0.309284 4.06 -4.21552
v -0.304479 4 -4.09552
v -0.304479 4 -4.07552
v -0.304479 4.08 -4.07552
v -0.304479 4.06 -4.21552
v -0.304479 4.08 -4.21552
v -2.06448 4.08 -4.21552
v -2.06448 4.08 -4.07552
v -2.06448 4 -4.07552
v -2.06448 4.06 -4.21552
v -2.06448 4 -4.09552
v -2.06448 4.08 -4.21552
v -0.304479 4.08 -4.21552
v -0.304479 4.08 -4.07552
v -2.06448 4.08 -4.07552
v -2.20448 4.08 -4.21552
v -2.20448 4.08 -4.09552
v -2.06448 4.08 -4.09552
v -2.20448 4.08 -2.17552
v -2.06448 4.08 -2.17552
v -2.06448 4.08 -2.03552
v -2.20448 4.08 -2.03552
v -0.304479 4.08 -2.03552
v -0.304479 4.08 -2.17552
v -0.164479 4.08 -4.07552
v -0.304479 4.08 -2.15552
v -0.164479 4.08 -2.15552
v -0.164479 4.08 -2.03552
v -0.304479 4.08 -4.07552
v -0.304479 4 -4.07552
v -2.06448 4 -4.07552
v -2.06448 4.08 -4.07552
v -0.304479 4.06 -4.21552
v -0.304479 4.08 -4.21552
v -2.06448 4.06 -4.21552
v -2.06448 4.08 -4.21552
v -2.20448 4.08 -4.21552
v -2.20448 4.06 -4.21552
v -0.304479 4 -4.09552
v -0.304479 4.06 -4.21552
v -2.06448 4.06 -4.21552
v -2.06448 4 -4.09552
v -2.20448 4.06 -4.21552
v -2.08448 4 -4.09552
v -0.284479 4 -2.15552
v -0.304479 4 -2.15552
v -0.304479 4.08 -2.15552
v -0.164479 4.06 -2.15552
v -0.164479 4.08 -2.15552
v -0.164479 4.08 -4.07552
v -0.304479 4.08 -4.07552
v -0.304479 4 -4.07552
v -0.164479 4.06 -4.07552
v -0.284479 4 -4.07552
v -0.284479 4 -4.07552
v -0.304479 4 -4.07552
v -0.284479 4 -2.15552
v -0.304479 4 -2.15552
v -2.06448 4 -4.07552
v -0.304479 4 -4.09552
v -2.06448 4 -4.09552
v -0.304479 4 -2.17552
v -2.06448 4 -2.15552
v -2.06448 4 -2.17552
v -2.08448 4 -4.09552
v -2.08448 4 -2.17552
v -0.304479 4.08 -4.07552
v -0.304479 4.08 -2.15552
v -0.304479 4 -4.07552
v -0.304479 4 -2.15552
v -0.304479 4.08 -2.03552
v -0.304479 4.06 -2.03552
v -0.164479 4.08 -2.15552
v -0.164479 4.08 -4.07552
v -0.164479 4.06 -4.07552
v -0.164479 4.06 -2.15552
v -0.164479 4.06 -2.03552
v -0.164479 4.08 -2.03552
v -2.06448 4 -2.15552
v -2.06448 4 -2.17552
v -2.06448 4.08 -2.17552
v -2.06448 4.06 -2.03552
v -2.06448 4.08 -2.03552
v -0.304479 4.08 -2.03552
v -0.304479 4.08 -2.17552
v -0.304479 4 -2.17552
v -0.304479 4.06 -2.03552
v -0.304479 4 -2.15552
v -0.304479 4.08 -2.17552
v -2.06448 4.08 -2.17552
v -0.304479 4 -2.17552
v -2.06448 4 -2.17552
v -2.20448 4.08 -2.17552
v -2.20448 4.06 -2.17552
v -2.08448 4 -4.09552
v -2.06448 4 -4.09552
v -2.06448 4.08 -4.09552
v -2.20448 4.06 -4.09552
v -2.20448 4.08 -4.09552
v -2.20448 4.08 -2.17552
v -2.06448 4.08 -2.17552
v -2.06448 4 -2.17552
v -2.20448 4.06 -2.17552
v -2.08448 4 -2.17552
v -2.08448 4 -2.17552
v -2.08448 4 -4.09552
v -2.20448 4.06 -2.17552
v -2.20448 4.06 -4.09552
v -2.20448 4.06 -4.21552
v -2.06448 4.06 -4.21552
v -2.06448 4 -4.09552
v -2.06448 4.08 -4.21552
v -2.06448 4.08 -4.09552
v -2.06448 4 -2.17552
v -2.06448 4.08 -2.17552
v -2.06448 4.08 -2.03552
v -2.06448 4 -2.15552
v -2.06448 4.06 -2.03552
v -2.20448 4.08 -4.21552
v -2.20448 4.08 -4.09552
v -2.20448 4.06 -4.21552
v -2.20448 4.06 -4.09552
v -2.20448 4.06 -2.17552
v -2.20448 4.08 -2.17552
v -2.20448 4.08 -2.03552
v -2.20448 4.06 -2.03552
v -2.08448 4 -4.09552
v -2.20448 4.06 -4.09552
v -2.20448 4.08 -4.09552
v -2.06448 4 -4.09552
v -2.06448 4.08 -4.09552
v -2.20448 4.08 -2.03552
v -2.06448 4.08 -2.03552
v -2.20448 4.06 -2.03552
v -2.06448 4.06 -2.03552
v -0.304479 4.06 -2.03552
v -0.304479 4.08 -2.03552
v -0.164479 4.08 -2.03552
v -0.164479 4.06 -2.03552
v -2.06448 4 -2.17552
v -2.20448 4.06 -2.17552
v -2.20448 4.06 -2.03552
v -2.06448 4 -2.15552
v -2.06448 4 -2.15552
v -2.20448 4.06 -2.03552
v -2.06448 4.06 -2.03552
v -0.304479 4.06 -2.03552
v -0.304479 4 -2.15552
v -0.164479 4.06 -2.03552
v -0.28448 4 -2.15552
v -0.28448 4 -2.15552
v -0.164479 4.06 -2.15552
v -0.164479 4.08 -2.15552
v -0.304479 4 -2.15552
v -0.304479 4.08 -2.15552
v -0.309284 4 -4.07552
v -0.309284 4.08 -4.07552
v -0.159674 4.08 -4.07552
v -0.159674 4.06 -4.07552
v -0.309284 4.08 -4.21552
v -0.309284 4.06 -4.21552
v -0.159674 4.06 -4.21552
v -0.159674 4.08 -4.21552
v -0.159674 4.08 -4.07552
v -0.309284 4.08 -4.07552
v -0.309284 4.08 -4.21552
v -0.159674 4.08 -4.21552
v -0.309284 4 -4.09552
v -0.309284 4.06 -4.21552
v -0.309284 4.08 -4.21552
v -0.309284 4 -4.07552
v -0.309284 4.08 -4.07552
v -0.159674 4.08 -4.21552
v -0.159674 4.06 -4.21552
v -0.159674 4.06 -4.07552
v -0.159674 4.08 -4.07552
v -0.309284 4 -4.07552
v -0.159674 4.06 -4.07552
v -0.159674 4.06 -4.21552
v -0.309284 4 -4.09552
v 9.95 0 0.93
v 9.95 0 4.61
v 10.27 0 4.61
v 10.27 0 0.93
v 10.27 0 0.93
v 10.27 4.64 0.93
v 9.95 4.64 0.93
v 9.95 0 0.93
v 9.95 0 4.61
v 9.95 0 0.93
v 9.95 4.64 4.61
v 9.95 4.64 0.93
v 9.95 3.2 0.93
v 9.95 3.2 -0.9899999
v 9.95 4.64 -0.9899999
v 9.95 0 -4.67
v 9.95 4.64 -4.67
v 9.95 0 -0.9899999
v 9.95 0 -4.67
v 9.95 0 -0.9899999
v 10.27 0 -0.9899999
v 10.27 0 -4.67
v 9.95 4.64 -0.9899999
v 10.27 4.64 -0.9899999
v 10.27 0 -0.9899999
v 9.95 0 -0.9899999
v 9.95 3.2 0.93
v 9.95 4.64 0.93
v 10.27 4.64 0.93
v 10.27 3.2 0.93
v 10.27 3.2 -0.9899999
v 10.27 4.64 -0.9899999
v 9.95 4.64 -0.9899999
v 9.95 3.2 -0.9899999
v 9.95 3.2 -0.9899999
v 9.95 3.2 0.93
v 10.27 3.2 0.93
v 10.27 3.2 -0.9899999
v -4.63 4.48 -4.67
v -4.63 -3.05176E-07 -4.67
v -4.63 -3.05176E-07 -4.35
v -4.63 4.48 -4.35
v -9.92 -3.05176E-07 -4.67
v -9.92 4.48 -4.67
v -9.92 4.48 -4.35
v -9.92 -3.05176E-07 -4.35
v -9.92 -3.05176E-07 -4.67
v -9.92 -3.05176E-07 -4.35
v -4.63 -3.05176E-07 -4.35
v -4.63 -3.05176E-07 -4.67
v -9.92 4.48 -4.35
v -4.63 4.48 -4.35
v -4.63 -3.05176E-07 -4.35
v -9.92 -3.05176E-07 -4.35
v -9.889999 0 -0.9899999
v -9.889999 0 -4.67
v -10.21 0 -4.67
v -10.21 0 -0.9899999
v -10.21 0 -0.9899999
v -10.21 4.64 -0.9899999
v -9.889999 4.64 -0.9899999
v -9.889999 0 -0.9899999
v -9.889999 0 -0.9899999
v -9.889999 4.64 -0.9899999
v -9.889999 4.64 -4.67
v -9.889999 0 -4.67
v -9.889999 0 10.28
v -9.889999 0 0.93
v -10.21 0 0.93
v -10.21 0 10.28
v -9.889999 4.64 0.93
v -10.21 4.64 0.93
v -10.21 0 0.93
v -9.889999 0 0.93
v -9.889999 0 10.28
v -9.889999 4.64 10.28
v -9.889999 4.64 0.93
v -9.889999 0 0.93
v -9.889999 3.2 -0.989999
v -9.889999 4.64 -0.989999
v -10.21 4.64 -0.989999
v -10.21 3.2 -0.989999
v -10.21 3.2 0.930001
v -10.21 4.64 0.930001
v -9.889999 4.64 0.930001
v -9.889999 3.2 0.930001
v -9.889999 3.2 0.930001
v -9.889999 3.2 -0.989999
v -10.21 3.2 -0.989999
v -10.21 3.2 0.930001
v -9.889999 3.2 0.930001
v -9.889999 4.64 0.930001
v -9.889999 4.64 -0.989999
v -9.889999 3.2 -0.989999
v 10.27 4.48 -4.67
v 10.27 -3.05176E-07 -4.67
v 10.27 -3.05176E-07 -4.35
v 10.27 4.48 -4.35
v 3.89 -3.05176E-07 -4.67
v 3.89 4.48 -4.67
v 3.89 4.48 -4.35
v 3.89 -3.05176E-07 -4.35
v 3.89 -3.05176E-07 -4.67
v 3.89 -3.05176E-07 -4.35
v 10.27 -3.05176E-07 -4.35
v 10.27 -3.05176E-07 -4.67
v 3.89 4.48 -4.35
v 10.27 4.48 -4.35
v 10.27 -3.05176E-07 -4.35
v 3.89 -3.05176E-07 -4.35
v 4.03 1.28 -2.43
v 4.03 0 -2.43
v 4.03 0 4.43
v 4.03 1.28 4.43
v 4.03 3.2 -2.43
v 4.03 1.28 -1.83
v 4.03 3.2 -1.83
v 4.03 3.2 -4.47
v 4.03 4.08 -4.47
v 4.03 4.08 -1.83
v 4.03 4.08 4.59
v 4.03 3.28 4.59
v 4.03 3.28 -1.83
v 4.03 1.28 -0.35
v 4.03 3.28 -0.35
v 3.67 0 -2.43
v 3.67 1.28 -2.43
v 3.67 1.28 4.43
v 3.67 0 4.43
v 3.67 0 -2.43
v 3.67 0 4.43
v 4.03 0 4.43
v 4.03 0 -2.43
v 3.67 1.28 4.43
v 4.03 1.28 4.43
v 4.03 0 4.43
v 3.67 0 4.43
v 3.67 1.28 -0.35
v 3.67 1.28 -1.83
v 3.67 3.28 -0.35
v 3.67 3.28 -1.83
v 3.67 4.08 -1.83
v 3.67 4.08 4.59
v 3.67 3.28 4.59
v 3.67 1.28 -1.83
v 3.67 1.28 -0.35
v 4.03 1.28 -0.35
v 4.03 1.28 -1.83
v 3.67 1.28 -2.43
v 4.03 1.28 -2.43
v 3.67 3.28 -0.35
v 3.67 3.28 -1.83
v 4.03 3.28 -1.83
v 4.03 3.28 -0.35
v 3.67 3.28 -0.35
v 4.03 3.28 -0.35
v 4.03 1.28 -0.35
v 3.67 1.28 -0.35
v 4.03 3.28 -1.83
v 3.67 3.28 -1.83
v 3.67 1.28 -1.83
v 4.03 1.28 -1.83
v 4.03 3.28 3.17
v 4.03 1.28 3.17
v 4.03 1.28 4.71
v 4.03 3.28 4.71
v 3.67 1.28 3.17
v 3.67 3.28 3.17
v 3.67 3.28 4.71
v 3.67 1.28 4.71
v 3.67 1.28 3.17
v 3.67 1.28 4.71
v 4.03 1.28 4.71
v 4.03 1.28 3.17
v 3.67 3.28 4.71
v 3.67 3.28 3.17
v 4.03 3.28 3.17
v 4.03 3.28 4.71
v 3.67 3.28 4.71
v 4.03 3.28 4.71
v 4.03 1.28 4.71
v 3.67 1.28 4.71
v 4.03 3.28 3.17
v 3.67 3.28 3.17
v 3.67 1.28 3.17
v 4.03 1.28 3.17
v -4.41 4.48 -1.85
v -4.41 3.28 -1.85
v -4.41 3.28 4.57
v -4.41 4.48 4.57
v -4.77 3.28 -1.85
v -4.77 4.48 -1.85
v -4.77 4.48 4.57
v -4.77 3.28 4.57
v -4.77 4.48 4.57
v -4.41 4.48 4.57
v -4.41 3.28 4.57
v -4.77 3.28 4.57
v -4.41 1.28 -2.43
v -4.41 0 -2.43
v -4.41 0 4.45
v -4.41 1.28 4.45
v -4.77 0 4.45
v -4.77 0 -2.43
v -4.77 1.28 4.45
v -4.77 1.28 -2.43
v -4.77 3.2 -2.43
v -4.77 3.2 -1.87
v -4.77 1.28 -1.87
v -4.77 3.28 -1.87
v -4.77 3.28 -0.31
v -4.77 1.28 -0.31
v -4.77 0 -2.43
v -4.77 0 4.45
v -4.41 0 4.45
v -4.41 0 -2.43
v -4.77 1.28 4.45
v -4.41 1.28 4.45
v -4.41 0 4.45
v -4.77 0 4.45
v -4.41 1.28 -2.43
v -4.77 1.28 -2.43
v -4.41 1.28 -1.87
v -4.77 1.28 -1.87
v -4.41 1.28 -0.31
v -4.77 1.28 -0.31
v -4.77 3.2 -1.87
v -4.77 3.2 -2.43
v -4.41 3.2 -2.43
v -4.41 3.2 -1.87
v -4.77 3.2 -1.87
v -4.41 3.2 -1.87
v -4.41 1.28 -1.87
v -4.77 1.28 -1.87
v -4.41 3.28 3.29
v -4.41 1.28 3.29
v -4.41 1.28 4.47
v -4.41 3.28 4.47
v -4.77 1.28 3.29
v -4.77 3.28 3.29
v -4.77 3.28 4.47
v -4.77 1.28 4.47
v -4.77 1.28 3.29
v -4.77 1.28 4.47
v -4.41 1.28 4.47
v -4.41 1.28 3.29
v -4.77 3.28 4.47
v -4.77 3.28 3.29
v -4.41 3.28 3.29
v -4.41 3.28 4.47
v -4.77 3.28 4.47
v -4.41 3.28 4.47
v -4.41 1.28 4.47
v -4.77 1.28 4.47
v -4.41 3.28 3.29
v -4.77 3.28 3.29
v -4.77 1.28 3.29
v -4.41 1.28 3.29
v -4.49 1.28 -1.69
v -4.49 3.28 -1.69
v -1.87 3.28 -1.69
v -1.87 1.28 -1.69
v -4.49 1.28 -1.69
v -1.87 1.28 -1.69
v -1.87 1.28 -1.89
v -4.49 1.28 -1.89
v -1.87 3.28 -1.69
v -4.49 3.28 -1.69
v -4.49 3.28 -1.89
v -1.87 3.28 -1.89
v -1.87 3.28 -1.69
v -1.87 3.28 -1.89
v -1.87 1.28 -1.89
v -1.87 1.28 -1.69
v -4.49 3.28 -1.89
v -4.49 3.28 -1.69
v -4.49 1.28 -1.69
v -4.49 1.28 -1.89
v 10.37 0 4.41
v 0.59 0 4.41
v 0.59 0 4.73
v 10.37 0 4.73
v 0.606719 0 4.77
v 10.37 0 4.77
v 0.606719 0 4.41
v 0.59 4.64 4.41
v 0.59 4.64 4.73
v 0.59 0 4.73
v 0.59 0 4.41
v 10.37 0 4.41
v 10.37 4.64 4.41
v 0.59 4.64 4.41
v 0.59 0 4.41
v -1.33 3.2 4.41
v -1.33 4.64 4.41
v -1.33 4.64 4.73
v -1.33 3.2 4.73
v 0.589999 3.2 4.73
v 0.589999 4.64 4.73
v 0.589999 4.64 4.41
v 0.589999 3.2 4.41
v 0.589999 3.2 4.41
v -1.33 3.2 4.41
v -1.33 3.2 4.73
v 0.589999 3.2 4.73
v 0.589999 3.2 4.41
v 0.589999 4.64 4.41
v -1.33 4.64 4.41
v -1.33 3.2 4.41
v -4.77 3.2 -4.53
v -4.77 4.08 -4.53
v -4.77 4.08 -1.85
v -4.77 3.2 -1.85
v -4.77 4.08 -1.85
v -4.41 4.08 -1.85
v -4.41 3.2 -1.85
v -4.77 3.2 -1.85
v 3.67 4.08 4.59
v 4.03 4.08 4.59
v 4.03 3.28 4.59
v 3.67 3.28 4.59
v 4.03 4.08 -4.47
v 3.67 4.08 -4.47
v 3.67 3.2 -4.47
v 4.03 3.2 -4.47
v 3.67 3.2 -1.83
v 3.67 3.2 -2.43
v 4.03 3.2 -2.43
v 4.03 3.2 -1.83
v 3.67 3.2 -1.83
v 4.03 3.2 -1.83
v 4.03 1.28 -1.83
v 3.67 1.28 -1.83
v -4.41 3.28 -1.87
v -4.41 1.28 -1.87
v -4.41 1.28 -0.31
v -4.41 3.28 -0.31
v -4.77 3.28 -0.31
v -4.77 3.28 -1.87
v -4.41 3.28 -1.87
v -4.41 3.28 -0.31
v -4.77 3.28 -0.31
v -4.41 3.28 -0.31
v -4.41 1.28 -0.31
v -4.77 1.28 -0.31
v -4.41 3.28 -1.87
v -4.77 3.28 -1.87
v -4.77 1.28 -1.87
v -4.41 1.28 -1.87
v -0.95 0 9.98
v -10.24 0 9.98
v -10.24 0 10.3
v -0.95 0 10.3
v -0.95 0 10.3
v -0.95 4.64 10.3
v -0.95 4.64 9.98
v -0.95 0 9.98
v -10.24 0 9.98
v -0.95 0 9.98
v -10.24 4.64 9.98
v -0.95 4.64 9.98
v -0.95 3.2 9.98
v 0.97 3.2 9.98
v 0.97 4.64 9.98
v 3.84 0 9.98
v 3.84 4.64 9.98
v 0.97 0 9.98
v 3.84 0 9.98
v 0.97 0 9.98
v 0.97 0 10.3
v 3.84 0 10.3
v 0.97 4.64 9.98
v 0.97 4.64 10.3
v 0.97 0 10.3
v 0.97 0 9.98
v -0.95 3.2 9.98
v -0.95 4.64 9.98
v -0.95 4.64 10.3
v -0.95 3.2 10.3
v 0.97 3.2 10.3
v 0.97 4.64 10.3
v 0.97 4.64 9.98
v 0.97 3.2 9.98
v 0.97 3.2 9.98
v -0.95 3.2 9.98
v -0.95 3.2 10.3
v 0.97 3.2 10.3
v -2.04604 4.48 4.47
v -2.04604 0 4.47
v -2.04604 0 6.4
v -2.04604 4.48 6.4
v -2.41 0 4.47
v -2.41 4.48 4.47
v -2.41 4.48 6.4
v -2.41 0 6.4
v -2.41 0 4.47
v -2.41 0 6.4
v -2.04604 0 6.4
v -2.04604 0 4.47
v -2.41 4.48 6.4
v -2.41 4.48 4.47
v -2.04604 4.48 4.47
v -2.04604 4.48 6.4
v -2.41 4.48 6.4
v -2.04604 4.48 6.4
v -2.04604 0 6.4
v -2.41 0 6.4
v -2.04604 4.48 4.47
v -2.41 4.48 4.47
v -2.41 0 4.47
v -2.04604 0 4.47
v 0.6067179 3.2 4.77
v 0.6067179 4.64 4.77
v 0.6067179 4.64 4.41
v 0.6067179 3.2 4.41
v -1.31 3.2 4.41
v -1.31 4.64 4.41
v -1.31 4.64 4.77
v -1.31 3.2 4.77
v -1.31 3.2 4.77
v 0.6067179 3.2 4.77
v 0.6067179 3.2 4.41
v -1.31 3.2 4.41
v -1.31 3.2 4.77
v -1.31 4.64 4.77
v 0.6067179 4.64 4.77
v 0.6067179 3.2 4.77
v 10.37 4.64 4.77
v 10.37 4.64 4.41
v 10.37 0 4.41
v 10.37 0 4.77
v 0.606719 0 4.77
v 0.606719 4.64 4.77
v 10.37 4.64 4.77
v 10.37 0 4.77
v 1.41 0 4.49
v 1.41 4.48 4.49
v 1.41 4.48 10.27
v 1.41 0 10.27
v 1.41 0 4.49
v 1.41 0 10.27
v 1.77396 0 10.27
v 1.77396 0 4.49
v 1.41 4.48 10.27
v 1.41 4.48 4.49
v 1.77396 4.48 4.49
v 1.77396 4.48 10.27
v 1.41 4.48 10.27
v 1.77396 4.48 10.27
v 1.77396 0 10.27
v 1.41 0 10.27
v 1.77396 4.48 4.49
v 1.41 4.48 4.49
v 1.41 0 4.49
v 1.77396 0 4.49
v -2.04604 4.48 8.32
v -2.04604 0 8.32
v -2.04604 0 10.25
v -2.04604 4.48 10.25
v -2.41 0 8.32
v -2.41 4.48 8.32
v -2.41 4.48 10.25
v -2.41 0 10.25
v -2.41 0 8.32
v -2.41 0 10.25
v -2.04604 0 10.25
v -2.04604 0 8.32
v -2.41 4.48 10.25
v -2.41 4.48 8.32
v -2.04604 4.48 8.32
v -2.04604 4.48 10.25
v -2.41 4.48 10.25
v -2.04604 4.48 10.25
v -2.04604 0 10.25
v -2.41 0 10.25
v -2.04604 4.48 8.32
v -2.41 4.48 8.32
v -2.41 0 8.32
v -2.04604 0 8.32
v -2.04 4.64 8.32
v -2.04 3.2 8.32
v -2.41 3.2 8.32
v -2.41 4.64 8.32
v -2.04 3.2 6.4
v -2.04 4.64 6.4
v -2.41 4.64 6.4
v -2.41 3.2 6.4
v -2.41 4.64 6.4
v -2.04 4.64 6.4
v -2.04 4.64 8.32
v -2.41 4.64 8.32
v -2.41 4.64 6.4
v -2.41 4.64 8.32
v -2.41 3.2 8.32
v -2.41 3.2 6.4
v -2.04 4.64 8.32
v -2.04 4.64 6.4
v -2.04 3.2 6.4
v -2.04 3.2 8.32
v -8.24 0 4.77
v -8.24 0 4.36631
v -10.21 0 4.77
v -10.21 0 4.36631
v -8.23 0 4.36631
v -8.23 0 4.77
v -8.24 0 4.77
v -8.24 4.64 4.77
v -8.24 4.64 4.36631
v -8.24 0 4.36631
v -8.24 0 4.36631
v -8.24 4.64 4.36631
v -10.21 4.64 4.36631
v -10.21 0 4.36631
v -10.21 0 4.36631
v -10.21 4.64 4.36631
v -10.21 4.64 4.77
v -10.21 0 4.77
v -10.21 0 4.77
v -10.21 4.64 4.77
v -8.23 4.64 4.77
v -8.23 0 4.77
v -6.315 4.64 4.36
v -6.315 3.2 4.36
v -6.315 3.2 4.77
v -6.315 4.64 4.77
v -8.235 3.2 4.36
v -8.235 4.64 4.36
v -8.235 4.64 4.77
v -8.235 3.2 4.77
v -8.235 3.2 4.36
v -8.235 3.2 4.77
v -6.315 3.2 4.77
v -6.315 3.2 4.36
v -8.235 4.64 4.77
v -8.235 4.64 4.36
v -6.315 4.64 4.36
v -6.315 4.64 4.77
v -8.235 4.64 4.77
v -6.315 4.64 4.77
v -6.315 3.2 4.77
v -8.235 3.2 4.77
v -6.315 4.64 4.36
v -8.235 4.64 4.36
v -8.235 3.2 4.36
v -6.315 3.2 4.36
v -1.30604 4.48 4.36
v -1.30604 0 4.36
v -1.30604 0 4.77
v -1.30604 4.48 4.77
v -6.33 0 4.36
v -6.33 4.48 4.36
v -6.33 4.48 4.77
v -6.33 0 4.77
v -6.33 0 4.36
v -6.33 0 4.77
v -1.30604 0 4.77
v -1.30604 0 4.36
v -6.33 4.48 4.77
v -6.33 4.48 4.36
v -1.30604 4.48 4.36
v -1.30604 4.48 4.77
v -6.33 4.48 4.77
v -1.30604 4.48 4.77
v -1.30604 0 4.77
v -6.33 0 4.77
v -1.30604 4.48 4.36
v -6.33 4.48 4.36
v -6.33 0 4.36
v -1.30604 0 4.36
v -4.51 3.28 -1.69
v -4.51 4.48 -1.69
v 3.73 4.48 -1.69
v 3.73 3.28 -1.69
v -4.51 3.28 -1.69
v 3.73 3.28 -1.69
v 3.73 3.28 -1.89
v -4.51 3.28 -1.89
v 3.73 4.48 -1.69
v 3.73 4.48 -1.89
v 3.73 3.28 -1.89
v 3.73 3.28 -1.69
v -4.51 0 -1.69
v -4.51 1.28 -1.69
v 3.75 1.28 -1.69
v 3.75 0 -1.69
v -4.51 0 -1.69
v 3.75 0 -1.69
v 3.75 0 -1.89
v -4.51 0 -1.89
v 3.75 1.28 -1.69
v -4.51 1.28 -1.69
v -4.51 1.28 -1.89
v 3.75 1.28 -1.89
v 3.75 1.28 -1.69
v 3.75 1.28 -1.89
v 3.75 0 -1.89
v 3.75 0 -1.69
v -4.51 1.28 -1.89
v -4.51 1.28 -1.69
v -4.51 0 -1.69
v -4.51 0 -1.89
v 1.65 1.28 -1.69
v 1.65 3.28 -1.69
v 3.73 3.28 -1.69
v 3.73 1.28 -1.69
v 1.65 1.28 -1.69
v 3.73 1.28 -1.69
v 3.73 1.28 -1.89
v 1.65 1.28 -1.89
v 3.73 3.28 -1.69
v 1.65 3.28 -1.69
v 1.65 3.28 -1.89
v 3.73 3.28 -1.89
v 3.73 3.28 -1.69
v 3.73 3.28 -1.89
v 3.73 1.28 -1.89
v 3.73 1.28 -1.69
v 1.65 3.28 -1.89
v 1.65 3.28 -1.69
v 1.65 1.28 -1.69
v 1.65 1.28 -1.89
v 3.67 1.28 4.43
v 3.67 1.28 -2.43
v 4.03 1.28 -2.43
v 4.03 1.28 4.43
v 4.03 0 -2.43
v 4.03 1.28 -2.43
v 3.67 0 -2.43
v 3.67 1.28 -2.43
v 4.03 3.2 -2.43
v 3.67 3.2 -2.43
v -4.77 3.28 -1.85
v -4.77 3.28 4.57
v -4.41 3.28 4.57
v -4.41 3.28 -1.85
v -4.77 1.28 4.45
v -4.77 1.28 -2.43
v -4.41 1.28 -2.43
v -4.41 1.28 4.45
v -4.41 0 -2.43
v -4.41 1.28 -2.43
v -4.77 0 -2.43
v -4.77 1.28 -2.43
v -4.41 3.2 -2.43
v -4.77 3.2 -2.43
v -4.41 3.2 -2.43
v -4.41 1.28 -2.43
v -4.41 1.28 -1.87
v -4.41 3.2 -1.87
v -4.49 3.28 -1.89
v -4.49 1.28 -1.89
v -1.87 1.28 -1.89
v -1.87 3.28 -1.89
v -4.41 4.08 -4.53
v -4.41 3.2 -4.53
v -4.41 3.2 -1.85
v -4.41 4.08 -1.85
v -4.77 3.2 -4.53
v -4.77 3.2 -1.85
v -4.41 3.2 -1.85
v -4.41 3.2 -4.53
v 3.67 3.28 -1.83
v 3.67 3.28 4.59
v 4.03 3.28 4.59
v 4.03 3.28 -1.83
v 3.67 4.08 -4.47
v 3.67 4.08 -1.83
v 3.67 3.2 -4.47
v 3.67 3.2 -1.83
v 3.67 1.28 -2.43
v 3.67 3.2 -2.43
v 3.67 1.28 -1.83
v 4.03 3.2 -1.83
v 4.03 3.2 -4.47
v 3.67 3.2 -4.47
v 3.67 3.2 -1.83
v -2.04 3.2 6.4
v -2.41 3.2 6.4
v -2.41 3.2 8.32
v -2.04 3.2 8.32
v -3.47828 3.45 4.54172
v -3.47828 3.45 -1.84
v -4.59828 3.45 -1.84
v -4.59828 3.45 4.54172
v -3.47828 3.85 -1.84
v -3.47828 3.85 4.54172
v -4.59828 3.85 4.54172
v -4.59828 3.85 -1.84
v -4.59828 3.45 4.54172
v -4.59828 3.85 4.54172
v -3.47828 3.85 4.54172
v -3.47828 3.45 4.54172
v -3.47828 3.45 4.54172
v -3.47828 3.85 4.54172
v -3.47828 3.85 -1.84
v -3.47828 3.45 -1.84
v 2.76172 3.45 -1.84
v 2.76172 3.45 4.54172
v 3.88172 3.45 4.54172
v 3.88172 3.45 -1.84
v 2.76172 3.85 4.54172
v 2.76172 3.85 -1.84
v 3.88172 3.85 -1.84
v 3.88172 3.85 4.54172
v 3.88172 3.45 -1.84
v 3.88172 3.85 -1.84
v 2.76172 3.85 -1.84
v 2.76172 3.45 -1.84
v 2.76172 3.45 -1.84
v 2.76172 3.85 -1.84
v 2.76172 3.85 4.54172
v 2.76172 3.45 4.54172
v -4.51 4.48 -1.89
v -4.51 3.28 -1.89
v 3.73 3.28 -1.89
v 3.73 4.48 -1.89
v -4.51 1.28 -1.89
v -4.51 0 -1.89
v 3.75 0 -1.89
v 3.75 1.28 -1.89
v 1.65 3.28 -1.89
v 1.65 1.28 -1.89
v 3.73 1.28 -1.89
v 3.73 3.28 -1.89
v -10.21 3.85 -1.73
v -10.21 3.45 -1.73
v -10.21 3.45 -4.8
v -10.21 3.85 -4.8
v -4.67 3.45 -1.73
v -4.67 3.85 -1.73
v -4.67 3.85 -4.8
v -4.67 3.45 -4.8
v -4.67 3.45 -1.73
v -4.67 3.45 -4.8
v -10.21 3.45 -4.8
v -10.21 3.45 -1.73
v -4.67 3.85 -4.8
v -10.21 3.85 -4.8
v -10.21 3.45 -4.8
v -4.67 3.45 -4.8
v -10.21 3.85 -1.73
v -4.67 3.85 -1.73
v -4.67 3.45 -1.73
v -10.21 3.45 -1.73
v 10.35 3.85 -1.81
v 10.35 3.85 10.24
v 10.35 3.87 10.24
v 10.35 3.87 -1.81
v -10.21 3.85 10.24
v 10.35 3.85 10.24
v 10.35 3.85 -1.81
v -10.21 3.85 -1.81
v 10.35 3.87 10.24
v 10.35 3.85 10.24
v -10.21 3.85 10.24
v -10.21 3.87 10.24
v -10.21 3.87 -1.81
v -10.21 3.85 -1.81
v 10.35 3.85 -1.81
v 10.35 3.87 -1.81
v -10.21 3.85 -1.81
v -10.21 3.87 -1.81
v -10.21 3.87 10.24
v -10.21 3.85 10.24
v 4 3.85 -1.73
v 4 3.45 -1.73
v 4 3.45 -4.8
v 4 3.85 -4.8
v 9.969999 3.45 -1.73
v 9.969999 3.85 -1.73
v 9.969999 3.85 -4.8
v 9.969999 3.45 -4.8
v 9.969999 3.45 -1.73
v 9.969999 3.45 -4.8
v 4 3.45 -4.8
v 4 3.45 -1.73
v 9.969999 3.85 -4.8
v 4 3.85 -4.8
v 4 3.45 -4.8
v 9.969999 3.45 -4.8
v 4 3.85 -1.73
v 9.969999 3.85 -1.73
v 9.969999 3.45 -1.73
v 4 3.45 -1.73
v -4.91 3.78 -1.73
v -4.91 3.51 -1.73
v -4.91 3.51 -1.72
v -4.91 3.78 -1.72
v -6.3 3.51 -1.73
v -6.3 3.78 -1.73
v -6.3 3.78 -1.72
v -6.3 3.51 -1.72
v -6.3 3.51 -1.73
v -6.3 3.51 -1.72
v -4.91 3.51 -1.72
v -4.91 3.51 -1.73
v -6.3 3.78 -1.72
v -6.3 3.78 -1.73
v -4.91 3.78 -1.73
v -4.91 3.78 -1.72
v -6.3 3.78 -1.72
v -4.91 3.78 -1.72
v -4.91 3.51 -1.72
v -6.3 3.51 -1.72
v -4.91 3.78 -1.73
v -6.3 3.78 -1.73
v -6.3 3.51 -1.73
v -4.91 3.51 -1.73
v -6.63 3.78 -1.73
v -6.63 3.51 -1.73
v -6.63 3.51 -1.72
v -6.63 3.78 -1.72
v -8.02 3.51 -1.73
v -8.02 3.78 -1.73
v -8.02 3.78 -1.72
v -8.02 3.51 -1.72
v -8.02 3.51 -1.73
v -8.02 3.51 -1.72
v -6.63 3.51 -1.72
v -6.63 3.51 -1.73
v -8.02 3.78 -1.72
v -8.02 3.78 -1.73
v -6.63 3.78 -1.73
v -6.63 3.78 -1.72
v -8.02 3.78 -1.72
v -6.63 3.78 -1.72
v -6.63 3.51 -1.72
v -8.02 3.51 -1.72
v -6.63 3.78 -1.73
v -8.02 3.78 -1.73
v -8.02 3.51 -1.73
v -6.63 3.51 -1.73
v -8.349999 3.78 -1.73
v -8.349999 3.51 -1.73
v -8.349999 3.51 -1.72
v -8.349999 3.78 -1.72
v -9.74 3.51 -1.73
v -9.74 3.78 -1.73
v -9.74 3.78 -1.72
v -9.74 3.51 -1.72
v -9.74 3.51 -1.73
v -9.74 3.51 -1.72
v -8.349999 3.51 -1.72
v -8.349999 3.51 -1.73
v -9.74 3.78 -1.72
v -9.74 3.78 -1.73
v -8.349999 3.78 -1.73
v -8.349999 3.78 -1.72
v -9.74 3.78 -1.72
v -8.349999 3.78 -1.72
v -8.349999 3.51 -1.72
v -9.74 3.51 -1.72
v -8.349999 3.78 -1.73
v -9.74 3.78 -1.73
v -9.74 3.51 -1.73
v -8.349999 3.51 -1.73
v 9.41 3.78 -1.73
v 9.41 3.51 -1.73
v 9.41 3.51 -1.72
v 9.41 3.78 -1.72
v 8.02 3.51 -1.73
v 8.02 3.78 -1.73
v 8.02 3.78 -1.72
v 8.02 3.51 -1.72
v 8.02 3.51 -1.73
v 8.02 3.51 -1.72
v 9.41 3.51 -1.72
v 9.41 3.51 -1.73
v 8.02 3.78 -1.72
v 8.02 3.78 -1.73
v 9.41 3.78 -1.73
v 9.41 3.78 -1.72
v 8.02 3.78 -1.72
v 9.41 3.78 -1.72
v 9.41 3.51 -1.72
v 8.02 3.51 -1.72
v 9.41 3.78 -1.73
v 8.02 3.78 -1.73
v 8.02 3.51 -1.73
v 9.41 3.51 -1.73
v 7.69 3.78 -1.73
v 7.69 3.51 -1.73
v 7.69 3.51 -1.72
v 7.69 3.78 -1.72
v 6.3 3.51 -1.73
v 6.3 3.78 -1.73
v 6.3 3.78 -1.72
v 6.3 3.51 -1.72
v 6.3 3.51 -1.73
v 6.3 3.51 -1.72
v 7.69 3.51 -1.72
v 7.69 3.51 -1.73
v 6.3 3.78 -1.72
v 6.3 3.78 -1.73
v 7.69 3.78 -1.73
v 7.69 3.78 -1.72
v 6.3 3.78 -1.72
v 7.69 3.78 -1.72
v 7.69 3.51 -1.72
v 6.3 3.51 -1.72
v 7.69 3.78 -1.73
v 6.3 3.78 -1.73
v 6.3 3.51 -1.73
v 7.69 3.51 -1.73
v 5.97 3.78 -1.73
v 5.97 3.51 -1.73
v 5.97 3.51 -1.72
v 5.97 3.78 -1.72
v 4.58 3.51 -1.73
v 4.58 3.78 -1.73
v 4.58 3.78 -1.72
v 4.58 3.51 -1.72
v 4.58 3.51 -1.73
v 4.58 3.51 -1.72
v 5.97 3.51 -1.72
v 5.97 3.51 -1.73
v 4.58 3.78 -1.72
v 4.58 3.78 -1.73
v 5.97 3.78 -1.73
v 5.97 3.78 -1.72
v 4.58 3.78 -1.72
v 5.97 3.78 -1.72
v 5.97 3.51 -1.72
v 4.58 3.51 -1.72
v 5.97 3.78 -1.73
v 4.58 3.78 -1.73
v 4.58 3.51 -1.73
v 5.97 3.51 -1.73
v 9.42 0.74 3.56
v 9.42 0.68 3.56
v 9.54 0.68 3.56
v 9.54 0.74 3.56
v 9.42 0.6 4.2
v 9.42 0.74 4.2
v 9.54 0.74 4.2
v 9.54 0.6 4.2
v 9.42 0.6 4.2
v 9.54 0.6 4.2
v 9.54 0.68 3.56
v 9.42 0.68 3.56
v 9.54 0.74 4.2
v 9.42 0.74 4.2
v 9.42 0.74 3.56
v 9.54 0.74 3.56
v 9.54 0.74 4.2
v 9.54 0.74 3.56
v 9.54 0.68 3.56
v 9.54 0.6 4.2
v 9.54 1.26 4.29
v 9.54 1.26 4.23
v 9.54 0.74 4.06
v 9.42 0.68 3.56
v 9.42 0.74 3.56
v 9.42 0.6 4.2
v 9.42 0.74 4.2
v 9.42 1.26 4.29
v 9.42 0.74 4.06
v 9.42 1.26 4.23
v 7.1 0.74 3.56
v 7.1 0.68 3.56
v 7.22 0.68 3.56
v 7.22 0.74 3.56
v 7.1 0.6 4.2
v 7.1 0.74 4.2
v 7.22 0.74 4.2
v 7.22 0.6 4.2
v 7.1 0.6 4.2
v 7.22 0.6 4.2
v 7.22 0.68 3.56
v 7.1 0.68 3.56
v 7.22 0.74 4.2
v 7.1 0.74 4.2
v 7.1 0.74 3.56
v 7.22 0.74 3.56
v 7.22 0.74 4.2
v 7.22 0.74 3.56
v 7.22 0.68 3.56
v 7.22 0.6 4.2
v 7.22 1.26 4.29
v 7.22 1.26 4.23
v 7.22 0.74 4.06
v 7.1 0.68 3.56
v 7.1 0.74 3.56
v 7.1 0.6 4.2
v 7.1 0.74 4.2
v 7.1 1.26 4.29
v 7.1 0.74 4.06
v 7.1 1.26 4.23
v 9.42 1.26 4.29
v 9.42 1.26 4.23
v 9.54 1.26 4.23
v 9.54 1.26 4.29
v 9.42 0.74 4.06
v 9.42 0.74 4.2
v 9.54 0.74 4.2
v 9.54 0.74 4.06
v 9.42 0.74 4.06
v 9.54 0.74 4.06
v 9.54 1.26 4.23
v 9.42 1.26 4.23
v 9.54 0.74 4.2
v 9.42 0.74 4.2
v 9.42 1.26 4.29
v 9.54 1.26 4.29
v 7.1 1.26 4.29
v 7.1 1.26 4.23
v 7.22 1.26 4.23
v 7.22 1.26 4.29
v 7.1 0.74 4.06
v 7.1 0.74 4.2
v 7.22 0.74 4.2
v 7.22 0.74 4.06
v 7.1 0.74 4.06
v 7.22 0.74 4.06
v 7.22 1.26 4.23
v 7.1 1.26 4.23
v 7.22 0.74 4.2
v 7.1 0.74 4.2
v 7.1 1.26 4.29
v 7.22 1.26 4.29
v 7.12 0.02 3.6
v 7.09 0 3.57
v 7.23 0 3.57
v 7.2 0.02 3.6
v 7.09 0 4.21
v 7.12 0.02 4.18
v 7.2 0.02 4.18
v 7.23 0 4.21
v 7.09 0 4.21
v 7.23 0 4.21
v 7.23 0 3.57
v 7.09 0 3.57
v 7.2 0.02 4.18
v 7.12 0.02 4.18
v 7.12 0.02 3.6
v 7.2 0.02 3.6
v 7.2 0.02 4.18
v 7.2 0.02 3.6
v 7.23 0 3.57
v 7.23 0 4.21
v 7.12 0.02 3.6
v 7.12 0.02 4.18
v 7.09 0 4.21
v 7.09 0 3.57
v 7.13 0.7 4.11
v 7.13 0 4.11
v 7.19 0 4.11
v 7.19 0.7 4.11
v 7.13 0 4.17
v 7.13 0.7 4.17
v 7.19 0.7 4.17
v 7.19 0 4.17
v 7.13 0 4.17
v 7.19 0 4.17
v 7.19 0 4.11
v 7.13 0 4.11
v 7.19 0.7 4.17
v 7.13 0.7 4.17
v 7.13 0.7 4.11
v 7.19 0.7 4.11
v 7.19 0.7 4.17
v 7.19 0.7 4.11
v 7.19 0 4.11
v 7.19 0 4.17
v 7.13 0.7 4.11
v 7.13 0.7 4.17
v 7.13 0 4.17
v 7.13 0 4.11
v 7.13 0.7 3.61
v 7.13 0 3.61
v 7.19 0 3.61
v 7.19 0.7 3.61
v 7.13 0 3.67
v 7.13 0.7 3.67
v 7.19 0.7 3.67
v 7.19 0 3.67
v 7.13 0 3.67
v 7.19 0 3.67
v 7.19 0 3.61
v 7.13 0 3.61
v 7.19 0.7 3.67
v 7.13 0.7 3.67
v 7.13 0.7 3.61
v 7.19 0.7 3.61
v 7.19 0.7 3.67
v 7.19 0.7 3.61
v 7.19 0 3.61
v 7.19 0 3.67
v 7.13 0.7 3.61
v 7.13 0.7 3.67
v 7.13 0 3.67
v 7.13 0 3.61
v 9.45 0.7 4.11
v 9.45 0 4.11
v 9.51 0 4.11
v 9.51 0.7 4.11
v 9.45 0 4.17
v 9.45 0.7 4.17
v 9.51 0.7 4.17
v 9.51 0 4.17
v 9.45 0 4.17
v 9.51 0 4.17
v 9.51 0 4.11
v 9.45 0 4.11
v 9.51 0.7 4.17
v 9.45 0.7 4.17
v 9.45 0.7 4.11
v 9.51 0.7 4.11
v 9.51 0.7 4.17
v 9.51 0.7 4.11
v 9.51 0 4.11
v 9.51 0 4.17
v 9.45 0.7 4.11
v 9.45 0.7 4.17
v 9.45 0 4.17
v 9.45 0 4.11
v 9.45 0.7 3.61
v 9.45 0 3.61
v 9.51 0 3.61
v 9.51 0.7 3.61
v 9.45 0 3.67
v 9.45 0.7 3.67
v 9.51 0.7 3.67
v 9.51 0 3.67
v 9.45 0 3.67
v 9.51 0 3.67
v 9.51 0 3.61
v 9.45 0 3.61
v 9.51 0.7 3.67
v 9.45 0.7 3.67
v 9.45 0.7 3.61
v 9.51 0.7 3.61
v 9.51 0.7 3.67
v 9.51 0.7 3.61
v 9.51 0 3.61
v 9.51 0 3.67
v 9.45 0.7 3.61
v 9.45 0.7 3.67
v 9.45 0 3.67
v 9.45 0 3.61
v 9.44 0.02 3.6
v 9.41 0 3.57
v 9.55 0 3.57
v 9.52 0.02 3.6
v 9.41 0 4.21
v 9.44 0.02 4.18
v 9.52 0.02 4.18
v 9.55 0 4.21
v 9.41 0 4.21
v 9.55 0 4.21
v 9.55 0 3.57
v 9.41 0 3.57
v 9.52 0.02 4.18
v 9.44 0.02 4.18
v 9.44 0.02 3.6
v 9.52 0.02 3.6
v 9.52 0.02 4.18
v 9.52 0.02 3.6
v 9.55 0 3.57
v 9.55 0 4.21
v 9.44 0.02 3.6
v 9.44 0.02 4.18
v 9.41 0 4.21
v 9.41 0 3.57
v 6.86 0.74 3.56
v 6.86 0.68 3.56
v 6.98 0.68 3.56
v 6.98 0.74 3.56
v 6.86 0.6 4.2
v 6.86 0.74 4.2
v 6.98 0.74 4.2
v 6.98 0.6 4.2
v 6.86 0.6 4.2
v 6.98 0.6 4.2
v 6.98 0.68 3.56
v 6.86 0.68 3.56
v 6.98 0.74 4.2
v 6.86 0.74 4.2
v 6.86 0.74 3.56
v 6.98 0.74 3.56
v 6.98 0.74 4.2
v 6.98 0.74 3.56
v 6.98 0.68 3.56
v 6.98 0.6 4.2
v 6.98 1.26 4.29
v 6.98 1.26 4.23
v 6.98 0.74 4.06
v 6.86 0.68 3.56
v 6.86 0.74 3.56
v 6.86 0.6 4.2
v 6.86 0.74 4.2
v 6.86 1.26 4.29
v 6.86 0.74 4.06
v 6.86 1.26 4.23
v 4.54 0.74 3.56
v 4.54 0.68 3.56
v 4.66 0.68 3.56
v 4.66 0.74 3.56
v 4.54 0.6 4.2
v 4.54 0.74 4.2
v 4.66 0.74 4.2
v 4.66 0.6 4.2
v 4.54 0.6 4.2
v 4.66 0.6 4.2
v 4.66 0.68 3.56
v 4.54 0.68 3.56
v 4.66 0.74 4.2
v 4.54 0.74 4.2
v 4.54 0.74 3.56
v 4.66 0.74 3.56
v 4.66 0.74 4.2
v 4.66 0.74 3.56
v 4.66 0.68 3.56
v 4.66 0.6 4.2
v 4.66 1.26 4.29
v 4.66 1.26 4.23
v 4.66 0.74 4.06
v 4.54 0.68 3.56
v 4.54 0.74 3.56
v 4.54 0.6 4.2
v 4.54 0.74 4.2
v 4.54 1.26 4.29
v 4.54 0.74 4.06
v 4.54 1.26 4.23
v 6.86 1.26 4.29
v 6.86 1.26 4.23
v 6.98 1.26 4.23
v 6.98 1.26 4.29
v 6.86 0.74 4.06
v 6.86 0.74 4.2
v 6.98 0.74 4.2
v 6.98 0.74 4.06
v 6.86 0.74 4.06
v 6.98 0.74 4.06
v 6.98 1.26 4.23
v 6.86 1.26 4.23
v 6.98 0.74 4.2
v 6.86 0.74 4.2
v 6.86 1.26 4.29
v 6.98 1.26 4.29
v 4.54 1.26 4.29
v 4.54 1.26 4.23
v 4.66 1.26 4.23
v 4.66 1.26 4.29
v 4.54 0.74 4.06
v 4.54 0.74 4.2
v 4.66 0.74 4.2
v 4.66 0.74 4.06
v 4.54 0.74 4.06
v 4.66 0.74 4.06
v 4.66 1.26 4.23
v 4.54 1.26 4.23
v 4.66 0.74 4.2
v 4.54 0.74 4.2
v 4.54 1.26 4.29
v 4.66 1.26 4.29
v 4.56 0.02 3.6
v 4.53 0 3.57
v 4.67 0 3.57
v 4.64 0.02 3.6
v 4.53 0 4.21
v 4.56 0.02 4.18
v 4.64 0.02 4.18
v 4.67 0 4.21
v 4.53 0 4.21
v 4.67 0 4.21
v 4.67 0 3.57
v 4.53 0 3.57
v 4.64 0.02 4.18
v 4.56 0.02 4.18
v 4.56 0.02 3.6
v 4.64 0.02 3.6
v 4.64 0.02 4.18
v 4.64 0.02 3.6
v 4.67 0 3.57
v 4.67 0 4.21
v 4.56 0.02 3.6
v 4.56 0.02 4.18
v 4.53 0 4.21
v 4.53 0 3.57
v 4.57 0.7 4.11
v 4.57 0 4.11
v 4.63 0 4.11
v 4.63 0.7 4.11
v 4.57 0 4.17
v 4.57 0.7 4.17
v 4.63 0.7 4.17
v 4.63 0 4.17
v 4.57 0 4.17
v 4.63 0 4.17
v 4.63 0 4.11
v 4.57 0 4.11
v 4.63 0.7 4.17
v 4.57 0.7 4.17
v 4.57 0.7 4.11
v 4.63 0.7 4.11
v 4.63 0.7 4.17
v 4.63 0.7 4.11
v 4.63 0 4.11
v 4.63 0 4.17
v 4.57 0.7 4.11
v 4.57 0.7 4.17
v 4.57 0 4.17
v 4.57 0 4.11
v 4.57 0.7 3.61
v 4.57 0 3.61
v 4.63 0 3.61
v 4.63 0.7 3.61
v 4.57 0 3.67
v 4.57 0.7 3.67
v 4.63 0.7 3.67
v 4.63 0 3.67
v 4.57 0 3.67
v 4.63 0 3.67
v 4.63 0 3.61
v 4.57 0 3.61
v 4.63 0.7 3.67
v 4.57 0.7 3.67
v 4.57 0.7 3.61
v 4.63 0.7 3.61
v 4.63 0.7 3.67
v 4.63 0.7 3.61
v 4.63 0 3.61
v 4.63 0 3.67
v 4.57 0.7 3.61
v 4.57 0.7 3.67
v 4.57 0 3.67
v 4.57 0 3.61
v 6.89 0.7 4.11
v 6.89 0 4.11
v 6.95 0 4.11
v 6.95 0.7 4.11
v 6.89 0 4.17
v 6.89 0.7 4.17
v 6.95 0.7 4.17
v 6.95 0 4.17
v 6.89 0 4.17
v 6.95 0 4.17
v 6.95 0 4.11
v 6.89 0 4.11
v 6.95 0.7 4.17
v 6.89 0.7 4.17
v 6.89 0.7 4.11
v 6.95 0.7 4.11
v 6.95 0.7 4.17
v 6.95 0.7 4.11
v 6.95 0 4.11
v 6.95 0 4.17
v 6.89 0.7 4.11
v 6.89 0.7 4.17
v 6.89 0 4.17
v 6.89 0 4.11
v 6.89 0.7 3.61
v 6.89 0 3.61
v 6.95 0 3.61
v 6.95 0.7 3.61
v 6.89 0 3.67
v 6.89 0.7 3.67
v 6.95 0.7 3.67
v 6.95 0 3.67
v 6.89 0 3.67
v 6.95 0 3.67
v 6.95 0 3.61
v 6.89 0 3.61
v 6.95 0.7 3.67
v 6.89 0.7 3.67
v 6.89 0.7 3.61
v 6.95 0.7 3.61
v 6.95 0.7 3.67
v 6.95 0.7 3.61
v 6.95 0 3.61
v 6.95 0 3.67
v 6.89 0.7 3.61
v 6.89 0.7 3.67
v 6.89 0 3.67
v 6.89 0 3.61
v 6.88 0.02 3.6
v 6.85 0 3.57
v 6.99 0 3.57
v 6.96 0.02 3.6
v 6.85 0 4.21
v 6.88 0.02 4.18
v 6.96 0.02 4.18
v 6.99 0 4.21
v 6.85 0 4.21
v 6.99 0 4.21
v 6.99 0 3.57
v 6.85 0 3.57
v 6.96 0.02 4.18
v 6.88 0.02 4.18
v 6.88 0.02 3.6
v 6.96 0.02 3.6
v 6.96 0.02 4.18
v 6.96 0.02 3.6
v 6.99 0 3.57
v 6.99 0 4.21
v 6.88 0.02 3.6
v 6.88 0.02 4.18
v 6.85 0 4.21
v 6.85 0 3.57
v 7.22 0.72 3.68
v 7.22 0.7 3.68
v 9.42 0.7 3.68
v 9.42 0.72 3.68
v 7.22 0.7 3.76
v 7.22 0.72 3.76
v 9.42 0.72 3.76
v 9.42 0.7 3.76
v 7.22 0.7 3.76
v 9.42 0.7 3.76
v 9.42 0.7 3.68
v 7.22 0.7 3.68
v 9.42 0.72 3.76
v 7.22 0.72 3.76
v 7.22 0.72 3.68
v 9.42 0.72 3.68
v 9.42 0.72 3.76
v 9.42 0.72 3.68
v 9.42 0.7 3.68
v 9.42 0.7 3.76
v 7.22 0.72 3.68
v 7.22 0.72 3.76
v 7.22 0.7 3.76
v 7.22 0.7 3.68
v 7.22 0.72 3.78
v 7.22 0.7 3.78
v 9.42 0.7 3.78
v 9.42 0.72 3.78
v 7.22 0.7 3.86
v 7.22 0.72 3.86
v 9.42 0.72 3.86
v 9.42 0.7 3.86
v 7.22 0.7 3.86
v 9.42 0.7 3.86
v 9.42 0.7 3.78
v 7.22 0.7 3.78
v 9.42 0.72 3.86
v 7.22 0.72 3.86
v 7.22 0.72 3.78
v 9.42 0.72 3.78
v 9.42 0.72 3.86
v 9.42 0.72 3.78
v 9.42 0.7 3.78
v 9.42 0.7 3.86
v 7.22 0.72 3.78
v 7.22 0.72 3.86
v 7.22 0.7 3.86
v 7.22 0.7 3.78
v 7.22 0.72 3.88
v 7.22 0.7 3.88
v 9.42 0.7 3.88
v 9.42 0.72 3.88
v 7.22 0.7 3.96
v 7.22 0.72 3.96
v 9.42 0.72 3.96
v 9.42 0.7 3.96
v 7.22 0.7 3.96
v 9.42 0.7 3.96
v 9.42 0.7 3.88
v 7.22 0.7 3.88
v 9.42 0.72 3.96
v 7.22 0.72 3.96
v 7.22 0.72 3.88
v 9.42 0.72 3.88
v 9.42 0.72 3.96
v 9.42 0.72 3.88
v 9.42 0.7 3.88
v 9.42 0.7 3.96
v 7.22 0.72 3.88
v 7.22 0.72 3.96
v 7.22 0.7 3.96
v 7.22 0.7 3.88
v 7.22 0.72 3.98
v 7.22 0.7 3.98
v 9.42 0.7 3.98
v 9.42 0.72 3.98
v 7.22 0.7 4.06
v 7.22 0.72 4.06
v 9.42 0.72 4.06
v 9.42 0.7 4.06
v 7.22 0.7 4.06
v 9.42 0.7 4.06
v 9.42 0.7 3.98
v 7.22 0.7 3.98
v 9.42 0.72 4.06
v 7.22 0.72 4.06
v 7.22 0.72 3.98
v 9.42 0.72 3.98
v 9.42 0.72 4.06
v 9.42 0.72 3.98
v 9.42 0.7 3.98
v 9.42 0.7 4.06
v 7.22 0.72 3.98
v 7.22 0.72 4.06
v 7.22 0.7 4.06
v 7.22 0.7 3.98
v 7.22 0.72 4.08
v 7.22 0.7 4.08
v 9.42 0.7 4.08
v 9.42 0.72 4.08
v 7.22 0.7 4.16
v 7.22 0.72 4.16
v 9.42 0.72 4.16
v 9.42 0.7 4.16
v 7.22 0.7 4.16
v 9.42 0.7 4.16
v 9.42 0.7 4.08
v 7.22 0.7 4.08
v 9.42 0.72 4.16
v 7.22 0.72 4.16
v 7.22 0.72 4.08
v 9.42 0.72 4.08
v 9.42 0.72 4.16
v 9.42 0.72 4.08
v 9.42 0.7 4.08
v 9.42 0.7 4.16
v 7.22 0.72 4.08
v 7.22 0.72 4.16
v 7.22 0.7 4.16
v 7.22 0.7 4.08
v 7.22 1.21767 4.26092
v 7.22 1.22114 4.24122
v 9.42 1.22114 4.24122
v 9.42 1.21767 4.26092
v 7.22 1.14236 4.22733
v 7.22 1.13889 4.24702
v 9.42 1.13889 4.24702
v 9.42 1.14236 4.22733
v 7.22 1.14236 4.22733
v 9.42 1.14236 4.22733
v 9.42 1.22114 4.24122
v 7.22 1.22114 4.24122
v 9.42 1.13889 4.24702
v 7.22 1.13889 4.24702
v 7.22 1.21767 4.26092
v 9.42 1.21767 4.26092
v 9.42 1.13889 4.24702
v 9.42 1.21767 4.26092
v 9.42 1.22114 4.24122
v 9.42 1.14236 4.22733
v 7.22 1.21767 4.26092
v 7.22 1.13889 4.24702
v 7.22 1.14236 4.22733
v 7.22 1.22114 4.24122
v 7.22 1.11919 4.24355
v 7.22 1.12266 4.22385
v 9.42 1.12266 4.22385
v 9.42 1.11919 4.24355
v 7.22 1.04388 4.20996
v 7.22 1.04041 4.22966
v 9.42 1.04041 4.22966
v 9.42 1.04388 4.20996
v 7.22 1.04388 4.20996
v 9.42 1.04388 4.20996
v 9.42 1.12266 4.22385
v 7.22 1.12266 4.22385
v 9.42 1.04041 4.22966
v 7.22 1.04041 4.22966
v 7.22 1.11919 4.24355
v 9.42 1.11919 4.24355
v 9.42 1.04041 4.22966
v 9.42 1.11919 4.24355
v 9.42 1.12266 4.22385
v 9.42 1.04388 4.20996
v 7.22 1.11919 4.24355
v 7.22 1.04041 4.22966
v 7.22 1.04388 4.20996
v 7.22 1.12266 4.22385
v 7.22 1.02071 4.22619
v 7.22 1.02418 4.20649
v 9.42 1.02418 4.20649
v 9.42 1.02071 4.22619
v 7.22 0.945398 4.1926
v 7.22 0.9419249 4.21229
v 9.42 0.9419249 4.21229
v 9.42 0.945398 4.1926
v 7.22 0.945398 4.1926
v 9.42 0.945398 4.1926
v 9.42 1.02418 4.20649
v 7.22 1.02418 4.20649
v 9.42 0.9419249 4.21229
v 7.22 0.9419249 4.21229
v 7.22 1.02071 4.22619
v 9.42 1.02071 4.22619
v 9.42 0.9419249 4.21229
v 9.42 1.02071 4.22619
v 9.42 1.02418 4.20649
v 9.42 0.945398 4.1926
v 7.22 1.02071 4.22619
v 7.22 0.9419249 4.21229
v 7.22 0.945398 4.1926
v 7.22 1.02418 4.20649
v 7.22 0.72 3.59
v 7.22 0.7 3.59
v 9.42 0.7 3.59
v 9.42 0.72 3.59
v 7.22 0.7 3.67
v 7.22 0.72 3.67
v 9.42 0.72 3.67
v 9.42 0.7 3.67
v 7.22 0.7 3.67
v 9.42 0.7 3.67
v 9.42 0.7 3.59
v 7.22 0.7 3.59
v 9.42 0.72 3.67
v 7.22 0.72 3.67
v 7.22 0.72 3.59
v 9.42 0.72 3.59
v 9.42 0.72 3.67
v 9.42 0.72 3.59
v 9.42 0.7 3.59
v 9.42 0.7 3.67
v 7.22 0.72 3.59
v 7.22 0.72 3.67
v 7.22 0.7 3.67
v 7.22 0.7 3.59
v 4.66 0.72 3.68
v 4.66 0.7 3.68
v 6.86 0.7 3.68
v 6.86 0.72 3.68
v 4.66 0.7 3.76
v 4.66 0.72 3.76
v 6.86 0.72 3.76
v 6.86 0.7 3.76
v 4.66 0.7 3.76
v 6.86 0.7 3.76
v 6.86 0.7 3.68
v 4.66 0.7 3.68
v 6.86 0.72 3.76
v 4.66 0.72 3.76
v 4.66 0.72 3.68
v 6.86 0.72 3.68
v 6.86 0.72 3.76
v 6.86 0.72 3.68
v 6.86 0.7 3.68
v 6.86 0.7 3.76
v 4.66 0.72 3.68
v 4.66 0.72 3.76
v 4.66 0.7 3.76
v 4.66 0.7 3.68
v 4.66 0.72 3.78
v 4.66 0.7 3.78
v 6.86 0.7 3.78
v 6.86 0.72 3.78
v 4.66 0.7 3.86
v 4.66 0.72 3.86
v 6.86 0.72 3.86
v 6.86 0.7 3.86
v 4.66 0.7 3.86
v 6.86 0.7 3.86
v 6.86 0.7 3.78
v 4.66 0.7 3.78
v 6.86 0.72 3.86
v 4.66 0.72 3.86
v 4.66 0.72 3.78
v 6.86 0.72 3.78
v 6.86 0.72 3.86
v 6.86 0.72 3.78
v 6.86 0.7 3.78
v 6.86 0.7 3.86
v 4.66 0.72 3.78
v 4.66 0.72 3.86
v 4.66 0.7 3.86
v 4.66 0.7 3.78
v 4.66 0.72 3.88
v 4.66 0.7 3.88
v 6.86 0.7 3.88
v 6.86 0.72 3.88
v 4.66 0.7 3.96
v 4.66 0.72 3.96
v 6.86 0.72 3.96
v 6.86 0.7 3.96
v 4.66 0.7 3.96
v 6.86 0.7 3.96
v 6.86 0.7 3.88
v 4.66 0.7 3.88
v 6.86 0.72 3.96
v 4.66 0.72 3.96
v 4.66 0.72 3.88
v 6.86 0.72 3.88
v 6.86 0.72 3.96
v 6.86 0.72 3.88
v 6.86 0.7 3.88
v 6.86 0.7 3.96
v 4.66 0.72 3.88
v 4.66 0.72 3.96
v 4.66 0.7 3.96
v 4.66 0.7 3.88
v 4.66 0.72 3.98
v 4.66 0.7 3.98
v 6.86 0.7 3.98
v 6.86 0.72 3.98
v 4.66 0.7 4.06
v 4.66 0.72 4.06
v 6.86 0.72 4.06
v 6.86 0.7 4.06
v 4.66 0.7 4.06
v 6.86 0.7 4.06
v 6.86 0.7 3.98
v 4.66 0.7 3.98
v 6.86 0.72 4.06
v 4.66 0.72 4.06
v 4.66 0.72 3.98
v 6.86 0.72 3.98
v 6.86 0.72 4.06
v 6.86 0.72 3.98
v 6.86 0.7 3.98
v 6.86 0.7 4.06
v 4.66 0.72 3.98
v 4.66 0.72 4.06
v 4.66 0.7 4.06
v 4.66 0.7 3.98
v 4.66 0.72 4.08
v 4.66 0.7 4.08
v 6.86 0.7 4.08
v 6.86 0.72 4.08
v 4.66 0.7 4.16
v 4.66 0.72 4.16
v 6.86 0.72 4.16
v 6.86 0.7 4.16
v 4.66 0.7 4.16
v 6.86 0.7 4.16
v 6.86 0.7 4.08
v 4.66 0.7 4.08
v 6.86 0.72 4.16
v 4.66 0.72 4.16
v 4.66 0.72 4.08
v 6.86 0.72 4.08
v 6.86 0.72 4.16
v 6.86 0.72 4.08
v 6.86 0.7 4.08
v 6.86 0.7 4.16
v 4.66 0.72 4.08
v 4.66 0.72 4.16
v 4.66 0.7 4.16
v 4.66 0.7 4.08
v 4.66 1.21767 4.26092
v 4.66 1.22114 4.24122
v 6.86 1.22114 4.24122
v 6.86 1.21767 4.26092
v 4.66 1.14236 4.22733
v 4.66 1.13889 4.24702
v 6.86 1.13889 4.24702
v 6.86 1.14236 4.22733
v 4.66 1.14236 4.22733
v 6.86 1.14236 4.22733
v 6.86 1.22114 4.24122
v 4.66 1.22114 4.24122
v 6.86 1.13889 4.24702
v 4.66 1.13889 4.24702
v 4.66 1.21767 4.26092
v 6.86 1.21767 4.26092
v 6.86 1.13889 4.24702
v 6.86 1.21767 4.26092
v 6.86 1.22114 4.24122
v 6.86 1.14236 4.22733
v 4.66 1.21767 4.26092
v 4.66 1.13889 4.24702
v 4.66 1.14236 4.22733
v 4.66 1.22114 4.24122
v 4.66 1.11919 4.24355
v 4.66 1.12266 4.22385
v 6.86 1.12266 4.22385
v 6.86 1.11919 4.24355
v 4.66 1.04388 4.20996
v 4.66 1.04041 4.22966
v 6.86 1.04041 4.22966
v 6.86 1.04388 4.20996
v 4.66 1.04388 4.20996
v 6.86 1.04388 4.20996
v 6.86 1.12266 4.22385
v 4.66 1.12266 4.22385
v 6.86 1.04041 4.22966
v 4.66 1.04041 4.22966
v 4.66 1.11919 4.24355
v 6.86 1.11919 4.24355
v 6.86 1.04041 4.22966
v 6.86 1.11919 4.24355
v 6.86 1.12266 4.22385
v 6.86 1.04388 4.20996
v 4.66 1.11919 4.24355
v 4.66 1.04041 4.22966
v 4.66 1.04388 4.20996
v 4.66 1.12266 4.22385
v 4.66 1.02071 4.22619
v 4.66 1.02418 4.20649
v 6.86 1.02418 4.20649
v 6.86 1.02071 4.22619
v 4.66 0.945398 4.1926
v 4.66 0.9419249 4.21229
v 6.86 0.9419249 4.21229
v 6.86 0.945398 4.1926
v 4.66 0.945398 4.1926
v 6.86 0.945398 4.1926
v 6.86 1.02418 4.20649
v 4.66 1.02418 4.20649
v 6.86 0.9419249 4.21229
v 4.66 0.9419249 4.21229
v 4.66 1.02071 4.22619
v 6.86 1.02071 4.22619
v 6.86 0.9419249 4.21229
v 6.86 1.02071 4.22619
v 6.86 1.02418 4.20649
v 6.86 0.945398 4.1926
v 4.66 1.02071 4.22619
v 4.66 0.9419249 4.21229
v 4.66 0.945398 4.1926
v 4.66 1.02418 4.20649
v 4.66 0.72 3.59
v 4.66 0.7 3.59
v 6.86 0.7 3.59
v 6.86 0.72 3.59
v 4.66 0.7 3.67
v 4.66 0.72 3.67
v 6.86 0.72 3.67
v 6.86 0.7 3.67
v 4.66 0.7 3.67
v 6.86 0.7 3.67
v 6.86 0.7 3.59
v 4.66 0.7 3.59
v 6.86 0.72 3.67
v 4.66 0.72 3.67
v 4.66 0.72 3.59
v 6.86 0.72 3.59
v 6.86 0.72 3.67
v 6.86 0.72 3.59
v 6.86 0.7 3.59
v 6.86 0.7 3.67
v 4.66 0.72 3.59
v 4.66 0.72 3.67
v 4.66 0.7 3.67
v 4.66 0.7 3.59
v 1.0109 1.11978 3.38574
v 1.0109 -0.000218506 3.38574
v 2.3259 -0.000218506 3.38574
v 2.3259 1.11978 3.38574
v 1.0109 -0.000218506 4.34574
v 1.0109 1.27978 4.34574
v 2.3259 1.27978 4.34574
v 2.3259 -0.000218506 4.34574
v 1.0109 -0.000218506 4.34574
v 2.3259 -0.000218506 4.34574
v 2.3259 -0.000218506 3.38574
v 1.0109 -0.000218506 3.38574
v 2.3259 1.27978 4.34574
v 1.0109 1.27978 4.34574
v 1.0109 1.11978 3.38574
v 2.3259 1.11978 3.38574
v 2.3259 1.27978 4.34574
v 2.3259 1.11978 3.38574
v 2.3259 -0.000218506 3.38574
v 2.3259 -0.000218506 4.34574
v 1.0109 1.11978 3.38574
v 1.0109 1.27978 4.34574
v 1.0109 -0.000218506 4.34574
v 1.0109 -0.000218506 3.38574
v 2.3309 -0.000218506 3.38574
v 3.6459 -0.000218506 3.38574
v 3.6459 0.959999 3.38574
v 2.3309 0.959999 3.38574
v 2.3309 -0.000218506 4.34574
v 2.3309 0.959999 4.34574
v 3.6459 -0.000218506 4.34574
v 3.6459 0.959999 4.34574
v 3.6459 1.27978 4.34574
v 2.3309 1.27978 4.34574
v 3.6459 -0.000218506 4.34574
v 3.6459 -0.000218506 3.38574
v 2.3309 -0.000218506 3.38574
v 2.3309 -0.000218506 4.34574
v 3.6459 0.959999 3.38574
v 3.6459 -0.000218506 3.38574
v 3.6459 -0.000218506 4.34574
v 3.6459 0.959999 4.34574
v 3.6459 1.23978 4.10574
v 3.6459 0.959999 4.10574
v 3.6459 1.27978 4.34574
v 2.3309 0.959999 4.34574
v 2.3309 -0.000218506 4.34574
v 2.3309 -0.000218506 3.38574
v 2.3309 0.959999 3.38574
v 2.3309 1.27978 4.34574
v 2.3309 0.959999 4.10574
v 2.3309 1.23978 4.10574
v 2.3309 0.959999 3.38574
v 3.6459 0.959999 3.38574
v 3.6459 0.959999 4.34574
v 2.3309 0.959999 4.34574
v 2.3309 1.23978 4.10574
v 3.6459 1.23978 4.10574
v 3.6459 1.27978 4.34574
v 2.3309 1.27978 4.34574
v 2.3309 0.959999 4.34574
v 3.6459 0.959999 4.34574
v 3.6459 0.959999 4.10574
v 2.3309 0.959999 4.10574
v 3.6459 0.959999 4.10574
v 3.6459 1.23978 4.10574
v 2.3309 1.23978 4.10574
v 2.3309 0.959999 4.10574
v 1.43426 1.11978 -0.689105
v 1.43426 -0.000218506 -0.689105
v 0.471705 -0.000218506 -0.689105
v 0.471705 1.11978 -0.689105
v 1.43426 -0.000218506 -1.6491
v 1.43426 1.27978 -1.6491
v 0.471705 1.27978 -1.6491
v 0.471705 -0.000218506 -1.6491
v 1.43426 -0.000218506 -1.6491
v 0.471705 -0.000218506 -1.6491
v 0.471705 -0.000218506 -0.689105
v 1.43426 -0.000218506 -0.689105
v 0.471705 1.27978 -1.6491
v 1.43426 1.27978 -1.6491
v 1.43426 1.11978 -0.689105
v 0.471705 1.11978 -0.689105
v 0.471705 1.27978 -1.6491
v 0.471705 1.11978 -0.689105
v 0.471705 -0.000218506 -0.689105
v 0.471705 -0.000218506 -1.6491
v 1.43426 1.11978 -0.689105
v 1.43426 1.27978 -1.6491
v 1.43426 -0.000218506 -1.6491
v 1.43426 -0.000218506 -0.689105
v 0.468045 -0.000218506 -0.689105
v -0.494515 -0.000218506 -0.689105
v -0.494515 0.959999 -0.689105
v 0.468045 0.959999 -0.689105
v 0.468045 -0.000218506 -1.6491
v 0.468045 0.959999 -1.6491
v -0.494515 -0.000218506 -1.6491
v -0.494515 0.959999 -1.6491
v -0.494515 1.27978 -1.6491
v 0.468045 1.27978 -1.6491
v -0.494515 -0.000218506 -1.6491
v -0.494515 -0.000218506 -0.689105
v 0.468045 -0.000218506 -0.689105
v 0.468045 -0.000218506 -1.6491
v -0.494515 0.959999 -0.689105
v -0.494515 -0.000218506 -0.689105
v -0.494515 -0.000218506 -1.6491
v -0.494515 0.959999 -1.6491
v -0.494515 1.23978 -1.4091
v -0.494515 0.959999 -1.4091
v -0.494515 1.27978 -1.6491
v 0.468045 0.959999 -1.6491
v 0.468045 -0.000218506 -1.6491
v 0.468045 -0.000218506 -0.689105
v 0.468045 0.959999 -0.689105
v 0.468045 1.27978 -1.6491
v 0.468045 0.959999 -1.4091
v 0.468045 1.23978 -1.4091
v 0.468045 0.959999 -0.689105
v -0.494515 0.959999 -0.689105
v -0.494515 0.959999 -1.6491
v 0.468045 0.959999 -1.6491
v 0.468045 1.23978 -1.4091
v -0.494515 1.23978 -1.4091
v -0.494515 1.27978 -1.6491
v 0.468045 1.27978 -1.6491
v 0.468045 0.959999 -1.6491
v -0.494515 0.959999 -1.6491
v -0.494515 0.959999 -1.4091
v 0.468045 0.959999 -1.4091
v -0.494515 0.959999 -1.4091
v -0.494515 1.23978 -1.4091
v 0.468045 1.23978 -1.4091
v 0.468045 0.959999 -1.4091
v -0.498175 1.11978 -0.689105
v -0.498175 -0.000218506 -0.689105
v -1.46074 -0.000218506 -0.689105
v -1.46074 1.11978 -0.689105
v -0.498175 -0.000218506 -1.6491
v -0.498175 1.27978 -1.6491
v -1.46074 1.27978 -1.6491
v -1.46074 -0.000218506 -1.6491
v -0.498175 -0.000218506 -1.6491
v -1.46074 -0.000218506 -1.6491
v -1.46074 -0.000218506 -0.689105
v -0.498175 -0.000218506 -0.689105
v -1.46074 1.27978 -1.6491
v -0.498175 1.27978 -1.6491
v -0.498175 1.11978 -0.689105
v -1.46074 1.11978 -0.689105
v -1.46074 1.27978 -1.6491
v -1.46074 1.11978 -0.689105
v -1.46074 -0.000218506 -0.689105
v -1.46074 -0.000218506 -1.6491
v -0.498175 1.11978 -0.689105
v -0.498175 1.27978 -1.6491
v -0.498175 -0.000218506 -1.6491
v -0.498175 -0.000218506 -0.689105
v 4.035 2.68 -2.03
v 4.035 2.39 -2.03
v 4.035 2.39 -1.1
v 4.035 2.68 -1.1
v 4.025 2.39 -2.03
v 4.025 2.68 -2.03
v 4.025 2.68 -1.1
v 4.025 2.39 -1.1
v 4.025 2.39 -2.03
v 4.025 2.39 -1.1
v 4.035 2.39 -1.1
v 4.035 2.39 -2.03
v 4.025 2.68 -1.1
v 4.025 2.68 -2.03
v 4.035 2.68 -2.03
v 4.035 2.68 -1.1
v 4.025 2.68 -1.1
v 4.035 2.68 -1.1
v 4.035 2.39 -1.1
v 4.025 2.39 -1.1
v 4.035 2.68 -2.03
v 4.025 2.68 -2.03
v 4.025 2.39 -2.03
v 4.035 2.39 -2.03
v -4.775 2.68 -1.1
v -4.775 2.39 -1.1
v -4.775 2.39 -2.03
v -4.775 2.68 -2.03
v -4.765 2.39 -1.1
v -4.765 2.68 -1.1
v -4.765 2.68 -2.03
v -4.765 2.39 -2.03
v -4.765 2.39 -1.1
v -4.765 2.39 -2.03
v -4.775 2.39 -2.03
v -4.775 2.39 -1.1
v -4.765 2.68 -2.03
v -4.765 2.68 -1.1
v -4.775 2.68 -1.1
v -4.775 2.68 -2.03
v -4.765 2.68 -2.03
v -4.775 2.68 -2.03
v -4.775 2.39 -2.03
v -4.765 2.39 -2.03
v -4.775 2.68 -1.1
v -4.765 2.68 -1.1
v -4.765 2.39 -1.1
v -4.775 2.39 -1.1
v -1.86 3.27 -1.8
v -1.86 1.29 -1.8
v 1.64 1.29 -1.8
v 1.64 3.27 -1.8
v -1.86 1.29 -1.79
v 1.64 1.29 -1.79
v 1.64 1.29 -1.8
v -1.86 1.29 -1.8
v 1.64 3.27 -1.79
v -1.86 3.27 -1.79
v -1.86 3.27 -1.8
v 1.64 3.27 -1.8
v 1.64 3.27 -1.79
v 1.64 3.27 -1.8
v 1.64 1.29 -1.8
v 1.64 1.29 -1.79
v -1.86 3.27 -1.8
v -1.86 3.27 -1.79
v -1.86 1.29 -1.79
v -1.86 1.29 -1.8
v -4.6 1.29 -0.3
v -4.6 3.27 -0.3
v -4.6 3.27 3.28
v -4.6 1.29 3.28
v -4.6 1.29 -0.3
v -4.6 1.29 3.28
v -4.59 1.29 3.28
v -4.59 1.29 -0.3
v -4.6 3.27 3.28
v -4.6 3.27 -0.3
v -4.59 3.27 -0.3
v -4.59 3.27 3.28
v -4.6 3.27 3.28
v -4.59 3.27 3.28
v -4.59 1.29 3.28
v -4.6 1.29 3.28
v -4.59 3.27 -0.3
v -4.6 3.27 -0.3
v -4.6 1.29 -0.3
v -4.59 1.29 -0.3
v 3.89 3.27 -0.34
v 3.89 1.29 -0.34
v 3.89 1.29 3.16
v 3.89 3.27 3.16
v 3.88 1.29 -0.34
v 3.88 1.29 3.16
v 3.89 1.29 3.16
v 3.89 1.29 -0.34
v 3.88 3.27 3.16
v 3.88 3.27 -0.34
v 3.89 3.27 -0.34
v 3.89 3.27 3.16
v 3.88 3.27 3.16
v 3.89 3.27 3.16
v 3.89 1.29 3.16
v 3.88 1.29 3.16
v 3.89 3.27 -0.34
v 3.88 3.27 -0.34
v 3.88 1.29 -0.34
v 3.89 1.29 -0.34
vt -0.015597 0.937388
vt -0.015597 0.962289
vt -0.207143 0.962289
vt -0.207143 0.937388
vt -0.207143 0.962289
vt -0.015597 0.937388
vt -0.183181 0.019207
vt -0.183181 0.005147
vt -0.086231 0.005147
vt -0.015597 0.937388
vt -0.015597 0.962289
vt -0.207143 0.962289
vt -0.207143 0.937388
vt -0.207143 0.962289
vt -0.015597 0.937388
vt -0.183181 0.019207
vt -0.183181 0.005147
vt -0.086231 0.005147
vt -0.015597 0.937388
vt -0.015597 0.962289
vt -0.207143 0.962289
vt -0.207143 0.937388
vt -0.207143 0.962289
vt -0.015597 0.937388
vt -0.183181 0.019207
vt -0.183181 0.005147
vt -0.086231 0.005147
vt -0.27742 0.099637
vt -0.41379 0.099637
vt -0.41379 0.109207
vt -0.27742 0.109207
vt -0.961128 0.269182
vt -0.644997 0.269182
vt -0.644997 0.145106
vt -0.961128 0.145106
vt -0.706835 0.022236
vt -0.706835 0.006463
vt -0.777393 0.006463
vt -0.777393 0.022236
vt -0.781574 0.004904
vt -0.852131 0.004904
vt -0.852131 0.020677
vt -0.781574 0.020677
vt -0.608479 0.979902
vt -0.978495 0.956657
vt -0.978495 0.979902
vt -0.627631 0.956657
vt -0.608479 0.811926
vt -0.627631 0.811926
vt -0.608479 0.53562
vt -0.627631 0.53562
vt -0.608479 0.27905
vt -0.627631 0.27905
vt -0.608479 0.127739
vt -0.627631 0.127739
vt -0.448914 0.041264
vt -0.462132 0.041264
vt -0.448914 0.044209
vt -0.544436 0.041264
vt -0.544436 0.044209
vt -0.701562 0.041264
vt -0.701562 0.044209
vt -0.847465 0.044209
vt -0.544436 0.025491
vt -0.462132 0.025491
vt -0.701562 0.025491
vt -0.847465 0.025491
vt -0.847465 0.041264
vt -0.933511 0.044209
vt -0.933511 0.041264
vt -0.933511 0.025491
vt -0.142498 0.323692
vt -0.151607 0.317129
vt -0.151607 0.193143
vt -0.142498 0.199706
vt -0.13339 0.317129
vt -0.13339 0.193143
vt -0.151607 0.317129
vt -0.166849 0.317129
vt -0.166849 0.193143
vt -0.151607 0.193143
vt -0.428434 0.087536
vt -0.27708 0.097106
vt -0.27708 0.087536
vt -0.428434 0.097106
vt -0.544436 0.067499
vt -0.462132 0.083272
vt -0.462132 0.067499
vt -0.544436 0.083272
vt -0.701562 0.067499
vt -0.701562 0.083272
vt -0.847465 0.083272
vt -0.847465 0.067499
vt -0.933511 0.083272
vt -0.933511 0.067499
vt -0.885995 0.100106
vt -0.675579 0.097161
vt -0.885995 0.097161
vt -0.675579 0.100106
vt -0.276602 0.086522
vt -0.412972 0.076953
vt -0.412972 0.086522
vt -0.276602 0.076953
vt -0.961128 0.821794
vt -0.644997 0.939291
vt -0.644997 0.821794
vt -0.961128 0.939291
vt -0.542601 0.022698
vt -0.475784 0.006925
vt -0.542601 0.006925
vt -0.475784 0.022698
vt -0.542601 0.049977
vt -0.475784 0.06575
vt -0.475784 0.049977
vt -0.542601 0.06575
vt -0.437666 0.122317
vt -0.429405 0.12053
vt -0.437666 0.12053
vt -0.278051 0.122317
vt -0.278051 0.12053
vt -0.278051 0.110961
vt -0.429405 0.110961
vt -0.109039 0.323692
vt -0.118148 0.317129
vt -0.118148 0.193143
vt -0.109039 0.199706
vt -0.099931 0.317129
vt -0.099931 0.193143
vt -0.118148 0.317129
vt -0.13339 0.317129
vt -0.13339 0.193143
vt -0.118148 0.193143
vt -0.412878 0.06613
vt -0.276507 0.0757
vt -0.276507 0.06613
vt -0.412878 0.0757
vt -0.276507 0.064351
vt -0.412878 0.054782
vt -0.412878 0.064351
vt -0.276507 0.054782
vt -0.858618 0.004041
vt -0.993298 0.019814
vt -0.858618 0.019814
vt -0.993298 0.004041
vt -0.695951 0.020612
vt -0.550048 0.004838
vt -0.695951 0.004838
vt -0.550048 0.020612
vt -0.961128 0.545488
vt -0.644997 0.802058
vt -0.644997 0.545488
vt -0.961128 0.802058
vt -0.644997 0.525752
vt -0.961128 0.288918
vt -0.961128 0.525752
vt -0.644997 0.288918
vt -0.695951 0.066238
vt -0.550048 0.050464
vt -0.695951 0.050464
vt -0.550048 0.066238
vt -0.707174 0.047032
vt -0.841854 0.062806
vt -0.707174 0.062806
vt -0.841854 0.047032
vt -0.217239 0.193143
vt -0.209876 0.193143
vt -0.209876 0.284311
vt -0.217239 0.284311
vt -0.209876 0.299283
vt -0.202513 0.299283
vt -0.202513 0.323692
vt -0.209876 0.323692
vt -0.412257 0.043577
vt -0.275887 0.053147
vt -0.275887 0.043577
vt -0.412257 0.053147
vt -0.274981 0.041223
vt -0.411352 0.031653
vt -0.411352 0.041223
vt -0.274981 0.031653
vt -0.209876 0.284311
vt -0.209876 0.193143
vt -0.202513 0.193143
vt -0.202513 0.284311
vt -0.140633 0.332873
vt -0.140633 0.338979
vt -0.149827 0.338979
vt -0.149827 0.332873
vt -0.217239 0.299283
vt -0.209876 0.299283
vt -0.209876 0.323692
vt -0.217239 0.323692
vt -0.411294 0.019606
vt -0.274924 0.029176
vt -0.274924 0.019606
vt -0.411294 0.029176
vt -0.274924 0.015117
vt -0.411294 0.005547
vt -0.411294 0.015117
vt -0.274924 0.005547
vt -0.020555 0.364508
vt -0.071376 0.596666
vt -0.020555 0.596666
vt -0.071376 0.364508
vt -0.071376 0.364508
vt -0.161454 0.596666
vt -0.071376 0.596666
vt -0.161454 0.364508
vt -0.020555 0.596666
vt -0.071376 0.686743
vt -0.020555 0.686743
vt -0.071376 0.596666
vt -0.161454 0.364508
vt -0.071376 0.596666
vt -0.071376 0.364508
vt -0.161454 0.596666
vt -0.166277 0.333129
vt -0.175472 0.339236
vt -0.166277 0.339236
vt -0.175472 0.333129
vt -0.166277 0.333129
vt -0.166277 0.339236
vt -0.175472 0.339236
vt -0.175472 0.333129
vt -0.161454 0.364508
vt -0.071376 0.364508
vt -0.071376 0.596666
vt -0.161454 0.596666
vt -0.209876 0.299283
vt -0.202513 0.323692
vt -0.202513 0.299283
vt -0.209876 0.323692
vt -0.217239 0.193143
vt -0.209876 0.284311
vt -0.209876 0.193143
vt -0.217239 0.284311
vt -0.217239 0.299283
vt -0.209876 0.323692
vt -0.209876 0.299283
vt -0.217239 0.323692
vt -0.140633 0.332873
vt -0.149827 0.338979
vt -0.140633 0.338979
vt -0.149827 0.332873
vt -0.209876 0.284311
vt -0.202513 0.193143
vt -0.209876 0.193143
vt -0.202513 0.284311
vt -0.118148 0.317129
vt -0.13339 0.193143
vt -0.13339 0.317129
vt -0.118148 0.193143
vt -0.109039 0.323692
vt -0.118148 0.193143
vt -0.118148 0.317129
vt -0.109039 0.199706
vt -0.099931 0.317129
vt -0.099931 0.193143
vt -0.151607 0.317129
vt -0.166849 0.193143
vt -0.166849 0.317129
vt -0.151607 0.193143
vt -0.142498 0.323692
vt -0.151607 0.193143
vt -0.151607 0.317129
vt -0.142498 0.199706
vt -0.13339 0.317129
vt -0.13339 0.193143
vt -0.183181 0.005147
vt -0.183181 0.019207
vt -0.086231 0.019207
vt -0.086231 0.005147
vt -0.039011 0.005147
vt -0.039011 0.019207
vt -0.086231 0.216841
vt -0.039011 0.216841
vt -0.086231 0.240276
vt -0.039011 0.240276
vt -0.030458 0.248978
vt -0.01399 0.216841
vt -0.014585 0.240276
vt -0.004064 0.22829
vt -0.015597 0.980184
vt -0.207143 0.980184
vt -0.207143 0.980184
vt -0.015597 0.980184
vt -0.207143 0.964141
vt -0.015597 0.964141
vt -0.015597 0.972659
vt -0.207143 0.972659
vt -0.207143 0.693116
vt -0.015597 0.693116
vt -0.015597 0.742458
vt -0.207143 0.742458
vt -0.015597 0.980184
vt -0.207143 0.980184
vt -0.207143 0.972659
vt -0.015597 0.972659
vt -0.015597 0.964141
vt -0.207143 0.964141
vt -0.207143 0.962289
vt -0.015597 0.962289
vt -0.207143 0.696966
vt -0.015597 0.696966
vt -0.015597 0.693116
vt -0.207143 0.693116
vt -0.216873 0.077575
vt -0.216873 0.079451
vt -0.100625 0.079451
vt -0.100625 0.077575
vt -0.216873 0.133092
vt -0.216873 0.131215
vt -0.216873 0.129598
vt -0.216873 0.131417
vt -0.216873 0.165276
vt -0.216873 0.163659
vt -0.216873 0.163659
vt -0.216873 0.165276
vt -0.100625 0.165276
vt -0.100625 0.163659
vt -0.216873 0.131417
vt -0.100625 0.131417
vt -0.100625 0.165276
vt -0.216873 0.165276
vt -0.100625 0.077575
vt -0.100625 0.079451
vt -0.100625 0.103514
vt -0.100625 0.105333
vt -0.216873 0.077575
vt -0.100625 0.077575
vt -0.100625 0.105333
vt -0.216873 0.105333
vt -0.216873 0.079451
vt -0.216873 0.077575
vt -0.216873 0.105333
vt -0.216873 0.103514
vt -0.216873 0.133092
vt -0.100625 0.131215
vt -0.216873 0.131215
vt -0.100625 0.133092
vt -0.216873 0.047008
vt -0.100625 0.04539
vt -0.216873 0.04539
vt -0.100625 0.047008
vt -0.216873 0.07925
vt -0.100625 0.04539
vt -0.100625 0.07925
vt -0.216873 0.04539
vt -0.100625 0.133092
vt -0.100625 0.107153
vt -0.100625 0.131215
vt -0.100625 0.105333
vt -0.216873 0.133092
vt -0.100625 0.105333
vt -0.100625 0.133092
vt -0.216873 0.105333
vt -0.216873 0.131215
vt -0.216873 0.105333
vt -0.216873 0.133092
vt -0.216873 0.107153
vt -0.216873 0.133092
vt -0.100625 0.131215
vt -0.216873 0.131215
vt -0.100625 0.133092
vt -0.216873 0.047008
vt -0.100625 0.04539
vt -0.216873 0.04539
vt -0.100625 0.047008
vt -0.216873 0.07925
vt -0.100625 0.04539
vt -0.100625 0.07925
vt -0.216873 0.04539
vt -0.100625 0.133092
vt -0.100625 0.107153
vt -0.100625 0.131215
vt -0.100625 0.105333
vt -0.216873 0.133092
vt -0.100625 0.105333
vt -0.100625 0.133092
vt -0.216873 0.105333
vt -0.216873 0.131215
vt -0.216873 0.105333
vt -0.216873 0.133092
vt -0.216873 0.107153
vt -0.183181 0.005147
vt -0.183181 0.019207
vt -0.086231 0.019207
vt -0.086231 0.005147
vt -0.039011 0.005147
vt -0.039011 0.019207
vt -0.086231 0.216841
vt -0.039011 0.216841
vt -0.086231 0.240276
vt -0.039011 0.240276
vt -0.030458 0.248978
vt -0.01399 0.216841
vt -0.014585 0.240276
vt -0.004064 0.22829
vt -0.015597 0.937388
vt -0.015597 0.962289
vt -0.207143 0.962289
vt -0.207143 0.937388
vt -0.015597 0.980184
vt -0.207143 0.980184
vt -0.207143 0.980184
vt -0.015597 0.980184
vt -0.207143 0.964141
vt -0.015597 0.964141
vt -0.015597 0.972659
vt -0.207143 0.972659
vt -0.207143 0.693116
vt -0.015597 0.693116
vt -0.015597 0.742458
vt -0.207143 0.742458
vt -0.015597 0.980184
vt -0.207143 0.980184
vt -0.207143 0.972659
vt -0.015597 0.972659
vt -0.015597 0.964141
vt -0.207143 0.964141
vt -0.207143 0.962289
vt -0.015597 0.962289
vt -0.207143 0.696966
vt -0.015597 0.696966
vt -0.015597 0.693116
vt -0.207143 0.693116
vt -0.183181 0.005147
vt -0.183181 0.019207
vt -0.086231 0.019207
vt -0.086231 0.005147
vt -0.039011 0.005147
vt -0.039011 0.019207
vt -0.086231 0.216841
vt -0.039011 0.216841
vt -0.086231 0.240276
vt -0.039011 0.240276
vt -0.030458 0.248978
vt -0.01399 0.216841
vt -0.014585 0.240276
vt -0.004064 0.22829
vt -0.015597 0.937388
vt -0.015597 0.962289
vt -0.207143 0.962289
vt -0.207143 0.937388
vt -0.015597 0.980184
vt -0.207143 0.980184
vt -0.207143 0.980184
vt -0.015597 0.980184
vt -0.207143 0.964141
vt -0.015597 0.964141
vt -0.015597 0.972659
vt -0.207143 0.972659
vt -0.207143 0.693116
vt -0.015597 0.693116
vt -0.015597 0.742458
vt -0.207143 0.742458
vt -0.015597 0.980184
vt -0.207143 0.980184
vt -0.207143 0.972659
vt -0.015597 0.972659
vt -0.015597 0.964141
vt -0.207143 0.964141
vt -0.207143 0.962289
vt -0.015597 0.962289
vt -0.207143 0.696966
vt -0.015597 0.696966
vt -0.015597 0.693116
vt -0.207143 0.693116
vt -0.020555 0.364508
vt -0.071376 0.596666
vt -0.020555 0.596666
vt -0.071376 0.364508
vt -0.071376 0.364508
vt -0.161454 0.596666
vt -0.071376 0.596666
vt -0.161454 0.364508
vt -0.020555 0.596666
vt -0.071376 0.686743
vt -0.020555 0.686743
vt -0.071376 0.596666
vt -0.161454 0.364508
vt -0.071376 0.596666
vt -0.071376 0.364508
vt -0.161454 0.596666
vt -0.020555 0.596666
vt -0.020555 0.686743
vt -0.071376 0.686743
vt -0.071376 0.596666
vt -0.166277 0.333129
vt -0.175472 0.339236
vt -0.166277 0.339236
vt -0.175472 0.333129
vt -0.071376 0.364508
vt -0.071376 0.596666
vt -0.161454 0.596666
vt -0.161454 0.364508
vt -0.020555 0.364508
vt -0.020555 0.596666
vt -0.071376 0.596666
vt -0.071376 0.364508
vt -0.209876 0.299283
vt -0.202513 0.323692
vt -0.202513 0.299283
vt -0.209876 0.323692
vt -0.217239 0.193143
vt -0.209876 0.284311
vt -0.209876 0.193143
vt -0.217239 0.284311
vt -0.217239 0.299283
vt -0.209876 0.323692
vt -0.209876 0.299283
vt -0.217239 0.323692
vt -0.140633 0.332873
vt -0.149827 0.338979
vt -0.140633 0.338979
vt -0.149827 0.332873
vt -0.209876 0.284311
vt -0.202513 0.193143
vt -0.209876 0.193143
vt -0.202513 0.284311
vt -0.118148 0.317129
vt -0.13339 0.193143
vt -0.13339 0.317129
vt -0.118148 0.193143
vt -0.109039 0.323692
vt -0.118148 0.193143
vt -0.118148 0.317129
vt -0.109039 0.199706
vt -0.099931 0.317129
vt -0.099931 0.193143
vt -0.151607 0.317129
vt -0.166849 0.193143
vt -0.166849 0.317129
vt -0.151607 0.193143
vt -0.142498 0.323692
vt -0.151607 0.193143
vt -0.151607 0.317129
vt -0.142498 0.199706
vt -0.13339 0.317129
vt -0.13339 0.193143
vt -0.195149 0.193143
vt -0.187786 0.193143
vt -0.187786 0.284311
vt -0.195149 0.284311
vt -0.187786 0.299283
vt -0.195149 0.299283
vt -0.187786 0.323692
vt -0.195149 0.323692
vt -0.195149 0.323692
vt -0.202513 0.323692
vt -0.202513 0.299283
vt -0.195149 0.299283
vt -0.202513 0.284311
vt -0.195149 0.284311
vt -0.202513 0.193143
vt -0.195149 0.193143
vt -0.180423 0.323692
vt -0.187786 0.323692
vt -0.187786 0.299283
vt -0.180423 0.299283
vt -0.187786 0.284311
vt -0.180423 0.284311
vt -0.187786 0.193143
vt -0.180423 0.193143
vt -0.180423 0.193143
vt -0.173059 0.193143
vt -0.173059 0.284311
vt -0.180423 0.284311
vt -0.173059 0.299283
vt -0.180423 0.299283
vt -0.173059 0.323692
vt -0.180423 0.323692
vt -0.180423 0.284311
vt -0.180423 0.193143
vt -0.187786 0.193143
vt -0.187786 0.284311
vt -0.180423 0.299283
vt -0.187786 0.299283
vt -0.180423 0.323692
vt -0.187786 0.323692
vt -0.173059 0.284311
vt -0.173059 0.193143
vt -0.180423 0.193143
vt -0.180423 0.284311
vt -0.173059 0.299283
vt -0.180423 0.299283
vt -0.173059 0.323692
vt -0.180423 0.323692
vt -0.187786 0.284311
vt -0.187786 0.193143
vt -0.195149 0.193143
vt -0.195149 0.284311
vt -0.187786 0.299283
vt -0.195149 0.299283
vt -0.187786 0.323692
vt -0.195149 0.323692
vt -0.202513 0.299283
vt -0.202513 0.323692
vt -0.195149 0.323692
vt -0.195149 0.299283
vt -0.202513 0.284311
vt -0.195149 0.284311
vt -0.202513 0.193143
vt -0.195149 0.193143
vt -0.086231 0.005147
vt -0.086231 0.019207
vt -0.183181 0.019207
vt -0.039011 0.005147
vt -0.039011 0.019207
vt -0.039011 0.216841
vt -0.086231 0.216841
vt -0.039011 0.240276
vt -0.086231 0.240276
vt -0.01399 0.216841
vt -0.030458 0.248978
vt -0.004064 0.22829
vt -0.014585 0.240276
vt -0.100625 0.131215
vt -0.216873 0.131215
vt -0.216873 0.133092
vt -0.100625 0.133092
vt -0.216873 0.163659
vt -0.100625 0.163659
vt -0.100625 0.163659
vt -0.100625 0.165276
vt -0.100625 0.131417
vt -0.100625 0.133092
vt -0.100625 0.129598
vt -0.100625 0.131215
vt -0.100625 0.07925
vt -0.100625 0.04539
vt -0.100625 0.047008
vt -0.100625 0.077575
vt -0.100625 0.081069
vt -0.100625 0.079451
vt -0.100625 0.077575
vt -0.100625 0.047008
vt -0.216873 0.047008
vt -0.216873 0.077575
vt -0.100625 0.079451
vt -0.216873 0.079451
vt -0.216873 0.077575
vt -0.216873 0.047008
vt -0.216873 0.04539
vt -0.216873 0.07925
vt -0.216873 0.081069
vt -0.216873 0.079451
vt -0.100625 0.07925
vt -0.100625 0.04539
vt -0.100625 0.047008
vt -0.100625 0.077575
vt -0.100625 0.081069
vt -0.100625 0.079451
vt -0.100625 0.077575
vt -0.100625 0.047008
vt -0.216873 0.047008
vt -0.216873 0.077575
vt -0.100625 0.079451
vt -0.216873 0.079451
vt -0.216873 0.077575
vt -0.216873 0.047008
vt -0.216873 0.04539
vt -0.216873 0.07925
vt -0.216873 0.081069
vt -0.216873 0.079451
vt -0.004064 0.22829
vt -0.014585 0.240276
vt -0.030458 0.248978
vt -0.01399 0.216841
vt -0.039011 0.240276
vt -0.039011 0.216841
vt -0.086231 0.216841
vt -0.086231 0.240276
vt -0.086231 0.019207
vt -0.039011 0.019207
vt -0.039011 0.005147
vt -0.086231 0.005147
vt -0.183181 0.019207
vt -0.183181 0.005147
vt -0.207143 0.742458
vt -0.015597 0.742458
vt -0.015597 0.936289
vt -0.207143 0.936289
vt -0.015597 0.937388
vt -0.207143 0.937388
vt -0.004064 0.22829
vt -0.014585 0.240276
vt -0.030458 0.248978
vt -0.01399 0.216841
vt -0.039011 0.240276
vt -0.039011 0.216841
vt -0.086231 0.216841
vt -0.086231 0.240276
vt -0.086231 0.019207
vt -0.039011 0.019207
vt -0.039011 0.005147
vt -0.086231 0.005147
vt -0.183181 0.019207
vt -0.183181 0.005147
vt -0.180423 0.284311
vt -0.180423 0.193143
vt -0.187786 0.193143
vt -0.187786 0.284311
vt -0.180423 0.299283
vt -0.187786 0.299283
vt -0.180423 0.323692
vt -0.187786 0.323692
vt -0.173059 0.284311
vt -0.173059 0.193143
vt -0.180423 0.193143
vt -0.180423 0.284311
vt -0.173059 0.299283
vt -0.180423 0.299283
vt -0.173059 0.323692
vt -0.180423 0.323692
vt -0.187786 0.284311
vt -0.187786 0.193143
vt -0.195149 0.193143
vt -0.195149 0.284311
vt -0.187786 0.299283
vt -0.195149 0.299283
vt -0.187786 0.323692
vt -0.195149 0.323692
vt -0.195149 0.284311
vt -0.195149 0.193143
vt -0.202513 0.193143
vt -0.202513 0.284311
vt -0.195149 0.299283
vt -0.202513 0.299283
vt -0.195149 0.323692
vt -0.202513 0.323692
vt -0.974105 0.111713
vt -0.974105 0.114657
vt -0.88806 0.114657
vt -0.88806 0.111713
vt -0.742157 0.114657
vt -0.742157 0.111713
vt -0.585031 0.111713
vt -0.585031 0.114657
vt -0.489509 0.111713
vt -0.489509 0.114657
vt -0.207143 0.742458
vt -0.015597 0.742458
vt -0.015597 0.936289
vt -0.207143 0.936289
vt -0.015597 0.937388
vt -0.207143 0.937388
vt -0.207143 0.742458
vt -0.015597 0.742458
vt -0.015597 0.936289
vt -0.207143 0.936289
vt -0.015597 0.937388
vt -0.207143 0.937388
vt -0.228205 0.27905
vt -0.228205 0.127739
vt -0.598221 0.127739
vt -0.598221 0.27905
vt -0.228205 0.53562
vt -0.598221 0.53562
vt -0.228205 0.811926
vt -0.598221 0.811926
vt -0.598221 0.979902
vt -0.228205 0.979902
vt 0.79932 -0.024698
vt 0.79932 -0.072625
vt 0.869409 -0.07258
vt 0.869409 -0.024581
vt 0.90392 -0.07258
vt 0.90392 -0.024581
vt 0.839373 -0.194481
vt 0.930999 -0.194481
vt 0.839373 -0.082959
vt 0.930999 -0.082959
vt 0.833672 -0.156185
vt 0.905949 -0.156185
vt 0.833672 -0.084091
vt 0.905949 -0.084091
vt -0.015597 0.693116
vt -0.207143 0.693116
vt -0.015597 0.742458
vt -0.207143 0.742458
vt -0.015597 0.693116
vt -0.207143 0.693116
vt -0.015597 0.742458
vt -0.207143 0.742458
vt 0.375 0.0078
vt 0.375 0
vt 0 0
vt 0 0.0078
vt 0.0078 0.0078
vt 0 0.6172
vt 0.0078 0.6172
vt 0.375 0.6172
vt 0.3672 0.0078
vt 0.3672 0.6172
vt 0 0.625
vt 0.375 0.625
vt 0 0.0078
vt 0 0
vt 0.375 0
vt 0.375 0.0078
vt 0.0078 0.0078
vt 0.0078 0.6172
vt 0 0.6172
vt 0.3672 0.0078
vt 0.375 0.6172
vt 0.3672 0.6172
vt 0 0.625
vt 0.375 0.625
vt 0.375 0.0273
vt 0 0.0273
vt 0 -0.0273
vt 0.375 -0.0273
vt 0.0547 0.0078
vt 0 0.0078
vt 0 0
vt 0.0547 0
vt 0 0.0078
vt 0.0547 0.0078
vt 0.0547 0
vt 0 0
vt 0.3675 0.2595
vt 0.0266 0.2595
vt 0.0266 0.2985
vt 0.3675 0.2985
vt 0.0116 -0.0181
vt 0.3829 -0.0181
vt 0.3829 0.0209
vt 0.0116 0.0209
vt 0.0078 0.0273
vt 0 0.0273
vt 0 -0.0273
vt 0.0078 -0.0273
vt 0.0078 -0.0273
vt 0 -0.0273
vt 0 0.0273
vt 0.0078 0.0273
vt 0.3477 0.1267
vt 0.293 0.1267
vt 0.293 0.9502
vt 0.3477 0.9502
vt 0.3672 0.0273
vt 0.3672 -0.0273
vt 0.375 -0.0273
vt 0.375 0.0273
vt 0.3672 0.0273
vt 0.375 0.0273
vt 0.375 -0.0273
vt 0.3672 -0.0273
vt 0.2949 0.1267
vt 0.3496 0.1267
vt 0.3496 0.9502
vt 0.2949 0.9502
vt -0.4909 0.1615
vt -0.4909 0.1667
vt -0.2409 0.1667
vt -0.2409 0.1615
vt -0.4909 0.1432
vt -0.4909 0.138
vt -0.2409 0.138
vt -0.2409 0.1432
vt -0.3841 0.1667
vt -0.3893 0.1667
vt -0.3893 0.1615
vt -0.3841 0.1615
vt -0.3841 0.1615
vt -0.3893 0.1615
vt -0.3893 0.1667
vt -0.3841 0.1667
vt -0.4909 0.1432
vt -0.2409 0.1432
vt -0.2409 0.138
vt -0.4909 0.138
vt -0.4909 0.1615
vt -0.2409 0.1615
vt -0.2409 0.1667
vt -0.4909 0.1667
vt -0.4909 0.5781
vt -0.2409 0.5781
vt -0.2409 0.5677
vt -0.4909 0.5677
vt -0.2409 0.1432
vt -0.2409 0.138
vt -0.4909 0.138
vt -0.4909 0.1432
vt -0.3841 0.5781
vt -0.3893 0.5781
vt -0.3893 0.5677
vt -0.3841 0.5677
vt -0.3841 0.5781
vt -0.3841 0.5677
vt -0.3893 0.5677
vt -0.3893 0.5781
vt -0.2409 0.1432
vt -0.4909 0.1432
vt -0.4909 0.138
vt -0.2409 0.138
vt -0.4909 0.5677
vt -0.2409 0.5677
vt -0.2409 0.5781
vt -0.4909 0.5781
vt -0.4909 0.5781
vt -0.2409 0.5781
vt -0.2409 0.5677
vt -0.4909 0.5677
vt -0.2409 0.1849
vt -0.2409 0.1797
vt -0.4909 0.1797
vt -0.4909 0.1849
vt -0.3424 0.5781
vt -0.3477 0.5781
vt -0.3477 0.5677
vt -0.3424 0.5677
vt -0.3424 0.5781
vt -0.3424 0.5677
vt -0.3477 0.5677
vt -0.3477 0.5781
vt -0.2409 0.1849
vt -0.4909 0.1849
vt -0.4909 0.1797
vt -0.2409 0.1797
vt 0.4154 0.5521
vt 0.6654 0.5521
vt 0.6654 0.5625
vt 0.4154 0.5625
vt -0.4909 0.1615
vt -0.4909 0.1667
vt -0.2409 0.1667
vt -0.2409 0.1615
vt -0.4909 0.1432
vt -0.4909 0.138
vt -0.2409 0.138
vt -0.2409 0.1432
vt -0.3841 0.1667
vt -0.3893 0.1667
vt -0.3893 0.1615
vt -0.3841 0.1615
vt -0.3841 0.1615
vt -0.3893 0.1615
vt -0.3893 0.1667
vt -0.3841 0.1667
vt -0.4909 0.1432
vt -0.2409 0.1432
vt -0.2409 0.138
vt -0.4909 0.138
vt -0.4909 0.1615
vt -0.2409 0.1615
vt -0.2409 0.1667
vt -0.4909 0.1667
vt -0.2448 0.1354
vt -0.2552 0.1354
vt -0.2552 0.5365
vt -0.2448 0.5365
vt 0.3672 0.151
vt 0.3646 0.151
vt 0.3646 0.5521
vt 0.3672 0.5521
vt 0.3698 0.151
vt 0.3698 0.5521
vt 0.4609 0.0208
vt 0.4609 0.0182
vt 0.4714 0.0182
vt 0.4714 0.0208
vt 0.4688 0.0208
vt 0.4714 0.0234
vt 0.4688 0.0234
vt 0.4635 0.0208
vt 0.4635 0.0234
vt 0.4609 0.0234
vt 0.4714 0.0208
vt 0.4714 0.0182
vt 0.4609 0.0182
vt 0.4609 0.0208
vt 0.4688 0.0208
vt 0.4609 0.0234
vt 0.4714 0.0234
vt 0.4688 0.0234
vt 0.3672 0.5521
vt 0.3646 0.5521
vt 0.3646 0.151
vt 0.3672 0.151
vt 0.3672 0.5417
vt 0.3698 0.151
vt 0.3698 0.5417
vt -0.375 0.0156
vt -0.3438 0.0156
vt -0.3438 1.2188
vt -0.375 1.2188
vt 0.4688 0.151
vt 0.4714 0.151
vt 0.4714 0.5521
vt 0.4688 0.5521
vt 0.4609 0.5417
vt 0.4688 0.5417
vt 0.4609 0.5521
vt 0.4635 0.5417
vt 0.4609 0.151
vt 0.4635 0.151
vt 0.4714 0.4063
vt 0.4714 0.0052
vt 0.4688 0.0052
vt 0.4688 0.4063
vt 0.4609 0.3958
vt 0.4609 0.4063
vt 0.4688 0.3958
vt 0.4609 0.0052
vt 0.4635 0.3958
vt 0.4635 0.0052
vt 0.3672 0.151
vt 0.3698 0.151
vt 0.3698 0.5521
vt 0.3672 0.5521
vt 0.3698 0.3958
vt 0.3698 0.4063
vt 0.3672 0.4063
vt 0.3672 0.3958
vt 0.3672 0.3958
vt 0.3672 0.4063
vt 0.3698 0.4063
vt 0.3698 0.3958
vt -0.2682 -0.1432
vt -0.276 -0.1432
vt -0.276 -0.1458
vt -0.2682 -0.1458
vt 0.4635 0.0234
vt 0.4635 0.0208
vt 0.4609 0.0208
vt 0.4609 0.0234
vt 0.3698 0.0052
vt 0.3672 0.0052
vt 0.3672 0.3958
vt 0.3698 0.3958
vt 0.3698 0.4479
vt 0.3698 0.4792
vt 0.3672 0.4792
vt 0.3672 0.4479
vt 0.4688 0.4479
vt 0.4688 0.4792
vt 0.4635 0.4792
vt 0.4635 0.4479
vt 0.4635 0.3021
vt 0.4635 0.3333
vt 0.4688 0.3333
vt 0.4688 0.3021
vt 0.3672 0.3021
vt 0.3672 0.3333
vt 0.3698 0.3333
vt 0.3698 0.3021
vt 0.1523 -0.0247
vt 0.1471 -0.0247
vt 0.1471 -0.0221
vt 0.1523 -0.0221
vt -0.2682 -0.1432
vt -0.2734 -0.1432
vt -0.2734 -0.1458
vt -0.2682 -0.1458
vt 0.3698 0.4479
vt 0.3698 0.4792
vt 0.3672 0.4792
vt 0.3672 0.4479
vt 0.4688 0.4479
vt 0.4688 0.4792
vt 0.4635 0.4792
vt 0.4635 0.4479
vt 0.4635 0.3021
vt 0.4635 0.3333
vt 0.4688 0.3333
vt 0.4688 0.3021
vt 0.3672 0.3021
vt 0.3672 0.3333
vt 0.3698 0.3333
vt 0.3698 0.3021
vt 0.1523 -0.0247
vt 0.1471 -0.0247
vt 0.1471 -0.0221
vt 0.1523 -0.0221
vt -0.2682 -0.1432
vt -0.2734 -0.1432
vt -0.2734 -0.1458
vt -0.2682 -0.1458
vt 0.3698 0.4479
vt 0.3698 0.4792
vt 0.3672 0.4792
vt 0.3672 0.4479
vt 0.4688 0.4479
vt 0.4688 0.4792
vt 0.4635 0.4792
vt 0.4635 0.4479
vt 0.4635 0.3021
vt 0.4635 0.3333
vt 0.4688 0.3333
vt 0.4688 0.3021
vt 0.3672 0.3021
vt 0.3672 0.3333
vt 0.3698 0.3333
vt 0.3698 0.3021
vt 0.1523 -0.0247
vt 0.1471 -0.0247
vt 0.1471 -0.0221
vt 0.1523 -0.0221
vt -0.2682 -0.1432
vt -0.2734 -0.1432
vt -0.2734 -0.1458
vt -0.2682 -0.1458
vt 0.3698 0.4531
vt 0.3698 0.4792
vt 0.3672 0.4792
vt 0.3672 0.4531
vt 0.4688 0.4531
vt 0.4688 0.4792
vt 0.4635 0.4792
vt 0.4635 0.4531
vt 0.4635 0.3073
vt 0.4635 0.3333
vt 0.4688 0.3333
vt 0.4688 0.3073
vt 0.3672 0.3073
vt 0.3672 0.3333
vt 0.3698 0.3333
vt 0.3698 0.3073
vt 0.1523 -0.0247
vt 0.1471 -0.0247
vt 0.1471 -0.0221
vt 0.1523 -0.0221
vt -0.2682 -0.1432
vt -0.2734 -0.1432
vt -0.2734 -0.1458
vt -0.2682 -0.1458
vt -0.2448 0.1354
vt -0.2552 0.1354
vt -0.2552 0.5365
vt -0.2448 0.5365
vt 0.3672 0.151
vt 0.3646 0.151
vt 0.3646 0.5521
vt 0.3672 0.5521
vt 0.3698 0.151
vt 0.3698 0.5521
vt 0.4609 0.0208
vt 0.4609 0.0182
vt 0.4714 0.0182
vt 0.4714 0.0208
vt 0.4688 0.0208
vt 0.4714 0.0234
vt 0.4688 0.0234
vt 0.4635 0.0208
vt 0.4635 0.0234
vt 0.4609 0.0234
vt 0.4714 0.0208
vt 0.4714 0.0182
vt 0.4609 0.0182
vt 0.4609 0.0208
vt 0.4688 0.0208
vt 0.4609 0.0234
vt 0.4714 0.0234
vt 0.4688 0.0234
vt 0.3672 0.5521
vt 0.3646 0.5521
vt 0.3646 0.151
vt 0.3672 0.151
vt 0.3672 0.5417
vt 0.3698 0.151
vt 0.3698 0.5417
vt -0.375 0.0156
vt -0.3438 0.0156
vt -0.3438 1.2188
vt -0.375 1.2188
vt 0.4688 0.151
vt 0.4714 0.151
vt 0.4714 0.5521
vt 0.4688 0.5521
vt 0.4609 0.5417
vt 0.4688 0.5417
vt 0.4609 0.5521
vt 0.4635 0.5417
vt 0.4609 0.151
vt 0.4635 0.151
vt 0.4714 0.4063
vt 0.4714 0.0052
vt 0.4688 0.0052
vt 0.4688 0.4063
vt 0.4609 0.3958
vt 0.4609 0.4063
vt 0.4688 0.3958
vt 0.4609 0.0052
vt 0.4635 0.3958
vt 0.4635 0.0052
vt 0.3672 0.151
vt 0.3698 0.151
vt 0.3698 0.5521
vt 0.3672 0.5521
vt 0.3698 0.3958
vt 0.3698 0.4063
vt 0.3672 0.4063
vt 0.3672 0.3958
vt 0.3672 0.3958
vt 0.3672 0.4063
vt 0.3698 0.4063
vt 0.3698 0.3958
vt -0.2682 -0.1432
vt -0.276 -0.1432
vt -0.276 -0.1458
vt -0.2682 -0.1458
vt 0.4635 0.0234
vt 0.4635 0.0208
vt 0.4609 0.0208
vt 0.4609 0.0234
vt 0.3698 0.0052
vt 0.3672 0.0052
vt 0.3672 0.3958
vt 0.3698 0.3958
vt 0.3698 0.4479
vt 0.3698 0.4792
vt 0.3672 0.4792
vt 0.3672 0.4479
vt 0.4688 0.4479
vt 0.4688 0.4792
vt 0.4635 0.4792
vt 0.4635 0.4479
vt 0.4635 0.3021
vt 0.4635 0.3333
vt 0.4688 0.3333
vt 0.4688 0.3021
vt 0.3672 0.3021
vt 0.3672 0.3333
vt 0.3698 0.3333
vt 0.3698 0.3021
vt 0.1523 -0.0247
vt 0.1471 -0.0247
vt 0.1471 -0.0221
vt 0.1523 -0.0221
vt -0.2682 -0.1432
vt -0.2734 -0.1432
vt -0.2734 -0.1458
vt -0.2682 -0.1458
vt 0.3698 0.4479
vt 0.3698 0.4792
vt 0.3672 0.4792
vt 0.3672 0.4479
vt 0.4688 0.4479
vt 0.4688 0.4792
vt 0.4635 0.4792
vt 0.4635 0.4479
vt 0.4635 0.3021
vt 0.4635 0.3333
vt 0.4688 0.3333
vt 0.4688 0.3021
vt 0.3672 0.3021
vt 0.3672 0.3333
vt 0.3698 0.3333
vt 0.3698 0.3021
vt 0.1523 -0.0247
vt 0.1471 -0.0247
vt 0.1471 -0.0221
vt 0.1523 -0.0221
vt -0.2682 -0.1432
vt -0.2734 -0.1432
vt -0.2734 -0.1458
vt -0.2682 -0.1458
vt 0.3698 0.4479
vt 0.3698 0.4792
vt 0.3672 0.4792
vt 0.3672 0.4479
vt 0.4688 0.4479
vt 0.4688 0.4792
vt 0.4635 0.4792
vt 0.4635 0.4479
vt 0.4635 0.3021
vt 0.4635 0.3333
vt 0.4688 0.3333
vt 0.4688 0.3021
vt 0.3672 0.3021
vt 0.3672 0.3333
vt 0.3698 0.3333
vt 0.3698 0.3021
vt 0.1523 -0.0247
vt 0.1471 -0.0247
vt 0.1471 -0.0221
vt 0.1523 -0.0221
vt -0.2682 -0.1432
vt -0.2734 -0.1432
vt -0.2734 -0.1458
vt -0.2682 -0.1458
vt 0.3698 0.4531
vt 0.3698 0.4792
vt 0.3672 0.4792
vt 0.3672 0.4531
vt 0.4688 0.4531
vt 0.4688 0.4792
vt 0.4635 0.4792
vt 0.4635 0.4531
vt 0.4635 0.3073
vt 0.4635 0.3333
vt 0.4688 0.3333
vt 0.4688 0.3073
vt 0.3672 0.3073
vt 0.3672 0.3333
vt 0.3698 0.3333
vt 0.3698 0.3073
vt 0.1523 -0.0247
vt 0.1471 -0.0247
vt 0.1471 -0.0221
vt 0.1523 -0.0221
vt -0.2682 -0.1432
vt -0.2734 -0.1432
vt -0.2734 -0.1458
vt -0.2682 -0.1458
vt -0.2448 0.1354
vt -0.2552 0.1354
vt -0.2552 0.5365
vt -0.2448 0.5365
vt 0.3672 0.151
vt 0.3646 0.151
vt 0.3646 0.5521
vt 0.3672 0.5521
vt 0.3698 0.151
vt 0.3698 0.5521
vt 0.4609 0.0208
vt 0.4609 0.0182
vt 0.4714 0.0182
vt 0.4714 0.0208
vt 0.4688 0.0208
vt 0.4714 0.0234
vt 0.4688 0.0234
vt 0.4635 0.0208
vt 0.4635 0.0234
vt 0.4609 0.0234
vt 0.4714 0.0208
vt 0.4714 0.0182
vt 0.4609 0.0182
vt 0.4609 0.0208
vt 0.4688 0.0208
vt 0.4609 0.0234
vt 0.4714 0.0234
vt 0.4688 0.0234
vt 0.3672 0.5521
vt 0.3646 0.5521
vt 0.3646 0.151
vt 0.3672 0.151
vt 0.3672 0.5417
vt 0.3698 0.151
vt 0.3698 0.5417
vt -0.375 0.0156
vt -0.3438 0.0156
vt -0.3438 1.2188
vt -0.375 1.2188
vt 0.4688 0.151
vt 0.4714 0.151
vt 0.4714 0.5521
vt 0.4688 0.5521
vt 0.4609 0.5417
vt 0.4688 0.5417
vt 0.4609 0.5521
vt 0.4635 0.5417
vt 0.4609 0.151
vt 0.4635 0.151
vt 0.4714 0.4063
vt 0.4714 0.0052
vt 0.4688 0.0052
vt 0.4688 0.4063
vt 0.4609 0.3958
vt 0.4609 0.4063
vt 0.4688 0.3958
vt 0.4609 0.0052
vt 0.4635 0.3958
vt 0.4635 0.0052
vt 0.3672 0.151
vt 0.3698 0.151
vt 0.3698 0.5521
vt 0.3672 0.5521
vt 0.3698 0.3958
vt 0.3698 0.4063
vt 0.3672 0.4063
vt 0.3672 0.3958
vt 0.3672 0.3958
vt 0.3672 0.4063
vt 0.3698 0.4063
vt 0.3698 0.3958
vt -0.2682 -0.1432
vt -0.276 -0.1432
vt -0.276 -0.1458
vt -0.2682 -0.1458
vt 0.4635 0.0234
vt 0.4635 0.0208
vt 0.4609 0.0208
vt 0.4609 0.0234
vt 0.3698 0.0052
vt 0.3672 0.0052
vt 0.3672 0.3958
vt 0.3698 0.3958
vt 0.3698 0.4479
vt 0.3698 0.4792
vt 0.3672 0.4792
vt 0.3672 0.4479
vt 0.4688 0.4479
vt 0.4688 0.4792
vt 0.4635 0.4792
vt 0.4635 0.4479
vt 0.4635 0.3021
vt 0.4635 0.3333
vt 0.4688 0.3333
vt 0.4688 0.3021
vt 0.3672 0.3021
vt 0.3672 0.3333
vt 0.3698 0.3333
vt 0.3698 0.3021
vt 0.1523 -0.0247
vt 0.1471 -0.0247
vt 0.1471 -0.0221
vt 0.1523 -0.0221
vt -0.2682 -0.1432
vt -0.2734 -0.1432
vt -0.2734 -0.1458
vt -0.2682 -0.1458
vt 0.3698 0.4479
vt 0.3698 0.4792
vt 0.3672 0.4792
vt 0.3672 0.4479
vt 0.4688 0.4479
vt 0.4688 0.4792
vt 0.4635 0.4792
vt 0.4635 0.4479
vt 0.4635 0.3021
vt 0.4635 0.3333
vt 0.4688 0.3333
vt 0.4688 0.3021
vt 0.3672 0.3021
vt 0.3672 0.3333
vt 0.3698 0.3333
vt 0.3698 0.3021
vt 0.1523 -0.0247
vt 0.1471 -0.0247
vt 0.1471 -0.0221
vt 0.1523 -0.0221
vt -0.2682 -0.1432
vt -0.2734 -0.1432
vt -0.2734 -0.1458
vt -0.2682 -0.1458
vt 0.3698 0.4479
vt 0.3698 0.4792
vt 0.3672 0.4792
vt 0.3672 0.4479
vt 0.4688 0.4479
vt 0.4688 0.4792
vt 0.4635 0.4792
vt 0.4635 0.4479
vt 0.4635 0.3021
vt 0.4635 0.3333
vt 0.4688 0.3333
vt 0.4688 0.3021
vt 0.3672 0.3021
vt 0.3672 0.3333
vt 0.3698 0.3333
vt 0.3698 0.3021
vt 0.1523 -0.0247
vt 0.1471 -0.0247
vt 0.1471 -0.0221
vt 0.1523 -0.0221
vt -0.2682 -0.1432
vt -0.2734 -0.1432
vt -0.2734 -0.1458
vt -0.2682 -0.1458
vt 0.3698 0.4531
vt 0.3698 0.4792
vt 0.3672 0.4792
vt 0.3672 0.4531
vt 0.4688 0.4531
vt 0.4688 0.4792
vt 0.4635 0.4792
vt 0.4635 0.4531
vt 0.4635 0.3073
vt 0.4635 0.3333
vt 0.4688 0.3333
vt 0.4688 0.3073
vt 0.3672 0.3073
vt 0.3672 0.3333
vt 0.3698 0.3333
vt 0.3698 0.3073
vt 0.1523 -0.0247
vt 0.1471 -0.0247
vt 0.1471 -0.0221
vt 0.1523 -0.0221
vt -0.2682 -0.1432
vt -0.2734 -0.1432
vt -0.2734 -0.1458
vt -0.2682 -0.1458
vt -0.2448 0.1354
vt -0.2552 0.1354
vt -0.2552 0.5365
vt -0.2448 0.5365
vt 0.3672 0.151
vt 0.3646 0.151
vt 0.3646 0.5521
vt 0.3672 0.5521
vt 0.3698 0.151
vt 0.3698 0.5521
vt 0.4609 0.0208
vt 0.4609 0.0182
vt 0.4714 0.0182
vt 0.4714 0.0208
vt 0.4688 0.0208
vt 0.4714 0.0234
vt 0.4688 0.0234
vt 0.4635 0.0208
vt 0.4635 0.0234
vt 0.4609 0.0234
vt 0.4714 0.0208
vt 0.4714 0.0182
vt 0.4609 0.0182
vt 0.4609 0.0208
vt 0.4688 0.0208
vt 0.4609 0.0234
vt 0.4714 0.0234
vt 0.4688 0.0234
vt 0.3672 0.5521
vt 0.3646 0.5521
vt 0.3646 0.151
vt 0.3672 0.151
vt 0.3672 0.5417
vt 0.3698 0.151
vt 0.3698 0.5417
vt -0.375 0.0156
vt -0.3438 0.0156
vt -0.3438 1.2188
vt -0.375 1.2188
vt 0.4688 0.151
vt 0.4714 0.151
vt 0.4714 0.5521
vt 0.4688 0.5521
vt 0.4609 0.5417
vt 0.4688 0.5417
vt 0.4609 0.5521
vt 0.4635 0.5417
vt 0.4609 0.151
vt 0.4635 0.151
vt 0.4714 0.4063
vt 0.4714 0.0052
vt 0.4688 0.0052
vt 0.4688 0.4063
vt 0.4609 0.3958
vt 0.4609 0.4063
vt 0.4688 0.3958
vt 0.4609 0.0052
vt 0.4635 0.3958
vt 0.4635 0.0052
vt 0.3672 0.151
vt 0.3698 0.151
vt 0.3698 0.5521
vt 0.3672 0.5521
vt 0.3698 0.3958
vt 0.3698 0.4063
vt 0.3672 0.4063
vt 0.3672 0.3958
vt 0.3672 0.3958
vt 0.3672 0.4063
vt 0.3698 0.4063
vt 0.3698 0.3958
vt -0.2682 -0.1432
vt -0.276 -0.1432
vt -0.276 -0.1458
vt -0.2682 -0.1458
vt 0.4635 0.0234
vt 0.4635 0.0208
vt 0.4609 0.0208
vt 0.4609 0.0234
vt 0.3698 0.0052
vt 0.3672 0.0052
vt 0.3672 0.3958
vt 0.3698 0.3958
vt 0.3698 0.4479
vt 0.3698 0.4792
vt 0.3672 0.4792
vt 0.3672 0.4479
vt 0.4688 0.4479
vt 0.4688 0.4792
vt 0.4635 0.4792
vt 0.4635 0.4479
vt 0.4635 0.3021
vt 0.4635 0.3333
vt 0.4688 0.3333
vt 0.4688 0.3021
vt 0.3672 0.3021
vt 0.3672 0.3333
vt 0.3698 0.3333
vt 0.3698 0.3021
vt 0.1523 -0.0247
vt 0.1471 -0.0247
vt 0.1471 -0.0221
vt 0.1523 -0.0221
vt -0.2682 -0.1432
vt -0.2734 -0.1432
vt -0.2734 -0.1458
vt -0.2682 -0.1458
vt 0.3698 0.4479
vt 0.3698 0.4792
vt 0.3672 0.4792
vt 0.3672 0.4479
vt 0.4688 0.4479
vt 0.4688 0.4792
vt 0.4635 0.4792
vt 0.4635 0.4479
vt 0.4635 0.3021
vt 0.4635 0.3333
vt 0.4688 0.3333
vt 0.4688 0.3021
vt 0.3672 0.3021
vt 0.3672 0.3333
vt 0.3698 0.3333
vt 0.3698 0.3021
vt 0.1523 -0.0247
vt 0.1471 -0.0247
vt 0.1471 -0.0221
vt 0.1523 -0.0221
vt -0.2682 -0.1432
vt -0.2734 -0.1432
vt -0.2734 -0.1458
vt -0.2682 -0.1458
vt 0.3698 0.4479
vt 0.3698 0.4792
vt 0.3672 0.4792
vt 0.3672 0.4479
vt 0.4688 0.4479
vt 0.4688 0.4792
vt 0.4635 0.4792
vt 0.4635 0.4479
vt 0.4635 0.3021
vt 0.4635 0.3333
vt 0.4688 0.3333
vt 0.4688 0.3021
vt 0.3672 0.3021
vt 0.3672 0.3333
vt 0.3698 0.3333
vt 0.3698 0.3021
vt 0.1523 -0.0247
vt 0.1471 -0.0247
vt 0.1471 -0.0221
vt 0.1523 -0.0221
vt -0.2682 -0.1432
vt -0.2734 -0.1432
vt -0.2734 -0.1458
vt -0.2682 -0.1458
vt 0.3698 0.4531
vt 0.3698 0.4792
vt 0.3672 0.4792
vt 0.3672 0.4531
vt 0.4688 0.4531
vt 0.4688 0.4792
vt 0.4635 0.4792
vt 0.4635 0.4531
vt 0.4635 0.3073
vt 0.4635 0.3333
vt 0.4688 0.3333
vt 0.4688 0.3073
vt 0.3672 0.3073
vt 0.3672 0.3333
vt 0.3698 0.3333
vt 0.3698 0.3073
vt 0.1523 -0.0247
vt 0.1471 -0.0247
vt 0.1471 -0.0221
vt 0.1523 -0.0221
vt -0.2682 -0.1432
vt -0.2734 -0.1432
vt -0.2734 -0.1458
vt -0.2682 -0.1458
vt -0.27742 0.099637
vt -0.41379 0.099637
vt -0.41379 0.109207
vt -0.27742 0.109207
vt -0.961128 0.269182
vt -0.644997 0.269182
vt -0.644997 0.145106
vt -0.961128 0.145106
vt -0.706835 0.022236
vt -0.706835 0.006463
vt -0.777393 0.006463
vt -0.777393 0.022236
vt -0.781574 0.004904
vt -0.852131 0.004904
vt -0.852131 0.020677
vt -0.781574 0.020677
vt -0.608479 0.979902
vt -0.978495 0.956657
vt -0.978495 0.979902
vt -0.627631 0.956657
vt -0.608479 0.811926
vt -0.627631 0.811926
vt -0.608479 0.53562
vt -0.627631 0.53562
vt -0.608479 0.27905
vt -0.627631 0.27905
vt -0.608479 0.127739
vt -0.627631 0.127739
vt -0.448914 0.041264
vt -0.462132 0.041264
vt -0.448914 0.044209
vt -0.544436 0.041264
vt -0.544436 0.044209
vt -0.701562 0.041264
vt -0.701562 0.044209
vt -0.847465 0.044209
vt -0.544436 0.025491
vt -0.462132 0.025491
vt -0.701562 0.025491
vt -0.847465 0.025491
vt -0.847465 0.041264
vt -0.933511 0.044209
vt -0.933511 0.041264
vt -0.933511 0.025491
vt -0.142498 0.323692
vt -0.151607 0.317129
vt -0.151607 0.193143
vt -0.142498 0.199706
vt -0.13339 0.317129
vt -0.13339 0.193143
vt -0.151607 0.317129
vt -0.166849 0.317129
vt -0.166849 0.193143
vt -0.151607 0.193143
vt -0.428434 0.087536
vt -0.27708 0.097106
vt -0.27708 0.087536
vt -0.428434 0.097106
vt -0.544436 0.067499
vt -0.462132 0.083272
vt -0.462132 0.067499
vt -0.544436 0.083272
vt -0.701562 0.067499
vt -0.701562 0.083272
vt -0.847465 0.083272
vt -0.847465 0.067499
vt -0.933511 0.083272
vt -0.933511 0.067499
vt -0.885995 0.100106
vt -0.675579 0.097161
vt -0.885995 0.097161
vt -0.675579 0.100106
vt -0.276602 0.086522
vt -0.412972 0.076953
vt -0.412972 0.086522
vt -0.276602 0.076953
vt -0.961128 0.821794
vt -0.644997 0.939291
vt -0.644997 0.821794
vt -0.961128 0.939291
vt -0.542601 0.022698
vt -0.475784 0.006925
vt -0.542601 0.006925
vt -0.475784 0.022698
vt -0.542601 0.049977
vt -0.475784 0.06575
vt -0.475784 0.049977
vt -0.542601 0.06575
vt -0.437666 0.122317
vt -0.429405 0.12053
vt -0.437666 0.12053
vt -0.278051 0.122317
vt -0.278051 0.12053
vt -0.278051 0.110961
vt -0.429405 0.110961
vt -0.109039 0.323692
vt -0.118148 0.317129
vt -0.118148 0.193143
vt -0.109039 0.199706
vt -0.099931 0.317129
vt -0.099931 0.193143
vt -0.118148 0.317129
vt -0.13339 0.317129
vt -0.13339 0.193143
vt -0.118148 0.193143
vt -0.412878 0.06613
vt -0.276507 0.0757
vt -0.276507 0.06613
vt -0.412878 0.0757
vt -0.276507 0.064351
vt -0.412878 0.054782
vt -0.412878 0.064351
vt -0.276507 0.054782
vt -0.858618 0.004041
vt -0.993298 0.019814
vt -0.858618 0.019814
vt -0.993298 0.004041
vt -0.695951 0.020612
vt -0.550048 0.004838
vt -0.695951 0.004838
vt -0.550048 0.020612
vt -0.961128 0.545488
vt -0.644997 0.802058
vt -0.644997 0.545488
vt -0.961128 0.802058
vt -0.644997 0.525752
vt -0.961128 0.288918
vt -0.961128 0.525752
vt -0.644997 0.288918
vt -0.695951 0.066238
vt -0.550048 0.050464
vt -0.695951 0.050464
vt -0.550048 0.066238
vt -0.707174 0.047032
vt -0.841854 0.062806
vt -0.707174 0.062806
vt -0.841854 0.047032
vt -0.217239 0.193143
vt -0.209876 0.193143
vt -0.209876 0.284311
vt -0.217239 0.284311
vt -0.209876 0.299283
vt -0.202513 0.299283
vt -0.202513 0.323692
vt -0.209876 0.323692
vt -0.412257 0.043577
vt -0.275887 0.053147
vt -0.275887 0.043577
vt -0.412257 0.053147
vt -0.274981 0.041223
vt -0.411352 0.031653
vt -0.411352 0.041223
vt -0.274981 0.031653
vt -0.209876 0.284311
vt -0.209876 0.193143
vt -0.202513 0.193143
vt -0.202513 0.284311
vt -0.140633 0.332873
vt -0.140633 0.338979
vt -0.149827 0.338979
vt -0.149827 0.332873
vt -0.217239 0.299283
vt -0.209876 0.299283
vt -0.209876 0.323692
vt -0.217239 0.323692
vt -0.411294 0.019606
vt -0.274924 0.029176
vt -0.274924 0.019606
vt -0.411294 0.029176
vt -0.274924 0.015117
vt -0.411294 0.005547
vt -0.411294 0.015117
vt -0.274924 0.005547
vt -0.020555 0.364508
vt -0.071376 0.596666
vt -0.020555 0.596666
vt -0.071376 0.364508
vt -0.071376 0.364508
vt -0.161454 0.596666
vt -0.071376 0.596666
vt -0.161454 0.364508
vt -0.020555 0.596666
vt -0.071376 0.686743
vt -0.020555 0.686743
vt -0.071376 0.596666
vt -0.161454 0.364508
vt -0.071376 0.596666
vt -0.071376 0.364508
vt -0.161454 0.596666
vt -0.166277 0.333129
vt -0.175472 0.339236
vt -0.166277 0.339236
vt -0.175472 0.333129
vt -0.166277 0.333129
vt -0.166277 0.339236
vt -0.175472 0.339236
vt -0.175472 0.333129
vt -0.161454 0.364508
vt -0.071376 0.364508
vt -0.071376 0.596666
vt -0.161454 0.596666
vt -0.209876 0.299283
vt -0.202513 0.323692
vt -0.202513 0.299283
vt -0.209876 0.323692
vt -0.217239 0.193143
vt -0.209876 0.284311
vt -0.209876 0.193143
vt -0.217239 0.284311
vt -0.217239 0.299283
vt -0.209876 0.323692
vt -0.209876 0.299283
vt -0.217239 0.323692
vt -0.140633 0.332873
vt -0.149827 0.338979
vt -0.140633 0.338979
vt -0.149827 0.332873
vt -0.209876 0.284311
vt -0.202513 0.193143
vt -0.209876 0.193143
vt -0.202513 0.284311
vt -0.118148 0.317129
vt -0.13339 0.193143
vt -0.13339 0.317129
vt -0.118148 0.193143
vt -0.109039 0.323692
vt -0.118148 0.193143
vt -0.118148 0.317129
vt -0.109039 0.199706
vt -0.099931 0.317129
vt -0.099931 0.193143
vt -0.151607 0.317129
vt -0.166849 0.193143
vt -0.166849 0.317129
vt -0.151607 0.193143
vt -0.142498 0.323692
vt -0.151607 0.193143
vt -0.151607 0.317129
vt -0.142498 0.199706
vt -0.13339 0.317129
vt -0.13339 0.193143
vt -0.183181 0.005147
vt -0.183181 0.019207
vt -0.086231 0.019207
vt -0.086231 0.005147
vt -0.039011 0.005147
vt -0.039011 0.019207
vt -0.086231 0.216841
vt -0.039011 0.216841
vt -0.086231 0.240276
vt -0.039011 0.240276
vt -0.030458 0.248978
vt -0.01399 0.216841
vt -0.014585 0.240276
vt -0.004064 0.22829
vt -0.015597 0.980184
vt -0.207143 0.980184
vt -0.207143 0.980184
vt -0.015597 0.980184
vt -0.207143 0.964141
vt -0.015597 0.964141
vt -0.015597 0.972659
vt -0.207143 0.972659
vt -0.207143 0.693116
vt -0.015597 0.693116
vt -0.015597 0.742458
vt -0.207143 0.742458
vt -0.015597 0.980184
vt -0.207143 0.980184
vt -0.207143 0.972659
vt -0.015597 0.972659
vt -0.015597 0.964141
vt -0.207143 0.964141
vt -0.207143 0.962289
vt -0.015597 0.962289
vt -0.207143 0.696966
vt -0.015597 0.696966
vt -0.015597 0.693116
vt -0.207143 0.693116
vt -0.216873 0.077575
vt -0.216873 0.079451
vt -0.100625 0.079451
vt -0.100625 0.077575
vt -0.216873 0.133092
vt -0.216873 0.131215
vt -0.216873 0.129598
vt -0.216873 0.131417
vt -0.216873 0.165276
vt -0.216873 0.163659
vt -0.216873 0.163659
vt -0.216873 0.165276
vt -0.100625 0.165276
vt -0.100625 0.163659
vt -0.216873 0.131417
vt -0.100625 0.131417
vt -0.100625 0.165276
vt -0.216873 0.165276
vt -0.100625 0.077575
vt -0.100625 0.079451
vt -0.100625 0.103514
vt -0.100625 0.105333
vt -0.216873 0.077575
vt -0.100625 0.077575
vt -0.100625 0.105333
vt -0.216873 0.105333
vt -0.216873 0.079451
vt -0.216873 0.077575
vt -0.216873 0.105333
vt -0.216873 0.103514
vt -0.216873 0.133092
vt -0.100625 0.131215
vt -0.216873 0.131215
vt -0.100625 0.133092
vt -0.216873 0.047008
vt -0.100625 0.04539
vt -0.216873 0.04539
vt -0.100625 0.047008
vt -0.216873 0.07925
vt -0.100625 0.04539
vt -0.100625 0.07925
vt -0.216873 0.04539
vt -0.100625 0.133092
vt -0.100625 0.107153
vt -0.100625 0.131215
vt -0.100625 0.105333
vt -0.216873 0.133092
vt -0.100625 0.105333
vt -0.100625 0.133092
vt -0.216873 0.105333
vt -0.216873 0.131215
vt -0.216873 0.105333
vt -0.216873 0.133092
vt -0.216873 0.107153
vt -0.216873 0.133092
vt -0.100625 0.131215
vt -0.216873 0.131215
vt -0.100625 0.133092
vt -0.216873 0.047008
vt -0.100625 0.04539
vt -0.216873 0.04539
vt -0.100625 0.047008
vt -0.216873 0.07925
vt -0.100625 0.04539
vt -0.100625 0.07925
vt -0.216873 0.04539
vt -0.100625 0.133092
vt -0.100625 0.107153
vt -0.100625 0.131215
vt -0.100625 0.105333
vt -0.216873 0.133092
vt -0.100625 0.105333
vt -0.100625 0.133092
vt -0.216873 0.105333
vt -0.216873 0.131215
vt -0.216873 0.105333
vt -0.216873 0.133092
vt -0.216873 0.107153
vt -0.183181 0.005147
vt -0.183181 0.019207
vt -0.086231 0.019207
vt -0.086231 0.005147
vt -0.039011 0.005147
vt -0.039011 0.019207
vt -0.086231 0.216841
vt -0.039011 0.216841
vt -0.086231 0.240276
vt -0.039011 0.240276
vt -0.030458 0.248978
vt -0.01399 0.216841
vt -0.014585 0.240276
vt -0.004064 0.22829
vt -0.015597 0.937388
vt -0.015597 0.962289
vt -0.207143 0.962289
vt -0.207143 0.937388
vt -0.015597 0.980184
vt -0.207143 0.980184
vt -0.207143 0.980184
vt -0.015597 0.980184
vt -0.207143 0.964141
vt -0.015597 0.964141
vt -0.015597 0.972659
vt -0.207143 0.972659
vt -0.207143 0.693116
vt -0.015597 0.693116
vt -0.015597 0.742458
vt -0.207143 0.742458
vt -0.015597 0.980184
vt -0.207143 0.980184
vt -0.207143 0.972659
vt -0.015597 0.972659
vt -0.015597 0.964141
vt -0.207143 0.964141
vt -0.207143 0.962289
vt -0.015597 0.962289
vt -0.207143 0.696966
vt -0.015597 0.696966
vt -0.015597 0.693116
vt -0.207143 0.693116
vt -0.183181 0.005147
vt -0.183181 0.019207
vt -0.086231 0.019207
vt -0.086231 0.005147
vt -0.039011 0.005147
vt -0.039011 0.019207
vt -0.086231 0.216841
vt -0.039011 0.216841
vt -0.086231 0.240276
vt -0.039011 0.240276
vt -0.030458 0.248978
vt -0.01399 0.216841
vt -0.014585 0.240276
vt -0.004064 0.22829
vt -0.015597 0.937388
vt -0.015597 0.962289
vt -0.207143 0.962289
vt -0.207143 0.937388
vt -0.015597 0.980184
vt -0.207143 0.980184
vt -0.207143 0.980184
vt -0.015597 0.980184
vt -0.207143 0.964141
vt -0.015597 0.964141
vt -0.015597 0.972659
vt -0.207143 0.972659
vt -0.207143 0.693116
vt -0.015597 0.693116
vt -0.015597 0.742458
vt -0.207143 0.742458
vt -0.015597 0.980184
vt -0.207143 0.980184
vt -0.207143 0.972659
vt -0.015597 0.972659
vt -0.015597 0.964141
vt -0.207143 0.964141
vt -0.207143 0.962289
vt -0.015597 0.962289
vt -0.207143 0.696966
vt -0.015597 0.696966
vt -0.015597 0.693116
vt -0.207143 0.693116
vt -0.020555 0.364508
vt -0.071376 0.596666
vt -0.020555 0.596666
vt -0.071376 0.364508
vt -0.071376 0.364508
vt -0.161454 0.596666
vt -0.071376 0.596666
vt -0.161454 0.364508
vt -0.020555 0.596666
vt -0.071376 0.686743
vt -0.020555 0.686743
vt -0.071376 0.596666
vt -0.161454 0.364508
vt -0.071376 0.596666
vt -0.071376 0.364508
vt -0.161454 0.596666
vt -0.020555 0.596666
vt -0.020555 0.686743
vt -0.071376 0.686743
vt -0.071376 0.596666
vt -0.166277 0.333129
vt -0.175472 0.339236
vt -0.166277 0.339236
vt -0.175472 0.333129
vt -0.071376 0.364508
vt -0.071376 0.596666
vt -0.161454 0.596666
vt -0.161454 0.364508
vt -0.020555 0.364508
vt -0.020555 0.596666
vt -0.071376 0.596666
vt -0.071376 0.364508
vt -0.209876 0.299283
vt -0.202513 0.323692
vt -0.202513 0.299283
vt -0.209876 0.323692
vt -0.217239 0.193143
vt -0.209876 0.284311
vt -0.209876 0.193143
vt -0.217239 0.284311
vt -0.217239 0.299283
vt -0.209876 0.323692
vt -0.209876 0.299283
vt -0.217239 0.323692
vt -0.140633 0.332873
vt -0.149827 0.338979
vt -0.140633 0.338979
vt -0.149827 0.332873
vt -0.209876 0.284311
vt -0.202513 0.193143
vt -0.209876 0.193143
vt -0.202513 0.284311
vt -0.118148 0.317129
vt -0.13339 0.193143
vt -0.13339 0.317129
vt -0.118148 0.193143
vt -0.109039 0.323692
vt -0.118148 0.193143
vt -0.118148 0.317129
vt -0.109039 0.199706
vt -0.099931 0.317129
vt -0.099931 0.193143
vt -0.151607 0.317129
vt -0.166849 0.193143
vt -0.166849 0.317129
vt -0.151607 0.193143
vt -0.142498 0.323692
vt -0.151607 0.193143
vt -0.151607 0.317129
vt -0.142498 0.199706
vt -0.13339 0.317129
vt -0.13339 0.193143
vt -0.195149 0.193143
vt -0.187786 0.193143
vt -0.187786 0.284311
vt -0.195149 0.284311
vt -0.187786 0.299283
vt -0.195149 0.299283
vt -0.187786 0.323692
vt -0.195149 0.323692
vt -0.195149 0.323692
vt -0.202513 0.323692
vt -0.202513 0.299283
vt -0.195149 0.299283
vt -0.202513 0.284311
vt -0.195149 0.284311
vt -0.202513 0.193143
vt -0.195149 0.193143
vt -0.180423 0.323692
vt -0.187786 0.323692
vt -0.187786 0.299283
vt -0.180423 0.299283
vt -0.187786 0.284311
vt -0.180423 0.284311
vt -0.187786 0.193143
vt -0.180423 0.193143
vt -0.180423 0.193143
vt -0.173059 0.193143
vt -0.173059 0.284311
vt -0.180423 0.284311
vt -0.173059 0.299283
vt -0.180423 0.299283
vt -0.173059 0.323692
vt -0.180423 0.323692
vt -0.180423 0.284311
vt -0.180423 0.193143
vt -0.187786 0.193143
vt -0.187786 0.284311
vt -0.180423 0.299283
vt -0.187786 0.299283
vt -0.180423 0.323692
vt -0.187786 0.323692
vt -0.173059 0.284311
vt -0.173059 0.193143
vt -0.180423 0.193143
vt -0.180423 0.284311
vt -0.173059 0.299283
vt -0.180423 0.299283
vt -0.173059 0.323692
vt -0.180423 0.323692
vt -0.187786 0.284311
vt -0.187786 0.193143
vt -0.195149 0.193143
vt -0.195149 0.284311
vt -0.187786 0.299283
vt -0.195149 0.299283
vt -0.187786 0.323692
vt -0.195149 0.323692
vt -0.202513 0.299283
vt -0.202513 0.323692
vt -0.195149 0.323692
vt -0.195149 0.299283
vt -0.202513 0.284311
vt -0.195149 0.284311
vt -0.202513 0.193143
vt -0.195149 0.193143
vt -0.086231 0.005147
vt -0.086231 0.019207
vt -0.183181 0.019207
vt -0.039011 0.005147
vt -0.039011 0.019207
vt -0.039011 0.216841
vt -0.086231 0.216841
vt -0.039011 0.240276
vt -0.086231 0.240276
vt -0.01399 0.216841
vt -0.030458 0.248978
vt -0.004064 0.22829
vt -0.014585 0.240276
vt -0.100625 0.131215
vt -0.216873 0.131215
vt -0.216873 0.133092
vt -0.100625 0.133092
vt -0.216873 0.163659
vt -0.100625 0.163659
vt -0.100625 0.163659
vt -0.100625 0.165276
vt -0.100625 0.131417
vt -0.100625 0.133092
vt -0.100625 0.129598
vt -0.100625 0.131215
vt -0.100625 0.07925
vt -0.100625 0.04539
vt -0.100625 0.047008
vt -0.100625 0.077575
vt -0.100625 0.081069
vt -0.100625 0.079451
vt -0.100625 0.077575
vt -0.100625 0.047008
vt -0.216873 0.047008
vt -0.216873 0.077575
vt -0.100625 0.079451
vt -0.216873 0.079451
vt -0.216873 0.077575
vt -0.216873 0.047008
vt -0.216873 0.04539
vt -0.216873 0.07925
vt -0.216873 0.081069
vt -0.216873 0.079451
vt -0.100625 0.07925
vt -0.100625 0.04539
vt -0.100625 0.047008
vt -0.100625 0.077575
vt -0.100625 0.081069
vt -0.100625 0.079451
vt -0.100625 0.077575
vt -0.100625 0.047008
vt -0.216873 0.047008
vt -0.216873 0.077575
vt -0.100625 0.079451
vt -0.216873 0.079451
vt -0.216873 0.077575
vt -0.216873 0.047008
vt -0.216873 0.04539
vt -0.216873 0.07925
vt -0.216873 0.081069
vt -0.216873 0.079451
vt -0.004064 0.22829
vt -0.014585 0.240276
vt -0.030458 0.248978
vt -0.01399 0.216841
vt -0.039011 0.240276
vt -0.039011 0.216841
vt -0.086231 0.216841
vt -0.086231 0.240276
vt -0.086231 0.019207
vt -0.039011 0.019207
vt -0.039011 0.005147
vt -0.086231 0.005147
vt -0.183181 0.019207
vt -0.183181 0.005147
vt -0.207143 0.742458
vt -0.015597 0.742458
vt -0.015597 0.936289
vt -0.207143 0.936289
vt -0.015597 0.937388
vt -0.207143 0.937388
vt -0.004064 0.22829
vt -0.014585 0.240276
vt -0.030458 0.248978
vt -0.01399 0.216841
vt -0.039011 0.240276
vt -0.039011 0.216841
vt -0.086231 0.216841
vt -0.086231 0.240276
vt -0.086231 0.019207
vt -0.039011 0.019207
vt -0.039011 0.005147
vt -0.086231 0.005147
vt -0.183181 0.019207
vt -0.183181 0.005147
vt -0.180423 0.284311
vt -0.180423 0.193143
vt -0.187786 0.193143
vt -0.187786 0.284311
vt -0.180423 0.299283
vt -0.187786 0.299283
vt -0.180423 0.323692
vt -0.187786 0.323692
vt -0.173059 0.284311
vt -0.173059 0.193143
vt -0.180423 0.193143
vt -0.180423 0.284311
vt -0.173059 0.299283
vt -0.180423 0.299283
vt -0.173059 0.323692
vt -0.180423 0.323692
vt -0.187786 0.284311
vt -0.187786 0.193143
vt -0.195149 0.193143
vt -0.195149 0.284311
vt -0.187786 0.299283
vt -0.195149 0.299283
vt -0.187786 0.323692
vt -0.195149 0.323692
vt -0.195149 0.284311
vt -0.195149 0.193143
vt -0.202513 0.193143
vt -0.202513 0.284311
vt -0.195149 0.299283
vt -0.202513 0.299283
vt -0.195149 0.323692
vt -0.202513 0.323692
vt -0.974105 0.111713
vt -0.974105 0.114657
vt -0.88806 0.114657
vt -0.88806 0.111713
vt -0.742157 0.114657
vt -0.742157 0.111713
vt -0.585031 0.111713
vt -0.585031 0.114657
vt -0.489509 0.111713
vt -0.489509 0.114657
vt -0.207143 0.742458
vt -0.015597 0.742458
vt -0.015597 0.936289
vt -0.207143 0.936289
vt -0.015597 0.937388
vt -0.207143 0.937388
vt -0.207143 0.742458
vt -0.015597 0.742458
vt -0.015597 0.936289
vt -0.207143 0.936289
vt -0.015597 0.937388
vt -0.207143 0.937388
vt -0.228205 0.27905
vt -0.228205 0.127739
vt -0.598221 0.127739
vt -0.598221 0.27905
vt -0.228205 0.53562
vt -0.598221 0.53562
vt -0.228205 0.811926
vt -0.598221 0.811926
vt -0.598221 0.979902
vt -0.228205 0.979902
vt 0.79932 -0.024698
vt 0.79932 -0.072625
vt 0.869409 -0.07258
vt 0.869409 -0.024581
vt 0.90392 -0.07258
vt 0.90392 -0.024581
vt 0.839373 -0.194481
vt 0.930999 -0.194481
vt 0.839373 -0.082959
vt 0.930999 -0.082959
vt 0.833672 -0.156185
vt 0.905949 -0.156185
vt 0.833672 -0.084091
vt 0.905949 -0.084091
vt -0.015597 0.693116
vt -0.207143 0.693116
vt -0.015597 0.742458
vt -0.207143 0.742458
vt -0.015597 0.693116
vt -0.207143 0.693116
vt -0.015597 0.742458
vt -0.207143 0.742458
vt -0.27742 0.099637
vt -0.41379 0.099637
vt -0.41379 0.109207
vt -0.27742 0.109207
vt -0.961128 0.269182
vt -0.644997 0.269182
vt -0.644997 0.145106
vt -0.961128 0.145106
vt -0.706835 0.022236
vt -0.706835 0.006463
vt -0.777393 0.006463
vt -0.777393 0.022236
vt -0.781574 0.004904
vt -0.852131 0.004904
vt -0.852131 0.020677
vt -0.781574 0.020677
vt -0.608479 0.979902
vt -0.978495 0.956657
vt -0.978495 0.979902
vt -0.627631 0.956657
vt -0.608479 0.811926
vt -0.627631 0.811926
vt -0.608479 0.53562
vt -0.627631 0.53562
vt -0.608479 0.27905
vt -0.627631 0.27905
vt -0.608479 0.127739
vt -0.627631 0.127739
vt -0.448914 0.041264
vt -0.462132 0.041264
vt -0.448914 0.044209
vt -0.544436 0.041264
vt -0.544436 0.044209
vt -0.701562 0.041264
vt -0.701562 0.044209
vt -0.847465 0.044209
vt -0.544436 0.025491
vt -0.462132 0.025491
vt -0.701562 0.025491
vt -0.847465 0.025491
vt -0.847465 0.041264
vt -0.933511 0.044209
vt -0.933511 0.041264
vt -0.933511 0.025491
vt -0.142498 0.323692
vt -0.151607 0.317129
vt -0.151607 0.193143
vt -0.142498 0.199706
vt -0.13339 0.317129
vt -0.13339 0.193143
vt -0.151607 0.317129
vt -0.166849 0.317129
vt -0.166849 0.193143
vt -0.151607 0.193143
vt -0.428434 0.087536
vt -0.27708 0.097106
vt -0.27708 0.087536
vt -0.428434 0.097106
vt -0.544436 0.067499
vt -0.462132 0.083272
vt -0.462132 0.067499
vt -0.544436 0.083272
vt -0.701562 0.067499
vt -0.701562 0.083272
vt -0.847465 0.083272
vt -0.847465 0.067499
vt -0.933511 0.083272
vt -0.933511 0.067499
vt -0.885995 0.100106
vt -0.675579 0.097161
vt -0.885995 0.097161
vt -0.675579 0.100106
vt -0.276602 0.086522
vt -0.412972 0.076953
vt -0.412972 0.086522
vt -0.276602 0.076953
vt -0.961128 0.821794
vt -0.644997 0.939291
vt -0.644997 0.821794
vt -0.961128 0.939291
vt -0.542601 0.022698
vt -0.475784 0.006925
vt -0.542601 0.006925
vt -0.475784 0.022698
vt -0.542601 0.049977
vt -0.475784 0.06575
vt -0.475784 0.049977
vt -0.542601 0.06575
vt -0.437666 0.122317
vt -0.429405 0.12053
vt -0.437666 0.12053
vt -0.278051 0.122317
vt -0.278051 0.12053
vt -0.278051 0.110961
vt -0.429405 0.110961
vt -0.109039 0.323692
vt -0.118148 0.317129
vt -0.118148 0.193143
vt -0.109039 0.199706
vt -0.099931 0.317129
vt -0.099931 0.193143
vt -0.118148 0.317129
vt -0.13339 0.317129
vt -0.13339 0.193143
vt -0.118148 0.193143
vt -0.412878 0.06613
vt -0.276507 0.0757
vt -0.276507 0.06613
vt -0.412878 0.0757
vt -0.276507 0.064351
vt -0.412878 0.054782
vt -0.412878 0.064351
vt -0.276507 0.054782
vt -0.858618 0.004041
vt -0.993298 0.019814
vt -0.858618 0.019814
vt -0.993298 0.004041
vt -0.695951 0.020612
vt -0.550048 0.004838
vt -0.695951 0.004838
vt -0.550048 0.020612
vt -0.961128 0.545488
vt -0.644997 0.802058
vt -0.644997 0.545488
vt -0.961128 0.802058
vt -0.644997 0.525752
vt -0.961128 0.288918
vt -0.961128 0.525752
vt -0.644997 0.288918
vt -0.695951 0.066238
vt -0.550048 0.050464
vt -0.695951 0.050464
vt -0.550048 0.066238
vt -0.707174 0.047032
vt -0.841854 0.062806
vt -0.707174 0.062806
vt -0.841854 0.047032
vt -0.217239 0.193143
vt -0.209876 0.193143
vt -0.209876 0.284311
vt -0.217239 0.284311
vt -0.209876 0.299283
vt -0.202513 0.299283
vt -0.202513 0.323692
vt -0.209876 0.323692
vt -0.412257 0.043577
vt -0.275887 0.053147
vt -0.275887 0.043577
vt -0.412257 0.053147
vt -0.274981 0.041223
vt -0.411352 0.031653
vt -0.411352 0.041223
vt -0.274981 0.031653
vt -0.209876 0.284311
vt -0.209876 0.193143
vt -0.202513 0.193143
vt -0.202513 0.284311
vt -0.140633 0.332873
vt -0.140633 0.338979
vt -0.149827 0.338979
vt -0.149827 0.332873
vt -0.217239 0.299283
vt -0.209876 0.299283
vt -0.209876 0.323692
vt -0.217239 0.323692
vt -0.411294 0.019606
vt -0.274924 0.029176
vt -0.274924 0.019606
vt -0.411294 0.029176
vt -0.274924 0.015117
vt -0.411294 0.005547
vt -0.411294 0.015117
vt -0.274924 0.005547
vt -0.020555 0.364508
vt -0.071376 0.596666
vt -0.020555 0.596666
vt -0.071376 0.364508
vt -0.071376 0.364508
vt -0.161454 0.596666
vt -0.071376 0.596666
vt -0.161454 0.364508
vt -0.020555 0.596666
vt -0.071376 0.686743
vt -0.020555 0.686743
vt -0.071376 0.596666
vt -0.161454 0.364508
vt -0.071376 0.596666
vt -0.071376 0.364508
vt -0.161454 0.596666
vt -0.166277 0.333129
vt -0.175472 0.339236
vt -0.166277 0.339236
vt -0.175472 0.333129
vt -0.166277 0.333129
vt -0.166277 0.339236
vt -0.175472 0.339236
vt -0.175472 0.333129
vt -0.161454 0.364508
vt -0.071376 0.364508
vt -0.071376 0.596666
vt -0.161454 0.596666
vt -0.209876 0.299283
vt -0.202513 0.323692
vt -0.202513 0.299283
vt -0.209876 0.323692
vt -0.217239 0.193143
vt -0.209876 0.284311
vt -0.209876 0.193143
vt -0.217239 0.284311
vt -0.217239 0.299283
vt -0.209876 0.323692
vt -0.209876 0.299283
vt -0.217239 0.323692
vt -0.140633 0.332873
vt -0.149827 0.338979
vt -0.140633 0.338979
vt -0.149827 0.332873
vt -0.209876 0.284311
vt -0.202513 0.193143
vt -0.209876 0.193143
vt -0.202513 0.284311
vt -0.118148 0.317129
vt -0.13339 0.193143
vt -0.13339 0.317129
vt -0.118148 0.193143
vt -0.109039 0.323692
vt -0.118148 0.193143
vt -0.118148 0.317129
vt -0.109039 0.199706
vt -0.099931 0.317129
vt -0.099931 0.193143
vt -0.151607 0.317129
vt -0.166849 0.193143
vt -0.166849 0.317129
vt -0.151607 0.193143
vt -0.142498 0.323692
vt -0.151607 0.193143
vt -0.151607 0.317129
vt -0.142498 0.199706
vt -0.13339 0.317129
vt -0.13339 0.193143
vt -0.183181 0.005147
vt -0.183181 0.019207
vt -0.086231 0.019207
vt -0.086231 0.005147
vt -0.039011 0.005147
vt -0.039011 0.019207
vt -0.086231 0.216841
vt -0.039011 0.216841
vt -0.086231 0.240276
vt -0.039011 0.240276
vt -0.030458 0.248978
vt -0.01399 0.216841
vt -0.014585 0.240276
vt -0.004064 0.22829
vt -0.015597 0.980184
vt -0.207143 0.980184
vt -0.207143 0.980184
vt -0.015597 0.980184
vt -0.207143 0.964141
vt -0.015597 0.964141
vt -0.015597 0.972659
vt -0.207143 0.972659
vt -0.207143 0.693116
vt -0.015597 0.693116
vt -0.015597 0.742458
vt -0.207143 0.742458
vt -0.015597 0.980184
vt -0.207143 0.980184
vt -0.207143 0.972659
vt -0.015597 0.972659
vt -0.015597 0.964141
vt -0.207143 0.964141
vt -0.207143 0.962289
vt -0.015597 0.962289
vt -0.207143 0.696966
vt -0.015597 0.696966
vt -0.015597 0.693116
vt -0.207143 0.693116
vt -0.216873 0.077575
vt -0.216873 0.079451
vt -0.100625 0.079451
vt -0.100625 0.077575
vt -0.216873 0.133092
vt -0.216873 0.131215
vt -0.216873 0.129598
vt -0.216873 0.131417
vt -0.216873 0.165276
vt -0.216873 0.163659
vt -0.216873 0.163659
vt -0.216873 0.165276
vt -0.100625 0.165276
vt -0.100625 0.163659
vt -0.216873 0.131417
vt -0.100625 0.131417
vt -0.100625 0.165276
vt -0.216873 0.165276
vt -0.100625 0.077575
vt -0.100625 0.079451
vt -0.100625 0.103514
vt -0.100625 0.105333
vt -0.216873 0.077575
vt -0.100625 0.077575
vt -0.100625 0.105333
vt -0.216873 0.105333
vt -0.216873 0.079451
vt -0.216873 0.077575
vt -0.216873 0.105333
vt -0.216873 0.103514
vt -0.216873 0.133092
vt -0.100625 0.131215
vt -0.216873 0.131215
vt -0.100625 0.133092
vt -0.216873 0.047008
vt -0.100625 0.04539
vt -0.216873 0.04539
vt -0.100625 0.047008
vt -0.216873 0.07925
vt -0.100625 0.04539
vt -0.100625 0.07925
vt -0.216873 0.04539
vt -0.100625 0.133092
vt -0.100625 0.107153
vt -0.100625 0.131215
vt -0.100625 0.105333
vt -0.216873 0.133092
vt -0.100625 0.105333
vt -0.100625 0.133092
vt -0.216873 0.105333
vt -0.216873 0.131215
vt -0.216873 0.105333
vt -0.216873 0.133092
vt -0.216873 0.107153
vt -0.216873 0.133092
vt -0.100625 0.131215
vt -0.216873 0.131215
vt -0.100625 0.133092
vt -0.216873 0.047008
vt -0.100625 0.04539
vt -0.216873 0.04539
vt -0.100625 0.047008
vt -0.216873 0.07925
vt -0.100625 0.04539
vt -0.100625 0.07925
vt -0.216873 0.04539
vt -0.100625 0.133092
vt -0.100625 0.107153
vt -0.100625 0.131215
vt -0.100625 0.105333
vt -0.216873 0.133092
vt -0.100625 0.105333
vt -0.100625 0.133092
vt -0.216873 0.105333
vt -0.216873 0.131215
vt -0.216873 0.105333
vt -0.216873 0.133092
vt -0.216873 0.107153
vt -0.183181 0.005147
vt -0.183181 0.019207
vt -0.086231 0.019207
vt -0.086231 0.005147
vt -0.039011 0.005147
vt -0.039011 0.019207
vt -0.086231 0.216841
vt -0.039011 0.216841
vt -0.086231 0.240276
vt -0.039011 0.240276
vt -0.030458 0.248978
vt -0.01399 0.216841
vt -0.014585 0.240276
vt -0.004064 0.22829
vt -0.015597 0.937388
vt -0.015597 0.962289
vt -0.207143 0.962289
vt -0.207143 0.937388
vt -0.015597 0.980184
vt -0.207143 0.980184
vt -0.207143 0.980184
vt -0.015597 0.980184
vt -0.207143 0.964141
vt -0.015597 0.964141
vt -0.015597 0.972659
vt -0.207143 0.972659
vt -0.207143 0.693116
vt -0.015597 0.693116
vt -0.015597 0.742458
vt -0.207143 0.742458
vt -0.015597 0.980184
vt -0.207143 0.980184
vt -0.207143 0.972659
vt -0.015597 0.972659
vt -0.015597 0.964141
vt -0.207143 0.964141
vt -0.207143 0.962289
vt -0.015597 0.962289
vt -0.207143 0.696966
vt -0.015597 0.696966
vt -0.015597 0.693116
vt -0.207143 0.693116
vt -0.183181 0.005147
vt -0.183181 0.019207
vt -0.086231 0.019207
vt -0.086231 0.005147
vt -0.039011 0.005147
vt -0.039011 0.019207
vt -0.086231 0.216841
vt -0.039011 0.216841
vt -0.086231 0.240276
vt -0.039011 0.240276
vt -0.030458 0.248978
vt -0.01399 0.216841
vt -0.014585 0.240276
vt -0.004064 0.22829
vt -0.015597 0.937388
vt -0.015597 0.962289
vt -0.207143 0.962289
vt -0.207143 0.937388
vt -0.015597 0.980184
vt -0.207143 0.980184
vt -0.207143 0.980184
vt -0.015597 0.980184
vt -0.207143 0.964141
vt -0.015597 0.964141
vt -0.015597 0.972659
vt -0.207143 0.972659
vt -0.207143 0.693116
vt -0.015597 0.693116
vt -0.015597 0.742458
vt -0.207143 0.742458
vt -0.015597 0.980184
vt -0.207143 0.980184
vt -0.207143 0.972659
vt -0.015597 0.972659
vt -0.015597 0.964141
vt -0.207143 0.964141
vt -0.207143 0.962289
vt -0.015597 0.962289
vt -0.207143 0.696966
vt -0.015597 0.696966
vt -0.015597 0.693116
vt -0.207143 0.693116
vt -0.020555 0.364508
vt -0.071376 0.596666
vt -0.020555 0.596666
vt -0.071376 0.364508
vt -0.071376 0.364508
vt -0.161454 0.596666
vt -0.071376 0.596666
vt -0.161454 0.364508
vt -0.020555 0.596666
vt -0.071376 0.686743
vt -0.020555 0.686743
vt -0.071376 0.596666
vt -0.161454 0.364508
vt -0.071376 0.596666
vt -0.071376 0.364508
vt -0.161454 0.596666
vt -0.020555 0.596666
vt -0.020555 0.686743
vt -0.071376 0.686743
vt -0.071376 0.596666
vt -0.166277 0.333129
vt -0.175472 0.339236
vt -0.166277 0.339236
vt -0.175472 0.333129
vt -0.071376 0.364508
vt -0.071376 0.596666
vt -0.161454 0.596666
vt -0.161454 0.364508
vt -0.020555 0.364508
vt -0.020555 0.596666
vt -0.071376 0.596666
vt -0.071376 0.364508
vt -0.209876 0.299283
vt -0.202513 0.323692
vt -0.202513 0.299283
vt -0.209876 0.323692
vt -0.217239 0.193143
vt -0.209876 0.284311
vt -0.209876 0.193143
vt -0.217239 0.284311
vt -0.217239 0.299283
vt -0.209876 0.323692
vt -0.209876 0.299283
vt -0.217239 0.323692
vt -0.140633 0.332873
vt -0.149827 0.338979
vt -0.140633 0.338979
vt -0.149827 0.332873
vt -0.209876 0.284311
vt -0.202513 0.193143
vt -0.209876 0.193143
vt -0.202513 0.284311
vt -0.118148 0.317129
vt -0.13339 0.193143
vt -0.13339 0.317129
vt -0.118148 0.193143
vt -0.109039 0.323692
vt -0.118148 0.193143
vt -0.118148 0.317129
vt -0.109039 0.199706
vt -0.099931 0.317129
vt -0.099931 0.193143
vt -0.151607 0.317129
vt -0.166849 0.193143
vt -0.166849 0.317129
vt -0.151607 0.193143
vt -0.142498 0.323692
vt -0.151607 0.193143
vt -0.151607 0.317129
vt -0.142498 0.199706
vt -0.13339 0.317129
vt -0.13339 0.193143
vt -0.195149 0.193143
vt -0.187786 0.193143
vt -0.187786 0.284311
vt -0.195149 0.284311
vt -0.187786 0.299283
vt -0.195149 0.299283
vt -0.187786 0.323692
vt -0.195149 0.323692
vt -0.195149 0.323692
vt -0.202513 0.323692
vt -0.202513 0.299283
vt -0.195149 0.299283
vt -0.202513 0.284311
vt -0.195149 0.284311
vt -0.202513 0.193143
vt -0.195149 0.193143
vt -0.180423 0.323692
vt -0.187786 0.323692
vt -0.187786 0.299283
vt -0.180423 0.299283
vt -0.187786 0.284311
vt -0.180423 0.284311
vt -0.187786 0.193143
vt -0.180423 0.193143
vt -0.180423 0.193143
vt -0.173059 0.193143
vt -0.173059 0.284311
vt -0.180423 0.284311
vt -0.173059 0.299283
vt -0.180423 0.299283
vt -0.173059 0.323692
vt -0.180423 0.323692
vt -0.180423 0.284311
vt -0.180423 0.193143
vt -0.187786 0.193143
vt -0.187786 0.284311
vt -0.180423 0.299283
vt -0.187786 0.299283
vt -0.180423 0.323692
vt -0.187786 0.323692
vt -0.173059 0.284311
vt -0.173059 0.193143
vt -0.180423 0.193143
vt -0.180423 0.284311
vt -0.173059 0.299283
vt -0.180423 0.299283
vt -0.173059 0.323692
vt -0.180423 0.323692
vt -0.187786 0.284311
vt -0.187786 0.193143
vt -0.195149 0.193143
vt -0.195149 0.284311
vt -0.187786 0.299283
vt -0.195149 0.299283
vt -0.187786 0.323692
vt -0.195149 0.323692
vt -0.202513 0.299283
vt -0.202513 0.323692
vt -0.195149 0.323692
vt -0.195149 0.299283
vt -0.202513 0.284311
vt -0.195149 0.284311
vt -0.202513 0.193143
vt -0.195149 0.193143
vt -0.086231 0.005147
vt -0.086231 0.019207
vt -0.183181 0.019207
vt -0.039011 0.005147
vt -0.039011 0.019207
vt -0.039011 0.216841
vt -0.086231 0.216841
vt -0.039011 0.240276
vt -0.086231 0.240276
vt -0.01399 0.216841
vt -0.030458 0.248978
vt -0.004064 0.22829
vt -0.014585 0.240276
vt -0.100625 0.131215
vt -0.216873 0.131215
vt -0.216873 0.133092
vt -0.100625 0.133092
vt -0.216873 0.163659
vt -0.100625 0.163659
vt -0.100625 0.163659
vt -0.100625 0.165276
vt -0.100625 0.131417
vt -0.100625 0.133092
vt -0.100625 0.129598
vt -0.100625 0.131215
vt -0.100625 0.07925
vt -0.100625 0.04539
vt -0.100625 0.047008
vt -0.100625 0.077575
vt -0.100625 0.081069
vt -0.100625 0.079451
vt -0.100625 0.077575
vt -0.100625 0.047008
vt -0.216873 0.047008
vt -0.216873 0.077575
vt -0.100625 0.079451
vt -0.216873 0.079451
vt -0.216873 0.077575
vt -0.216873 0.047008
vt -0.216873 0.04539
vt -0.216873 0.07925
vt -0.216873 0.081069
vt -0.216873 0.079451
vt -0.100625 0.07925
vt -0.100625 0.04539
vt -0.100625 0.047008
vt -0.100625 0.077575
vt -0.100625 0.081069
vt -0.100625 0.079451
vt -0.100625 0.077575
vt -0.100625 0.047008
vt -0.216873 0.047008
vt -0.216873 0.077575
vt -0.100625 0.079451
vt -0.216873 0.079451
vt -0.216873 0.077575
vt -0.216873 0.047008
vt -0.216873 0.04539
vt -0.216873 0.07925
vt -0.216873 0.081069
vt -0.216873 0.079451
vt -0.004064 0.22829
vt -0.014585 0.240276
vt -0.030458 0.248978
vt -0.01399 0.216841
vt -0.039011 0.240276
vt -0.039011 0.216841
vt -0.086231 0.216841
vt -0.086231 0.240276
vt -0.086231 0.019207
vt -0.039011 0.019207
vt -0.039011 0.005147
vt -0.086231 0.005147
vt -0.183181 0.019207
vt -0.183181 0.005147
vt -0.207143 0.742458
vt -0.015597 0.742458
vt -0.015597 0.936289
vt -0.207143 0.936289
vt -0.015597 0.937388
vt -0.207143 0.937388
vt -0.004064 0.22829
vt -0.014585 0.240276
vt -0.030458 0.248978
vt -0.01399 0.216841
vt -0.039011 0.240276
vt -0.039011 0.216841
vt -0.086231 0.216841
vt -0.086231 0.240276
vt -0.086231 0.019207
vt -0.039011 0.019207
vt -0.039011 0.005147
vt -0.086231 0.005147
vt -0.183181 0.019207
vt -0.183181 0.005147
vt -0.180423 0.284311
vt -0.180423 0.193143
vt -0.187786 0.193143
vt -0.187786 0.284311
vt -0.180423 0.299283
vt -0.187786 0.299283
vt -0.180423 0.323692
vt -0.187786 0.323692
vt -0.173059 0.284311
vt -0.173059 0.193143
vt -0.180423 0.193143
vt -0.180423 0.284311
vt -0.173059 0.299283
vt -0.180423 0.299283
vt -0.173059 0.323692
vt -0.180423 0.323692
vt -0.187786 0.284311
vt -0.187786 0.193143
vt -0.195149 0.193143
vt -0.195149 0.284311
vt -0.187786 0.299283
vt -0.195149 0.299283
vt -0.187786 0.323692
vt -0.195149 0.323692
vt -0.195149 0.284311
vt -0.195149 0.193143
vt -0.202513 0.193143
vt -0.202513 0.284311
vt -0.195149 0.299283
vt -0.202513 0.299283
vt -0.195149 0.323692
vt -0.202513 0.323692
vt -0.974105 0.111713
vt -0.974105 0.114657
vt -0.88806 0.114657
vt -0.88806 0.111713
vt -0.742157 0.114657
vt -0.742157 0.111713
vt -0.585031 0.111713
vt -0.585031 0.114657
vt -0.489509 0.111713
vt -0.489509 0.114657
vt -0.207143 0.742458
vt -0.015597 0.742458
vt -0.015597 0.936289
vt -0.207143 0.936289
vt -0.015597 0.937388
vt -0.207143 0.937388
vt -0.207143 0.742458
vt -0.015597 0.742458
vt -0.015597 0.936289
vt -0.207143 0.936289
vt -0.015597 0.937388
vt -0.207143 0.937388
vt -0.228205 0.27905
vt -0.228205 0.127739
vt -0.598221 0.127739
vt -0.598221 0.27905
vt -0.228205 0.53562
vt -0.598221 0.53562
vt -0.228205 0.811926
vt -0.598221 0.811926
vt -0.598221 0.979902
vt -0.228205 0.979902
vt 0.79932 -0.024698
vt 0.79932 -0.072625
vt 0.869409 -0.07258
vt 0.869409 -0.024581
vt 0.90392 -0.07258
vt 0.90392 -0.024581
vt 0.839373 -0.194481
vt 0.930999 -0.194481
vt 0.839373 -0.082959
vt 0.930999 -0.082959
vt 0.833672 -0.156185
vt 0.905949 -0.156185
vt 0.833672 -0.084091
vt 0.905949 -0.084091
vt -0.015597 0.693116
vt -0.207143 0.693116
vt -0.015597 0.742458
vt -0.207143 0.742458
vt -0.015597 0.693116
vt -0.207143 0.693116
vt -0.015597 0.742458
vt -0.207143 0.742458
vt -0.156538 0.339163
vt -0.159591 0.333875
vt -0.153484 0.333875
vt -0.162644 0.339163
vt -0.156538 0.328586
vt -0.165698 0.333875
vt -0.162644 0.328586
vt -0.162644 0.339163
vt -0.156538 0.339163
vt -0.159591 0.333875
vt -0.165698 0.333875
vt -0.153484 0.333875
vt -0.162644 0.328586
vt -0.156538 0.328586
vt -0.162644 0.339163
vt -0.156538 0.339163
vt -0.159591 0.333875
vt -0.165698 0.333875
vt -0.153484 0.333875
vt -0.162644 0.328586
vt -0.156538 0.328586
vt -0.156538 0.339163
vt -0.159591 0.333875
vt -0.153484 0.333875
vt -0.162644 0.339163
vt -0.156538 0.328586
vt -0.165698 0.333875
vt -0.162644 0.328586
vt -0.162644 0.339163
vt -0.156538 0.339163
vt -0.159591 0.333875
vt -0.165698 0.333875
vt -0.153484 0.333875
vt -0.162644 0.328586
vt -0.156538 0.328586
vt -0.162644 0.339163
vt -0.156538 0.339163
vt -0.159591 0.333875
vt -0.165698 0.333875
vt -0.153484 0.333875
vt -0.162644 0.328586
vt -0.156538 0.328586
vt -0.156538 0.339163
vt -0.159591 0.333875
vt -0.153484 0.333875
vt -0.162644 0.339163
vt -0.156538 0.328586
vt -0.165698 0.333875
vt -0.162644 0.328586
vt -0.162644 0.339163
vt -0.156538 0.339163
vt -0.159591 0.333875
vt -0.165698 0.333875
vt -0.153484 0.333875
vt -0.162644 0.328586
vt -0.156538 0.328586
vt -0.162644 0.339163
vt -0.156538 0.339163
vt -0.159591 0.333875
vt -0.165698 0.333875
vt -0.153484 0.333875
vt -0.162644 0.328586
vt -0.156538 0.328586
vt -0.627631 0.127739
vt -0.644997 0.145106
vt -0.644997 0.269182
vt -0.961128 0.145106
vt -0.978495 0.127739
vt -0.961128 0.269182
vt -0.627631 0.27905
vt -0.978495 0.27905
vt -0.644997 0.288918
vt -0.627631 0.53562
vt -0.961128 0.288918
vt -0.961128 0.525752
vt -0.644997 0.525752
vt -0.978495 0.53562
vt -0.644997 0.545488
vt -0.627631 0.811926
vt -0.961128 0.545488
vt -0.961128 0.802058
vt -0.644997 0.802058
vt -0.978495 0.811926
vt -0.644997 0.821794
vt -0.627631 0.956657
vt -0.644997 0.939291
vt -0.961128 0.939291
vt -0.978495 0.956657
vt -0.961128 0.821794
vt -0.627631 0.127739
vt -0.644997 0.145106
vt -0.644997 0.269182
vt -0.961128 0.145106
vt -0.978495 0.127739
vt -0.961128 0.269182
vt -0.627631 0.27905
vt -0.978495 0.27905
vt -0.644997 0.288918
vt -0.627631 0.53562
vt -0.961128 0.288918
vt -0.961128 0.525752
vt -0.644997 0.525752
vt -0.978495 0.53562
vt -0.644997 0.545488
vt -0.627631 0.811926
vt -0.961128 0.545488
vt -0.961128 0.802058
vt -0.644997 0.802058
vt -0.978495 0.811926
vt -0.644997 0.821794
vt -0.627631 0.956657
vt -0.644997 0.939291
vt -0.961128 0.939291
vt -0.978495 0.956657
vt -0.961128 0.821794
vt -0.627631 0.127739
vt -0.644997 0.145106
vt -0.644997 0.269182
vt -0.961128 0.145106
vt -0.978495 0.127739
vt -0.961128 0.269182
vt -0.627631 0.27905
vt -0.978495 0.27905
vt -0.644997 0.288918
vt -0.627631 0.53562
vt -0.961128 0.288918
vt -0.961128 0.525752
vt -0.644997 0.525752
vt -0.978495 0.53562
vt -0.644997 0.545488
vt -0.627631 0.811926
vt -0.961128 0.545488
vt -0.961128 0.802058
vt -0.644997 0.802058
vt -0.978495 0.811926
vt -0.644997 0.821794
vt -0.627631 0.956657
vt -0.644997 0.939291
vt -0.961128 0.939291
vt -0.978495 0.956657
vt -0.961128 0.821794
vt 0.016856 -0.983278
vt 0.244196 -0.956578
vt 0.244196 -0.988519
vt 0.757694 -0.988519
vt 0.757694 -0.957323
vt 0.985035 -0.983279
vt 0.045536 -0.042365
vt 0.955843 -0.042196
vt 0.711757 -0.042055
vt 0.016856 -0.983278
vt 0.244196 -0.956578
vt 0.244196 -0.988519
vt 0.757694 -0.988519
vt 0.757694 -0.957323
vt 0.985035 -0.983279
vt 0.045536 -0.042365
vt 0.955843 -0.042196
vt 0.711757 -0.042055
vt 0.045456 -0.503439
vt 0.955692 -0.481025
vt 0.955715 -0.503675
vt 0.711687 -0.481105
vt 0.045569 -0.480724
vt 0.757694 -0.957323
vt 0.244196 -0.988519
vt 0.244196 -0.956578
vt 0.757694 -0.988519
vt 0.009427 -0.046748
vt 0.045569 -0.480724
vt 0.016483 -0.486408
vt 0.045536 -0.042365
vt 0.045536 -0.042365
vt 0.95585 -0.015537
vt 0.955843 -0.042196
vt 0.045592 -0.014646
vt 0.984592 -0.486819
vt 0.955843 -0.042196
vt 0.990636 -0.046397
vt 0.955692 -0.481025
vt 0.97799 -0.517062
vt 0.064924 -0.541036
vt 0.015536 -0.517095
vt 0.928602 -0.541006
vt 0.015536 -0.517095
vt 0.064924 -0.922273
vt 0.015536 -0.946355
vt 0.977991 -0.946355
vt 0.928602 -0.541006
vt 0.97799 -0.517062
vt 0.928602 -0.922273
vt 0.977991 -0.946355
vt 0.015536 -0.946355
vt 0.064924 -0.922273
vt 0.928602 -0.922273
vt 0.064924 -0.539797
vt 0.928602 -0.539797
vt 0.103662 -0.405406
vt 0.652256 -0.130895
vt 0.652256 -0.405406
vt 0.104489 -0.130405
vt 0.760985 -0.403459
vt 0.926265 -0.134966
vt 0.926405 -0.403459
vt 0.760985 -0.134818
vt 0.086356 -0.412535
vt 0.652256 -0.405406
vt 0.669561 -0.412535
vt 0.103662 -0.405406
vt 0.669561 -0.412535
vt 0.652256 -0.130895
vt 0.669561 -0.120748
vt 0.652256 -0.405406
vt 0.669561 -0.120748
vt 0.104489 -0.130405
vt 0.087236 -0.120227
vt 0.652256 -0.130895
vt 0.087236 -0.120227
vt 0.103662 -0.405406
vt 0.086356 -0.412535
vt 0.104489 -0.130405
vt 0.753864 -0.412535
vt 0.926405 -0.403459
vt 0.933526 -0.412535
vt 0.760985 -0.403459
vt 0.933526 -0.412535
vt 0.926265 -0.134966
vt 0.933374 -0.120984
vt 0.926405 -0.403459
vt 0.933374 -0.120984
vt 0.760985 -0.134818
vt 0.753864 -0.120823
vt 0.926265 -0.134966
vt 0.753864 -0.120823
vt 0.760985 -0.403459
vt 0.753864 -0.412535
vt 0.760985 -0.134818
vt 0.045456 -0.503439
vt 0.955692 -0.481025
vt 0.955715 -0.503675
vt 0.711687 -0.481105
vt 0.045569 -0.480724
vt 0.757694 -0.957323
vt 0.244196 -0.988519
vt 0.244196 -0.956578
vt 0.757694 -0.988519
vt 0.009427 -0.046748
vt 0.045569 -0.480724
vt 0.016483 -0.486408
vt 0.045536 -0.042365
vt 0.045536 -0.042365
vt 0.95585 -0.015537
vt 0.955843 -0.042196
vt 0.045592 -0.014646
vt 0.984592 -0.486819
vt 0.955843 -0.042196
vt 0.990636 -0.046397
vt 0.955692 -0.481025
vt 0.97799 -0.517062
vt 0.064924 -0.541036
vt 0.015536 -0.517095
vt 0.928602 -0.541006
vt 0.015536 -0.517095
vt 0.064924 -0.922273
vt 0.015536 -0.946355
vt 0.977991 -0.946355
vt 0.928602 -0.541006
vt 0.97799 -0.517062
vt 0.928602 -0.922273
vt 0.977991 -0.946355
vt 0.015536 -0.946355
vt 0.064924 -0.922273
vt 0.928602 -0.922273
vt 0.064924 -0.539797
vt 0.928602 -0.539797
vt 0.103662 -0.405406
vt 0.652256 -0.130895
vt 0.652256 -0.405406
vt 0.104489 -0.130405
vt 0.760985 -0.403459
vt 0.926265 -0.134966
vt 0.926405 -0.403459
vt 0.760985 -0.134818
vt 0.086356 -0.412535
vt 0.652256 -0.405406
vt 0.669561 -0.412535
vt 0.103662 -0.405406
vt 0.669561 -0.412535
vt 0.652256 -0.130895
vt 0.669561 -0.120748
vt 0.652256 -0.405406
vt 0.669561 -0.120748
vt 0.104489 -0.130405
vt 0.087236 -0.120227
vt 0.652256 -0.130895
vt 0.087236 -0.120227
vt 0.103662 -0.405406
vt 0.086356 -0.412535
vt 0.104489 -0.130405
vt 0.753864 -0.412535
vt 0.926405 -0.403459
vt 0.933526 -0.412535
vt 0.760985 -0.403459
vt 0.933526 -0.412535
vt 0.926265 -0.134966
vt 0.933374 -0.120984
vt 0.926405 -0.403459
vt 0.933374 -0.120984
vt 0.760985 -0.134818
vt 0.753864 -0.120823
vt 0.926265 -0.134966
vt 0.753864 -0.120823
vt 0.760985 -0.403459
vt 0.753864 -0.412535
vt 0.760985 -0.134818
vt 0.933526 -0.412535
vt 0.933374 -0.120984
vt 0.955843 -0.042196
vt 0.753864 -0.120823
vt 0.955692 -0.481025
vt 0.711687 -0.481105
vt 0.753864 -0.412535
vt 0.711757 -0.042055
vt 0.669561 -0.412535
vt 0.045569 -0.480724
vt 0.669561 -0.120748
vt 0.086356 -0.412535
vt 0.087236 -0.120227
vt 0.045536 -0.042365
vt 0.933526 -0.412535
vt 0.933374 -0.120984
vt 0.955843 -0.042196
vt 0.753864 -0.120823
vt 0.955692 -0.481025
vt 0.711687 -0.481105
vt 0.753864 -0.412535
vt 0.711757 -0.042055
vt 0.669561 -0.412535
vt 0.045569 -0.480724
vt 0.669561 -0.120748
vt 0.086356 -0.412535
vt 0.087236 -0.120227
vt 0.045536 -0.042365
vt 0.22407 0.882852
vt 0.251951 0.862966
vt 0.22311 0.862966
vt 0.22407 0.882852
vt 0.251951 0.882852
vt 0.251951 0.862966
vt 0.108467 0.862966
vt 0.137308 0.882852
vt 0.137308 0.862966
vt 0.108467 0.862966
vt 0.109427 0.882852
vt 0.137308 0.882852
vt 0.166149 0.862966
vt 0.137308 0.882852
vt 0.165188 0.882852
vt 0.166149 0.862966
vt 0.137308 0.862966
vt 0.137308 0.882852
vt 0.051505 0.862966
vt 0.022664 0.882852
vt 0.050545 0.882852
vt 0.051505 0.862966
vt 0.022664 0.862966
vt 0.022664 0.882852
vt 0.22407 0.882852
vt 0.251951 0.862966
vt 0.22311 0.862966
vt 0.22407 0.882852
vt 0.251951 0.882852
vt 0.251951 0.862966
vt 0.108467 0.862966
vt 0.137308 0.882852
vt 0.137308 0.862966
vt 0.108467 0.862966
vt 0.109427 0.882852
vt 0.137308 0.882852
vt 0.166149 0.862966
vt 0.137308 0.882852
vt 0.165188 0.882852
vt 0.166149 0.862966
vt 0.137308 0.862966
vt 0.137308 0.882852
vt 0.051505 0.862966
vt 0.022664 0.882852
vt 0.050545 0.882852
vt 0.051505 0.862966
vt 0.022664 0.862966
vt 0.022664 0.882852
vt 0.273377 0.691381
vt 0.023885 0.275871
vt 0.273377 0.275871
vt 0.023885 0.691381
vt 0.687948 0.692574
vt 0.278531 0.948723
vt 0.278531 0.692574
vt 0.687948 0.948723
vt 0.02318 0.275871
vt 0.278531 0.275871
vt 0.02318 0.691381
vt 0.278531 0.691381
vt 0.687948 0.94677
vt 0.278531 0.94677
vt 0.278531 0.691381
vt 0.687948 0.691381
vt 0.357608 0.402952
vt 0.357608 0.362134
vt 0.60852 0.402952
vt 0.483064 0.362134
vt 0.60852 0.362134
vt 0.733978 0.362134
vt 0.859434 0.362134
vt 0.859434 0.402952
vt 0.357608 0.086748
vt 0.28023 0.024281
vt 0.60852 0.086748
vt 0.936812 0.024281
vt 0.859434 0.086748
vt 0.982077 0.70784
vt 0.982077 0.500403
vt 0.947956 0.500403
vt 0.947956 0.70784
vt 0.982077 0.70784
vt 0.947956 0.70784
vt 0.947956 0.978118
vt 0.982077 0.978118
vt 0.982077 0.022689
vt 0.947956 0.230126
vt 0.982077 0.230126
vt 0.947956 0.022689
vt 0.357608 0.630286
vt 0.357608 0.402952
vt 0.859434 0.630286
vt 0.60852 0.402952
vt 0.859434 0.402952
vt 0.859434 0.630286
vt 0.936812 0.024281
vt 0.936812 0.69275
vt 0.859434 0.402952
vt 0.859434 0.362134
vt 0.859434 0.282812
vt 0.859434 0.203491
vt 0.859434 0.124171
vt 0.859434 0.086748
vt 0.859434 0.630286
vt 0.936812 0.69275
vt 0.28023 0.69275
vt 0.357608 0.630286
vt 0.357608 0.630286
vt 0.28023 0.69275
vt 0.28023 0.024281
vt 0.357608 0.402952
vt 0.357608 0.362134
vt 0.357608 0.282812
vt 0.357608 0.203491
vt 0.357608 0.124171
vt 0.357608 0.086748
vt 0.859434 0.124171
vt 0.733978 0.124171
vt 0.859434 0.086748
vt 0.60852 0.086748
vt 0.60852 0.124171
vt 0.483064 0.124171
vt 0.357608 0.086748
vt 0.357608 0.124171
vt 0.982077 0.230126
vt 0.947956 0.230126
vt 0.982077 0.365264
vt 0.947956 0.365264
vt 0.982077 0.500403
vt 0.947956 0.500403
vt 0.606825 -0.060129
vt 0.606825 -0.107544
vt 0.556966 -0.060129
vt 0.556966 -0.107544
vt 0.376837 -0.107544
vt 0.376837 -0.060129
vt 0.327567 -0.060129
vt 0.327567 -0.107544
vt 0.327567 -0.175943
vt 0.556518 -0.17577
vt 0.606825 -0.175943
vt 0.606825 -0.181891
vt 0.377025 -0.17577
vt 0.377025 -0.182428
vt 0.327567 -0.181891
vt 0.556518 -0.182428
vt 0.556966 -0.25029
vt 0.606825 -0.25029
vt 0.606825 -0.2987
vt 0.556966 -0.2987
vt 0.327567 -0.25029
vt 0.376837 -0.2987
vt 0.327567 -0.2987
vt 0.376837 -0.25029
vt 0.263233 -0.593595
vt 0.032749 -0.593595
vt 0.032504 -0.364739
vt 0.263811 -0.364739
vt 0.263811 -0.364739
vt 0.032504 -0.364739
vt 0.032749 -0.593595
vt 0.263233 -0.593595
vt 0.263811 -0.364739
vt 0.263811 -0.364739
vt 0.263233 -0.593595
vt 0.263233 -0.593595
vt 0.032504 -0.364739
vt 0.032504 -0.364739
vt 0.032749 -0.593595
vt 0.032749 -0.593595
vt 0.032749 -0.593595
vt 0.032749 -0.593595
vt 0.263233 -0.593595
vt 0.263233 -0.593595
vt 0.358274 0.630285
vt 0.858511 0.630285
vt 0.358274 0.40286
vt 0.858511 0.40286
vt 0.109427 0.882852
vt 0.079986 0.862966
vt 0.079986 0.882852
vt 0.108467 0.862966
vt 0.358274 0.086528
vt 0.28114 0.024037
vt 0.358274 0.123967
vt 0.358274 0.362026
vt 0.358274 0.40286
vt 0.358274 0.630285
vt 0.28114 0.692775
vt 0.28114 0.024037
vt 0.358274 0.086528
vt 0.858511 0.086528
vt 0.935644 0.024037
vt 0.858511 0.630285
vt 0.935644 0.692775
vt 0.935644 0.024037
vt 0.858511 0.40286
vt 0.858511 0.362026
vt 0.858511 0.123967
vt 0.858511 0.086528
vt 0.165188 0.882852
vt 0.194629 0.862966
vt 0.166149 0.862966
vt 0.194629 0.882852
vt 0.358274 0.086528
vt 0.858511 0.123967
vt 0.858511 0.086528
vt 0.358274 0.123967
vt 0.02318 0.691381
vt 0.278531 0.275871
vt 0.02318 0.275871
vt 0.278531 0.691381
vt 0.686971 0.948723
vt 0.277554 0.692574
vt 0.277554 0.948723
vt 0.686971 0.692574
vt 0.358274 0.362026
vt 0.858511 0.40286
vt 0.858511 0.362026
vt 0.358274 0.40286
vt 0.947956 0.500403
vt 0.982077 0.230126
vt 0.982077 0.500403
vt 0.947956 0.230126
vt 0.947956 0.500403
vt 0.982077 0.70784
vt 0.947956 0.70784
vt 0.982077 0.500403
vt 0.982077 0.022689
vt 0.947956 0.230126
vt 0.947956 0.022689
vt 0.982077 0.230126
vt 0.947956 0.978118
vt 0.982077 0.70784
vt 0.982077 0.978118
vt 0.947956 0.70784
vt 0.028768 0.691381
vt 0.278259 0.275871
vt 0.028768 0.275871
vt 0.278259 0.691381
vt 0.858511 0.630285
vt 0.28114 0.692775
vt 0.935644 0.692775
vt 0.358274 0.630285
vt 0.278531 0.691381
vt 0.687948 0.94677
vt 0.687948 0.691381
vt 0.278531 0.94677
vt 0.22311 0.862966
vt 0.194629 0.882852
vt 0.22407 0.882852
vt 0.194629 0.862966
vt 0.050545 0.882852
vt 0.079986 0.862966
vt 0.051505 0.862966
vt 0.079986 0.882852
vt 0.358274 0.630285
vt 0.858511 0.630285
vt 0.358274 0.40286
vt 0.858511 0.40286
vt 0.109427 0.882852
vt 0.079986 0.862966
vt 0.079986 0.882852
vt 0.108467 0.862966
vt 0.358274 0.086528
vt 0.28114 0.024037
vt 0.358274 0.123967
vt 0.358274 0.362026
vt 0.358274 0.40286
vt 0.358274 0.630285
vt 0.28114 0.692775
vt 0.28114 0.024037
vt 0.358274 0.086528
vt 0.858511 0.086528
vt 0.935644 0.024037
vt 0.858511 0.630285
vt 0.935644 0.692775
vt 0.935644 0.024037
vt 0.858511 0.40286
vt 0.858511 0.362026
vt 0.858511 0.123967
vt 0.858511 0.086528
vt 0.165188 0.882852
vt 0.194629 0.862966
vt 0.166149 0.862966
vt 0.194629 0.882852
vt 0.358274 0.086528
vt 0.858511 0.123967
vt 0.858511 0.086528
vt 0.358274 0.123967
vt 0.02318 0.691381
vt 0.278531 0.275871
vt 0.02318 0.275871
vt 0.278531 0.691381
vt 0.686971 0.948723
vt 0.277554 0.692574
vt 0.277554 0.948723
vt 0.686971 0.692574
vt 0.358274 0.362026
vt 0.858511 0.40286
vt 0.858511 0.362026
vt 0.358274 0.40286
vt 0.947956 0.500403
vt 0.982077 0.230126
vt 0.982077 0.500403
vt 0.947956 0.230126
vt 0.947956 0.500403
vt 0.982077 0.70784
vt 0.947956 0.70784
vt 0.982077 0.500403
vt 0.982077 0.022689
vt 0.947956 0.230126
vt 0.947956 0.022689
vt 0.982077 0.230126
vt 0.947956 0.978118
vt 0.982077 0.70784
vt 0.982077 0.978118
vt 0.947956 0.70784
vt 0.028768 0.691381
vt 0.278259 0.275871
vt 0.028768 0.275871
vt 0.278259 0.691381
vt 0.858511 0.630285
vt 0.28114 0.692775
vt 0.935644 0.692775
vt 0.358274 0.630285
vt 0.278531 0.691381
vt 0.687948 0.94677
vt 0.687948 0.691381
vt 0.278531 0.94677
vt 0.22311 0.862966
vt 0.194629 0.882852
vt 0.22407 0.882852
vt 0.194629 0.862966
vt 0.050545 0.882852
vt 0.079986 0.862966
vt 0.051505 0.862966
vt 0.079986 0.882852
vt 0.273377 0.691381
vt 0.023885 0.275871
vt 0.273377 0.275871
vt 0.023885 0.691381
vt 0.687948 0.692574
vt 0.278531 0.948723
vt 0.278531 0.692574
vt 0.687948 0.948723
vt 0.02318 0.275871
vt 0.278531 0.275871
vt 0.02318 0.691381
vt 0.278531 0.691381
vt 0.687948 0.94677
vt 0.278531 0.94677
vt 0.278531 0.691381
vt 0.687948 0.691381
vt 0.357608 0.402952
vt 0.357608 0.362134
vt 0.60852 0.402952
vt 0.483064 0.362134
vt 0.60852 0.362134
vt 0.733978 0.362134
vt 0.859434 0.362134
vt 0.859434 0.402952
vt 0.357608 0.086748
vt 0.28023 0.024281
vt 0.60852 0.086748
vt 0.936812 0.024281
vt 0.859434 0.086748
vt 0.982077 0.70784
vt 0.982077 0.500403
vt 0.947956 0.500403
vt 0.947956 0.70784
vt 0.982077 0.70784
vt 0.947956 0.70784
vt 0.947956 0.978118
vt 0.982077 0.978118
vt 0.982077 0.022689
vt 0.947956 0.230126
vt 0.982077 0.230126
vt 0.947956 0.022689
vt 0.357608 0.630286
vt 0.357608 0.402952
vt 0.859434 0.630286
vt 0.60852 0.402952
vt 0.859434 0.402952
vt 0.859434 0.630286
vt 0.936812 0.024281
vt 0.936812 0.69275
vt 0.859434 0.402952
vt 0.859434 0.362134
vt 0.859434 0.282812
vt 0.859434 0.203491
vt 0.859434 0.124171
vt 0.859434 0.086748
vt 0.859434 0.630286
vt 0.936812 0.69275
vt 0.28023 0.69275
vt 0.357608 0.630286
vt 0.357608 0.630286
vt 0.28023 0.69275
vt 0.28023 0.024281
vt 0.357608 0.402952
vt 0.357608 0.362134
vt 0.357608 0.282812
vt 0.357608 0.203491
vt 0.357608 0.124171
vt 0.357608 0.086748
vt 0.859434 0.124171
vt 0.733978 0.124171
vt 0.859434 0.086748
vt 0.60852 0.086748
vt 0.60852 0.124171
vt 0.483064 0.124171
vt 0.357608 0.086748
vt 0.357608 0.124171
vt 0.982077 0.230126
vt 0.947956 0.230126
vt 0.982077 0.365264
vt 0.947956 0.365264
vt 0.982077 0.500403
vt 0.947956 0.500403
vt 0.606825 -0.060129
vt 0.606825 -0.107544
vt 0.556966 -0.060129
vt 0.556966 -0.107544
vt 0.376837 -0.107544
vt 0.376837 -0.060129
vt 0.327567 -0.060129
vt 0.327567 -0.107544
vt 0.327567 -0.175943
vt 0.556518 -0.17577
vt 0.606825 -0.175943
vt 0.606825 -0.181891
vt 0.377025 -0.17577
vt 0.377025 -0.182428
vt 0.327567 -0.181891
vt 0.556518 -0.182428
vt 0.556966 -0.25029
vt 0.606825 -0.25029
vt 0.606825 -0.2987
vt 0.556966 -0.2987
vt 0.327567 -0.25029
vt 0.376837 -0.2987
vt 0.327567 -0.2987
vt 0.376837 -0.25029
vt 0.263233 -0.593595
vt 0.032749 -0.593595
vt 0.032504 -0.364739
vt 0.263811 -0.364739
vt 0.263811 -0.364739
vt 0.032504 -0.364739
vt 0.032749 -0.593595
vt 0.263233 -0.593595
vt 0.263811 -0.364739
vt 0.263811 -0.364739
vt 0.263233 -0.593595
vt 0.263233 -0.593595
vt 0.032504 -0.364739
vt 0.032504 -0.364739
vt 0.032749 -0.593595
vt 0.032749 -0.593595
vt 0.032749 -0.593595
vt 0.032749 -0.593595
vt 0.263233 -0.593595
vt 0.263233 -0.593595
vt 0.861509 0.893386
vt 0.813335 0.843331
vt 0.813335 0.912295
vt 0.879709 0.843331
vt 0.76516 0.893386
vt 0.861509 0.793277
vt 0.746961 0.843331
vt 0.813335 0.774367
vt 0.76516 0.793277
vt 0.697383 0.942875
vt 0.751486 0.902867
vt 0.728498 0.842888
vt 0.812335 0.925526
vt 0.697383 0.741214
vt 0.751486 0.782909
vt 0.812335 0.76025
vt 0.935685 0.942875
vt 0.873184 0.902867
vt 0.896172 0.842888
vt 0.935685 0.741214
vt 0.873184 0.782909
vt 0.861509 0.893386
vt 0.813335 0.843331
vt 0.813335 0.912295
vt 0.879709 0.843331
vt 0.76516 0.893386
vt 0.861509 0.793277
vt 0.746961 0.843331
vt 0.813335 0.774367
vt 0.76516 0.793277
vt 0.697383 0.942875
vt 0.751486 0.902867
vt 0.728498 0.842888
vt 0.812335 0.925526
vt 0.697383 0.741214
vt 0.751486 0.782909
vt 0.812335 0.76025
vt 0.935685 0.942875
vt 0.873184 0.902867
vt 0.896172 0.842888
vt 0.935685 0.741214
vt 0.873184 0.782909
vt 0.921987 -0.265378
vt 0.643982 -0.265751
vt 0.741509 -0.265658
vt 0.705616 -0.100511
vt 0.860353 -0.100511
vt 0.921987 -0.047226
vt 0.015164 -0.457522
vt 0.554643 -0.00848
vt 0.554643 -0.457522
vt 0.015164 -0.00848
vt 0.603082 -0.322839
vt 0.962888 -0.308559
vt 0.962888 -0.322839
vt 0.603082 -0.308559
vt 0.603082 -0.641398
vt 0.962888 -0.622521
vt 0.962888 -0.641398
vt 0.603082 -0.622521
vt 0.962888 -0.622521
vt 0.989879 -0.322839
vt 0.989879 -0.622521
vt 0.962888 -0.322839
vt 0.584204 -0.62252
vt 0.603082 -0.322839
vt 0.603082 -0.622521
vt 0.584204 -0.322839
vt 0.717592 -0.977779
vt 0.981475 -0.951941
vt 0.981491 -0.977781
vt 0.717854 -0.951943
vt 0.015768 -0.97736
vt 0.235375 -0.951519
vt 0.234754 -0.977308
vt 0.01647 -0.951584
vt 0.234754 -0.977308
vt 0.498506 -0.953711
vt 0.498161 -0.97954
vt 0.235375 -0.951519
vt 0.717854 -0.951943
vt 0.498161 -0.97954
vt 0.498506 -0.953711
vt 0.717592 -0.977779
vt 0.603082 -0.308559
vt 0.921987 -0.281372
vt 0.962888 -0.308559
vt 0.643982 -0.281372
vt 0.921987 -0.281372
vt 0.962888 -0.013829
vt 0.962888 -0.308559
vt 0.921987 -0.047226
vt 0.921987 -0.281372
vt 0.921987 -0.118066
vt 0.921987 -0.047226
vt 0.921987 -0.265378
vt 0.962888 -0.013829
vt 0.643982 -0.047226
vt 0.603082 -0.013829
vt 0.921987 -0.047226
vt 0.603082 -0.013829
vt 0.643982 -0.281372
vt 0.603082 -0.308559
vt 0.643982 -0.265751
vt 0.643982 -0.117379
vt 0.643982 -0.047226
vt 0.553035 -0.491095
vt 0.036627 -0.624482
vt 0.036627 -0.491095
vt 0.553035 -0.624482
vt 0.860353 -0.100511
vt 0.860353 -0.062531
vt 0.921987 -0.047226
vt 0.705616 -0.062531
vt 0.643982 -0.047226
vt 0.705616 -0.100511
vt 0.921987 -0.118066
vt 0.643982 -0.117379
vt 0.826796 -0.117894
vt 0.741509 -0.117551
vt 0.826796 -0.265471
vt 0.741509 -0.265658
vt 0.921987 -0.265378
vt 0.643982 -0.281372
vt 0.643982 -0.265751
vt 0.921987 -0.281372
vt 0.904043 -0.662936
vt 0.65995 -0.726449
vt 0.659706 -0.663891
vt 0.904288 -0.725494
vt 0.597392 -0.725911
vt 0.617757 -0.785346
vt 0.597392 -0.785884
vt 0.65995 -0.726449
vt 0.616956 -0.931289
vt 0.660751 -0.931304
vt 0.401433 -0.793942
vt 0.19322 -0.811296
vt 0.19322 -0.793942
vt 0.401433 -0.811296
vt 0.967309 -0.784438
vt 0.904288 -0.725494
vt 0.96684 -0.724466
vt 0.94694 -0.78406
vt 0.905089 -0.930349
vt 0.948882 -0.929991
vt 0.904288 -0.725494
vt 0.660751 -0.931304
vt 0.65995 -0.726449
vt 0.905089 -0.930349
vt 0.401433 -0.811296
vt 0.19322 -0.935661
vt 0.19322 -0.811296
vt 0.401433 -0.93566
vt 0.392162 -0.720417
vt 0.036627 -0.768899
vt 0.188951 -0.720417
vt 0.553035 -0.7689
vt 0.188951 -0.720417
vt 0.036627 -0.635512
vt 0.188951 -0.683994
vt 0.036627 -0.768899
vt 0.188951 -0.683994
vt 0.553035 -0.635512
vt 0.392162 -0.683994
vt 0.036627 -0.635512
vt 0.392162 -0.683994
vt 0.553035 -0.7689
vt 0.392162 -0.720417
vt 0.553035 -0.635512
vt 0.553035 -0.7689
vt 0.036627 -0.779929
vt 0.036627 -0.768899
vt 0.553035 -0.779929
vt 0.036627 -0.768899
vt 0.025598 -0.635515
vt 0.036627 -0.635512
vt 0.025597 -0.768902
vt 0.036627 -0.635512
vt 0.553035 -0.624482
vt 0.553035 -0.635512
vt 0.036627 -0.624482
vt 0.553035 -0.635512
vt 0.564064 -0.768903
vt 0.553035 -0.7689
vt 0.564065 -0.635515
vt 0.737764 -0.122464
vt 0.65162 -0.260827
vt 0.65162 -0.122303
vt 0.737764 -0.26074
vt 0.916458 -0.120434
vt 0.832325 -0.263098
vt 0.832325 -0.120268
vt 0.916458 -0.263007
vt 0.741509 -0.117551
vt 0.65162 -0.122303
vt 0.643982 -0.117379
vt 0.737764 -0.122464
vt 0.643982 -0.117379
vt 0.65162 -0.260827
vt 0.643982 -0.265751
vt 0.65162 -0.122303
vt 0.643982 -0.265751
vt 0.737764 -0.26074
vt 0.741509 -0.265658
vt 0.65162 -0.260827
vt 0.741509 -0.265658
vt 0.737764 -0.122464
vt 0.741509 -0.117551
vt 0.737764 -0.26074
vt 0.921987 -0.118066
vt 0.832325 -0.120268
vt 0.826796 -0.117894
vt 0.916458 -0.120434
vt 0.826796 -0.117894
vt 0.832325 -0.263098
vt 0.826796 -0.265471
vt 0.832325 -0.120268
vt 0.826796 -0.265471
vt 0.916458 -0.263007
vt 0.921987 -0.265378
vt 0.832325 -0.263098
vt 0.921987 -0.265378
vt 0.916458 -0.120434
vt 0.921987 -0.118066
vt 0.916458 -0.263007
vt 0.603082 -0.622521
vt 0.943355 -0.60622
vt 0.962888 -0.622521
vt 0.622614 -0.60622
vt 0.943355 -0.339116
vt 0.603082 -0.322839
vt 0.962888 -0.322839
vt 0.622614 -0.339116
vt 0.3951 -0.5611
vt 0.7006 -0.4744
vt 0.4287 -0.6341
vt 0.4287 -0.6341
vt 0.7006 -0.4744
vt 0.4753 -0.6982
vt 0.4753 -0.6982
vt 0.7006 -0.4744
vt 0.5431 -0.7465
vt 0.5431 -0.7465
vt 0.7006 -0.4744
vt 0.616 -0.7795
vt 0.616 -0.7795
vt 0.7006 -0.4744
vt 0.6992 -0.79
vt 0.6992 -0.79
vt 0.7006 -0.4744
vt 0.7787 -0.7807
vt 0.7787 -0.7807
vt 0.7006 -0.4744
vt 0.854 -0.7516
vt 0.7006 -0.4744
vt 0.3951 -0.5611
vt 0.4287 -0.6341
vt 0.7006 -0.4744
vt 0.4287 -0.6341
vt 0.4753 -0.6982
vt 0.7006 -0.4744
vt 0.4753 -0.6982
vt 0.5431 -0.7465
vt 0.7006 -0.4744
vt 0.5431 -0.7465
vt 0.616 -0.7795
vt 0.7006 -0.4744
vt 0.616 -0.7795
vt 0.6992 -0.79
vt 0.7006 -0.4744
vt 0.6992 -0.79
vt 0.7787 -0.7807
vt 0.7006 -0.4744
vt 0.7787 -0.7807
vt 0.854 -0.7516
vt 0.3407 -0.2755
vt 0.4327 -0.1991
vt 0.3053 -0.2203
vt 0.4327 -0.1991
vt 0.408 -0.149
vt 0.3053 -0.2203
vt 0.5596 -0.3923
vt 0.5698 -0.2721
vt 0.4964 -0.3831
vt 0.5698 -0.2721
vt 0.5191 -0.2638
vt 0.4964 -0.3831
vt 0.7097 -0.1097
vt 0.707 -0.1537
vt 0.827 -0.0856
vt 0.707 -0.1537
vt 0.8262 -0.1478
vt 0.827 -0.0856
vt 0.6171 -0.2669
vt 0.6898 -0.3668
vt 0.6557 -0.243
vt 0.6898 -0.3668
vt 0.7446 -0.3253
vt 0.6557 -0.243
vt 0.3003 -0.7521
vt 0.3261 -0.7445
vt 0.3333 -0.6648
vt 0.3261 -0.7445
vt 0.3659 -0.6547
vt 0.3333 -0.6648
vt 0.3261 -0.7445
vt 0.3537 -0.739
vt 0.3659 -0.6547
vt 0.3537 -0.739
vt 0.3815 -0.7378
vt 0.3659 -0.6547
vt 0.3815 -0.7378
vt 0.3965 -0.6559
vt 0.3659 -0.6547
vt 0.3815 -0.7378
vt 0.4084 -0.7399
vt 0.3965 -0.6559
vt 0.4084 -0.7399
vt 0.4367 -0.7458
vt 0.3965 -0.6559
vt 0.4367 -0.7458
vt 0.4283 -0.6665
vt 0.3965 -0.6559
vt 0.4367 -0.7458
vt 0.463 -0.7559
vt 0.4283 -0.6665
vt 0.3003 -0.7521
vt 0.3261 -0.7445
vt 0.3333 -0.6648
vt 0.3261 -0.7445
vt 0.3659 -0.6547
vt 0.3333 -0.6648
vt 0.3261 -0.7445
vt 0.3537 -0.739
vt 0.3659 -0.6547
vt 0.3537 -0.739
vt 0.3815 -0.7378
vt 0.3659 -0.6547
vt 0.3815 -0.7378
vt 0.3965 -0.6559
vt 0.3659 -0.6547
vt 0.3815 -0.7378
vt 0.4084 -0.7399
vt 0.3965 -0.6559
vt 0.4084 -0.7399
vt 0.4367 -0.7458
vt 0.3965 -0.6559
vt 0.4367 -0.7458
vt 0.4283 -0.6665
vt 0.3965 -0.6559
vt 0.4367 -0.7458
vt 0.463 -0.7559
vt 0.4283 -0.6665
vt 0.4058 -0.8292
vt 0.4096 -0.815
vt 0.3813 -0.8149
vt 0.3955 -0.8396
vt 0.4058 -0.8292
vt 0.3813 -0.8149
vt 0.3813 -0.8434
vt 0.3955 -0.8396
vt 0.3813 -0.8149
vt 0.3671 -0.8396
vt 0.3813 -0.8434
vt 0.3813 -0.8149
vt 0.3567 -0.8292
vt 0.3671 -0.8396
vt 0.3813 -0.8149
vt 0.3529 -0.815
vt 0.3567 -0.8292
vt 0.3813 -0.8149
vt 0.3567 -0.8008
vt 0.3529 -0.815
vt 0.3813 -0.8149
vt 0.3671 -0.7904
vt 0.3567 -0.8008
vt 0.3813 -0.8149
vt 0.3813 -0.7866
vt 0.3671 -0.7904
vt 0.3813 -0.8149
vt 0.3955 -0.7904
vt 0.3813 -0.7866
vt 0.3813 -0.8149
vt 0.4058 -0.8008
vt 0.3955 -0.7904
vt 0.3813 -0.8149
vt 0.4096 -0.815
vt 0.4058 -0.8008
vt 0.3813 -0.8149
vt 0.2851 -0.1535
vt 0.3053 -0.2203
vt 0.408 -0.149
vt 0.4049 -0.1031
vt 0.2846 -0.0878
vt 0.408 -0.149
vt 0.2846 -0.0878
vt 0.2851 -0.1535
vt 0.408 -0.149
vt 0.4964 -0.3831
vt 0.5191 -0.2638
vt 0.4361 -0.3635
vt 0.6898 -0.3668
vt 0.6171 -0.2669
vt 0.6295 -0.3876
vt 0.7872 -0.2726
vt 0.8129 -0.2113
vt 0.6894 -0.204
vt 0.8129 -0.2113
vt 0.707 -0.1537
vt 0.6894 -0.204
vt 0.8129 -0.2113
vt 0.8262 -0.1478
vt 0.707 -0.1537
vt 0.6295 -0.3876
vt 0.5698 -0.2721
vt 0.5596 -0.3923
vt 0.5698 -0.2721
vt 0.6295 -0.3876
vt 0.6171 -0.2669
vt 0.4361 -0.3635
vt 0.4669 -0.2403
vt 0.379 -0.3239
vt 0.4669 -0.2403
vt 0.4361 -0.3635
vt 0.5191 -0.2638
vt 0.6854 -0.1118
vt 0.6983 -0.1515
vt 0.6516 -0.0873
vt 0.61 -0.0873
vt 0.6854 -0.1911
vt 0.5762 -0.1118
vt 0.6516 -0.2156
vt 0.5633 -0.1515
vt 0.61 -0.2156
vt 0.5762 -0.1911
vt 0.4962 -0.9921
vt 0.4519 -0.9867
vt 0.5178 -0.7914
vt 0.4782 -0.7855
vt 0.5429 -0.9961
vt 0.4962 -0.9921
vt 0.5556 -0.7944
vt 0.5178 -0.7914
vt 0.589 -0.9967
vt 0.5429 -0.9961
vt 0.5955 -0.7969
vt 0.5556 -0.7944
vt 0.6351 -0.9975
vt 0.589 -0.9967
vt 0.6354 -0.7969
vt 0.5955 -0.7969
vt 0.7728 -0.9929
vt 0.7522 -0.7909
vt 0.8197 -0.9869
vt 0.7921 -0.7855
vt 0.7282 -0.9967
vt 0.7128 -0.7947
vt 0.7728 -0.9929
vt 0.7522 -0.7909
vt 0.6807 -0.9977
vt 0.674 -0.7966
vt 0.7282 -0.9967
vt 0.7128 -0.7947
vt 0.6351 -0.9975
vt 0.6354 -0.7969
vt 0.6807 -0.9977
vt 0.674 -0.7966
vt 0.4519 -0.9867
vt 0.4071 -0.9807
vt 0.4782 -0.7855
vt 0.4396 -0.7804
vt 0.8197 -0.9869
vt 0.7921 -0.7855
vt 0.8575 -0.9802
vt 0.8305 -0.7804
vt 0.2851 -0.1535
vt 0.2846 -0.0878
vt 0.1935 -0.1736
vt 0.1919 -0.0941
vt 0.3053 -0.2203
vt 0.2851 -0.1535
vt 0.2202 -0.2544
vt 0.1935 -0.1736
vt 0.3407 -0.2755
vt 0.3053 -0.2203
vt 0.266 -0.3287
vt 0.2202 -0.2544
vt 0.379 -0.3239
vt 0.4669 -0.2403
vt 0.3407 -0.2755
vt 0.4327 -0.1991
vt 0.379 -0.3239
vt 0.3407 -0.2755
vt 0.3182 -0.3975
vt 0.266 -0.3287
vt 0.4361 -0.3635
vt 0.379 -0.3239
vt 0.3882 -0.4464
vt 0.3182 -0.3975
vt 0.4964 -0.3831
vt 0.4361 -0.3635
vt 0.4754 -0.4771
vt 0.3882 -0.4464
vt 0.6898 -0.3668
vt 0.6295 -0.3876
vt 0.7346 -0.4563
vt 0.6442 -0.4852
vt 0.6295 -0.3876
vt 0.5596 -0.3923
vt 0.6442 -0.4852
vt 0.5596 -0.4909
vt 0.5596 -0.3923
vt 0.4964 -0.3831
vt 0.5596 -0.4909
vt 0.4754 -0.4771
vt 0.827 -0.0856
vt 0.8262 -0.1478
vt 0.9257 -0.087
vt 0.9237 -0.1636
vt 0.8262 -0.1478
vt 0.8129 -0.2113
vt 0.9237 -0.1636
vt 0.9062 -0.245
vt 0.8129 -0.2113
vt 0.7872 -0.2726
vt 0.9062 -0.245
vt 0.8686 -0.3236
vt 0.7872 -0.2726
vt 0.7446 -0.3253
vt 0.8686 -0.3236
vt 0.8134 -0.3959
vt 0.7446 -0.3253
vt 0.6898 -0.3668
vt 0.8134 -0.3959
vt 0.7346 -0.4563
vt 0.8476 -0.6846
vt 0.8476 -0.6948
vt 0.8579 -0.6846
vt 0.8579 -0.6948
vt 0.8372 -0.6846
vt 0.8372 -0.6445
vt 0.8268 -0.6846
vt 0.8268 -0.6445
vt 0.8476 -0.6846
vt 0.8476 -0.6445
vt 0.8372 -0.6846
vt 0.8372 -0.6445
vt 0.8683 -0.6846
vt 0.8683 -0.6445
vt 0.8579 -0.6846
vt 0.8579 -0.6445
vt 0.8579 -0.6846
vt 0.8579 -0.6445
vt 0.8476 -0.6846
vt 0.8476 -0.6445
vt 0.8074 -0.6266
vt 0.8699 -0.6266
vt 0.8074 -0.6132
vt 0.8699 -0.6132
vt 0.8074 -0.64
vt 0.8699 -0.64
vt 0.8074 -0.6266
vt 0.8699 -0.6266
vt 0.8074 -0.5999
vt 0.8699 -0.5999
vt 0.8074 -0.5865
vt 0.8699 -0.5865
vt 0.8074 -0.6132
vt 0.8699 -0.6132
vt 0.8074 -0.5999
vt 0.8699 -0.5999
vt 0.7365 -0.4672
vt 0.7677 -0.4704
vt 0.7366 -0.4941
vt 0.8579 -0.4942
vt 0.8143 -0.4541
vt 0.8718 -0.4597
vt 0.8046 -0.4078
vt 0.7866 -0.4242
vt 0.7365 -0.4672
vt 0.7366 -0.4941
vt 0.7677 -0.4704
vt 0.8579 -0.4942
vt 0.8143 -0.4541
vt 0.8718 -0.4597
vt 0.8046 -0.4078
vt 0.7866 -0.4242
vt 0.9267 -0.2539
vt 0.9051 -0.2539
vt 0.9267 -0.2949
vt 0.9051 -0.2949
vt 0.9267 -0.5959
vt 0.9051 -0.5959
vt 0.9267 -0.6867
vt 0.9051 -0.6867
vt 0.9267 -0.5703
vt 0.9051 -0.5703
vt 0.9267 -0.5959
vt 0.9051 -0.5959
vt 0.9051 -0.5273
vt 0.9051 -0.5703
vt 0.9267 -0.5273
vt 0.9267 -0.5703
vt 0.9051 -0.4414
vt 0.9051 -0.4766
vt 0.9267 -0.4414
vt 0.9267 -0.4766
vt 0.9051 -0.4766
vt 0.9051 -0.5273
vt 0.9267 -0.4766
vt 0.9267 -0.5273
vt 0.9267 -0.2949
vt 0.9051 -0.2949
vt 0.9267 -0.4141
vt 0.9051 -0.4141
vt 0.9267 -0.4141
vt 0.9051 -0.4141
vt 0.9267 -0.4414
vt 0.9051 -0.4414
vt 0.9495 -0.997
vt 0.93 -0.997
vt 0.9495 -0.061
vt 0.93 -0.061
vt 0.9837 -0.061
vt 0.9837 -0.997
vt 0.9642 -0.061
vt 0.9642 -0.997
vt 0.9984 -0.061
vt 0.9984 -0.997
vt 0.9837 -0.061
vt 0.9837 -0.997
vt 0.9495 -0.997
vt 0.9495 -0.061
vt 0.9642 -0.997
vt 0.9642 -0.061
vt 0.9495 -0.997
vt 0.93 -0.997
vt 0.9495 -0.061
vt 0.93 -0.061
vt 0.9837 -0.061
vt 0.9837 -0.997
vt 0.9642 -0.061
vt 0.9642 -0.997
vt 0.9984 -0.061
vt 0.9984 -0.997
vt 0.9837 -0.061
vt 0.9837 -0.997
vt 0.9495 -0.997
vt 0.9495 -0.061
vt 0.9642 -0.997
vt 0.9642 -0.061
vt 0.7668 -0.5846
vt 0.7865 -0.5846
vt 0.7668 -0.502
vt 0.7866 -0.5019
vt 0.7865 -0.5846
vt 0.7866 -0.5019
vt 0.8688 -0.5847
vt 0.8686 -0.5018
vt 0.7865 -0.5846
vt 0.8688 -0.5847
vt 0.7866 -0.5019
vt 0.8686 -0.5018
vt 0.7668 -0.5846
vt 0.7865 -0.5846
vt 0.7668 -0.502
vt 0.7866 -0.5019
vt 0.7668 -0.5846
vt 0.7865 -0.5846
vt 0.7668 -0.502
vt 0.7866 -0.5019
vt 0.7668 -0.5846
vt 0.7865 -0.5846
vt 0.7668 -0.502
vt 0.7866 -0.5019
vt 0.9495 -0.997
vt 0.9495 -0.061
vt 0.93 -0.997
vt 0.93 -0.061
vt 0.9837 -0.061
vt 0.9642 -0.061
vt 0.9837 -0.997
vt 0.9642 -0.997
vt 0.9984 -0.061
vt 0.9837 -0.061
vt 0.9984 -0.997
vt 0.9837 -0.997
vt 0.9495 -0.997
vt 0.9642 -0.997
vt 0.9495 -0.061
vt 0.9642 -0.061
vt 0.9495 -0.997
vt 0.9495 -0.061
vt 0.93 -0.997
vt 0.93 -0.061
vt 0.9837 -0.061
vt 0.9642 -0.061
vt 0.9837 -0.997
vt 0.9642 -0.997
vt 0.9984 -0.061
vt 0.9837 -0.061
vt 0.9984 -0.997
vt 0.9837 -0.997
vt 0.9495 -0.997
vt 0.9642 -0.997
vt 0.9495 -0.061
vt 0.9642 -0.061
vt 0.4274 -0.4988
vt 0.4366 -0.4741
vt 0.4528 -0.5348
vt 0.5204 -0.5143
vt 0.5155 -0.4958
vt 0.4127 -0.4907
vt 0.462 -0.5104
vt 0.3967 -0.5334
vt 0.4528 -0.5348
vt 0.8417 -0.3679
vt 0.8417 -0.4231
vt 0.8689 -0.3679
vt 0.8689 -0.4231
vt 0.8737 -0.323
vt 0.8738 -0.4903
vt 0.8992 -0.323
vt 0.8992 -0.4903
vt 0.8738 -0.4903
vt 0.8742 -0.5299
vt 0.8992 -0.4903
vt 0.8993 -0.53
vt 0.846 -0.8814
vt 0.8743 -0.989
vt 0.9002 -0.989
vt 0.9273 -0.8814
vt 0.846 -0.7858
vt 0.846 -0.8814
vt 0.9275 -0.7859
vt 0.9273 -0.8814
vt 0.8742 -0.5299
vt 0.8741 -0.6688
vt 0.8993 -0.53
vt 0.8991 -0.6688
vt 0.846 -0.7858
vt 0.9275 -0.7859
vt 0.8741 -0.6688
vt 0.8991 -0.6688
vt 0.4366 -0.4741
vt 0.4274 -0.4988
vt 0.4528 -0.5348
vt 0.5204 -0.5143
vt 0.5155 -0.4958
vt 0.4127 -0.4907
vt 0.3967 -0.5334
vt 0.462 -0.5104
vt 0.4528 -0.5348
vt 0.3261 -0.7445
vt 0.3003 -0.7521
vt 0.3387 -0.7908
vt 0.3322 -0.8154
vt 0.3537 -0.739
vt 0.3261 -0.7445
vt 0.3567 -0.7728
vt 0.3387 -0.7908
vt 0.3815 -0.7378
vt 0.3537 -0.739
vt 0.3813 -0.7657
vt 0.3567 -0.7728
vt 0.4084 -0.7399
vt 0.3815 -0.7378
vt 0.4063 -0.7733
vt 0.3813 -0.7657
vt 0.4367 -0.7458
vt 0.4084 -0.7399
vt 0.4238 -0.7908
vt 0.4063 -0.7733
vt 0.463 -0.7559
vt 0.4367 -0.7458
vt 0.4418 -0.7717
vt 0.4238 -0.7908
vt 0.3261 -0.7445
vt 0.3003 -0.7521
vt 0.3387 -0.7908
vt 0.3322 -0.8154
vt 0.3537 -0.739
vt 0.3261 -0.7445
vt 0.3567 -0.7728
vt 0.3387 -0.7908
vt 0.3815 -0.7378
vt 0.3537 -0.739
vt 0.3813 -0.7657
vt 0.3567 -0.7728
vt 0.4084 -0.7399
vt 0.3815 -0.7378
vt 0.4063 -0.7733
vt 0.3813 -0.7657
vt 0.4367 -0.7458
vt 0.4084 -0.7399
vt 0.4238 -0.7908
vt 0.4063 -0.7733
vt 0.463 -0.7559
vt 0.4367 -0.7458
vt 0.4418 -0.7717
vt 0.4238 -0.7908
vt 0.4238 -0.8399
vt 0.4304 -0.8154
vt 0.4058 -0.8292
vt 0.4096 -0.815
vt 0.4058 -0.8579
vt 0.4238 -0.8399
vt 0.3955 -0.8396
vt 0.4058 -0.8292
vt 0.3813 -0.8645
vt 0.4058 -0.8579
vt 0.3813 -0.8434
vt 0.3955 -0.8396
vt 0.3567 -0.8579
vt 0.3813 -0.8645
vt 0.3671 -0.8396
vt 0.3813 -0.8434
vt 0.3387 -0.8399
vt 0.3567 -0.8579
vt 0.3567 -0.8292
vt 0.3671 -0.8396
vt 0.3322 -0.8154
vt 0.3387 -0.8399
vt 0.3529 -0.815
vt 0.3567 -0.8292
vt 0.3387 -0.7908
vt 0.3322 -0.8154
vt 0.3567 -0.8008
vt 0.3529 -0.815
vt 0.3567 -0.7728
vt 0.3387 -0.7908
vt 0.3671 -0.7904
vt 0.3567 -0.8008
vt 0.3813 -0.7657
vt 0.3567 -0.7728
vt 0.3813 -0.7866
vt 0.3671 -0.7904
vt 0.4063 -0.7733
vt 0.3813 -0.7657
vt 0.3955 -0.7904
vt 0.3813 -0.7866
vt 0.4238 -0.7908
vt 0.4063 -0.7733
vt 0.4058 -0.8008
vt 0.3955 -0.7904
vt 0.4304 -0.8154
vt 0.4238 -0.7908
vt 0.4096 -0.815
vt 0.4058 -0.8008
vt 0.6894 -0.204
vt 0.6557 -0.243
vt 0.7872 -0.2726
vt 0.7446 -0.3253
vt -2.44261 -2.48601
vt -2.44261 0.441262
vt 2.47637 0.441262
vt 2.47637 -2.48601
vt 0.923514 0.441262
vt 0.923514 1.14535
vt 2.5053 1.14535
vt 2.5053 0.441262
vt -2.4619 0.441261
vt -2.4619 1.14535
vt -1.10677 1.14535
vt -1.10677 0.441261
vt -0.731735 -2.53081
vt -2.62434 -2.53081
vt -2.62434 -2.70687
vt -0.731735 -2.70687
vt -2.60233 -0.104533
vt -2.60233 2.44828
vt -2.42628 2.44828
vt -2.42628 -0.104533
vt -0.731735 -0.104533
vt -0.731735 2.44828
vt -2.62434 2.44828
vt -2.62434 -0.104533
vt 0.722656 1.59375
vt 0.722656 1.28125
vt -1.78516 1.28125
vt -1.78516 1.59375
vt -1.78516 1.28125
vt 0.722656 1.28125
vt -1.78516 1.59375
vt 0.722656 1.59375
vt 1.76953 1.28125
vt 1.76953 1.59375
vt -1.82422 0.722656
vt -1.82422 -1.78516
vt -1.75391 -1.78516
vt -1.75391 0.722656
vt -1.82422 1.59375
vt -1.75391 1.59375
vt -1.75391 1.28125
vt -1.82422 1.28125
vt -1.82422 1.59375
vt -1.75391 1.59375
vt -1.75391 1.28125
vt -1.82422 1.28125
vt -1.10677 0.431616
vt -1.10677 1.0923
vt 0.923514 1.0923
vt 0.923514 0.431617
vt 0.912109 0.875
vt 0.912109 -5.96046E-08
vt 0.849609 -5.96046E-08
vt 0.849609 0.875
vt 0.912109 -5.96046E-08
vt 0.912109 0.875
vt 0.849609 0.875
vt 0.849609 -5.96046E-08
vt -0.880859 0.912109
vt -0.880859 0.849609
vt 0.740234 0.849609
vt 0.740234 0.912109
vt -0.880859 0.875
vt 0.740234 0.875
vt 0.740234 -5.96046E-08
vt -0.880859 -5.96046E-08
vt 0.884766 0.796875
vt 0.884766 0.640625
vt 0.361328 0.640625
vt 0.361328 0.796875
vt -0.912109 0.884766
vt -0.912109 0.361328
vt -0.876953 0.361328
vt -0.876953 0.884766
vt -4.22025 1.46875
vt -4.22025 1.4375
vt -3.72025 1.4375
vt -3.72025 1.46875
vt -4.22025 1.4375
vt -4.22025 1.46875
vt -3.72025 1.46875
vt -3.72025 1.4375
vt -2.72656 -15.2203
vt -2.72656 -14.7203
vt -4.10156 -14.7203
vt -4.10156 -15.2203
vt -2.72656 -14.7203
vt -2.72656 -15.2203
vt -4.10156 -15.2203
vt -4.10156 -14.7203
vt -13.7266 1.46875
vt -15.1016 1.46875
vt -15.1016 1.4375
vt -13.7266 1.4375
vt -15.1016 1.46875
vt -13.7266 1.46875
vt -13.7266 1.4375
vt -15.1016 1.4375
vt -3.74369 1.0625
vt -3.74369 1.03125
vt -3.24369 1.03125
vt -3.24369 1.0625
vt -3.74369 1.03125
vt -3.74369 1.0625
vt -3.24369 1.0625
vt -3.24369 1.03125
vt -2.25 -15.2203
vt -2.25 -14.7203
vt -3.625 -14.7203
vt -3.625 -15.2203
vt -2.25 -14.7203
vt -2.25 -15.2203
vt -3.625 -15.2203
vt -3.625 -14.7203
vt -13.25 1.0625
vt -14.625 1.0625
vt -14.625 1.03125
vt -13.25 1.03125
vt -14.625 1.0625
vt -13.25 1.0625
vt -13.25 1.03125
vt -14.625 1.03125
vt -4.22025 2.03125
vt -4.22025 2
vt -3.72025 2
vt -3.72025 2.03125
vt -4.22025 2
vt -4.22025 2.03125
vt -3.72025 2.03125
vt -3.72025 2
vt -2.72656 -14.7515
vt -2.72656 -14.2515
vt -4.10156 -14.2515
vt -4.10156 -14.7515
vt -3.04688 -14.2515
vt -3.04688 -14.7515
vt -4.42188 -14.7515
vt -4.42188 -14.2515
vt -13.7266 2.03125
vt -15.1016 2.03125
vt -15.1016 2
vt -13.7266 2
vt -15.1016 2.03125
vt -13.7266 2.03125
vt -13.7266 2
vt -15.1016 2
vt -3.85306 1.32813
vt -3.85306 1.29688
vt -3.35306 1.29688
vt -3.35306 1.32813
vt -3.85306 1.29688
vt -3.85306 1.32813
vt -3.35306 1.32813
vt -3.35306 1.29688
vt -2.35938 -14.9546
vt -2.35938 -14.4546
vt -3.73438 -14.4546
vt -3.73438 -14.9546
vt -2.35938 -14.4546
vt -2.35938 -14.9546
vt -3.73438 -14.9546
vt -3.73438 -14.4546
vt -13.3594 1.32813
vt -14.7344 1.32813
vt -14.7344 1.29688
vt -13.3594 1.29688
vt -14.7344 1.32813
vt -13.3594 1.32813
vt -13.3594 1.29688
vt -14.7344 1.29688
vt -4.72025 0.445313
vt -4.72025 0.414063
vt -4.22025 0.414063
vt -4.22025 0.445313
vt -4.72025 0.414063
vt -4.72025 0.445313
vt -4.22025 0.445313
vt -4.22025 0.414063
vt -3.22656 -15.3374
vt -3.22656 -14.8374
vt -4.60156 -14.8374
vt -4.60156 -15.3374
vt -3.22656 -14.8374
vt -3.22656 -15.3374
vt -4.60156 -15.3374
vt -4.60156 -14.8374
vt -14.2266 0.445313
vt -15.6016 0.445313
vt -15.6016 0.414063
vt -14.2266 0.414063
vt -15.6016 0.445313
vt -14.2266 0.445313
vt -14.2266 0.414063
vt -15.6016 0.414063
vt -5.97845 1.25
vt -5.97845 -2.38419E-07
vt -5.9472 -2.38419E-07
vt -5.9472 1.25
vt -5.97845 -2.38419E-07
vt -5.97845 1.25
vt -5.9472 1.25
vt -5.9472 -2.38419E-07
vt -2.81772 -1.35345
vt -2.81772 -1.3222
vt -3.8646 -1.3222
vt -3.8646 -1.35345
vt -2.81772 -1.3222
vt -2.81772 -1.35345
vt -3.8646 -1.35345
vt -3.8646 -1.3222
vt 1.80728 1.25
vt 0.760402 1.25
vt 0.760402 -2.38419E-07
vt 1.80728 -2.38419E-07
vt 0.760402 1.25
vt 1.80728 1.25
vt 1.80728 -2.38419E-07
vt 0.760402 -2.38419E-07
vt 0.539063 1.46875
vt 0.539063 1.4375
vt 0.0390625 1.4375
vt 0.0390625 1.46875
vt 0.539063 1.4375
vt 0.539063 1.46875
vt 0.0390625 1.46875
vt 0.0390625 1.4375
vt -4.05469 -11.9609
vt -4.05469 -12.4609
vt -2.67969 -12.4609
vt -2.67969 -11.9609
vt -4.05469 -12.4609
vt -4.05469 -11.9609
vt -2.67969 -11.9609
vt -2.67969 -12.4609
vt -16.5547 1.46875
vt -15.1797 1.46875
vt -15.1797 1.4375
vt -16.5547 1.4375
vt -15.1797 1.46875
vt -16.5547 1.46875
vt -16.5547 1.4375
vt -15.1797 1.4375
vt 1.01563 1.0625
vt 1.01563 1.03125
vt 0.515625 1.03125
vt 0.515625 1.0625
vt 1.01563 1.03125
vt 1.01563 1.0625
vt 0.515625 1.0625
vt 0.515625 1.03125
vt -3.57813 -11.9609
vt -3.57813 -12.4609
vt -2.20313 -12.4609
vt -2.20313 -11.9609
vt -3.57813 -12.4609
vt -3.57813 -11.9609
vt -2.20313 -11.9609
vt -2.20313 -12.4609
vt -16.0781 1.0625
vt -14.7031 1.0625
vt -14.7031 1.03125
vt -16.0781 1.03125
vt -14.7031 1.0625
vt -16.0781 1.0625
vt -16.0781 1.03125
vt -14.7031 1.03125
vt 0.539063 2.03125
vt 0.539063 2
vt 0.0390625 2
vt 0.0390625 2.03125
vt 0.539063 2
vt 0.539063 2.03125
vt 0.0390625 2.03125
vt 0.0390625 2
vt -4.05469 -11.4922
vt -4.05469 -11.9922
vt -2.67969 -11.9922
vt -2.67969 -11.4922
vt -4.375 -11.9922
vt -4.375 -11.4922
vt -3 -11.4922
vt -3 -11.9922
vt -16.5547 2.03125
vt -15.1797 2.03125
vt -15.1797 2
vt -16.5547 2
vt -15.1797 2.03125
vt -16.5547 2.03125
vt -16.5547 2
vt -15.1797 2
vt 0.90625 1.32813
vt 0.90625 1.29688
vt 0.40625 1.29688
vt 0.40625 1.32813
vt 0.90625 1.29688
vt 0.90625 1.32813
vt 0.40625 1.32813
vt 0.40625 1.29688
vt -3.6875 -11.6953
vt -3.6875 -12.1953
vt -2.3125 -12.1953
vt -2.3125 -11.6953
vt -3.6875 -12.1953
vt -3.6875 -11.6953
vt -2.3125 -11.6953
vt -2.3125 -12.1953
vt -16.1875 1.32813
vt -14.8125 1.32813
vt -14.8125 1.29688
vt -16.1875 1.29688
vt -14.8125 1.32813
vt -16.1875 1.32813
vt -16.1875 1.29688
vt -14.8125 1.29688
vt 0.0390625 0.445313
vt 0.0390625 0.414063
vt -0.460938 0.414063
vt -0.460938 0.445313
vt 0.0390625 0.414063
vt 0.0390625 0.445313
vt -0.460938 0.445313
vt -0.460938 0.414063
vt -4.55469 -12.0781
vt -4.55469 -12.5781
vt -3.17969 -12.5781
vt -3.17969 -12.0781
vt -4.55469 -12.5781
vt -4.55469 -12.0781
vt -3.17969 -12.0781
vt -3.17969 -12.5781
vt -17.0547 0.445313
vt -15.6797 0.445313
vt -15.6797 0.414063
vt -17.0547 0.414063
vt -15.6797 0.445313
vt -17.0547 0.445313
vt -17.0547 0.414063
vt -15.6797 0.414063
vt -2.23212 3.10043
vt -2.23212 3.10824
vt -2.23825 3.10824
vt -2.23825 3.10043
vt -2.23212 3.10824
vt -2.23212 3.10043
vt -2.23825 3.10043
vt -2.23825 3.10824
vt -2.23825 2.02647
vt -2.23212 2.02647
vt -2.23212 2.37106
vt -2.23825 2.37106
vt 2.02647 3.10043
vt 2.37106 3.10043
vt 2.37106 3.10824
vt 2.02647 3.10824
vt 2.37106 3.10043
vt 2.02647 3.10043
vt 2.02647 3.10824
vt 2.37106 3.10824
vt -2.18314 3.10043
vt -2.18314 3.10824
vt -2.18926 3.10824
vt -2.18926 3.10043
vt -2.18314 3.10824
vt -2.18314 3.10043
vt -2.18926 3.10043
vt -2.18926 3.10824
vt -2.18926 2.02647
vt -2.18314 2.02647
vt -2.18314 2.37106
vt -2.18926 2.37106
vt 2.02647 3.10043
vt 2.37106 3.10043
vt 2.37106 3.10824
vt 2.02647 3.10824
vt 2.37106 3.10043
vt 2.02647 3.10043
vt 2.02647 3.10824
vt 2.37106 3.10824
vt -2.13416 3.10043
vt -2.13416 3.10824
vt -2.14028 3.10824
vt -2.14028 3.10043
vt -2.13416 3.10824
vt -2.13416 3.10043
vt -2.14028 3.10043
vt -2.14028 3.10824
vt -2.14028 2.02647
vt -2.13416 2.02647
vt -2.13416 2.37106
vt -2.14028 2.37106
vt 2.02647 3.10043
vt 2.37106 3.10043
vt 2.37106 3.10824
vt 2.02647 3.10824
vt 2.37106 3.10043
vt 2.02647 3.10043
vt 2.02647 3.10824
vt 2.37106 3.10824
vt -2.08518 3.10043
vt -2.08518 3.10824
vt -2.0913 3.10824
vt -2.0913 3.10043
vt -2.08518 3.10824
vt -2.08518 3.10043
vt -2.0913 3.10043
vt -2.0913 3.10824
vt -2.0913 2.02647
vt -2.08518 2.02647
vt -2.08518 2.37106
vt -2.0913 2.37106
vt 2.02647 3.10043
vt 2.37106 3.10043
vt 2.37106 3.10824
vt 2.02647 3.10824
vt 2.37106 3.10043
vt 2.02647 3.10043
vt 2.02647 3.10824
vt 2.37106 3.10824
vt -2.0362 3.10043
vt -2.0362 3.10824
vt -2.04232 3.10824
vt -2.04232 3.10043
vt -2.0362 3.10824
vt -2.0362 3.10043
vt -2.04232 3.10043
vt -2.04232 3.10824
vt -2.04232 2.02647
vt -2.0362 2.02647
vt -2.0362 2.37106
vt -2.04232 2.37106
vt 2.02647 3.10043
vt 2.37106 3.10043
vt 2.37106 3.10824
vt 2.02647 3.10824
vt 2.37106 3.10043
vt 2.02647 3.10043
vt 2.02647 3.10824
vt 2.37106 3.10824
vt -1.98721 3.10043
vt -1.98721 3.10824
vt -1.99334 3.10824
vt -1.99334 3.10043
vt -1.98721 3.10824
vt -1.98721 3.10043
vt -1.99334 3.10043
vt -1.99334 3.10824
vt -1.99334 2.02647
vt -1.98721 2.02647
vt -1.98721 2.37106
vt -1.99334 2.37106
vt 2.02647 3.10043
vt 2.37106 3.10043
vt 2.37106 3.10824
vt 2.02647 3.10824
vt 2.37106 3.10043
vt 2.02647 3.10043
vt 2.02647 3.10824
vt 2.37106 3.10824
vt -1.93823 3.10043
vt -1.93823 3.10824
vt -1.94435 3.10824
vt -1.94435 3.10043
vt -1.93823 3.10824
vt -1.93823 3.10043
vt -1.94435 3.10043
vt -1.94435 3.10824
vt -1.94435 2.02647
vt -1.93823 2.02647
vt -1.93823 2.37106
vt -1.94435 2.37106
vt 2.02647 3.10043
vt 2.37106 3.10043
vt 2.37106 3.10824
vt 2.02647 3.10824
vt 2.37106 3.10043
vt 2.02647 3.10043
vt 2.02647 3.10824
vt 2.37106 3.10824
vt 2.35449 3.10434
vt 2.35449 3.10824
vt 2.36112 3.10824
vt 2.36112 3.10434
vt 2.35449 3.10824
vt 2.35449 3.10434
vt 2.36112 3.10434
vt 2.36112 3.10824
vt -2.24743 2.36112
vt -2.24743 2.35449
vt -1.92905 2.35449
vt -1.92905 2.36112
vt -2.24743 3.10434
vt -1.92905 3.10434
vt -1.92905 3.10824
vt -2.24743 3.10824
vt -1.92905 3.10434
vt -2.24743 3.10434
vt -2.24743 3.10824
vt -1.92905 3.10824
vt 2.30148 3.10434
vt 2.30148 3.10824
vt 2.30811 3.10824
vt 2.30811 3.10434
vt 2.30148 3.10824
vt 2.30148 3.10434
vt 2.30811 3.10434
vt 2.30811 3.10824
vt -2.24743 2.30811
vt -2.24743 2.30148
vt -1.92905 2.30148
vt -1.92905 2.30811
vt -2.24743 3.10434
vt -1.92905 3.10434
vt -1.92905 3.10824
vt -2.24743 3.10824
vt -1.92905 3.10434
vt -2.24743 3.10434
vt -2.24743 3.10824
vt -1.92905 3.10824
vt 2.24847 3.10434
vt 2.24847 3.10824
vt 2.25509 3.10824
vt 2.25509 3.10434
vt 2.24847 3.10824
vt 2.24847 3.10434
vt 2.25509 3.10434
vt 2.25509 3.10824
vt -2.24743 2.25509
vt -2.24743 2.24847
vt -1.92905 2.24847
vt -1.92905 2.25509
vt -2.24743 3.10434
vt -1.92905 3.10434
vt -1.92905 3.10824
vt -2.24743 3.10824
vt -1.92905 3.10434
vt -2.24743 3.10434
vt -2.24743 3.10824
vt -1.92905 3.10824
vt 2.19545 3.10434
vt 2.19545 3.10824
vt 2.20208 3.10824
vt 2.20208 3.10434
vt 2.19545 3.10824
vt 2.19545 3.10434
vt 2.20208 3.10434
vt 2.20208 3.10824
vt -2.24743 2.20208
vt -2.24743 2.19545
vt -1.92905 2.19545
vt -1.92905 2.20208
vt -2.24743 3.10434
vt -1.92905 3.10434
vt -1.92905 3.10824
vt -2.24743 3.10824
vt -1.92905 3.10434
vt -2.24743 3.10434
vt -2.24743 3.10824
vt -1.92905 3.10824
vt 2.14244 3.10434
vt 2.14244 3.10824
vt 2.14907 3.10824
vt 2.14907 3.10434
vt 2.14244 3.10824
vt 2.14244 3.10434
vt 2.14907 3.10434
vt 2.14907 3.10824
vt -2.24743 2.14907
vt -2.24743 2.14244
vt -1.92905 2.14244
vt -1.92905 2.14907
vt -2.24743 3.10434
vt -1.92905 3.10434
vt -1.92905 3.10824
vt -2.24743 3.10824
vt -1.92905 3.10434
vt -2.24743 3.10434
vt -2.24743 3.10824
vt -1.92905 3.10824
vt 2.08943 3.10434
vt 2.08943 3.10824
vt 2.09605 3.10824
vt 2.09605 3.10434
vt 2.08943 3.10824
vt 2.08943 3.10434
vt 2.09605 3.10434
vt 2.09605 3.10824
vt -2.24743 2.09605
vt -2.24743 2.08943
vt -1.92905 2.08943
vt -1.92905 2.09605
vt -2.24743 3.10434
vt -1.92905 3.10434
vt -1.92905 3.10824
vt -2.24743 3.10824
vt -1.92905 3.10434
vt -2.24743 3.10434
vt -2.24743 3.10824
vt -1.92905 3.10824
vt 2.03641 3.10434
vt 2.03641 3.10824
vt 2.04304 3.10824
vt 2.04304 3.10434
vt 2.03641 3.10824
vt 2.03641 3.10434
vt 2.04304 3.10434
vt 2.04304 3.10824
vt -2.24743 2.04304
vt -2.24743 2.03641
vt -1.92905 2.03641
vt -1.92905 2.04304
vt -2.24743 3.10434
vt -1.92905 3.10434
vt -1.92905 3.10824
vt -2.24743 3.10824
vt -1.92905 3.10434
vt -2.24743 3.10434
vt -2.24743 3.10824
vt -1.92905 3.10824
vt 2.32799 3.10434
vt 2.32799 3.10824
vt 2.33461 3.10824
vt 2.33461 3.10434
vt 2.32799 3.10824
vt 2.32799 3.10434
vt 2.33461 3.10434
vt 2.33461 3.10824
vt -2.24743 2.33461
vt -2.24743 2.32799
vt -1.92905 2.32799
vt -1.92905 2.33461
vt -2.24743 3.10434
vt -1.92905 3.10434
vt -1.92905 3.10824
vt -2.24743 3.10824
vt -1.92905 3.10434
vt -2.24743 3.10434
vt -2.24743 3.10824
vt -1.92905 3.10824
vt 2.27497 3.10434
vt 2.27497 3.10824
vt 2.2816 3.10824
vt 2.2816 3.10434
vt 2.27497 3.10824
vt 2.27497 3.10434
vt 2.2816 3.10434
vt 2.2816 3.10824
vt -2.24743 2.2816
vt -2.24743 2.27497
vt -1.92905 2.27497
vt -1.92905 2.2816
vt -2.24743 3.10434
vt -1.92905 3.10434
vt -1.92905 3.10824
vt -2.24743 3.10824
vt -1.92905 3.10434
vt -2.24743 3.10434
vt -2.24743 3.10824
vt -1.92905 3.10824
vt 2.22196 3.10434
vt 2.22196 3.10824
vt 2.22859 3.10824
vt 2.22859 3.10434
vt 2.22196 3.10824
vt 2.22196 3.10434
vt 2.22859 3.10434
vt 2.22859 3.10824
vt -2.24743 2.22859
vt -2.24743 2.22196
vt -1.92905 2.22196
vt -1.92905 2.22859
vt -2.24743 3.10434
vt -1.92905 3.10434
vt -1.92905 3.10824
vt -2.24743 3.10824
vt -1.92905 3.10434
vt -2.24743 3.10434
vt -2.24743 3.10824
vt -1.92905 3.10824
vt 2.16895 3.10434
vt 2.16895 3.10824
vt 2.17557 3.10824
vt 2.17557 3.10434
vt 2.16895 3.10824
vt 2.16895 3.10434
vt 2.17557 3.10434
vt 2.17557 3.10824
vt -2.24743 2.17557
vt -2.24743 2.16895
vt -1.92905 2.16895
vt -1.92905 2.17557
vt -2.24743 3.10434
vt -1.92905 3.10434
vt -1.92905 3.10824
vt -2.24743 3.10824
vt -1.92905 3.10434
vt -2.24743 3.10434
vt -2.24743 3.10824
vt -1.92905 3.10824
vt 2.11593 3.10434
vt 2.11593 3.10824
vt 2.12256 3.10824
vt 2.12256 3.10434
vt 2.11593 3.10824
vt 2.11593 3.10434
vt 2.12256 3.10434
vt 2.12256 3.10824
vt -2.24743 2.12256
vt -2.24743 2.11593
vt -1.92905 2.11593
vt -1.92905 2.12256
vt -2.24743 3.10434
vt -1.92905 3.10434
vt -1.92905 3.10824
vt -2.24743 3.10824
vt -1.92905 3.10434
vt -2.24743 3.10434
vt -2.24743 3.10824
vt -1.92905 3.10824
vt 2.06292 3.10434
vt 2.06292 3.10824
vt 2.06955 3.10824
vt 2.06955 3.10434
vt 2.06292 3.10824
vt 2.06292 3.10434
vt 2.06955 3.10434
vt 2.06955 3.10824
vt -2.24743 2.06955
vt -2.24743 2.06292
vt -1.92905 2.06292
vt -1.92905 2.06955
vt -2.24743 3.10434
vt -1.92905 3.10434
vt -1.92905 3.10824
vt -2.24743 3.10824
vt -1.92905 3.10434
vt -2.24743 3.10434
vt -2.24743 3.10824
vt -1.92905 3.10824
vt -4.51935 6.2243
vt -3.8336 6.2243
vt -3.8336 6.19305
vt -4.51935 6.19305
vt -3.8336 4.05295
vt -3.8336 4.02644
vt -4.51935 4.02644
vt -4.51935 4.05295
vt -4.49486 4.05294
vt -4.49486 4.74212
vt -4.51935 4.74212
vt -4.51935 4.76863
vt -3.8336 4.74212
vt -3.8336 4.76863
vt -4.51935 4.05295
vt -4.51935 4.02644
vt -3.8336 4.02644
vt -3.8336 4.05295
vt -3.85809 4.05295
vt -3.8336 4.74212
vt -3.85809 4.74212
vt -4.51935 4.74212
vt -4.49486 4.05294
vt -4.49486 4.74212
vt -3.8336 4.76863
vt -4.51935 4.76863
vt 4.02644 6.19305
vt 4.02644 6.2243
vt 4.05295 6.2243
vt 4.05295 6.19305
vt 4.05295 6.2243
vt 4.74212 6.19305
vt 4.74212 6.2243
vt 4.74212 6.2243
vt 4.76863 6.19305
vt 4.76863 6.2243
vt 4.02644 6.19305
vt 4.05295 6.19305
vt 4.02644 6.2243
vt 4.05295 6.2243
vt 4.74212 6.2243
vt 4.74212 6.19305
vt 4.76863 6.19305
vt 4.76863 6.2243
vt -4.51935 6.2243
vt -4.51935 6.19305
vt -3.8336 6.19305
vt -3.8336 6.2243
vt -3.8336 6.19305
vt -3.8336 6.2243
vt -4.51935 6.2243
vt -4.51935 6.19305
vt -3.8336 6.2243
vt -3.8336 6.19305
vt -4.51935 6.19305
vt -4.51935 6.2243
vt -3.8336 4.74212
vt -3.8336 4.05295
vt -3.85809 4.05295
vt -3.85809 4.74212
vt -3.85809 6.19305
vt -3.85809 6.2243
vt -3.8336 6.2243
vt -3.8336 6.19305
vt -3.85809 6.19305
vt -3.8336 6.19305
vt -3.8336 6.2243
vt -3.85809 6.2243
vt 4.05295 6.2243
vt 4.05295 6.19305
vt 4.74212 6.19305
vt 4.74212 6.2243
vt -4.51935 6.19305
vt -4.51935 6.2243
vt -4.49486 6.2243
vt -4.49486 6.19305
vt -4.51935 6.2243
vt -4.51935 6.19305
vt -4.49486 6.19305
vt -4.49486 6.2243
vt 4.74212 6.2243
vt 4.74212 6.19305
vt 4.05295 6.19305
vt 4.05295 6.2243
vt -2.11013 0.765625
vt -2.11013 -0.499779
vt -1.86013 -0.499779
vt -1.86013 0.765625
vt -2.11013 -0.499779
vt -2.11013 0.765625
vt -1.86013 0.765625
vt -1.86013 -0.499779
vt -1.34766 -7.61013
vt -1.34766 -7.36013
vt -1.36328 -7.36013
vt -1.36328 -7.61013
vt -1.34766 -7.36013
vt -1.34766 -7.61013
vt -1.36328 -7.61013
vt -1.36328 -7.36013
vt -6.84766 0.765625
vt -6.86328 0.765625
vt -6.86328 -0.499779
vt -6.84766 -0.499779
vt -6.86328 0.765625
vt -6.84766 0.765625
vt -6.84766 -0.499779
vt -6.86328 -0.499779
vt -2.11013 0.765625
vt -2.11013 -0.499779
vt -1.86013 -0.499779
vt -1.86013 0.765625
vt -2.11013 -0.499779
vt -2.11013 0.765625
vt -1.86013 0.765625
vt -1.86013 -0.499779
vt -2.05078 -7.61013
vt -2.05078 -7.36013
vt -2.06641 -7.36013
vt -2.06641 -7.61013
vt -2.05078 -7.36013
vt -2.05078 -7.61013
vt -2.06641 -7.61013
vt -2.06641 -7.36013
vt -7.55078 0.765625
vt -7.56641 0.765625
vt -7.56641 -0.499779
vt -7.55078 -0.499779
vt -7.56641 0.765625
vt -7.55078 0.765625
vt -7.55078 -0.499779
vt -7.56641 -0.499779
vt 0.269531 0.765625
vt 0.269531 -0.499779
vt 0.0195313 -0.499779
vt 0.0195313 0.765625
vt 0.269531 -0.499779
vt 0.269531 0.765625
vt 0.0195313 0.765625
vt 0.0195313 -0.499779
vt -2.04297 -5.98047
vt -2.04297 -6.23047
vt -2.02734 -6.23047
vt -2.02734 -5.98047
vt -2.04297 -6.23047
vt -2.04297 -5.98047
vt -2.02734 -5.98047
vt -2.02734 -6.23047
vt -8.29297 0.765625
vt -8.27734 0.765625
vt -8.27734 -0.499779
vt -8.29297 -0.499779
vt -8.27734 0.765625
vt -8.29297 0.765625
vt -8.29297 -0.499779
vt -8.27734 -0.499779
vt 0.269531 0.765625
vt 0.269531 -0.499779
vt 0.0195313 -0.499779
vt 0.0195313 0.765625
vt 0.269531 -0.499779
vt 0.269531 0.765625
vt 0.0195313 0.765625
vt 0.0195313 -0.499779
vt -1.33984 -5.98047
vt -1.33984 -6.23047
vt -1.32422 -6.23047
vt -1.32422 -5.98047
vt -1.33984 -6.23047
vt -1.33984 -5.98047
vt -1.32422 -5.98047
vt -1.32422 -6.23047
vt -7.58984 0.765625
vt -7.57422 0.765625
vt -7.57422 -0.499779
vt -7.58984 -0.499779
vt -7.57422 0.765625
vt -7.58984 0.765625
vt -7.58984 -0.499779
vt -7.57422 -0.499779
vt 5.8457 -11.0811
vt 7.0957 -11.0811
vt 7.0957 -11.8311
vt 5.8457 -11.8311
vt -8.85964 4.66797
vt -8.85964 5
vt -7.87483 5
vt -7.87483 4.66797
vt 1.06269 -8.46918
vt 2.31269 -8.46918
vt 2.31269 -9.21918
vt 1.06269 -9.21918
vt -6.22139 4.66797
vt -6.22139 5
vt -5.22139 5
vt -5.22139 4.66797
vt 3.87483 -1.18575
vt 2.57903 -1.0121
vt 2.40767 -1.75071
vt 3.70347 -1.92435
vt 0.616832 16.2842
vt 0.232141 16.2842
vt 0.232141 16.6992
vt 0.616832 16.6992
vt 0.461664 16.2842
vt 0.846354 16.2842
vt 0.846354 16.6992
vt 0.461664 16.6992
vt -3.07492 16.6992
vt -3.07492 16.2842
vt -2.562 16.2842
vt -2.562 16.6992
vt 2.05816 3.45542
vt 3.35396 3.28177
vt 3.52532 4.02038
vt 2.22952 4.19403
vt 4.66171 16.2842
vt 5.0464 16.2842
vt 5.0464 16.6992
vt 4.66171 16.6992
vt 5.07063 16.2842
vt 4.68594 16.2842
vt 4.68594 16.6992
vt 5.07063 16.6992
vt -4.50158 16.6992
vt -4.50158 16.2842
vt -5.0145 16.2842
vt -5.0145 16.6992
vt 4.37761 1.3625
vt 3.06183 1.3625
vt 3.06183 0.612501
vt 4.37761 0.612501
vt 0.828896 16.2842
vt 0.438271 16.2842
vt 0.438271 16.6992
vt 0.828896 16.6992
vt 0.57735 16.2842
vt 0.967975 16.2842
vt 0.967975 16.6992
vt 0.57735 16.6992
vt -2.13623 16.6992
vt -2.13623 16.2842
vt -1.6154 16.2842
vt -1.6154 16.6992
vt 1.83398 -2.80606
vt 1.41732 -2.80606
vt 1.41732 -2.49356
vt 1.83398 -2.49356
vt -2.6746 2.33398
vt -2.6746 2.38932
vt -3.08494 2.38932
vt -3.08494 2.33398
vt 0.826375 1.26172
vt 0.709188 1.26172
vt 0.709188 1.28516
vt 0.826375 1.28516
vt 0.709188 1.26172
vt 0.826375 1.26172
vt 0.826375 1.28516
vt 0.709188 1.28516
vt -1.65409 1.26172
vt -1.65409 1.28516
vt -1.52909 1.28516
vt -1.52909 1.26172
vt -1.65409 1.28516
vt -1.65409 1.26172
vt -1.52909 1.26172
vt -1.52909 1.28516
vt -1.65409 0.982625
vt -1.52909 0.982625
vt -1.52909 0.865438
vt -1.65409 0.865438
vt -1.52909 0.982625
vt -1.65409 0.982625
vt -1.65409 0.865438
vt -1.52909 0.865438
vt 1.82247 1.13672
vt 1.70528 1.13672
vt 1.70528 1.16016
vt 1.82247 1.16016
vt 1.70528 1.13672
vt 1.82247 1.13672
vt 1.82247 1.16016
vt 1.70528 1.16016
vt 1.217 1.13672
vt 1.217 1.16016
vt 1.342 1.16016
vt 1.342 1.13672
vt 1.217 1.16016
vt 1.217 1.13672
vt 1.342 1.13672
vt 1.342 1.16016
vt 1.217 0.857625
vt 1.342 0.857625
vt 1.342 0.740438
vt 1.217 0.740438
vt 1.342 0.857625
vt 1.217 0.857625
vt 1.217 0.740438
vt 1.342 0.740438
vt 0.285157 0.28125
vt 0.160157 0.28125
vt 0.160157 0.40625
vt 0.285157 0.40625
vt -1.80078 -6.21484
vt -1.79297 -6.21484
vt -1.79297 -6.08984
vt -1.80078 -6.08984
vt -1.91016 -6.08984
vt -1.91016 -6.21484
vt -1.91797 -6.08984
vt -1.91797 -6.21484
vt -1.69141 -6.08984
vt -1.68359 -6.08984
vt -1.68359 -6.21484
vt -1.69141 -6.21484
vt -7.54688 0.480469
vt -7.54688 0.355469
vt -7.55469 0.355469
vt -7.55469 0.480469
vt -7.66406 0.371094
vt -7.66406 0.480469
vt -7.55469 0.371094
vt -7.66406 0.355469
vt -7.67188 0.480469
vt -7.67188 0.355469
vt -8.05859 0.40625
vt -8.06641 0.40625
vt -8.05859 0.28125
vt -8.06641 0.28125
vt -8.17578 0.40625
vt -8.06641 0.296875
vt -8.17578 0.28125
vt -8.17578 0.296875
vt -8.18359 0.40625
vt -8.18359 0.28125
vt 0.285157 0.28125
vt 0.285157 0.40625
vt 0.160157 0.40625
vt 0.160157 0.28125
vt 0.160157 0.40625
vt 0.160157 0.28125
vt 0.285157 0.28125
vt 0.285157 0.40625
vt -1.80859 -6.21484
vt -1.80859 -6.08984
vt -1.80078 -6.08984
vt -1.80078 -6.21484
vt 0.160157 0.28125
vt 0.160157 0.40625
vt 0.285157 0.40625
vt 0.285157 0.28125
vt 0.175781 0.296875
vt 0.175781 0.28125
vt 0.0507813 0.28125
vt 0.0507813 0.296875
vt 0.0585938 0.40625
vt 0.0585938 0.296875
vt 0.0507813 0.40625
vt 0.175781 0.40625
vt 0.167969 0.296875
vt 0.167969 0.40625
vt 0.175781 0.28125
vt 0.175781 0.296875
vt 0.0507813 0.28125
vt 0.0507813 0.296875
vt 0.167969 0.296875
vt 0.175781 0.40625
vt 0.167969 0.40625
vt 0.0507813 0.40625
vt 0.0585938 0.296875
vt 0.0585938 0.40625
vt -1.80078 -6.21484
vt -1.91016 -6.21484
vt -1.91016 -6.08984
vt -1.80078 -6.08984
vt -1.80078 -6.21484
vt -1.91016 -6.21484
vt -1.91016 -6.20703
vt -1.80078 -6.20703
vt -1.91016 -6.20703
vt -1.91016 -6.21484
vt -1.80078 -6.21484
vt -1.80078 -6.20703
vt -8.06641 0.296875
vt -8.06641 0.40625
vt -8.17578 0.40625
vt -8.17578 0.296875
vt -1.91016 -6.09766
vt -1.91016 -6.08984
vt -1.80078 -6.08984
vt -1.80078 -6.09766
vt -1.80078 -6.08984
vt -1.91016 -6.08984
vt -1.91016 -6.09766
vt -1.80078 -6.09766
vt -7.66406 0.371094
vt -7.66406 0.480469
vt -7.55469 0.480469
vt -7.55469 0.371094
vt 0.285157 0.28125
vt 0.160157 0.28125
vt 0.160157 0.40625
vt 0.285157 0.40625
vt -1.66016 -6.07422
vt -1.65234 -6.07422
vt -1.65234 -5.94922
vt -1.66016 -5.94922
vt -1.76953 -5.94922
vt -1.76953 -6.07422
vt -1.77734 -5.94922
vt -1.77734 -6.07422
vt -1.55078 -5.94922
vt -1.54297 -5.94922
vt -1.54297 -6.07422
vt -1.55078 -6.07422
vt -7.26563 0.480469
vt -7.26563 0.355469
vt -7.27344 0.355469
vt -7.27344 0.480469
vt -7.38281 0.371094
vt -7.38281 0.480469
vt -7.27344 0.371094
vt -7.38281 0.355469
vt -7.39063 0.480469
vt -7.39063 0.355469
vt -7.77734 0.40625
vt -7.78516 0.40625
vt -7.77734 0.28125
vt -7.78516 0.28125
vt -7.89453 0.40625
vt -7.78516 0.296875
vt -7.89453 0.28125
vt -7.89453 0.296875
vt -7.90234 0.40625
vt -7.90234 0.28125
vt 0.285157 0.28125
vt 0.285157 0.40625
vt 0.160157 0.40625
vt 0.160157 0.28125
vt 0.160157 0.40625
vt 0.160157 0.28125
vt 0.285157 0.28125
vt 0.285157 0.40625
vt -1.66797 -6.07422
vt -1.66797 -5.94922
vt -1.66016 -5.94922
vt -1.66016 -6.07422
vt 0.160157 0.28125
vt 0.160157 0.40625
vt 0.285157 0.40625
vt 0.285157 0.28125
vt 0.175781 0.296875
vt 0.175781 0.28125
vt 0.0507813 0.28125
vt 0.0507813 0.296875
vt 0.0585938 0.40625
vt 0.0585938 0.296875
vt 0.0507813 0.40625
vt 0.175781 0.40625
vt 0.167969 0.296875
vt 0.167969 0.40625
vt 0.175781 0.28125
vt 0.175781 0.296875
vt 0.0507813 0.28125
vt 0.0507813 0.296875
vt 0.167969 0.296875
vt 0.175781 0.40625
vt 0.167969 0.40625
vt 0.0507813 0.40625
vt 0.0585938 0.296875
vt 0.0585938 0.40625
vt -1.66016 -6.07422
vt -1.76953 -6.07422
vt -1.76953 -5.94922
vt -1.66016 -5.94922
vt -1.66016 -6.07422
vt -1.76953 -6.07422
vt -1.76953 -6.06641
vt -1.66016 -6.06641
vt -1.76953 -6.06641
vt -1.76953 -6.07422
vt -1.66016 -6.07422
vt -1.66016 -6.06641
vt -7.78516 0.296875
vt -7.78516 0.40625
vt -7.89453 0.40625
vt -7.89453 0.296875
vt -1.76953 -5.95703
vt -1.76953 -5.94922
vt -1.66016 -5.94922
vt -1.66016 -5.95703
vt -1.66016 -5.94922
vt -1.76953 -5.94922
vt -1.76953 -5.95703
vt -1.66016 -5.95703
vt -7.38281 0.371094
vt -7.38281 0.480469
vt -7.27344 0.480469
vt -7.27344 0.371094
vt -1.9695 0.28125
vt -1.8445 0.28125
vt -1.8445 0.40625
vt -1.9695 0.40625
vt -1.93359 -7.25075
vt -1.94141 -7.25075
vt -1.94141 -7.37575
vt -1.93359 -7.37575
vt -1.82422 -7.37575
vt -1.82422 -7.25075
vt -1.81641 -7.37575
vt -1.81641 -7.25075
vt -1.82422 -7.37575
vt -1.83203 -7.37575
vt -1.83203 -7.25075
vt -1.82422 -7.25075
vt -6.72656 0.480469
vt -6.72656 0.355469
vt -6.71875 0.355469
vt -6.71875 0.480469
vt -6.60938 0.371094
vt -6.60938 0.480469
vt -6.71875 0.371094
vt -6.60938 0.355469
vt -6.60156 0.480469
vt -6.60156 0.355469
vt -7.23828 0.40625
vt -7.23047 0.40625
vt -7.23828 0.28125
vt -7.23047 0.28125
vt -7.12109 0.40625
vt -7.23047 0.296875
vt -7.12109 0.28125
vt -7.12109 0.296875
vt -7.11328 0.40625
vt -7.11328 0.28125
vt -1.9695 0.28125
vt -1.9695 0.40625
vt -1.8445 0.40625
vt -1.8445 0.28125
vt -1.8445 0.40625
vt -1.8445 0.28125
vt -1.9695 0.28125
vt -1.9695 0.40625
vt -1.70703 -7.25075
vt -1.70703 -7.37575
vt -1.71484 -7.37575
vt -1.71484 -7.25075
vt -1.8445 0.28125
vt -1.8445 0.40625
vt -1.9695 0.40625
vt -1.9695 0.28125
vt -2.07888 0.296875
vt -2.07888 0.28125
vt -1.95388 0.28125
vt -1.95388 0.296875
vt -1.96169 0.40625
vt -1.96169 0.296875
vt -1.95388 0.40625
vt -2.07888 0.40625
vt -2.07106 0.296875
vt -2.07106 0.40625
vt -2.07888 0.28125
vt -2.07888 0.296875
vt -1.95388 0.28125
vt -1.95388 0.296875
vt -2.07106 0.296875
vt -2.07888 0.40625
vt -2.07106 0.40625
vt -1.95388 0.40625
vt -1.96169 0.296875
vt -1.96169 0.40625
vt -1.93359 -7.25075
vt -1.82422 -7.25075
vt -1.82422 -7.37575
vt -1.93359 -7.37575
vt -1.93359 -7.25075
vt -1.82422 -7.25075
vt -1.82422 -7.25856
vt -1.93359 -7.25856
vt -1.82422 -7.25856
vt -1.82422 -7.25075
vt -1.93359 -7.25075
vt -1.93359 -7.25856
vt -7.23047 0.296875
vt -7.23047 0.40625
vt -7.12109 0.40625
vt -7.12109 0.296875
vt -1.82422 -7.36794
vt -1.82422 -7.37575
vt -1.93359 -7.37575
vt -1.93359 -7.36794
vt -1.93359 -7.37575
vt -1.82422 -7.37575
vt -1.82422 -7.36794
vt -1.93359 -7.36794
vt -6.60938 0.371094
vt -6.60938 0.480469
vt -6.71875 0.480469
vt -6.71875 0.371094
vt -1.84401 -1.22481
vt -1.84401 -1.37084
vt -1.8357 -1.37084
vt -1.8357 -1.22481
vt -1.84401 -1.37084
vt -1.84401 -1.22481
vt -1.8357 -1.22481
vt -1.8357 -1.37084
vt -0.220946 -2.22233
vt -0.220946 -2.21503
vt -0.420414 -2.21503
vt -0.420414 -2.22233
vt -0.220946 -2.21503
vt -0.220946 -2.22233
vt -0.420414 -2.22233
vt -0.420414 -2.21503
vt 2.23916 -1.21347
vt 2.03969 -1.21347
vt 2.03969 -1.35815
vt 2.23916 -1.35815
vt 2.03969 -1.22481
vt 2.23916 -1.22481
vt 2.23916 -1.37084
vt 2.03969 -1.37084
vt -1.84401 -1.22481
vt -1.84401 -1.37084
vt -1.8357 -1.37084
vt -1.8357 -1.22481
vt -1.84401 -1.37084
vt -1.84401 -1.22481
vt -1.8357 -1.22481
vt -1.8357 -1.37084
vt -0.486904 -1.98869
vt -0.486904 -1.98139
vt -0.686372 -1.98139
vt -0.686372 -1.98869
vt -0.486904 -1.98139
vt -0.486904 -1.98869
vt -0.686372 -1.98869
vt -0.686372 -1.98139
vt 2.23916 -1.21347
vt 2.03969 -1.21347
vt 2.03969 -1.35815
vt 2.23916 -1.35815
vt 2.03969 -1.22481
vt 2.23916 -1.22481
vt 2.23916 -1.37084
vt 2.03969 -1.37084
vt 1.07787 -2.27279
vt 1.07787 -2.36742
vt 1.3912 -2.36742
vt 1.3912 -2.27279
vt 1.69922 1.70935
vt 1.69922 1.99419
vt 1.77734 1.99419
vt 1.77734 1.70935
vt -0.9375 -2.28463
vt -0.9375 -2.36742
vt -0.859375 -2.36742
vt -0.859375 -2.27279
vt -0.859375 -2.27279
vt -0.859375 -2.36742
vt -0.9375 -2.36742
vt -0.9375 -2.28463
vt -1.24551 1.03871
vt -1.55885 1.03871
vt -1.55885 0.967685
vt -1.24551 0.967685
vt 1.1267 -2.36742
vt 1.1267 -2.28463
vt 1.44003 -2.28463
vt 1.44003 -2.36742
vt 4.02778 1.00926
vt 4.02778 -0.0277778
vt 4.01852 -0.0277778
vt 4.01852 1.00926
vt 4.02778 -0.0277778
vt 4.02778 1.00926
vt 4.01852 1.00926
vt 4.01852 -0.0277778
vt -2.99074 4.02778
vt -2.99074 4.01852
vt -1.9537 4.01852
vt -1.9537 4.02778
vt -2.99074 4.01852
vt -2.99074 4.02778
vt -1.9537 4.02778
vt -1.9537 4.01852
vt -2.99074 1.00926
vt -1.9537 1.00926
vt -1.9537 -0.0277778
vt -2.99074 -0.0277778
vt -1.9537 1.00926
vt -2.99074 1.00926
vt -2.99074 -0.0277778
vt -1.9537 -0.0277778
vt 4.02778 1.00926
vt 4.02778 -0.0277778
vt 4.01852 -0.0277778
vt 4.01852 1.00926
vt 4.02778 -0.0277778
vt 4.02778 1.00926
vt 4.01852 1.00926
vt 4.01852 -0.0277778
vt 1.00926 4.02778
vt 1.00926 4.01852
vt 2.0463 4.01852
vt 2.0463 4.02778
vt 1.00926 4.01852
vt 1.00926 4.02778
vt 2.0463 4.02778
vt 2.0463 4.01852
vt 1.00926 1.00926
vt 2.0463 1.00926
vt 2.0463 -0.0277778
vt 1.00926 -0.0277778
vt 2.0463 1.00926
vt 1.00926 1.00926
vt 1.00926 -0.0277778
vt 2.0463 -0.0277778
vt 0.390625 1.72656
vt 0.390625 1.47656
vt 0.0078125 1.47656
vt 0.0078125 1.72656
vt 0.390625 1.47656
vt 0.390625 1.72656
vt 0.0078125 1.72656
vt 0.0078125 1.47656
vt 0.390625 -1.62891
vt 0.0078125 -1.62891
vt 0.0078125 -1.63281
vt 0.390625 -1.63281
vt 0.0078125 -1.62891
vt 0.390625 -1.62891
vt 0.390625 -1.63281
vt 0.0078125 -1.63281
vt -1.46484 1.72656
vt -1.46875 1.72656
vt -1.46875 1.47656
vt -1.46484 1.47656
vt -1.46875 1.72656
vt -1.46484 1.72656
vt -1.46484 1.47656
vt -1.46875 1.47656
vt 1.85547 1.75
vt 1.85547 1.59375
vt -1.88672 1.59375
vt -1.88672 1.75
vt 1.85547 1.59375
vt 1.85547 1.75
vt -1.88672 1.75
vt -1.88672 1.59375
vt 1.51172 1.85547
vt 1.51172 -1.88672
vt 4.01172 -1.88672
vt 4.01172 1.85547
vt 1.51172 1.75
vt 4.01172 1.75
vt 4.01172 1.59375
vt 1.51172 1.59375
vt 4.01172 1.75
vt 1.51172 1.75
vt 1.51172 1.59375
vt 4.01172 1.59375
vt 1.875 1.75781
vt 1.875 1.75
vt 1.43564 1.75
vt 1.43564 1.75781
vt 1.27916 0.796073
vt 1.2821 0.800693
vt 1.51172 1.43564
vt 1.40584 1.875
vt 1.51172 1.875
vt 1.27916 0.796073
vt 1.40584 1.875
vt 1.51172 1.875
vt 1.2821 0.800693
vt 1.51172 1.43564
vt 1.51172 1.75781
vt 1.40584 1.75781
vt 1.40584 1.75
vt 1.51172 1.75
vt 1.875 1.75
vt 1.875 1.75781
vt 0.796073 1.75781
vt 0.796073 1.75
vt 0.800693 1.75781
vt 1.43564 1.75781
vt 1.43564 1.75
vt 0.800693 1.75
vt 0.796073 1.75
vt 0.796073 1.75781
vt 0.800693 1.75781
vt 0.800693 1.75
vt 1.58167 1.75781
vt 1.58167 1.75
vt 1.25426 1.75
vt 1.25426 1.75781
vt 1.10827 1.75
vt 1.10827 1.75781
vt 1.0223 1.75
vt 1.0223 1.75781
vt 0.963174 1.75
vt 0.963174 1.75781
vt 0.917917 1.75
vt 0.917917 1.75781
vt 1.28391 0.830675
vt 1.28788 0.835504
vt 1.51172 1.25426
vt 1.51172 1.58167
vt 1.51172 1.10827
vt 1.29082 0.841014
vt 1.29565 0.844976
vt 1.29961 0.849804
vt 1.51172 1.0223
vt 1.30512 0.852748
vt 1.30995 0.85671
vt 1.51172 0.963174
vt 1.31593 0.858523
vt 1.32143 0.861468
vt 1.51172 0.917917
vt 1.32765 0.86208
vt 1.28391 0.830675
vt 1.51172 1.58167
vt 1.51172 1.25426
vt 1.28788 0.835504
vt 1.29082 0.841014
vt 1.51172 1.10827
vt 1.29565 0.844976
vt 1.29961 0.849804
vt 1.51172 1.0223
vt 1.30512 0.852748
vt 1.30995 0.85671
vt 1.51172 0.963174
vt 1.31593 0.858523
vt 1.32143 0.861468
vt 1.51172 0.917917
vt 1.32765 0.86208
vt 1.58167 1.75
vt 1.58167 1.75781
vt 0.830675 1.75781
vt 0.830675 1.75
vt 0.835504 1.75781
vt 1.25426 1.75781
vt 1.25426 1.75
vt 0.835504 1.75
vt 0.830675 1.75
vt 0.830675 1.75781
vt 0.835504 1.75781
vt 0.835504 1.75
vt 1.25426 1.75
vt 1.25426 1.75781
vt 0.841013 1.75781
vt 0.841014 1.75
vt 0.844976 1.75781
vt 1.10827 1.75781
vt 1.10827 1.75
vt 0.844976 1.75
vt 1.29082 1.75
vt 1.29082 1.75781
vt 1.29565 1.75781
vt 1.29565 1.75
vt 1.10827 1.75
vt 1.10827 1.75781
vt 0.849804 1.75781
vt 0.849804 1.75
vt 1.30512 1.75781
vt 1.51172 1.75781
vt 1.51172 1.75
vt 1.30512 1.75
vt 1.29961 1.75
vt 1.29961 1.75781
vt 1.30512 1.75781
vt 1.30512 1.75
vt 1.51172 1.75
vt 1.51172 1.75781
vt 1.30995 1.75781
vt 1.30995 1.75
vt 1.31593 1.75781
vt 1.51172 1.75781
vt 1.51172 1.75
vt 1.31593 1.75
vt 1.30995 1.75
vt 1.30995 1.75781
vt 1.31593 1.75781
vt 1.31593 1.75
vt 1.51172 1.75
vt 1.51172 1.75781
vt 1.32143 1.75781
vt 1.32143 1.75
vt 1.32765 1.75781
vt 1.51172 1.75781
vt 1.51172 1.75
vt 1.32765 1.75
vt 1.32143 1.75
vt 1.32143 1.75781
vt 1.32765 1.75781
vt 1.32765 1.75
vt 0.880209 1.75781
vt 0.880209 1.75
vt 0.846353 1.75
vt 0.846353 1.75781
vt 0.813641 1.75
vt 0.813641 1.75781
vt 0.779441 1.75
vt 0.779441 1.75781
vt 0.740189 1.75
vt 0.740189 1.75781
vt 0.699219 1.75
vt 0.699219 1.75781
vt 1.34606 0.863894
vt 1.35204 0.86208
vt 1.51172 0.846353
vt 1.51172 0.880209
vt 1.51172 0.813641
vt 1.35825 0.861468
vt 1.36376 0.858524
vt 1.36974 0.85671
vt 1.51172 0.779441
vt 1.37457 0.852748
vt 1.38008 0.849804
vt 1.51172 0.740189
vt 1.38404 0.844976
vt 1.51172 0.699219
vt 1.50365 0.699219
vt 1.38887 0.841014
vt 1.39181 0.835504
vt 1.39577 0.830675
vt 1.46466 0.699219
vt 1.39759 0.824699
vt 1.40053 0.819191
vt 1.43565 0.699219
vt 1.40114 0.812975
vt 1.34606 0.863894
vt 1.51172 0.880209
vt 1.51172 0.846353
vt 1.35204 0.86208
vt 1.35825 0.861468
vt 1.51172 0.813641
vt 1.36376 0.858524
vt 1.36974 0.85671
vt 1.51172 0.779441
vt 1.37457 0.852748
vt 1.38008 0.849804
vt 1.51172 0.740189
vt 1.38404 0.844976
vt 1.38887 0.841014
vt 1.51172 0.699219
vt 1.39181 0.835504
vt 1.50365 0.699219
vt 1.39577 0.830675
vt 1.46466 0.699219
vt 1.39759 0.824699
vt 1.40053 0.819191
vt 1.43565 0.699219
vt 1.40114 0.812975
vt 1.51172 1.75
vt 1.51172 1.75781
vt 1.34606 1.75781
vt 1.34606 1.75
vt 1.35204 1.75781
vt 1.51172 1.75781
vt 1.51172 1.75
vt 1.35204 1.75
vt 1.34606 1.75
vt 1.34606 1.75781
vt 1.35204 1.75781
vt 1.35204 1.75
vt 1.51172 1.75
vt 1.51172 1.75781
vt 1.35825 1.75781
vt 1.35825 1.75
vt 1.36376 1.75781
vt 1.51172 1.75781
vt 1.51172 1.75
vt 1.36376 1.75
vt 1.35825 1.75
vt 1.35825 1.75781
vt 1.36376 1.75781
vt 1.36376 1.75
vt 1.51172 1.75
vt 1.51172 1.75781
vt 1.36974 1.75781
vt 1.36974 1.75
vt 1.37457 1.75781
vt 1.51172 1.75781
vt 1.51172 1.75
vt 1.37457 1.75
vt 1.36974 1.75
vt 1.36974 1.75781
vt 1.37457 1.75781
vt 1.37457 1.75
vt 1.51172 1.75
vt 1.51172 1.75781
vt 1.38008 1.75781
vt 1.38008 1.75
vt 1.38404 1.75781
vt 1.51172 1.75781
vt 1.51172 1.75
vt 1.38404 1.75
vt 0.849804 1.75
vt 0.849804 1.75781
vt 0.844976 1.75781
vt 0.844976 1.75
vt 1.51172 1.75781
vt 1.51172 1.75
vt 1.50365 1.75781
vt 1.50365 1.75
vt 1.46466 1.75781
vt 1.46466 1.75
vt 1.43564 1.75781
vt 1.43564 1.75
vt 1.51172 1.75
vt 1.51172 1.75781
vt 1.38887 1.75781
vt 1.38887 1.75
vt 0.835504 1.75781
vt 0.699219 1.75781
vt 0.699219 1.75
vt 0.835504 1.75
vt 0.841014 1.75
vt 0.841013 1.75781
vt 0.835504 1.75781
vt 0.835504 1.75
vt 0.699219 1.75
vt 0.699219 1.75781
vt 0.830675 1.75781
vt 0.830675 1.75
vt 0.824699 1.75781
vt 0.699219 1.75781
vt 0.699219 1.75
vt 0.824699 1.75
vt 0.830675 1.75
vt 0.830675 1.75781
vt 0.824699 1.75781
vt 0.824699 1.75
vt 0.699219 1.75
vt 0.699219 1.75781
vt 0.819191 1.75781
vt 0.819191 1.75
vt 0.812975 1.75781
vt 0.699219 1.75781
vt 0.699219 1.75
vt 0.812975 1.75
vt 0.819191 1.75
vt 0.819191 1.75781
vt 0.812975 1.75781
vt 0.812975 1.75
vt 1.40296 0.794565
vt 1.40114 0.788588
vt 1.39234 0.699219
vt 1.41235 0.699219
vt 1.40053 0.782372
vt 1.37403 0.699219
vt 1.39759 0.776864
vt 1.39577 0.770887
vt 1.35608 0.699219
vt 1.39181 0.766058
vt 1.38887 0.760549
vt 1.33696 0.699219
vt 1.38404 0.756587
vt 1.31414 0.699219
vt 1.38008 0.751758
vt 1.37457 0.748814
vt 1.36974 0.744852
vt 1.28178 0.699219
vt 1.36376 0.743039
vt 1.26734 0.699219
vt 1.26882 0.714238
vt 1.35825 0.740094
vt 1.35204 0.739482
vt 1.40296 0.794565
vt 1.41235 0.699219
vt 1.39234 0.699219
vt 1.40114 0.788588
vt 1.40053 0.782372
vt 1.37403 0.699219
vt 1.39759 0.776864
vt 1.39577 0.770887
vt 1.35608 0.699219
vt 1.39181 0.766058
vt 1.38887 0.760549
vt 1.33696 0.699219
vt 1.38404 0.756587
vt 1.38008 0.751758
vt 1.31414 0.699219
vt 1.37457 0.748814
vt 1.36974 0.744852
vt 1.28178 0.699219
vt 1.36376 0.743039
vt 1.35825 0.740094
vt 1.26734 0.699219
vt 1.35204 0.739482
vt 1.26882 0.714238
vt 1.41235 1.75781
vt 1.41235 1.75
vt 1.39234 1.75
vt 1.39234 1.75781
vt 1.37403 1.75
vt 1.37403 1.75781
vt 1.35608 1.75
vt 1.35608 1.75781
vt 1.33696 1.75
vt 1.33696 1.75781
vt 1.31414 1.75
vt 1.31414 1.75781
vt 1.28178 1.75
vt 1.28178 1.75781
vt 1.26734 1.75
vt 1.26734 1.75781
vt 0.699219 1.75
vt 0.699219 1.75781
vt 0.794565 1.75781
vt 0.794565 1.75
vt 0.788588 1.75781
vt 0.699219 1.75781
vt 0.699219 1.75
vt 0.788588 1.75
vt 0.794565 1.75
vt 0.794565 1.75781
vt 0.788588 1.75781
vt 0.788588 1.75
vt 0.699219 1.75
vt 0.699219 1.75781
vt 0.782372 1.75781
vt 0.782372 1.75
vt 0.776864 1.75781
vt 0.699219 1.75781
vt 0.699219 1.75
vt 0.776864 1.75
vt 0.782372 1.75
vt 0.782372 1.75781
vt 0.776864 1.75781
vt 0.776864 1.75
vt 0.699219 1.75
vt 0.699219 1.75781
vt 0.770887 1.75781
vt 0.770887 1.75
vt 0.766058 1.75781
vt 0.699219 1.75781
vt 0.699219 1.75
vt 0.766058 1.75
vt 0.770887 1.75
vt 0.770887 1.75781
vt 0.766058 1.75781
vt 0.766058 1.75
vt 0.699219 1.75
vt 0.699219 1.75781
vt 0.760549 1.75781
vt 0.760549 1.75
vt 0.756587 1.75781
vt 0.699219 1.75781
vt 0.699219 1.75
vt 0.756587 1.75
vt 1.38887 1.75
vt 1.38887 1.75781
vt 1.38404 1.75781
vt 1.38404 1.75
vt 0.699219 1.75
vt 0.699219 1.75781
vt 0.751758 1.75781
vt 0.751758 1.75
vt 1.37457 1.75781
vt 1.31414 1.75781
vt 1.31414 1.75
vt 1.37457 1.75
vt 1.38008 1.75
vt 1.38008 1.75781
vt 1.37457 1.75781
vt 1.37457 1.75
vt 1.31414 1.75
vt 1.31414 1.75781
vt 1.36974 1.75781
vt 1.36974 1.75
vt 1.36376 1.75781
vt 1.28178 1.75781
vt 1.28178 1.75
vt 1.36376 1.75
vt 1.36974 1.75
vt 1.36974 1.75781
vt 1.36376 1.75781
vt 1.36376 1.75
vt 0.699219 1.75
vt 0.714238 1.75
vt 0.714238 1.75781
vt 0.699219 1.75781
vt 1.28178 1.75
vt 1.28178 1.75781
vt 1.35825 1.75781
vt 1.35825 1.75
vt 1.35204 1.75781
vt 1.26882 1.75781
vt 1.26882 1.75
vt 1.35204 1.75
vt 1.35825 1.75
vt 1.35825 1.75781
vt 1.35204 1.75781
vt 1.35204 1.75
vt 1.33363 0.737669
vt 1.32765 0.739482
vt 1.27185 0.744978
vt 1.27052 0.731453
vt 1.32143 0.740094
vt 1.27294 0.756078
vt 1.31593 0.743039
vt 1.30995 0.744852
vt 1.27387 0.765517
vt 1.30512 0.748815
vt 1.29961 0.751759
vt 1.27469 0.773792
vt 1.29565 0.756587
vt 1.29082 0.760549
vt 1.27542 0.781239
vt 1.28788 0.766058
vt 1.28391 0.770887
vt 1.27609 0.7881
vt 1.2821 0.776864
vt 1.27916 0.782372
vt 1.27673 0.794565
vt 1.27854 0.788588
vt 1.33363 0.737669
vt 1.27052 0.731453
vt 1.27185 0.744978
vt 1.32765 0.739482
vt 1.32143 0.740094
vt 1.27294 0.756078
vt 1.31593 0.743039
vt 1.30995 0.744852
vt 1.27387 0.765517
vt 1.30512 0.748815
vt 1.29961 0.751759
vt 1.27469 0.773792
vt 1.29565 0.756587
vt 1.29082 0.760549
vt 1.27542 0.781239
vt 1.28788 0.766058
vt 1.28391 0.770887
vt 1.27609 0.7881
vt 1.2821 0.776864
vt 1.27916 0.782372
vt 1.27673 0.794565
vt 1.27854 0.788588
vt 0.744978 1.75781
vt 0.731453 1.75781
vt 0.731453 1.75
vt 0.744978 1.75
vt 0.756078 1.75
vt 0.756078 1.75781
vt 0.765517 1.75
vt 0.765517 1.75781
vt 0.773792 1.75
vt 0.773792 1.75781
vt 0.781239 1.75
vt 0.781239 1.75781
vt 0.7881 1.75
vt 0.7881 1.75781
vt 0.794565 1.75
vt 0.794565 1.75781
vt 1.27052 1.75
vt 1.27052 1.75781
vt 1.33363 1.75781
vt 1.33363 1.75
vt 1.32765 1.75781
vt 1.27185 1.75781
vt 1.27185 1.75
vt 1.32765 1.75
vt 1.33363 1.75
vt 1.33363 1.75781
vt 1.32765 1.75781
vt 1.32765 1.75
vt 1.27185 1.75
vt 1.27185 1.75781
vt 1.32143 1.75781
vt 1.32143 1.75
vt 1.31593 1.75781
vt 1.27294 1.75781
vt 1.27294 1.75
vt 1.31593 1.75
vt 1.32143 1.75
vt 1.32143 1.75781
vt 1.31593 1.75781
vt 1.31593 1.75
vt 1.27294 1.75
vt 1.27294 1.75781
vt 1.30995 1.75781
vt 1.30995 1.75
vt 1.30512 1.75781
vt 1.27387 1.75781
vt 1.27387 1.75
vt 1.30512 1.75
vt 1.30995 1.75
vt 1.30995 1.75781
vt 1.30512 1.75781
vt 1.30512 1.75
vt 1.27387 1.75
vt 1.27387 1.75781
vt 1.29961 1.75781
vt 1.29961 1.75
vt 1.29565 1.75781
vt 1.27469 1.75781
vt 1.27469 1.75
vt 1.29565 1.75
vt 0.751758 1.75
vt 0.751758 1.75781
vt 0.756587 1.75781
vt 0.756587 1.75
vt 1.27469 1.75
vt 1.27469 1.75781
vt 1.29082 1.75781
vt 1.29082 1.75
vt 0.766058 1.75781
vt 0.781239 1.75781
vt 0.781239 1.75
vt 0.766058 1.75
vt 0.760549 1.75
vt 0.760549 1.75781
vt 0.766058 1.75781
vt 0.766058 1.75
vt 0.781239 1.75
vt 0.781239 1.75781
vt 0.770887 1.75781
vt 0.770887 1.75
vt 0.776864 1.75781
vt 0.7881 1.75781
vt 0.7881 1.75
vt 0.776864 1.75
vt 0.770887 1.75
vt 0.770887 1.75781
vt 0.776864 1.75781
vt 0.776864 1.75
vt 0.7881 1.75
vt 0.7881 1.75781
vt 0.782372 1.75781
vt 0.782372 1.75
vt 0.788588 1.75781
vt 0.794565 1.75781
vt 0.794565 1.75
vt 0.788588 1.75
vt 0.782372 1.75
vt 0.782372 1.75781
vt 0.788588 1.75781
vt 0.788588 1.75
vt 0.732625 1.60156
vt 0.732625 1.59375
vt 2.13888 1.59375
vt 2.13888 1.60156
vt -1.73612 2.13888
vt -1.73612 0.732625
vt -0.861125 0.732625
vt -0.861125 2.13888
vt -1.73612 0.732625
vt -1.73612 2.13888
vt -0.861125 2.13888
vt -0.861125 0.732625
vt -0.861125 1.59375
vt -1.73612 1.59375
vt -1.73612 1.60156
vt -0.861125 1.60156
vt -1.73612 1.60156
vt -1.73612 1.59375
vt -0.861125 1.59375
vt -0.861125 1.60156
vt 0.732625 1.59375
vt 0.732625 1.60156
vt 2.13888 1.60156
vt 2.13888 1.59375
vt -0.861125 0.68575
vt -0.111125 0.68575
vt -0.111125 0.842
vt -0.861125 0.842
vt -0.111125 0.842
vt -0.111125 0.68575
vt -0.861125 0.68575
vt -0.861125 0.842
vt -0.111125 1.59375
vt -0.861125 1.59375
vt -0.861125 1.60156
vt -0.111125 1.60156
vt 0.842 1.60156
vt 0.842 1.59375
vt 0.68575 1.59375
vt 0.68575 1.60156
vt 0.842 1.60156
vt 0.68575 1.60156
vt 0.68575 1.59375
vt 0.842 1.59375
vt -0.111125 1.59375
vt -0.111125 1.60156
vt -0.861125 1.60156
vt -0.861125 1.59375
vt -0.111125 2.092
vt -0.861125 2.092
vt -0.861125 1.592
vt -0.111125 1.592
vt -0.861125 2.092
vt -0.111125 2.092
vt -0.111125 1.592
vt -0.861125 1.592
vt -0.111125 1.60156
vt -0.861125 1.60156
vt -0.861125 1.59375
vt -0.111125 1.59375
vt 2.092 1.60156
vt 2.092 1.59375
vt 1.592 1.59375
vt 1.592 1.60156
vt 2.092 1.59375
vt 2.092 1.60156
vt 1.592 1.60156
vt 1.592 1.59375
vt -0.861125 1.59375
vt -0.861125 1.60156
vt -0.111125 1.60156
vt -0.111125 1.59375
vt 1.57813 2.13888
vt -0.111125 2.13888
vt -0.111124 0.732625
vt 1.44733 0.846381
vt 1.41188 0.732625
vt 1.41188 0.732625
vt -0.111124 0.732625
vt -0.111125 2.13888
vt 1.44733 0.846381
vt 1.57813 2.13888
vt -0.111125 1.59375
vt -0.111125 1.60156
vt 1.41188 1.60156
vt 1.41188 1.59375
vt -0.111125 1.59375
vt 1.57813 1.59375
vt 1.57813 1.60156
vt -0.111125 1.60156
vt 0.732625 1.60156
vt 0.732625 1.59375
vt 2.13888 1.59375
vt 2.13888 1.60156
vt 0.846381 1.60156
vt 2.13888 1.60156
vt 2.13888 1.59375
vt 0.846381 1.59375
vt 0.732625 1.59375
vt 0.732625 1.60156
vt 0.846381 1.60156
vt 0.846381 1.59375
vt 1.28624 0.805745
vt 1.28466 0.810971
vt 1.28519 0.816406
vt 1.28935 0.795493
vt 1.2841 0.805318
vt 1.2944 0.786045
vt 1.28351 0.799319
vt 1.3012 0.777763
vt 1.28287 0.792807
vt 1.30948 0.770967
vt 1.28726 0.782847
vt 1.28272 0.791324
vt 1.2821 0.792489
vt 1.28871 0.85215
vt 1.27854 0.804214
vt 1.27734 0.816406
vt 1.27854 0.828599
vt 1.2821 0.840324
vt 1.28788 0.851129
vt 1.29481 0.773233
vt 1.28788 0.781683
vt 1.31893 0.765916
vt 1.29565 0.8606
vt 1.29667 0.861438
vt 1.28624 0.827068
vt 1.3041 0.765277
vt 1.29565 0.772212
vt 1.32918 0.762807
vt 1.30512 0.868373
vt 1.30629 0.868996
vt 1.28935 0.837319
vt 1.31476 0.759286
vt 1.30512 0.764439
vt 1.33984 0.761756
vt 1.31593 0.874149
vt 1.31719 0.874532
vt 1.2944 0.846768
vt 1.32639 0.75549
vt 1.31593 0.758663
vt 1.35051 0.762807
vt 1.32765 0.877705
vt 1.32896 0.877835
vt 1.3012 0.855049
vt 1.33853 0.754036
vt 1.32765 0.755107
vt 1.36076 0.765916
vt 1.33984 0.878906
vt 1.34116 0.878777
vt 1.30948 0.861846
vt 1.35072 0.754978
vt 1.33984 0.753906
vt 1.37021 0.770967
vt 1.35204 0.877705
vt 1.3533 0.877322
vt 1.31893 0.866896
vt 1.3625 0.758281
vt 1.35204 0.755107
vt 1.37849 0.777763
vt 1.36376 0.874149
vt 1.36493 0.873526
vt 1.32918 0.870006
vt 1.3734 0.763816
vt 1.36376 0.758664
vt 1.38528 0.786044
vt 1.37457 0.868373
vt 1.37559 0.867535
vt 1.33984 0.871056
vt 1.38302 0.771375
vt 1.37457 0.764439
vt 1.39033 0.795493
vt 1.38404 0.8606
vt 1.38488 0.85958
vt 1.35051 0.870006
vt 1.39097 0.780663
vt 1.38404 0.772212
vt 1.39344 0.805745
vt 1.39181 0.851129
vt 1.39243 0.849965
vt 1.36076 0.866896
vt 1.39696 0.791324
vt 1.39181 0.781683
vt 1.39449 0.816406
vt 1.39759 0.840323
vt 1.39797 0.83906
vt 1.37021 0.861845
vt 1.40076 0.802949
vt 1.39759 0.792489
vt 1.39344 0.827068
vt 1.40114 0.828599
vt 1.40127 0.827285
vt 1.37849 0.85505
vt 1.40221 0.815094
vt 1.40114 0.804213
vt 1.39033 0.837319
vt 1.40234 0.816406
vt 1.38528 0.846768
vt 1.28519 0.816406
vt 1.28466 0.810971
vt 1.28624 0.805745
vt 1.2841 0.805318
vt 1.28935 0.795493
vt 1.28351 0.799319
vt 1.2944 0.786045
vt 1.28287 0.792807
vt 1.3012 0.777763
vt 1.28272 0.791324
vt 1.30948 0.770967
vt 1.28726 0.782847
vt 1.28788 0.781683
vt 1.31893 0.765916
vt 1.29481 0.773233
vt 1.29565 0.772212
vt 1.32918 0.762807
vt 1.3041 0.765277
vt 1.33984 0.761756
vt 1.30512 0.764439
vt 1.31476 0.759286
vt 1.31593 0.758663
vt 1.35051 0.762807
vt 1.32639 0.75549
vt 1.32765 0.755107
vt 1.36076 0.765916
vt 1.33853 0.754036
vt 1.33984 0.753906
vt 1.37021 0.770967
vt 1.35072 0.754978
vt 1.35204 0.755107
vt 1.37849 0.777763
vt 1.3625 0.758281
vt 1.36376 0.758664
vt 1.38528 0.786044
vt 1.3734 0.763816
vt 1.37457 0.764439
vt 1.39033 0.795493
vt 1.38302 0.771375
vt 1.38404 0.772212
vt 1.39344 0.805745
vt 1.39097 0.780663
vt 1.39181 0.781683
vt 1.39449 0.816406
vt 1.39696 0.791324
vt 1.39759 0.792489
vt 1.39344 0.827068
vt 1.40076 0.802949
vt 1.40114 0.804213
vt 1.39033 0.837319
vt 1.40221 0.815094
vt 1.40234 0.816406
vt 1.38528 0.846768
vt 1.40127 0.827285
vt 1.40114 0.828599
vt 1.37849 0.85505
vt 1.39797 0.83906
vt 1.39759 0.840323
vt 1.37021 0.861845
vt 1.39243 0.849965
vt 1.36076 0.866896
vt 1.39181 0.851129
vt 1.38488 0.85958
vt 1.38404 0.8606
vt 1.35051 0.870006
vt 1.37559 0.867535
vt 1.37457 0.868373
vt 1.33984 0.871056
vt 1.36493 0.873526
vt 1.36376 0.874149
vt 1.32918 0.870006
vt 1.3533 0.877322
vt 1.35204 0.877705
vt 1.31893 0.866896
vt 1.34116 0.878777
vt 1.33984 0.878906
vt 1.30948 0.861846
vt 1.32896 0.877835
vt 1.32765 0.877705
vt 1.3012 0.855049
vt 1.31719 0.874532
vt 1.31593 0.874149
vt 1.2944 0.846768
vt 1.30629 0.868996
vt 1.30512 0.868373
vt 1.28935 0.837319
vt 1.29667 0.861438
vt 1.29565 0.8606
vt 1.28624 0.827068
vt 1.28871 0.85215
vt 1.28788 0.851129
vt 1.2821 0.840324
vt 1.27854 0.828599
vt 1.27734 0.816406
vt 1.27854 0.804214
vt 1.2821 0.792489
vt -1.68087 0.781683
vt -1.68665 0.792489
vt -1.69021 0.804213
vt -1.6731 0.772212
vt -1.66363 0.764439
vt -1.65282 0.758664
vt -1.6411 0.755107
vt -1.62891 0.753906
vt -1.61671 0.755107
vt -1.60499 0.758664
vt -1.59418 0.764439
vt -1.58471 0.772212
vt -1.57694 0.781683
vt -1.57116 0.792489
vt -1.56761 0.804213
vt -1.56641 0.816406
vt -1.56761 0.828599
vt -1.57116 0.840324
vt -1.57694 0.851129
vt -1.58471 0.8606
vt -1.59418 0.868373
vt -1.60499 0.874149
vt -1.61671 0.877705
vt -1.62891 0.878906
vt -1.6411 0.877705
vt -1.65282 0.874149
vt -1.66363 0.868373
vt -1.6731 0.8606
vt -1.68087 0.851129
vt -1.68665 0.840324
vt -1.69021 0.828599
vt -1.69141 0.816406
vt -1.68665 0.840324
vt -1.69021 0.828599
vt -1.69141 0.816406
vt -1.68087 0.851129
vt -1.6731 0.8606
vt -1.66363 0.868373
vt -1.65282 0.874149
vt -1.6411 0.877705
vt -1.62891 0.878906
vt -1.61671 0.877705
vt -1.60499 0.874149
vt -1.59418 0.868373
vt -1.58471 0.8606
vt -1.57694 0.851129
vt -1.57116 0.840324
vt -1.56761 0.828599
vt -1.56641 0.816406
vt -1.56761 0.804213
vt -1.57116 0.792489
vt -1.57694 0.781683
vt -1.58471 0.772212
vt -1.59418 0.764439
vt -1.60499 0.758664
vt -1.61671 0.755107
vt -1.62891 0.753906
vt -1.6411 0.755107
vt -1.65282 0.758664
vt -1.66363 0.764439
vt -1.6731 0.772212
vt -1.68087 0.781683
vt -1.68665 0.792489
vt -1.69021 0.804213
vt 0.828599 -0.0703125
vt 0.828599 1.75
vt 0.816406 1.75
vt 0.816406 -0.0703125
vt 0.840324 -0.0703125
vt 0.840324 1.75
vt 0.828599 1.75
vt 0.828599 -0.0703125
vt 0.851129 -0.0703125
vt 0.851129 1.75
vt 0.840324 1.75
vt 0.840324 -0.0703125
vt 0.8606 -0.0703125
vt 0.8606 1.75
vt 0.851129 1.75
vt 0.851129 -0.0703125
vt -1.66363 -0.0703125
vt -1.66363 1.75
vt -1.6731 1.75
vt -1.6731 -0.0703125
vt -1.65282 -0.0703125
vt -1.65282 1.75
vt -1.66363 1.75
vt -1.66363 -0.0703125
vt -1.6411 -0.0703125
vt -1.6411 1.75
vt -1.65282 1.75
vt -1.65282 -0.0703125
vt -1.62891 -0.0703125
vt -1.62891 1.75
vt -1.6411 1.75
vt -1.6411 -0.0703125
vt -1.61671 -0.0703125
vt -1.61671 1.75
vt -1.62891 1.75
vt -1.62891 -0.0703125
vt -1.60499 -0.0703125
vt -1.60499 1.75
vt -1.61671 1.75
vt -1.61671 -0.0703125
vt -1.59418 -0.0703125
vt -1.59418 1.75
vt -1.60499 1.75
vt -1.60499 -0.0703125
vt -1.58471 -0.0703125
vt -1.58471 1.75
vt -1.59418 1.75
vt -1.59418 -0.0703125
vt 0.851129 -0.0703125
vt 0.851129 1.75
vt 0.8606 1.75
vt 0.8606 -0.0703125
vt 0.840324 -0.0703125
vt 0.840324 1.75
vt 0.851129 1.75
vt 0.851129 -0.0703125
vt 0.828599 -0.0703125
vt 0.828599 1.75
vt 0.840324 1.75
vt 0.840324 -0.0703125
vt 0.816406 -0.0703125
vt 0.816406 1.75
vt 0.828599 1.75
vt 0.828599 -0.0703125
vt 0.804213 -0.0703125
vt 0.804213 1.75
vt 0.816406 1.75
vt 0.816406 -0.0703125
vt 0.792489 -0.0703125
vt 0.792489 1.75
vt 0.804213 1.75
vt 0.804213 -0.0703125
vt 0.781683 -0.0703125
vt 0.781683 1.75
vt 0.792489 1.75
vt 0.792489 -0.0703125
vt 0.772212 -0.0703125
vt 0.772212 1.75
vt 0.781683 1.75
vt 0.781683 -0.0703125
vt -1.59418 -0.0703125
vt -1.59418 1.75
vt -1.58471 1.75
vt -1.58471 -0.0703125
vt -1.60499 -0.0703125
vt -1.60499 1.75
vt -1.59418 1.75
vt -1.59418 -0.0703125
vt -1.61671 -0.0703125
vt -1.61671 1.75
vt -1.60499 1.75
vt -1.60499 -0.0703125
vt -1.62891 -0.0703125
vt -1.62891 1.75
vt -1.61671 1.75
vt -1.61671 -0.0703125
vt -1.6411 -0.0703125
vt -1.6411 1.75
vt -1.62891 1.75
vt -1.62891 -0.0703125
vt -1.65282 -0.0703125
vt -1.65282 1.75
vt -1.6411 1.75
vt -1.6411 -0.0703125
vt -1.66363 -0.0703125
vt -1.66363 1.75
vt -1.65282 1.75
vt -1.65282 -0.0703125
vt -1.6731 -0.0703125
vt -1.6731 1.75
vt -1.66363 1.75
vt -1.66363 -0.0703125
vt 0.781683 -0.0703125
vt 0.781683 1.75
vt 0.772212 1.75
vt 0.772212 -0.0703125
vt 0.792489 -0.0703125
vt 0.792489 1.75
vt 0.781683 1.75
vt 0.781683 -0.0703125
vt 0.804213 -0.0703125
vt 0.804213 1.75
vt 0.792489 1.75
vt 0.792489 -0.0703125
vt 0.816406 -0.0703125
vt 0.816406 1.75
vt 0.804213 1.75
vt 0.804213 -0.0703125
vt 1.2821 0.792489
vt 1.27854 0.804214
vt 1.27734 0.816406
vt 1.28788 0.781683
vt 1.29565 0.772212
vt 1.30512 0.764439
vt 1.31593 0.758663
vt 1.32765 0.755107
vt 1.33984 0.753906
vt 1.35204 0.755107
vt 1.36376 0.758664
vt 1.37457 0.764439
vt 1.38404 0.772212
vt 1.39181 0.781683
vt 1.39759 0.792489
vt 1.40114 0.804213
vt 1.40234 0.816406
vt 1.40114 0.828599
vt 1.39759 0.840323
vt 1.39181 0.851129
vt 1.38404 0.8606
vt 1.37457 0.868373
vt 1.36376 0.874149
vt 1.35204 0.877705
vt 1.33984 0.878906
vt 1.32765 0.877705
vt 1.31593 0.874149
vt 1.30512 0.868373
vt 1.29565 0.8606
vt 1.28788 0.851129
vt 1.2821 0.840324
vt 1.27854 0.828599
vt 0.828599 2
vt 0.816406 2
vt 0.816406 1.97753
vt 0.828599 1.97753
vt 0.828599 0.0224719
vt 0.816406 0.0224719
vt 0.828599 0
vt 0.816406 0
vt 0.840324 2
vt 0.828599 2
vt 0.828599 1.97753
vt 0.840324 1.97753
vt 0.840324 0.0224719
vt 0.828599 0.0224719
vt 0.840324 3.57628E-07
vt 0.828599 0
vt 0.851129 2
vt 0.840324 2
vt 0.840324 1.97753
vt 0.851129 1.97753
vt 0.851129 0.0224719
vt 0.840324 0.0224719
vt 0.851129 0
vt 0.840324 3.57628E-07
vt 0.8606 2
vt 0.851129 2
vt 0.851129 1.97753
vt 0.8606 1.97753
vt 0.85215 0.0224719
vt 0.8606 0.0224719
vt 0.85215 1.97753
vt 0.851129 0.0224719
vt 0.8606 0
vt 0.851129 0
vt 1.30512 2
vt 1.29565 2
vt 1.29565 1.97753
vt 1.30512 1.97753
vt 1.29565 0.0224719
vt 1.29667 0.0224719
vt 1.29667 1.97753
vt 1.30512 0.0224719
vt 1.30512 1.97753
vt 1.29565 0
vt 1.30512 0
vt 1.30512 0.0224719
vt 1.31593 2
vt 1.30512 2
vt 1.30512 1.97753
vt 1.31593 1.97753
vt 1.30629 1.97753
vt 1.30629 0.0224719
vt 1.31593 0.0224719
vt 1.30512 1.97753
vt 1.30512 0.0224719
vt 1.30512 0.0224719
vt 1.31593 0
vt 1.30512 0
vt 1.32765 2
vt 1.31593 2
vt 1.31593 1.97753
vt 1.32765 1.97753
vt 1.31719 1.97753
vt 1.31593 0.0224719
vt 1.31719 0.0224719
vt 1.32765 0.0224719
vt 1.32765 0
vt 1.31593 0
vt 1.33984 2
vt 1.32765 2
vt 1.32765 1.97753
vt 1.33984 1.97753
vt 1.32896 0.0224719
vt 1.33984 0.0224719
vt 1.32896 1.97753
vt 1.32765 0.0224719
vt 1.33984 0
vt 1.32765 0
vt 1.35204 2
vt 1.33984 2
vt 1.33984 1.97753
vt 1.35204 1.97753
vt 1.35204 0.0224719
vt 1.34116 1.97753
vt 1.34116 0.0224719
vt 1.33984 0.0224719
vt 1.35204 0
vt 1.33984 0
vt 1.36376 2
vt 1.35204 2
vt 1.35204 1.97753
vt 1.36376 1.97753
vt 1.3533 1.97753
vt 1.3533 0.0224719
vt 1.36376 0.0224719
vt 1.35204 0.0224719
vt 1.36376 0
vt 1.35204 0
vt 1.37457 2
vt 1.36376 2
vt 1.36376 1.97753
vt 1.37457 1.97753
vt 1.36493 1.97753
vt 1.36376 0.0224719
vt 1.36493 0.0224719
vt 1.37457 0.0224719
vt 1.37457 0
vt 1.36376 0
vt 1.38404 2
vt 1.37457 2
vt 1.37457 1.97753
vt 1.38404 1.97753
vt 1.37559 0.0224719
vt 1.38404 0.0224719
vt 1.37559 1.97753
vt 1.37457 0.0224719
vt 1.38404 0
vt 1.37457 0
vt 0.851129 2
vt 0.8606 2
vt 0.8606 1.97753
vt 0.851129 1.97753
vt 0.851129 0.0224719
vt 0.85958 1.97753
vt 0.85958 0.0224719
vt 0.8606 0.0224719
vt 0.851129 0
vt 0.8606 0
vt 0.840324 2
vt 0.851129 2
vt 0.851129 1.97753
vt 0.840324 1.97753
vt 0.849965 1.97753
vt 0.849965 0.0224719
vt 0.840324 0.0224719
vt 0.851129 0.0224719
vt 0.840324 3.57628E-07
vt 0.851129 0
vt 0.828599 2
vt 0.840324 2
vt 0.840324 1.97753
vt 0.828599 1.97753
vt 0.83906 1.97753
vt 0.840324 0.0224719
vt 0.83906 0.0224719
vt 0.828599 0.0224719
vt 0.828599 0
vt 0.840324 3.57628E-07
vt 0.816406 2
vt 0.828599 2
vt 0.828599 1.97753
vt 0.816406 1.97753
vt 0.827285 0.0224719
vt 0.816406 0.0224719
vt 0.827285 1.97753
vt 0.828599 0.0224719
vt 0.816406 0
vt 0.828599 0
vt 0.804213 2
vt 0.816406 2
vt 0.816406 1.97753
vt 0.804213 1.97753
vt 0.804213 0.0224719
vt 0.815094 1.97753
vt 0.815094 0.0224719
vt 0.816406 0.0224719
vt 0.804213 0
vt 0.816406 0
vt 0.792489 2
vt 0.804213 2
vt 0.804213 1.97753
vt 0.792489 1.97753
vt 0.802949 1.97753
vt 0.802949 0.0224719
vt 0.792489 0.0224719
vt 0.804213 0.0224719
vt 0.792489 3.57628E-07
vt 0.804213 0
vt 0.781683 2
vt 0.792489 2
vt 0.792489 1.97753
vt 0.781683 1.97753
vt 0.791324 1.97753
vt 0.792489 0.0224719
vt 0.791324 0.0224719
vt 0.781683 0.0224719
vt 0.781683 0
vt 0.792489 3.57628E-07
vt 0.772212 2
vt 0.781683 2
vt 0.781683 1.97753
vt 0.772212 1.97753
vt 0.780663 0.0224719
vt 0.772212 0.0224719
vt 0.780663 1.97753
vt 0.781683 0.0224719
vt 0.772212 0
vt 0.781683 0
vt 1.37457 2
vt 1.38404 2
vt 1.38404 1.97753
vt 1.37457 1.97753
vt 1.37457 0.0224719
vt 1.38302 1.97753
vt 1.38302 0.0224719
vt 1.38404 0.0224719
vt 1.37457 0
vt 1.38404 0
vt 1.36376 2
vt 1.37457 2
vt 1.37457 1.97753
vt 1.36376 1.97753
vt 1.3734 1.97753
vt 1.3734 0.0224719
vt 1.36376 0.0224719
vt 1.37457 0.0224719
vt 1.36376 0
vt 1.37457 0
vt 1.35204 2
vt 1.36376 2
vt 1.36376 1.97753
vt 1.35204 1.97753
vt 1.3625 1.97753
vt 1.36376 0.0224719
vt 1.3625 0.0224719
vt 1.35204 0.0224719
vt 1.35204 0
vt 1.36376 0
vt 1.33984 2
vt 1.35204 2
vt 1.35204 1.97753
vt 1.33984 1.97753
vt 1.35072 0.0224719
vt 1.33984 0.0224719
vt 1.35072 1.97753
vt 1.35204 0.0224719
vt 1.33984 0
vt 1.35204 0
vt 1.32765 2
vt 1.33984 2
vt 1.33984 1.97753
vt 1.32765 1.97753
vt 1.32765 0.0224719
vt 1.33853 1.97753
vt 1.33853 0.0224719
vt 1.33984 0.0224719
vt 1.32765 0
vt 1.33984 0
vt 1.31593 2
vt 1.32765 2
vt 1.32765 1.97753
vt 1.31593 1.97753
vt 1.32639 1.97753
vt 1.32639 0.0224719
vt 1.31593 0.0224719
vt 1.32765 0.0224719
vt 1.31593 0
vt 1.32765 0
vt 1.30512 2
vt 1.31593 2
vt 1.31593 1.97753
vt 1.30512 1.97753
vt 1.31476 1.97753
vt 1.31593 0.0224719
vt 1.31476 0.0224719
vt 1.30512 0.0224719
vt 1.30512 0
vt 1.31593 0
vt 1.29565 2
vt 1.30512 2
vt 1.30512 1.97753
vt 1.29565 1.97753
vt 1.3041 0.0224719
vt 1.29565 0.0224719
vt 1.3041 1.97753
vt 1.30512 0.0224719
vt 1.29565 0
vt 1.30512 0
vt 0.781683 2
vt 0.772212 2
vt 0.772212 1.97753
vt 0.781683 1.97753
vt 0.781683 0.0224719
vt 0.773233 1.97753
vt 0.773233 0.0224719
vt 0.772212 0.0224719
vt 0.781683 0
vt 0.772212 0
vt 0.792489 2
vt 0.781683 2
vt 0.781683 1.97753
vt 0.792489 1.97753
vt 0.791324 1.97753
vt 0.792489 0.0224719
vt 0.791324 0.0224719
vt 0.782847 0.0224719
vt 0.782847 1.97753
vt 0.781683 0.0224719
vt 0.792489 3.57628E-07
vt 0.781683 0
vt 0.804213 2
vt 0.792489 2
vt 0.792489 1.97753
vt 0.804213 1.97753
vt 0.804213 0.0224719
vt 0.792489 0.0224719
vt 0.804213 0
vt 0.792489 3.57628E-07
vt 0.816406 2
vt 0.804213 2
vt 0.804213 1.97753
vt 0.816406 1.97753
vt 0.816406 0.0224719
vt 0.804213 0.0224719
vt 0.816406 0
vt 0.804213 0
vt 1.31593 0.874149
vt 1.32765 0.877705
vt 1.33984 0.878906
vt 1.30512 0.868373
vt 1.29565 0.8606
vt 1.28788 0.851129
vt 1.2821 0.840324
vt 1.27854 0.828599
vt 1.27734 0.816406
vt 1.27854 0.804214
vt 1.2821 0.792489
vt 1.28788 0.781683
vt 1.29565 0.772212
vt 1.30512 0.764439
vt 1.31593 0.758663
vt 1.32765 0.755107
vt 1.33984 0.753906
vt 1.35204 0.755107
vt 1.36376 0.758664
vt 1.37457 0.764439
vt 1.38404 0.772212
vt 1.39181 0.781683
vt 1.39759 0.792489
vt 1.40114 0.804213
vt 1.40234 0.816406
vt 1.40114 0.828599
vt 1.39759 0.840323
vt 1.39181 0.851129
vt 1.38404 0.8606
vt 1.37457 0.868373
vt 1.36376 0.874149
vt 1.35204 0.877705
vt 0.791324 0.0224719
vt 0.791324 1.97753
vt 0.85215 1.97753
vt 0.85215 0.0224719
vt 0.85215 0.0224719
vt 0.85215 1.97753
vt 0.827068 1.97753
vt 0.827068 0.0224719
vt 0.827068 0.0224719
vt 0.827068 1.97753
vt 0.861438 1.97753
vt 0.861438 0.0224719
vt 0.861438 0.0224719
vt 0.861438 1.97753
vt 0.837319 1.97753
vt 0.837319 0.0224719
vt 0.837319 0.0224719
vt 0.837319 1.97753
vt 0.868996 1.97753
vt 0.868996 0.0224719
vt 0.868996 0.0224719
vt 0.868996 1.97753
vt 0.846768 1.97753
vt 0.846768 0.0224719
vt 0.846768 0.0224719
vt 0.846768 1.97753
vt 0.874532 1.97753
vt 0.874532 0.0224719
vt 0.874532 0.0224719
vt 0.874532 1.97753
vt 0.855049 1.97753
vt 0.855049 0.0224719
vt 1.3012 0.0224719
vt 1.3012 1.97753
vt 1.32896 1.97753
vt 1.32896 0.0224719
vt 1.32896 0.0224719
vt 1.32896 1.97753
vt 1.30948 1.97753
vt 1.30948 0.0224719
vt 1.30948 0.0224719
vt 1.30948 1.97753
vt 1.34116 1.97753
vt 1.34116 0.0224719
vt 1.34116 0.0224719
vt 1.34116 1.97753
vt 1.31893 1.97753
vt 1.31893 0.0224719
vt 1.31893 0.0224719
vt 1.31893 1.97753
vt 1.3533 1.97753
vt 1.3533 0.0224719
vt 1.3533 0.0224719
vt 1.3533 1.97753
vt 1.32918 1.97753
vt 1.32918 0.0224719
vt 1.32918 0.0224719
vt 1.32918 1.97753
vt 1.36493 1.97753
vt 1.36493 0.0224719
vt 1.36493 0.0224719
vt 1.36493 1.97753
vt 1.33984 1.97753
vt 1.33984 0.0224719
vt 1.33984 0.0224719
vt 1.33984 1.97753
vt 1.37559 1.97753
vt 1.37559 0.0224719
vt 1.37559 0.0224719
vt 1.37559 1.97753
vt 1.35051 1.97753
vt 1.35051 0.0224719
vt 1.35051 0.0224719
vt 1.35051 1.97753
vt 1.38488 1.97753
vt 1.38488 0.0224719
vt 1.38488 0.0224719
vt 1.38488 1.97753
vt 1.36076 1.97753
vt 1.36076 0.0224719
vt 1.36076 0.0224719
vt 1.36076 1.97753
vt 1.39243 1.97753
vt 1.39243 0.0224719
vt 1.39243 0.0224719
vt 1.39243 1.97753
vt 1.37021 1.97753
vt 1.37021 0.0224719
vt 1.37021 0.0224719
vt 1.37021 1.97753
vt 1.39797 1.97753
vt 1.39797 0.0224719
vt 1.39797 0.0224719
vt 1.39797 1.97753
vt 1.37849 1.97753
vt 1.37849 0.0224719
vt 0.855049 0.0224719
vt 0.855049 1.97753
vt 0.827285 1.97753
vt 0.827285 0.0224719
vt 0.827285 0.0224719
vt 0.827285 1.97753
vt 0.846768 1.97753
vt 0.846768 0.0224719
vt 0.846768 0.0224719
vt 0.846768 1.97753
vt 0.815094 1.97753
vt 0.815094 0.0224719
vt 0.815094 0.0224719
vt 0.815094 1.97753
vt 0.837319 1.97753
vt 0.837319 0.0224719
vt 0.837319 0.0224719
vt 0.837319 1.97753
vt 0.802949 1.97753
vt 0.802949 0.0224719
vt 0.802949 0.0224719
vt 0.802949 1.97753
vt 0.827068 1.97753
vt 0.827068 0.0224719
vt 0.827068 0.0224719
vt 0.827068 1.97753
vt 0.791324 1.97753
vt 0.791324 0.0224719
vt 0.791324 0.0224719
vt 0.791324 1.97753
vt 0.816406 1.97753
vt 0.816406 0.0224719
vt 0.816406 0.0224719
vt 0.816406 1.97753
vt 0.780663 1.97753
vt 0.780663 0.0224719
vt 0.780663 0.0224719
vt 0.780663 1.97753
vt 0.805745 1.97753
vt 0.805745 0.0224719
vt 0.805745 0.0224719
vt 0.805745 1.97753
vt 0.771375 1.97753
vt 0.771375 0.0224719
vt 0.771375 0.0224719
vt 0.771375 1.97753
vt 0.795493 1.97753
vt 0.795493 0.0224719
vt 0.795493 0.0224719
vt 0.795493 1.97753
vt 0.763816 1.97753
vt 0.763816 0.0224719
vt 0.763816 0.0224719
vt 0.763816 1.97753
vt 0.786044 1.97753
vt 0.786044 0.0224719
vt 0.786044 0.0224719
vt 0.786044 1.97753
vt 0.758281 1.97753
vt 0.758281 0.0224719
vt 0.758281 0.0224719
vt 0.758281 1.97753
vt 0.777763 1.97753
vt 0.777763 0.0224719
vt 1.37849 0.0224719
vt 1.37849 1.97753
vt 1.35072 1.97753
vt 1.35072 0.0224719
vt 1.35072 0.0224719
vt 1.35072 1.97753
vt 1.37021 1.97753
vt 1.37021 0.0224719
vt 1.37021 0.0224719
vt 1.37021 1.97753
vt 1.33853 1.97753
vt 1.33853 0.0224719
vt 1.33853 0.0224719
vt 1.33853 1.97753
vt 1.36076 1.97753
vt 1.36076 0.0224719
vt 1.36076 0.0224719
vt 1.36076 1.97753
vt 1.32639 1.97753
vt 1.32639 0.0224719
vt 1.32639 0.0224719
vt 1.32639 1.97753
vt 1.35051 1.97753
vt 1.35051 0.0224719
vt 1.35051 0.0224719
vt 1.35051 1.97753
vt 1.31476 1.97753
vt 1.31476 0.0224719
vt 1.31476 0.0224719
vt 1.31476 1.97753
vt 1.33984 1.97753
vt 1.33984 0.0224719
vt 1.33984 0.0224719
vt 1.33984 1.97753
vt 1.3041 1.97753
vt 1.3041 0.0224719
vt 1.3041 0.0224719
vt 1.3041 1.97753
vt 1.32918 1.97753
vt 1.32918 0.0224719
vt 1.32918 0.0224719
vt 1.32918 1.97753
vt 1.29481 1.97753
vt 1.29481 0.0224719
vt 1.29481 0.0224719
vt 1.29481 1.97753
vt 1.31893 1.97753
vt 1.31893 0.0224719
vt 1.31893 0.0224719
vt 1.31893 1.97753
vt 1.28726 1.97753
vt 1.28726 0.0224719
vt 0.791324 1.97753
vt 0.791324 0.0224719
vt 0.792807 0.0224719
vt 0.792807 1.97753
vt 0.799319 0.0224719
vt 0.799319 1.97753
vt 0.805318 1.97753
vt 0.805318 0.0224719
vt 0.810971 1.97753
vt 0.810971 0.0224719
vt 0.816406 1.97753
vt 0.816406 0.0224719
vt 1.28726 0.0224719
vt 1.28726 1.97753
vt 1.30948 1.97753
vt 1.30948 0.0224719
vt 1.30948 0.0224719
vt 1.30948 1.97753
vt 1.28287 1.97753
vt 1.28287 0.0224719
vt 1.28287 0.0224719
vt 1.28287 1.97753
vt 1.3012 1.97753
vt 1.3012 0.0224719
vt 0.777763 0.0224719
vt 0.777763 1.97753
vt 0.799319 1.97753
vt 0.799319 0.0224719
vt 0.799319 0.0224719
vt 0.799319 1.97753
vt 0.786044 1.97753
vt 0.786044 0.0224719
vt 0.786044 0.0224719
vt 0.786044 1.97753
vt 0.805318 1.97753
vt 0.805318 0.0224719
vt 0.805318 0.0224719
vt 0.805318 1.97753
vt 0.795493 1.97753
vt 0.795493 0.0224719
vt 0.795493 0.0224719
vt 0.795493 1.97753
vt 0.810971 1.97753
vt 0.810971 0.0224719
vt 0.810971 0.0224719
vt 0.810971 1.97753
vt 0.805745 1.97753
vt 0.805745 0.0224719
vt 0.805745 0.0224719
vt 0.805745 1.97753
vt 0.816406 1.97753
vt 0.816406 0.0224719
vt 0.846786 2.06312
vt 0.846786 1.59539
vt 0.834969 1.59539
vt 0.834969 2.06312
vt 0.846786 1.59539
vt 0.846786 2.06312
vt 0.834969 2.06312
vt 0.834969 1.59539
vt -0.810343 0.846786
vt -0.810343 0.834969
vt 0.814657 0.834969
vt 0.814657 0.846786
vt -0.810343 0.834969
vt -0.810343 0.846786
vt 0.814657 0.846786
vt 0.814657 0.834969
vt -0.810343 2.06312
vt 0.814657 2.06312
vt 0.814657 1.59539
vt -0.810343 1.59539
vt 0.814657 2.06312
vt -0.810343 2.06312
vt -0.810343 1.59539
vt 0.814657 1.59539
vt 1.60304 2.06312
vt 1.60304 1.59539
vt 1.59122 1.59539
vt 1.59122 2.06312
vt 1.60304 1.59539
vt 1.60304 2.06312
vt 1.59122 2.06312
vt 1.59122 1.59539
vt -0.818156 1.60304
vt -0.818156 1.59122
vt 0.783407 1.59122
vt 0.783407 1.60304
vt -0.818156 1.59122
vt -0.818156 1.60304
vt 0.783407 1.60304
vt 0.783407 1.59122
vt -0.818156 2.06312
vt 0.783407 2.06312
vt 0.783407 1.59539
vt -0.818156 1.59539
vt 0.783407 2.06312
vt -0.818156 2.06312
vt -0.818156 1.59539
vt 0.783407 1.59539
vt -0.81425 2.05421
vt -0.81425 1.59375
vt -0.806437 1.59375
vt -0.806437 2.05421
vt -0.81425 1.59375
vt -0.81425 2.05421
vt -0.806437 2.05421
vt -0.806437 1.59375
vt -0.81425 0.840877
vt -0.806437 0.840877
vt -0.806437 1.59713
vt -0.81425 1.59713
vt -0.806437 0.840877
vt -0.81425 0.840877
vt -0.81425 1.59713
vt -0.806437 1.59713
vt 0.840877 2.05421
vt 1.59713 2.05421
vt 1.59713 1.59375
vt 0.840877 1.59375
vt 1.59713 2.05421
vt 0.840877 2.05421
vt 0.840877 1.59375
vt 1.59713 1.59375
vt 1.68575 2.08984
vt 1.68575 2.05421
vt 0.740438 2.05421
vt 0.740438 2.08984
vt 1.68575 2.05421
vt 1.68575 2.08984
vt 0.740438 2.08984
vt 0.740438 2.05421
vt -0.872843 1.68575
vt -0.872843 0.740438
vt 0.783407 0.740438
vt 0.783407 1.68575
vt -0.872843 0.740438
vt -0.872843 1.68575
vt 0.783407 1.68575
vt 0.783407 0.740438
vt -0.872843 2.08984
vt 0.783407 2.08984
vt 0.783407 2.05421
vt -0.872843 2.05421
vt 0.783407 2.08984
vt -0.872843 2.08984
vt -0.872843 2.05421
vt 0.783407 2.05421
vt -0.111125 0.842
vt -0.0642496 0.795125
vt -0.0642496 0.842
vt -0.111125 0.842
vt -0.0642496 1.592
vt -0.111125 1.592
vt -0.120814 1.59981
vt -0.0623726 1.64669
vt -0.120814 1.64669
vt 1.59981 1.5625
vt 1.592 1.5625
vt 1.592 1.59375
vt 1.64669 1.58594
vt 1.64669 1.59375
vt 1.64669 1.59375
vt 1.592 1.59375
vt 1.592 1.5625
vt 1.64669 1.58594
vt 1.59981 1.5625
vt -0.806437 1.64669
vt -0.118937 1.64669
vt -0.118937 1.592
vt -0.806437 1.592
vt -0.861125 1.64669
vt -0.861125 1.59981
vt -0.806437 1.59981
vt -0.861125 0.849813
vt -0.806437 0.849813
vt -0.806437 0.795125
vt -0.861125 0.795125
vt -0.118937 0.795125
vt -0.118937 0.849813
vt -0.0642496 1.592
vt -0.118937 0.842
vt -0.0642496 0.842
vt -0.0642496 0.795125
vt -0.118937 1.59375
vt -0.118937 1.5625
vt -0.806437 1.5625
vt -0.806437 1.59375
vt -0.118937 1.58594
vt -0.118937 1.59375
vt -0.806437 1.58594
vt -0.806437 1.59375
vt -0.861125 1.59375
vt -0.861125 1.58594
vt -0.118937 1.59981
vt -0.118937 1.64669
vt -0.806437 1.64669
vt -0.806437 1.59981
vt -0.861125 1.64669
vt -0.81425 1.59981
vt -0.111125 1.5625
vt -0.118937 1.5625
vt -0.118937 1.59375
vt -0.0642496 1.58594
vt -0.0642496 1.59375
vt -0.0642496 1.59375
vt -0.118937 1.59375
vt -0.118937 1.5625
vt -0.0642496 1.58594
vt -0.111125 1.5625
vt -0.111125 1.592
vt -0.118937 1.592
vt -0.111125 0.842
vt -0.118937 0.842
vt -0.806437 1.592
vt -0.118937 1.59981
vt -0.806437 1.59981
vt -0.118937 0.849813
vt -0.806437 0.842
vt -0.806437 0.849813
vt -0.81425 1.59981
vt -0.81425 0.849813
vt 1.592 1.59375
vt 0.842 1.59375
vt 1.592 1.5625
vt 0.842 1.5625
vt 0.795125 1.59375
vt 0.795125 1.58594
vt 0.842 1.59375
vt 1.592 1.59375
vt 1.592 1.58594
vt 0.842 1.58594
vt 0.795125 1.58594
vt 0.795125 1.59375
vt 0.842 1.5625
vt 0.849813 1.5625
vt 0.849813 1.59375
vt 0.795125 1.58594
vt 0.795125 1.59375
vt 0.795125 1.59375
vt 0.849813 1.59375
vt 0.849813 1.5625
vt 0.795125 1.58594
vt 0.842 1.5625
vt -0.118937 1.59375
vt -0.806437 1.59375
vt -0.118937 1.5625
vt -0.806437 1.5625
vt -0.861125 1.59375
vt -0.861125 1.58594
vt -0.81425 1.5625
vt -0.806437 1.5625
vt -0.806437 1.59375
vt -0.861125 1.58594
vt -0.861125 1.59375
vt -0.861125 1.59375
vt -0.806437 1.59375
vt -0.806437 1.5625
vt -0.861125 1.58594
vt -0.81425 1.5625
vt -0.81425 0.849813
vt -0.81425 1.59981
vt -0.861125 0.849813
vt -0.861125 1.59981
vt -0.861125 1.64669
vt 1.64669 1.58594
vt 1.59981 1.5625
vt 1.64669 1.59375
vt 1.59981 1.59375
vt 0.849813 1.5625
vt 0.849813 1.59375
vt 0.795125 1.59375
vt 0.842 1.5625
vt 0.795125 1.58594
vt 1.64669 1.59375
vt 1.59981 1.59375
vt 1.64669 1.58594
vt 1.59981 1.58594
vt 0.849813 1.58594
vt 0.849813 1.59375
vt 0.795125 1.59375
vt 0.795125 1.58594
vt -0.81425 1.5625
vt -0.861125 1.58594
vt -0.861125 1.59375
vt -0.806437 1.5625
vt -0.806437 1.59375
vt -0.861125 1.59375
vt -0.806437 1.59375
vt -0.861125 1.58594
vt -0.806437 1.58594
vt -0.118937 1.58594
vt -0.118937 1.59375
vt -0.0642496 1.59375
vt -0.0642496 1.58594
vt -0.806437 0.849813
vt -0.861125 0.849813
vt -0.861125 0.795125
vt -0.806437 0.842
vt -0.806437 0.842
vt -0.861125 0.795125
vt -0.806437 0.795125
vt -0.118937 0.795125
vt -0.118937 0.842
vt -0.0642496 0.795125
vt -0.111125 0.842
vt -0.111125 1.5625
vt -0.0642496 1.58594
vt -0.0642496 1.59375
vt -0.118937 1.5625
vt -0.118937 1.59375
vt -0.120814 1.5625
vt -0.120814 1.59375
vt -0.0623726 1.59375
vt -0.0623726 1.58594
vt -0.120814 1.59375
vt -0.120814 1.58594
vt -0.0623726 1.58594
vt -0.0623726 1.59375
vt -0.0623726 1.592
vt -0.120814 1.592
vt -0.120814 1.64669
vt -0.0623726 1.64669
vt 1.59981 1.5625
vt 1.64669 1.58594
vt 1.64669 1.59375
vt 1.592 1.5625
vt 1.592 1.59375
vt 1.64669 1.59375
vt 1.64669 1.58594
vt 1.592 1.58594
vt 1.592 1.59375
vt -0.120814 1.592
vt -0.0623726 1.592
vt -0.0623726 1.64669
vt -0.120814 1.59981
vt 2.73713 -0.255832
vt 2.73713 -1.26816
vt 2.82515 -1.26816
vt 2.82515 -0.255832
vt 2.82515 0
vt 2.82515 1.27641
vt 2.73713 1.27641
vt 2.73713 0
vt -1.26816 0
vt -0.255832 0
vt -1.26816 1.27641
vt -0.255832 1.27641
vt -0.255832 0.880282
vt 0.272337 0.880282
vt 0.272337 1.27641
vt 1.28466 0
vt 1.28466 1.27641
vt 0.272337 0
vt 2.73713 1.28466
vt 2.73713 0.272337
vt 2.82515 0.272337
vt 2.82515 1.28466
vt 2.73713 1.27641
vt 2.82515 1.27641
vt 2.82515 0
vt 2.73713 0
vt 2.73713 0.880282
vt 2.73713 1.27641
vt 2.82515 1.27641
vt 2.82515 0.880282
vt 2.82515 0.880282
vt 2.82515 1.27641
vt 2.73713 1.27641
vt 2.73713 0.880282
vt 2.73713 0.272337
vt 2.73713 -0.255832
vt 2.82515 -0.255832
vt 2.82515 0.272337
vt 1.28466 1.23239
vt 1.28466 0
vt 1.19663 -8.39502E-08
vt 1.19663 1.23239
vt 1.28466 0
vt 1.28466 1.23239
vt 1.19663 1.23239
vt 1.19663 -8.39502E-08
vt -2.72887 1.28466
vt -2.72887 1.19663
vt -1.27366 1.19663
vt -1.27366 1.28466
vt -2.72887 1.23239
vt -1.27366 1.23239
vt -1.27366 -8.39502E-08
vt -2.72887 -8.39502E-08
vt -2.72062 0.272337
vt -2.72062 1.28466
vt -2.80865 1.28466
vt -2.80865 0.272337
vt -2.80865 0
vt -2.80865 1.27641
vt -2.72062 1.27641
vt -2.72062 0
vt 0.272337 0
vt 0.272337 1.27641
vt 1.28466 1.27641
vt 1.28466 0
vt -2.72062 -2.8279
vt -2.72062 -0.255832
vt -2.80865 -0.255832
vt -2.80865 -2.8279
vt -2.72062 1.27641
vt -2.80865 1.27641
vt -2.80865 0
vt -2.72062 0
vt -2.8279 0
vt -2.8279 1.27641
vt -0.255832 1.27641
vt -0.255832 0
vt -2.72062 0.880282
vt -2.72062 1.27641
vt -2.80865 1.27641
vt -2.80865 0.880282
vt -2.80865 0.880282
vt -2.80865 1.27641
vt -2.72062 1.27641
vt -2.72062 0.880282
vt -2.72062 -0.255832
vt -2.72062 0.272337
vt -2.80865 0.272337
vt -2.80865 -0.255832
vt -0.255832 0.880282
vt -0.255832 1.27641
vt 0.272337 1.27641
vt 0.272337 0.880282
vt 1.28466 1.23239
vt 1.28466 0
vt 1.19663 -8.39502E-08
vt 1.19663 1.23239
vt 1.28466 0
vt 1.28466 1.23239
vt 1.19663 1.23239
vt 1.19663 -8.39502E-08
vt 1.07009 1.28466
vt 1.07009 1.19663
vt 2.82515 1.19663
vt 2.82515 1.28466
vt 1.07009 1.23239
vt 2.82515 1.23239
vt 2.82515 0
vt 1.07009 -8.39502E-08
vt 0.668464 0.352113
vt 0.668464 0
vt -1.21864 0
vt -1.21864 0.352113
vt 0.668464 0.880282
vt 0.503411 0.352113
vt 0.503411 0.880282
vt 1.22964 0.880282
vt 1.22964 1.12236
vt 0.503411 1.12236
vt -1.26265 1.12236
vt -1.26265 0.902289
vt 0.503411 0.902289
vt 0.0962808 0.352113
vt 0.0962808 0.902289
vt 0.668464 0
vt 0.668464 0.352113
vt -1.21864 0.352113
vt -1.21864 0
vt 1.00957 0.668464
vt 1.00957 -1.21864
vt 1.1086 -1.21864
vt 1.1086 0.668464
vt 1.00957 0.352113
vt 1.1086 0.352113
vt 1.1086 0
vt 1.00957 0
vt 0.0962808 0.352113
vt 0.503411 0.352113
vt 0.0962808 0.902289
vt 0.503411 0.902289
vt 0.503411 1.12236
vt -1.26265 1.12236
vt -1.26265 0.902289
vt 1.00957 0.503411
vt 1.00957 0.0962808
vt 1.1086 0.0962808
vt 1.1086 0.503411
vt 1.00957 0.668464
vt 1.1086 0.668464
vt 1.00957 0.0962808
vt 1.00957 0.503411
vt 1.1086 0.503411
vt 1.1086 0.0962808
vt 1.00957 0.902289
vt 1.1086 0.902289
vt 1.1086 0.352113
vt 1.00957 0.352113
vt 1.1086 0.902289
vt 1.00957 0.902289
vt 1.00957 0.352113
vt 1.1086 0.352113
vt -0.872029 0.902289
vt -0.872029 0.352113
vt -1.29566 0.352113
vt -1.29566 0.902289
vt -0.872029 0.352113
vt -0.872029 0.902289
vt -1.29566 0.902289
vt -1.29566 0.352113
vt 1.00957 -0.872029
vt 1.00957 -1.29566
vt 1.1086 -1.29566
vt 1.1086 -0.872029
vt 1.00957 -1.29566
vt 1.00957 -0.872029
vt 1.1086 -0.872029
vt 1.1086 -1.29566
vt 1.00957 0.902289
vt 1.1086 0.902289
vt 1.1086 0.352113
vt 1.00957 0.352113
vt 1.1086 0.902289
vt 1.00957 0.902289
vt 1.00957 0.352113
vt 1.1086 0.352113
vt 0.508913 1.23239
vt 0.508913 0.902289
vt -1.25715 0.902289
vt -1.25715 1.23239
vt 0.508913 0.902289
vt 0.508913 1.23239
vt -1.25715 1.23239
vt -1.25715 0.902289
vt -1.31217 1.23239
vt -1.21314 1.23239
vt -1.21314 0.902289
vt -1.31217 0.902289
vt 0.668464 0.352113
vt 0.668464 0
vt -1.22414 0
vt -1.22414 0.352113
vt -1.22414 0
vt 0.668464 0
vt -1.22414 0.352113
vt 0.668464 0.352113
vt 0.668464 0.880282
vt 0.514415 0.880282
vt 0.514415 0.352113
vt 0.514415 0.902289
vt 0.0852773 0.902289
vt 0.0852773 0.352113
vt -1.31217 0.668464
vt -1.31217 -1.22414
vt -1.21314 -1.22414
vt -1.21314 0.668464
vt -1.31217 0.352113
vt -1.21314 0.352113
vt -1.21314 0
vt -1.31217 0
vt -1.21314 0.668464
vt -1.31217 0.668464
vt -1.21314 0.514415
vt -1.31217 0.514415
vt -1.21314 0.0852773
vt -1.31217 0.0852773
vt -1.31217 0.514415
vt -1.31217 0.668464
vt -1.21314 0.668464
vt -1.21314 0.514415
vt -1.31217 0.880282
vt -1.21314 0.880282
vt -1.21314 0.352113
vt -1.31217 0.352113
vt -0.90504 0.902289
vt -0.90504 0.352113
vt -1.22964 0.352113
vt -1.22964 0.902289
vt -0.90504 0.352113
vt -0.90504 0.902289
vt -1.22964 0.902289
vt -1.22964 0.352113
vt -1.31217 -0.90504
vt -1.31217 -1.22964
vt -1.21314 -1.22964
vt -1.21314 -0.90504
vt -1.31217 -1.22964
vt -1.31217 -0.90504
vt -1.21314 -0.90504
vt -1.21314 -1.22964
vt -1.31217 0.902289
vt -1.21314 0.902289
vt -1.21314 0.352113
vt -1.31217 0.352113
vt -1.21314 0.902289
vt -1.31217 0.902289
vt -1.31217 0.352113
vt -1.21314 0.352113
vt -1.23515 0.352113
vt -1.23515 0.902289
vt -0.514415 0.902289
vt -0.514415 0.352113
vt -1.23515 0.464899
vt -0.514415 0.464899
vt -0.514415 0.519916
vt -1.23515 0.519916
vt -0.514415 0.464899
vt -1.23515 0.464899
vt -1.23515 0.519916
vt -0.514415 0.519916
vt 0.464899 0.902289
vt 0.519916 0.902289
vt 0.519916 0.352113
vt 0.464899 0.352113
vt 0.519916 0.902289
vt 0.464899 0.902289
vt 0.464899 0.352113
vt 0.519916 0.352113
vt 2.85266 -1.21314
vt 0.162302 -1.21314
vt 0.162302 -1.30117
vt 2.85266 -1.30117
vt 0.166901 -1.31217
vt 2.85266 -1.31217
vt 0.166901 -1.21314
vt -1.21314 1.27641
vt -1.30117 1.27641
vt -1.30117 0
vt -1.21314 0
vt 2.85266 0
vt 2.85266 1.27641
vt 0.162302 1.27641
vt 0.162302 0
vt -0.861328 0.833333
vt -0.861328 1.20833
vt -0.923828 1.20833
vt -0.923828 0.833333
vt -0.923828 0.833333
vt -0.923828 1.20833
vt -0.861328 1.20833
vt -0.861328 0.833333
vt 0.115234 -1.14844
vt -0.259766 -1.14844
vt -0.259766 -1.23177
vt 0.115234 -1.23177
vt 0.115234 0.833333
vt 0.115234 1.20833
vt -0.259766 1.20833
vt -0.259766 0.833333
vt 1.24615 0.880282
vt 1.24615 1.12236
vt 0.508913 1.12236
vt 0.508913 0.880282
vt -1.31217 1.12236
vt -1.21314 1.12236
vt -1.21314 0.880282
vt -1.31217 0.880282
vt 1.00957 1.12236
vt 1.1086 1.12236
vt 1.1086 0.902289
vt 1.00957 0.902289
vt 1.1086 1.12236
vt 1.00957 1.12236
vt 1.00957 0.880282
vt 1.1086 0.880282
vt 1.00957 0.503411
vt 1.00957 0.668464
vt 1.1086 0.668464
vt 1.1086 0.503411
vt 1.00957 0.880282
vt 1.1086 0.880282
vt 1.1086 0.352113
vt 1.00957 0.352113
vt 0.514415 0.902289
vt 0.514415 0.352113
vt 0.0852773 0.352113
vt 0.0852773 0.902289
vt -1.31217 0.0852773
vt -1.31217 0.514415
vt -1.21314 0.514415
vt -1.21314 0.0852773
vt -1.31217 0.902289
vt -1.21314 0.902289
vt -1.21314 0.352113
vt -1.31217 0.352113
vt -1.21314 0.902289
vt -1.31217 0.902289
vt -1.31217 0.352113
vt -1.21314 0.352113
vt -0.261334 -2.74538
vt -2.8169 -2.74538
vt -2.8169 -2.83341
vt -0.261334 -2.83341
vt -2.83341 0
vt -2.83341 1.27641
vt -2.74538 1.27641
vt -2.74538 0
vt -2.8169 0
vt -0.261334 0
vt -2.8169 1.27641
vt -0.261334 1.27641
vt -0.261334 0.880282
vt 0.266835 0.880282
vt 0.266835 1.27641
vt 1.05634 0
vt 1.05634 1.27641
vt 0.266835 0
vt 1.05634 -2.74538
vt 0.266835 -2.74538
vt 0.266835 -2.83341
vt 1.05634 -2.83341
vt -2.74538 1.27641
vt -2.83341 1.27641
vt -2.83341 0
vt -2.74538 0
vt -2.74538 0.880282
vt -2.74538 1.27641
vt -2.83341 1.27641
vt -2.83341 0.880282
vt -2.83341 0.880282
vt -2.83341 1.27641
vt -2.74538 1.27641
vt -2.74538 0.880282
vt 0.266835 -2.74538
vt -0.261334 -2.74538
vt -0.261334 -2.83341
vt 0.266835 -2.83341
vt -1.22964 1.23239
vt -1.22964 0
vt -1.76056 0
vt -1.76056 1.23239
vt -1.22964 0
vt -1.22964 1.23239
vt -1.76056 1.23239
vt -1.76056 0
vt -0.662962 -1.22964
vt -0.662962 -1.76056
vt -0.562842 -1.76056
vt -0.562842 -1.22964
vt -0.662962 -1.76056
vt -0.662962 -1.22964
vt -0.562842 -1.22964
vt -0.562842 -1.76056
vt -0.662962 1.23239
vt -0.562842 1.23239
vt -0.562842 0
vt -0.662962 0
vt -0.562842 1.23239
vt -0.662962 1.23239
vt -0.662962 0
vt -0.562842 0
vt -1.31217 0.880282
vt -1.31217 1.27641
vt -1.21314 1.27641
vt -1.21314 0.880282
vt -1.21314 0.880282
vt -1.21314 1.27641
vt -1.31217 1.27641
vt -1.31217 0.880282
vt -0.360365 -1.31217
vt 0.166901 -1.31217
vt 0.166901 -1.21314
vt -0.360365 -1.21314
vt -0.360365 0.880282
vt -0.360365 1.27641
vt 0.166901 1.27641
vt 0.166901 0.880282
vt -1.31217 1.27641
vt -1.21314 1.27641
vt -1.21314 0
vt -1.31217 0
vt 0.166901 0
vt 0.166901 1.27641
vt 2.85266 1.27641
vt 2.85266 0
vt -1.23515 0
vt -1.23515 1.23239
vt -2.82515 1.23239
vt -2.82515 0
vt 0.387874 -1.23515
vt 0.387874 -2.82515
vt 0.487994 -2.82515
vt 0.487994 -1.23515
vt 0.387874 -2.82515
vt 0.387874 -1.23515
vt 0.487994 -1.23515
vt 0.487994 -2.82515
vt 0.387874 1.23239
vt 0.487994 1.23239
vt 0.487994 0
vt 0.387874 0
vt 0.487994 1.23239
vt 0.387874 1.23239
vt 0.387874 0
vt 0.487994 0
vt -2.28873 1.23239
vt -2.28873 0
vt -2.81965 0
vt -2.81965 1.23239
vt -2.28873 0
vt -2.28873 1.23239
vt -2.81965 1.23239
vt -2.81965 0
vt -0.662962 -2.28873
vt -0.662962 -2.81965
vt -0.562842 -2.81965
vt -0.562842 -2.28873
vt -0.662962 -2.81965
vt -0.662962 -2.28873
vt -0.562842 -2.28873
vt -0.562842 -2.81965
vt -0.662962 1.23239
vt -0.562842 1.23239
vt -0.562842 0
vt -0.662962 0
vt -0.562842 1.23239
vt -0.662962 1.23239
vt -0.662962 0
vt -0.562842 0
vt -0.56118 1.27641
vt -0.56118 0.880282
vt -0.662962 0.880282
vt -0.662962 1.27641
vt -0.56118 0.880282
vt -0.56118 1.27641
vt -0.662962 1.27641
vt -0.662962 0.880282
vt -0.662962 -1.76056
vt -0.56118 -1.76056
vt -0.56118 -2.28873
vt -0.662962 -2.28873
vt -1.76056 1.27641
vt -2.28873 1.27641
vt -2.28873 0.880282
vt -1.76056 0.880282
vt -2.28873 1.27641
vt -1.76056 1.27641
vt -1.76056 0.880282
vt -2.28873 0.880282
vt -2.26673 -1.31217
vt -2.26673 -1.20112
vt -2.80865 -1.31217
vt -2.80865 -1.20112
vt -2.26397 -1.20112
vt -2.26397 -1.31217
vt -1.31217 0
vt -1.31217 1.27641
vt -1.20112 1.27641
vt -1.20112 0
vt -2.26673 0
vt -2.26673 1.27641
vt -2.80865 1.27641
vt -2.80865 0
vt -1.20112 0
vt -1.20112 1.27641
vt -1.31217 1.27641
vt -1.31217 0
vt -2.80865 0
vt -2.80865 1.27641
vt -2.26397 1.27641
vt -2.26397 0
vt -1.19938 1.27641
vt -1.19938 0.880282
vt -1.31217 0.880282
vt -1.31217 1.27641
vt -1.19938 0.880282
vt -1.19938 1.27641
vt -1.31217 1.27641
vt -1.31217 0.880282
vt -2.26535 -1.19938
vt -2.26535 -1.31217
vt -1.73718 -1.31217
vt -1.73718 -1.19938
vt -2.26535 -1.31217
vt -2.26535 -1.19938
vt -1.73718 -1.19938
vt -1.73718 -1.31217
vt -2.26535 1.27641
vt -1.73718 1.27641
vt -1.73718 0.880282
vt -2.26535 0.880282
vt -1.73718 1.27641
vt -2.26535 1.27641
vt -2.26535 0.880282
vt -1.73718 0.880282
vt -1.19938 1.23239
vt -1.19938 0
vt -1.31217 0
vt -1.31217 1.23239
vt -1.19938 0
vt -1.19938 1.23239
vt -1.31217 1.23239
vt -1.31217 0
vt -1.74131 -1.19938
vt -1.74131 -1.31217
vt -0.359277 -1.31217
vt -0.359277 -1.19938
vt -1.74131 -1.31217
vt -1.74131 -1.19938
vt -0.359277 -1.19938
vt -0.359277 -1.31217
vt -1.74131 1.23239
vt -0.359277 1.23239
vt -0.359277 0
vt -1.74131 0
vt -0.359277 1.23239
vt -1.74131 1.23239
vt -1.74131 0
vt -0.359277 0
vt -0.880859 0.854167
vt -0.880859 1.16667
vt 0.728516 1.16667
vt 0.728516 0.854167
vt -0.880859 0.440104
vt 0.728516 0.440104
vt 0.728516 0.492188
vt -0.880859 0.492188
vt 0.330078 1.16667
vt 0.369141 1.16667
vt 0.369141 0.854167
vt 0.330078 0.854167
vt -0.880859 -5.96046E-08
vt -0.880859 0.333333
vt 0.732422 0.333333
vt 0.732422 0
vt -0.880859 0.440104
vt 0.732422 0.440104
vt 0.732422 0.492188
vt -0.880859 0.492188
vt 0.732422 0.440104
vt -0.880859 0.440104
vt -0.880859 0.492188
vt 0.732422 0.492188
vt 0.330078 0.333333
vt 0.369141 0.333333
vt 0.369141 0
vt 0.330078 0
vt 0.369141 0.333333
vt 0.330078 0.333333
vt 0.330078 0
vt 0.369141 0
vt 0.453895 0.352113
vt 0.453895 0.902289
vt 1.02608 0.902289
vt 1.02608 0.352113
vt 0.453895 0.464899
vt 1.02608 0.464899
vt 1.02608 0.519916
vt 0.453895 0.519916
vt 1.02608 0.464899
vt 0.453895 0.464899
vt 0.453895 0.519916
vt 1.02608 0.519916
vt 0.464899 0.902289
vt 0.519916 0.902289
vt 0.519916 0.352113
vt 0.464899 0.352113
vt 0.519916 0.902289
vt 0.464899 0.902289
vt 0.464899 0.352113
vt 0.519916 0.352113
vt 2.01915 -2.43728
vt 2.01915 1.33693
vt 2.21721 1.33693
vt 2.21721 -2.43728
vt 2.21721 0
vt 2.21721 0.704225
vt 2.01915 0
vt 2.01915 0.704225
vt 2.21721 1.76056
vt 2.01915 1.76056
vt -2.62434 1.01783
vt -2.62434 -2.5143
vt -2.42628 -2.5143
vt -2.42628 1.01783
vt -2.62434 -2.44828
vt -2.62434 1.33693
vt -2.42628 1.33693
vt -2.42628 -2.44828
vt -2.42628 0
vt -2.42628 0.704225
vt -2.62434 0
vt -2.62434 0.704225
vt -2.42628 1.76056
vt -2.62434 1.76056
vt 1.33693 1.76056
vt 1.33693 0.704225
vt 1.02883 0.704225
vt 1.02883 1.76056
vt -2.47029 1.80458
vt -2.47029 0.704225
vt -1.02883 0.704225
vt -1.02883 1.80458
vt 2.4923 2.24472
vt 2.4923 1.76056
vt 1.01783 1.76056
vt 1.01783 2.24472
vt -2.62434 2.4923
vt -2.62434 1.01783
vt -2.42628 1.01783
vt -2.42628 2.4923
vt 2.01915 1.00682
vt 2.01915 -2.52531
vt 2.21721 -2.52531
vt 2.21721 1.00682
vt 2.45929 2.24472
vt 1.00682 2.24472
vt 2.45929 1.76056
vt 1.00682 1.76056
vt 1.33693 0.704225
vt 1.33693 1.76056
vt 1.00682 0.704225
vt 2.21721 1.00682
vt 2.21721 2.45929
vt 2.01915 2.45929
vt 2.01915 1.00682
vt -1.12236 -3.52113
vt -1.32592 -3.52113
vt -1.32592 -4.57747
vt -1.12236 -4.57747
vt -4.42314 -2.24102
vt -4.42314 0.762425
vt -4.95025 0.762425
vt -4.95025 -2.24102
vt -4.42314 0.762425
vt -4.42314 -2.24102
vt -4.95025 -2.24102
vt -4.95025 0.762425
vt -2.1641 1.52014
vt -2.1641 1.7084
vt -1.63699 1.7084
vt -1.63699 1.52014
vt -4.92362 1.52014
vt -4.92362 1.7084
vt -1.92018 1.7084
vt -1.92018 1.52014
vt -1.48639 0.762425
vt -1.48639 -2.24102
vt -0.959282 -2.24102
vt -0.959282 0.762425
vt -1.48639 -2.24102
vt -1.48639 0.762425
vt -0.959282 0.762425
vt -0.959282 -2.24102
vt 1.82686 1.52014
vt 1.82686 1.7084
vt 1.29975 1.7084
vt 1.29975 1.52014
vt -1.92018 1.52014
vt -1.92018 1.7084
vt -4.92362 1.7084
vt -4.92362 1.52014
vt -1.76172 2.33333
vt -1.76172 1.70833
vt 1.45703 1.70833
vt 1.45703 2.33333
vt -1.76172 0.666667
vt -1.76172 0
vt 1.46484 0
vt 1.46484 0.666667
vt 0.90779 1.80458
vt 0.90779 0.704225
vt 2.05216 0.704225
vt 2.05216 1.80458
vt 0.675781 1.50391
vt 0.675781 1.34766
vt 1.875 1.34766
vt 1.875 1.50391
vt 0.675781 1.34766
vt 0.675781 1.50391
vt 1.875 1.50391
vt 1.875 1.34766
vt -1.82422 0.675781
vt -1.82422 1.875
vt -3.98828 1.875
vt -3.98828 0.675781
vt -1.82422 1.50391
vt -3.98828 1.50391
vt -3.98828 1.34766
vt -1.82422 1.34766
vt -3.98828 1.50391
vt -1.82422 1.50391
vt -1.82422 1.34766
vt -3.98828 1.34766
vt 0.707031 1.50391
vt -4 1.50391
vt -4 1.51172
vt 0.707031 1.51172
vt -3.98828 -4
vt 4.04297 -4
vt 4.04297 0.707031
vt -3.98828 0.707031
vt 4.04297 1.51172
vt 4.04297 1.50391
vt -3.98828 1.50391
vt -3.98828 1.51172
vt -3.98828 1.51172
vt -3.98828 1.50391
vt 4.04297 1.50391
vt 4.04297 1.51172
vt 0.707031 1.50391
vt 0.707031 1.51172
vt -4 1.51172
vt -4 1.50391
vt 0.675781 1.50391
vt 0.675781 1.34766
vt 1.875 1.34766
vt 1.875 1.50391
vt 0.675781 1.34766
vt 0.675781 1.50391
vt 1.875 1.50391
vt 1.875 1.34766
vt 3.89453 0.675781
vt 3.89453 1.875
vt 1.5625 1.875
vt 1.5625 0.675781
vt 3.89453 1.50391
vt 1.5625 1.50391
vt 1.5625 1.34766
vt 3.89453 1.34766
vt 1.5625 1.50391
vt 3.89453 1.50391
vt 3.89453 1.34766
vt 1.5625 1.34766
vt 1.60185 3.5
vt 1.60185 3.25
vt 1.59259 3.25
vt 1.59259 3.5
vt 1.60185 3.25
vt 1.60185 3.5
vt 1.59259 3.5
vt 1.59259 3.25
vt -5.83333 1.60185
vt -5.83333 1.59259
vt -4.5463 1.59259
vt -4.5463 1.60185
vt -5.83333 1.59259
vt -5.83333 1.60185
vt -4.5463 1.60185
vt -4.5463 1.59259
vt -5.04551 3.24074
vt -3.9548 3.24074
vt -3.9548 3.00489
vt -5.04551 3.00489
vt -4.5463 3.5
vt -5.83333 3.5
vt -5.83333 3.25
vt -4.5463 3.25
vt 1.60185 3.5
vt 1.60185 3.25
vt 1.59259 3.25
vt 1.59259 3.5
vt 1.60185 3.25
vt 1.60185 3.5
vt 1.59259 3.5
vt 1.59259 3.25
vt -7.42593 1.60185
vt -7.42593 1.59259
vt -6.13889 1.59259
vt -6.13889 1.60185
vt -7.42593 1.59259
vt -7.42593 1.60185
vt -6.13889 1.60185
vt -6.13889 1.59259
vt -6.02265 3.30189
vt -4.97882 3.30189
vt -4.97882 3.06604
vt -6.02265 3.06604
vt -6.13889 3.5
vt -7.42593 3.5
vt -7.42593 3.25
vt -6.13889 3.25
vt 1.24175 3.30189
vt 1.24175 3.06604
vt 1.23457 3.06604
vt 1.23457 3.30189
vt 1.24175 3.06604
vt 1.24175 3.30189
vt 1.23457 3.30189
vt 1.23457 3.06604
vt -6.9911 1.51118
vt -6.9911 1.50245
vt -5.9934 1.50245
vt -5.9934 1.51118
vt -6.9911 1.50245
vt -6.9911 1.51118
vt -5.9934 1.51118
vt -5.9934 1.50245
vt -6.9911 3.30189
vt -5.9934 3.30189
vt -5.9934 3.06604
vt -6.9911 3.06604
vt -5.9934 3.30189
vt -6.9911 3.30189
vt -6.9911 3.06604
vt -5.9934 3.06604
vt 1.60185 3.5
vt 1.60185 3.25
vt 1.59259 3.25
vt 1.59259 3.5
vt 1.60185 3.25
vt 1.60185 3.5
vt 1.59259 3.5
vt 1.59259 3.25
vt 7.42593 1.60185
vt 7.42593 1.59259
vt 8.71296 1.59259
vt 8.71296 1.60185
vt 7.42593 1.59259
vt 7.42593 1.60185
vt 8.71296 1.60185
vt 8.71296 1.59259
vt 5.9479 3.24074
vt 7.03861 3.24074
vt 7.03861 3.00489
vt 5.9479 3.00489
vt 8.71296 3.5
vt 7.42593 3.5
vt 7.42593 3.25
vt 8.71296 3.25
vt 1.60185 3.5
vt 1.60185 3.25
vt 1.59259 3.25
vt 1.59259 3.5
vt 1.60185 3.25
vt 1.60185 3.5
vt 1.59259 3.5
vt 1.59259 3.25
vt 5.83333 1.60185
vt 5.83333 1.59259
vt 7.12037 1.59259
vt 7.12037 1.60185
vt 5.83333 1.59259
vt 5.83333 1.60185
vt 7.12037 1.60185
vt 7.12037 1.59259
vt 3.97255 3.30189
vt 5.01637 3.30189
vt 5.01637 3.06604
vt 3.97255 3.06604
vt 7.12037 3.5
vt 5.83333 3.5
vt 5.83333 3.25
vt 7.12037 3.25
vt 0.954636 3.30189
vt 0.954636 3.06604
vt 0.947459 3.06604
vt 0.947459 3.30189
vt 0.954636 3.06604
vt 0.954636 3.30189
vt 0.947459 3.30189
vt 0.947459 3.06604
vt 3.00029 1.51118
vt 3.00029 1.50245
vt 3.99799 1.50245
vt 3.99799 1.51118
vt 3.00029 1.50245
vt 3.00029 1.51118
vt 3.99799 1.51118
vt 3.99799 1.50245
vt 3.00029 3.30189
vt 3.99799 3.30189
vt 3.99799 3.06604
vt 3.00029 3.06604
vt 3.99799 3.30189
vt 3.00029 3.30189
vt 3.00029 3.06604
vt 3.99799 3.06604
vt 3.67969 0.53125
vt 3.67969 0.507813
vt 3.72656 0.507813
vt 3.72656 0.53125
vt 3.67969 0.476563
vt 3.67969 0.53125
vt 3.72656 0.53125
vt 3.72656 0.476563
vt 3.67969 -1.39844
vt 3.72656 -1.39844
vt 3.72656 -1.14844
vt 3.67969 -1.14844
vt 3.72656 -1.39844
vt 3.67969 -1.39844
vt 3.67969 -1.14844
vt 3.72656 -1.14844
vt -1.64063 0.53125
vt -1.39063 0.53125
vt -1.39063 0.507813
vt -1.64063 0.476563
vt -1.67578 0.734375
vt -1.65234 0.734375
vt -1.58594 0.53125
vt -1.39063 0.507813
vt -1.39063 0.53125
vt -1.64063 0.476563
vt -1.64063 0.53125
vt -1.67578 0.734375
vt -1.58594 0.53125
vt -1.65234 0.734375
vt 2.77344 0.53125
vt 2.77344 0.507813
vt 2.82031 0.507813
vt 2.82031 0.53125
vt 2.77344 0.476563
vt 2.77344 0.53125
vt 2.82031 0.53125
vt 2.82031 0.476563
vt 2.77344 -1.39844
vt 2.82031 -1.39844
vt 2.82031 -1.14844
vt 2.77344 -1.14844
vt 2.82031 -1.39844
vt 2.77344 -1.39844
vt 2.77344 -1.14844
vt 2.82031 -1.14844
vt -1.64063 0.53125
vt -1.39063 0.53125
vt -1.39063 0.507813
vt -1.64063 0.476563
vt -1.67578 0.734375
vt -1.65234 0.734375
vt -1.58594 0.53125
vt -1.39063 0.507813
vt -1.39063 0.53125
vt -1.64063 0.476563
vt -1.64063 0.53125
vt -1.67578 0.734375
vt -1.58594 0.53125
vt -1.65234 0.734375
vt 3.67969 -1.43359
vt 3.67969 -1.41016
vt 3.72656 -1.41016
vt 3.72656 -1.43359
vt 3.67969 -1.34375
vt 3.67969 -1.39844
vt 3.72656 -1.39844
vt 3.72656 -1.34375
vt 3.67969 0.53125
vt 3.72656 0.53125
vt 3.72656 0.734375
vt 3.67969 0.734375
vt 3.72656 0.53125
vt 3.67969 0.53125
vt 3.67969 0.734375
vt 3.72656 0.734375
vt 2.77344 -1.43359
vt 2.77344 -1.41016
vt 2.82031 -1.41016
vt 2.82031 -1.43359
vt 2.77344 -1.34375
vt 2.77344 -1.39844
vt 2.82031 -1.39844
vt 2.82031 -1.34375
vt 2.77344 0.53125
vt 2.82031 0.53125
vt 2.82031 0.734375
vt 2.77344 0.734375
vt 2.82031 0.53125
vt 2.77344 0.53125
vt 2.77344 0.734375
vt 2.82031 0.734375
vt 2.78125 -1.16406
vt 2.76953 -1.15234
vt 2.82422 -1.15234
vt 2.8125 -1.16406
vt 2.76953 -1.40234
vt 2.78125 -1.39063
vt 2.8125 -1.39063
vt 2.82422 -1.40234
vt 2.76953 -1.40234
vt 2.82422 -1.40234
vt 2.82422 -1.15234
vt 2.76953 -1.15234
vt 2.8125 -1.39063
vt 2.78125 -1.39063
vt 2.78125 -1.16406
vt 2.8125 -1.16406
vt 2.8125 -1.39063
vt 2.8125 -1.16406
vt 2.82422 -1.15234
vt 2.82422 -1.40234
vt 2.78125 -1.16406
vt 2.78125 -1.39063
vt 2.76953 -1.40234
vt 2.76953 -1.15234
vt 2.78516 0.515625
vt 2.78516 0.242188
vt 2.80859 0.242188
vt 2.80859 0.515625
vt 2.78516 0.242188
vt 2.78516 0.515625
vt 2.80859 0.515625
vt 2.80859 0.242188
vt 2.78516 -1.38672
vt 2.80859 -1.38672
vt 2.80859 -1.36328
vt 2.78516 -1.36328
vt 2.80859 -1.38672
vt 2.78516 -1.38672
vt 2.78516 -1.36328
vt 2.80859 -1.36328
vt -1.62891 0.515625
vt -1.60547 0.515625
vt -1.60547 0.242188
vt -1.62891 0.242188
vt -1.60547 0.515625
vt -1.62891 0.515625
vt -1.62891 0.242188
vt -1.60547 0.242188
vt 2.78516 0.515625
vt 2.78516 0.242188
vt 2.80859 0.242188
vt 2.80859 0.515625
vt 2.78516 0.242188
vt 2.78516 0.515625
vt 2.80859 0.515625
vt 2.80859 0.242188
vt 2.78516 -1.19141
vt 2.80859 -1.19141
vt 2.80859 -1.16797
vt 2.78516 -1.16797
vt 2.80859 -1.19141
vt 2.78516 -1.19141
vt 2.78516 -1.16797
vt 2.80859 -1.16797
vt -1.43359 0.515625
vt -1.41016 0.515625
vt -1.41016 0.242188
vt -1.43359 0.242188
vt -1.41016 0.515625
vt -1.43359 0.515625
vt -1.43359 0.242188
vt -1.41016 0.242188
vt 3.69141 0.515625
vt 3.69141 0.242188
vt 3.71484 0.242188
vt 3.71484 0.515625
vt 3.69141 0.242188
vt 3.69141 0.515625
vt 3.71484 0.515625
vt 3.71484 0.242188
vt 3.69141 -1.38672
vt 3.71484 -1.38672
vt 3.71484 -1.36328
vt 3.69141 -1.36328
vt 3.71484 -1.38672
vt 3.69141 -1.38672
vt 3.69141 -1.36328
vt 3.71484 -1.36328
vt -1.62891 0.515625
vt -1.60547 0.515625
vt -1.60547 0.242188
vt -1.62891 0.242188
vt -1.60547 0.515625
vt -1.62891 0.515625
vt -1.62891 0.242188
vt -1.60547 0.242188
vt 3.69141 0.515625
vt 3.69141 0.242188
vt 3.71484 0.242188
vt 3.71484 0.515625
vt 3.69141 0.242188
vt 3.69141 0.515625
vt 3.71484 0.515625
vt 3.71484 0.242188
vt 3.69141 -1.19141
vt 3.71484 -1.19141
vt 3.71484 -1.16797
vt 3.69141 -1.16797
vt 3.71484 -1.19141
vt 3.69141 -1.19141
vt 3.69141 -1.16797
vt 3.71484 -1.16797
vt -1.43359 0.515625
vt -1.41016 0.515625
vt -1.41016 0.242188
vt -1.43359 0.242188
vt -1.41016 0.515625
vt -1.43359 0.515625
vt -1.43359 0.242188
vt -1.41016 0.242188
vt 3.6875 -1.16406
vt 3.67578 -1.15234
vt 3.73047 -1.15234
vt 3.71875 -1.16406
vt 3.67578 -1.40234
vt 3.6875 -1.39063
vt 3.71875 -1.39063
vt 3.73047 -1.40234
vt 3.67578 -1.40234
vt 3.73047 -1.40234
vt 3.73047 -1.15234
vt 3.67578 -1.15234
vt 3.71875 -1.39063
vt 3.6875 -1.39063
vt 3.6875 -1.16406
vt 3.71875 -1.16406
vt 3.71875 -1.39063
vt 3.71875 -1.16406
vt 3.73047 -1.15234
vt 3.73047 -1.40234
vt 3.6875 -1.16406
vt 3.6875 -1.39063
vt 3.67578 -1.40234
vt 3.67578 -1.15234
vt 2.67969 0.386719
vt 2.67969 0.363281
vt 2.72656 0.363281
vt 2.72656 0.386719
vt 2.67969 0.332031
vt 2.67969 0.386719
vt 2.72656 0.386719
vt 2.72656 0.332031
vt 2.67969 -1.54297
vt 2.72656 -1.54297
vt 2.72656 -1.29297
vt 2.67969 -1.29297
vt 2.72656 -1.54297
vt 2.67969 -1.54297
vt 2.67969 -1.29297
vt 2.72656 -1.29297
vt -1.64063 0.386719
vt -1.39063 0.386719
vt -1.39063 0.363281
vt -1.64063 0.332031
vt -1.67578 0.589844
vt -1.65234 0.589844
vt -1.58594 0.386719
vt -1.39063 0.363281
vt -1.39063 0.386719
vt -1.64063 0.332031
vt -1.64063 0.386719
vt -1.67578 0.589844
vt -1.58594 0.386719
vt -1.65234 0.589844
vt 1.77344 0.386719
vt 1.77344 0.363281
vt 1.82031 0.363281
vt 1.82031 0.386719
vt 1.77344 0.332031
vt 1.77344 0.386719
vt 1.82031 0.386719
vt 1.82031 0.332031
vt 1.77344 -1.54297
vt 1.82031 -1.54297
vt 1.82031 -1.29297
vt 1.77344 -1.29297
vt 1.82031 -1.54297
vt 1.77344 -1.54297
vt 1.77344 -1.29297
vt 1.82031 -1.29297
vt -1.64063 0.386719
vt -1.39063 0.386719
vt -1.39063 0.363281
vt -1.64063 0.332031
vt -1.67578 0.589844
vt -1.65234 0.589844
vt -1.58594 0.386719
vt -1.39063 0.363281
vt -1.39063 0.386719
vt -1.64063 0.332031
vt -1.64063 0.386719
vt -1.67578 0.589844
vt -1.58594 0.386719
vt -1.65234 0.589844
vt 2.67969 -1.57813
vt 2.67969 -1.55469
vt 2.72656 -1.55469
vt 2.72656 -1.57813
vt 2.67969 -1.48828
vt 2.67969 -1.54297
vt 2.72656 -1.54297
vt 2.72656 -1.48828
vt 2.67969 0.386719
vt 2.72656 0.386719
vt 2.72656 0.589844
vt 2.67969 0.589844
vt 2.72656 0.386719
vt 2.67969 0.386719
vt 2.67969 0.589844
vt 2.72656 0.589844
vt 1.77344 -1.57813
vt 1.77344 -1.55469
vt 1.82031 -1.55469
vt 1.82031 -1.57813
vt 1.77344 -1.48828
vt 1.77344 -1.54297
vt 1.82031 -1.54297
vt 1.82031 -1.48828
vt 1.77344 0.386719
vt 1.82031 0.386719
vt 1.82031 0.589844
vt 1.77344 0.589844
vt 1.82031 0.386719
vt 1.77344 0.386719
vt 1.77344 0.589844
vt 1.82031 0.589844
vt 1.78125 -1.30859
vt 1.76953 -1.29688
vt 1.82422 -1.29688
vt 1.8125 -1.30859
vt 1.76953 -1.54688
vt 1.78125 -1.53516
vt 1.8125 -1.53516
vt 1.82422 -1.54688
vt 1.76953 -1.54688
vt 1.82422 -1.54688
vt 1.82422 -1.29688
vt 1.76953 -1.29688
vt 1.8125 -1.53516
vt 1.78125 -1.53516
vt 1.78125 -1.30859
vt 1.8125 -1.30859
vt 1.8125 -1.53516
vt 1.8125 -1.30859
vt 1.82422 -1.29688
vt 1.82422 -1.54688
vt 1.78125 -1.30859
vt 1.78125 -1.53516
vt 1.76953 -1.54688
vt 1.76953 -1.29688
vt 1.78516 0.371094
vt 1.78516 0.0976563
vt 1.80859 0.0976563
vt 1.80859 0.371094
vt 1.78516 0.0976563
vt 1.78516 0.371094
vt 1.80859 0.371094
vt 1.80859 0.0976563
vt 1.78516 -1.53125
vt 1.80859 -1.53125
vt 1.80859 -1.50781
vt 1.78516 -1.50781
vt 1.80859 -1.53125
vt 1.78516 -1.53125
vt 1.78516 -1.50781
vt 1.80859 -1.50781
vt -1.62891 0.371094
vt -1.60547 0.371094
vt -1.60547 0.0976563
vt -1.62891 0.0976563
vt -1.60547 0.371094
vt -1.62891 0.371094
vt -1.62891 0.0976563
vt -1.60547 0.0976563
vt 1.78516 0.371094
vt 1.78516 0.0976563
vt 1.80859 0.0976563
vt 1.80859 0.371094
vt 1.78516 0.0976563
vt 1.78516 0.371094
vt 1.80859 0.371094
vt 1.80859 0.0976563
vt 1.78516 -1.33594
vt 1.80859 -1.33594
vt 1.80859 -1.3125
vt 1.78516 -1.3125
vt 1.80859 -1.33594
vt 1.78516 -1.33594
vt 1.78516 -1.3125
vt 1.80859 -1.3125
vt -1.43359 0.371094
vt -1.41016 0.371094
vt -1.41016 0.0976563
vt -1.43359 0.0976563
vt -1.41016 0.371094
vt -1.43359 0.371094
vt -1.43359 0.0976563
vt -1.41016 0.0976563
vt 2.69141 0.371094
vt 2.69141 0.0976563
vt 2.71484 0.0976563
vt 2.71484 0.371094
vt 2.69141 0.0976563
vt 2.69141 0.371094
vt 2.71484 0.371094
vt 2.71484 0.0976563
vt 2.69141 -1.53125
vt 2.71484 -1.53125
vt 2.71484 -1.50781
vt 2.69141 -1.50781
vt 2.71484 -1.53125
vt 2.69141 -1.53125
vt 2.69141 -1.50781
vt 2.71484 -1.50781
vt -1.62891 0.371094
vt -1.60547 0.371094
vt -1.60547 0.0976563
vt -1.62891 0.0976563
vt -1.60547 0.371094
vt -1.62891 0.371094
vt -1.62891 0.0976563
vt -1.60547 0.0976563
vt 2.69141 0.371094
vt 2.69141 0.0976563
vt 2.71484 0.0976563
vt 2.71484 0.371094
vt 2.69141 0.0976563
vt 2.69141 0.371094
vt 2.71484 0.371094
vt 2.71484 0.0976563
vt 2.69141 -1.33594
vt 2.71484 -1.33594
vt 2.71484 -1.3125
vt 2.69141 -1.3125
vt 2.71484 -1.33594
vt 2.69141 -1.33594
vt 2.69141 -1.3125
vt 2.71484 -1.3125
vt -1.43359 0.371094
vt -1.41016 0.371094
vt -1.41016 0.0976563
vt -1.43359 0.0976563
vt -1.41016 0.371094
vt -1.43359 0.371094
vt -1.43359 0.0976563
vt -1.41016 0.0976563
vt 2.6875 -1.30859
vt 2.67578 -1.29688
vt 2.73047 -1.29688
vt 2.71875 -1.30859
vt 2.67578 -1.54688
vt 2.6875 -1.53516
vt 2.71875 -1.53516
vt 2.73047 -1.54688
vt 2.67578 -1.54688
vt 2.73047 -1.54688
vt 2.73047 -1.29688
vt 2.67578 -1.29688
vt 2.71875 -1.53516
vt 2.6875 -1.53516
vt 2.6875 -1.30859
vt 2.71875 -1.30859
vt 2.71875 -1.53516
vt 2.71875 -1.30859
vt 2.73047 -1.29688
vt 2.73047 -1.54688
vt 2.6875 -1.30859
vt 2.6875 -1.53516
vt 2.67578 -1.54688
vt 2.67578 -1.29688
vt 0.5625 -2.99782
vt 0.546875 -2.99782
vt 0.546875 -3.99709
vt 0.5625 -3.99709
vt 0.546875 -2.99782
vt 0.5625 -2.99782
vt 0.5625 -3.99709
vt 0.546875 -3.99709
vt -2.9375 -2.99782
vt -2.9375 -3.99709
vt -2.875 -3.99709
vt -2.875 -2.99782
vt -2.9375 -3.99709
vt -2.9375 -2.99782
vt -2.875 -2.99782
vt -2.875 -3.99709
vt 0.5625 1.98946
vt 0.5625 1.95312
vt 0.546875 1.95312
vt 0.546875 1.98946
vt 0.5625 1.95312
vt 0.5625 1.98946
vt 0.546875 1.98946
vt 0.546875 1.95312
vt 0.5625 -2.99782
vt 0.546875 -2.99782
vt 0.546875 -3.99709
vt 0.5625 -3.99709
vt 0.546875 -2.99782
vt 0.5625 -2.99782
vt 0.5625 -3.99709
vt 0.546875 -3.99709
vt -3.01563 -2.99782
vt -3.01563 -3.99709
vt -2.95313 -3.99709
vt -2.95313 -2.99782
vt -3.01563 -3.99709
vt -3.01563 -2.99782
vt -2.95313 -2.99782
vt -2.95313 -3.99709
vt 0.5625 2.03488
vt 0.5625 1.99855
vt 0.546875 1.99855
vt 0.546875 2.03488
vt 0.5625 1.99855
vt 0.5625 2.03488
vt 0.546875 2.03488
vt 0.546875 1.99855
vt 0.5625 -2.99782
vt 0.546875 -2.99782
vt 0.546875 -3.99709
vt 0.5625 -3.99709
vt 0.546875 -2.99782
vt 0.5625 -2.99782
vt 0.5625 -3.99709
vt 0.546875 -3.99709
vt -3.09375 -2.99782
vt -3.09375 -3.99709
vt -3.03125 -3.99709
vt -3.03125 -2.99782
vt -3.09375 -3.99709
vt -3.09375 -2.99782
vt -3.03125 -2.99782
vt -3.03125 -3.99709
vt 0.5625 2.08031
vt 0.5625 2.04397
vt 0.546875 2.04397
vt 0.546875 2.08031
vt 0.5625 2.04397
vt 0.5625 2.08031
vt 0.546875 2.08031
vt 0.546875 2.04397
vt 0.5625 -2.99782
vt 0.546875 -2.99782
vt 0.546875 -3.99709
vt 0.5625 -3.99709
vt 0.546875 -2.99782
vt 0.5625 -2.99782
vt 0.5625 -3.99709
vt 0.546875 -3.99709
vt -3.17188 -2.99782
vt -3.17188 -3.99709
vt -3.10938 -3.99709
vt -3.10938 -2.99782
vt -3.17188 -3.99709
vt -3.17188 -2.99782
vt -3.10938 -2.99782
vt -3.10938 -3.99709
vt 0.5625 2.12573
vt 0.5625 2.08939
vt 0.546875 2.08939
vt 0.546875 2.12573
vt 0.5625 2.08939
vt 0.5625 2.12573
vt 0.546875 2.12573
vt 0.546875 2.08939
vt 0.5625 -2.99782
vt 0.546875 -2.99782
vt 0.546875 -3.99709
vt 0.5625 -3.99709
vt 0.546875 -2.99782
vt 0.5625 -2.99782
vt 0.5625 -3.99709
vt 0.546875 -3.99709
vt -3.25 -2.99782
vt -3.25 -3.99709
vt -3.1875 -3.99709
vt -3.1875 -2.99782
vt -3.25 -3.99709
vt -3.25 -2.99782
vt -3.1875 -2.99782
vt -3.1875 -3.99709
vt 0.5625 2.17115
vt 0.5625 2.13481
vt 0.546875 2.13481
vt 0.546875 2.17115
vt 0.5625 2.13481
vt 0.5625 2.17115
vt 0.546875 2.17115
vt 0.546875 2.13481
vt -3.32884 -2.99782
vt -3.31345 -2.99782
vt -3.31345 -3.99709
vt -3.32884 -3.99709
vt -3.3026 -2.99782
vt -3.31799 -2.99782
vt -3.31799 -3.99709
vt -3.3026 -3.99709
vt 0.892468 -2.99782
vt 0.892468 -3.99709
vt 0.954019 -3.99709
vt 0.954019 -2.99782
vt 0.889755 -3.99709
vt 0.889755 -2.99782
vt 0.951306 -2.99782
vt 0.951305 -3.99709
vt 0.889755 2.21068
vt 0.951306 2.21699
vt 0.954019 2.20804
vt 0.892469 2.20173
vt 0.951306 2.21699
vt 0.889755 2.21068
vt 0.892469 2.20173
vt 0.954019 2.20804
vt -3.31527 -2.99782
vt -3.29989 -2.99782
vt -3.29989 -3.99709
vt -3.31527 -3.99709
vt -3.28903 -2.99782
vt -3.30442 -2.99782
vt -3.30442 -3.99709
vt -3.28903 -3.99709
vt 0.81553 -2.99782
vt 0.81553 -3.99709
vt 0.877081 -3.99709
vt 0.877081 -2.99782
vt 0.812817 -3.99709
vt 0.812817 -2.99782
vt 0.874367 -2.99782
vt 0.874367 -3.99709
vt 0.812817 2.20279
vt 0.874368 2.2091
vt 0.877081 2.20015
vt 0.815531 2.19384
vt 0.874368 2.2091
vt 0.812817 2.20279
vt 0.815531 2.19384
vt 0.877081 2.20015
vt -3.30171 -2.99782
vt -3.28632 -2.99782
vt -3.28632 -3.99709
vt -3.30171 -3.99709
vt -3.27547 -2.99782
vt -3.29086 -2.99782
vt -3.29086 -3.99709
vt -3.27547 -3.99709
vt 0.738592 -2.99782
vt 0.738592 -3.99709
vt 0.800143 -3.99709
vt 0.800143 -2.99782
vt 0.735879 -3.99709
vt 0.735879 -2.99782
vt 0.797429 -2.99782
vt 0.797429 -3.99709
vt 0.735879 2.1949
vt 0.79743 2.20121
vt 0.800143 2.19226
vt 0.738593 2.18595
vt 0.79743 2.20121
vt 0.735879 2.1949
vt 0.738593 2.18595
vt 0.800143 2.19226
vt 0.5625 -2.99782
vt 0.546875 -2.99782
vt 0.546875 -3.99709
vt 0.5625 -3.99709
vt 0.546875 -2.99782
vt 0.5625 -2.99782
vt 0.5625 -3.99709
vt 0.546875 -3.99709
vt -2.86719 -2.99782
vt -2.86719 -3.99709
vt -2.80469 -3.99709
vt -2.80469 -2.99782
vt -2.86719 -3.99709
vt -2.86719 -2.99782
vt -2.80469 -2.99782
vt -2.80469 -3.99709
vt 0.5625 1.94858
vt 0.5625 1.91225
vt 0.546875 1.91225
vt 0.546875 1.94858
vt 0.5625 1.91225
vt 0.5625 1.94858
vt 0.546875 1.94858
vt 0.546875 1.91225
vt 0.5625 -2.00309
vt 0.546875 -2.00309
vt 0.546875 -3.00236
vt 0.5625 -3.00236
vt 0.546875 -2.00309
vt 0.5625 -2.00309
vt 0.5625 -3.00236
vt 0.546875 -3.00236
vt -2.9375 -2.00309
vt -2.9375 -3.00236
vt -2.875 -3.00236
vt -2.875 -2.00309
vt -2.9375 -3.00236
vt -2.9375 -2.00309
vt -2.875 -2.00309
vt -2.875 -3.00236
vt 0.5625 1.8214
vt 0.5625 1.78507
vt 0.546875 1.78507
vt 0.546875 1.8214
vt 0.5625 1.78507
vt 0.5625 1.8214
vt 0.546875 1.8214
vt 0.546875 1.78507
vt 0.5625 -2.00309
vt 0.546875 -2.00309
vt 0.546875 -3.00236
vt 0.5625 -3.00236
vt 0.546875 -2.00309
vt 0.5625 -2.00309
vt 0.5625 -3.00236
vt 0.546875 -3.00236
vt -3.01563 -2.00309
vt -3.01563 -3.00236
vt -2.95313 -3.00236
vt -2.95313 -2.00309
vt -3.01563 -3.00236
vt -3.01563 -2.00309
vt -2.95313 -2.00309
vt -2.95313 -3.00236
vt 0.5625 1.86682
vt 0.5625 1.83049
vt 0.546875 1.83049
vt 0.546875 1.86682
vt 0.5625 1.83049
vt 0.5625 1.86682
vt 0.546875 1.86682
vt 0.546875 1.83049
vt 0.5625 -2.00309
vt 0.546875 -2.00309
vt 0.546875 -3.00236
vt 0.5625 -3.00236
vt 0.546875 -2.00309
vt 0.5625 -2.00309
vt 0.5625 -3.00236
vt 0.546875 -3.00236
vt -3.09375 -2.00309
vt -3.09375 -3.00236
vt -3.03125 -3.00236
vt -3.03125 -2.00309
vt -3.09375 -3.00236
vt -3.09375 -2.00309
vt -3.03125 -2.00309
vt -3.03125 -3.00236
vt 0.5625 1.91225
vt 0.5625 1.87591
vt 0.546875 1.87591
vt 0.546875 1.91225
vt 0.5625 1.87591
vt 0.5625 1.91225
vt 0.546875 1.91225
vt 0.546875 1.87591
vt 0.5625 -2.00309
vt 0.546875 -2.00309
vt 0.546875 -3.00236
vt 0.5625 -3.00236
vt 0.546875 -2.00309
vt 0.5625 -2.00309
vt 0.5625 -3.00236
vt 0.546875 -3.00236
vt -3.17188 -2.00309
vt -3.17188 -3.00236
vt -3.10938 -3.00236
vt -3.10938 -2.00309
vt -3.17188 -3.00236
vt -3.17188 -2.00309
vt -3.10938 -2.00309
vt -3.10938 -3.00236
vt 0.5625 1.95767
vt 0.5625 1.92133
vt 0.546875 1.92133
vt 0.546875 1.95767
vt 0.5625 1.92133
vt 0.5625 1.95767
vt 0.546875 1.95767
vt 0.546875 1.92133
vt 0.5625 -2.00309
vt 0.546875 -2.00309
vt 0.546875 -3.00236
vt 0.5625 -3.00236
vt 0.546875 -2.00309
vt 0.5625 -2.00309
vt 0.5625 -3.00236
vt 0.546875 -3.00236
vt -3.25 -2.00309
vt -3.25 -3.00236
vt -3.1875 -3.00236
vt -3.1875 -2.00309
vt -3.25 -3.00236
vt -3.25 -2.00309
vt -3.1875 -2.00309
vt -3.1875 -3.00236
vt 0.5625 2.00309
vt 0.5625 1.96675
vt 0.546875 1.96675
vt 0.546875 2.00309
vt 0.5625 1.96675
vt 0.5625 2.00309
vt 0.546875 2.00309
vt 0.546875 1.96675
vt -3.32884 -2.00309
vt -3.31345 -2.00309
vt -3.31345 -3.00236
vt -3.32884 -3.00236
vt -3.3026 -2.00309
vt -3.31799 -2.00309
vt -3.31799 -3.00236
vt -3.3026 -3.00236
vt 0.892468 -2.00309
vt 0.892468 -3.00236
vt 0.954019 -3.00236
vt 0.954019 -2.00309
vt 0.889755 -3.00236
vt 0.889755 -2.00309
vt 0.951306 -2.00309
vt 0.951306 -3.00236
vt 0.889755 2.04262
vt 0.951306 2.04893
vt 0.954019 2.03998
vt 0.892469 2.03367
vt 0.951306 2.04893
vt 0.889755 2.04262
vt 0.892469 2.03367
vt 0.954019 2.03998
vt -3.31527 -2.00309
vt -3.29989 -2.00309
vt -3.29989 -3.00236
vt -3.31527 -3.00236
vt -3.28903 -2.00309
vt -3.30442 -2.00309
vt -3.30442 -3.00236
vt -3.28903 -3.00236
vt 0.81553 -2.00309
vt 0.81553 -3.00236
vt 0.877081 -3.00236
vt 0.877081 -2.00309
vt 0.812817 -3.00236
vt 0.812817 -2.00309
vt 0.874368 -2.00309
vt 0.874367 -3.00236
vt 0.812817 2.03473
vt 0.874368 2.04104
vt 0.877081 2.03209
vt 0.815531 2.02578
vt 0.874368 2.04104
vt 0.812817 2.03473
vt 0.815531 2.02578
vt 0.877081 2.03209
vt -3.30171 -2.00309
vt -3.28632 -2.00309
vt -3.28632 -3.00236
vt -3.30171 -3.00236
vt -3.27547 -2.00309
vt -3.29086 -2.00309
vt -3.29086 -3.00236
vt -3.27547 -3.00236
vt 0.738592 -2.00309
vt 0.738592 -3.00236
vt 0.800143 -3.00236
vt 0.800143 -2.00309
vt 0.735879 -3.00236
vt 0.735879 -2.00309
vt 0.797429 -2.00309
vt 0.797429 -3.00236
vt 0.735879 2.02684
vt 0.79743 2.03315
vt 0.800143 2.0242
vt 0.738593 2.01789
vt 0.79743 2.03315
vt 0.735879 2.02684
vt 0.738593 2.01789
vt 0.800143 2.0242
vt 0.5625 -2.00309
vt 0.546875 -2.00309
vt 0.546875 -3.00236
vt 0.5625 -3.00236
vt 0.546875 -2.00309
vt 0.5625 -2.00309
vt 0.5625 -3.00236
vt 0.546875 -3.00236
vt -2.86719 -2.00309
vt -2.86719 -3.00236
vt -2.80469 -3.00236
vt -2.80469 -2.00309
vt -2.86719 -3.00236
vt -2.86719 -2.00309
vt -2.80469 -2.00309
vt -2.80469 -3.00236
vt 0.5625 1.78052
vt 0.5625 1.74419
vt 0.546875 1.74419
vt 0.546875 1.78052
vt 0.5625 1.74419
vt 0.5625 1.78052
vt 0.546875 1.78052
vt 0.546875 1.74419
vt 0.491365 0.314193
vt 0.491365 -0.00283585
vt 0.00676936 -0.00283585
vt 0.00676936 0.314193
vt 4.03843 -3
vt 4.03843 -2.5
vt 3.52475 -2.5
vt 3.52475 -3
vt -24.6132 20.2591
vt -24.6132 19.7455
vt -24.2382 19.7455
vt -24.2382 20.2591
vt 1.45886 -1.65567
vt 1.0308 -1.65567
vt 1.0308 -1.37158
vt 1.45886 -1.37158
vt 2.82479 -2.5
vt 3.29354 -2.5625
vt 3.29354 -3
vt 2.82479 -3
vt -2.03361 0.398352
vt -2.50236 0.460852
vt -2.50236 -0.0391479
vt -2.03361 -0.0391479
vt 2.98612 -2.65158
vt 2.55806 -2.65158
vt 2.55806 -2.36742
vt 2.98612 -2.36742
vt 3.12284 -2.65158
vt 3.12284 -2.36742
vt 2.69478 -2.65158
vt 2.69478 -2.36742
vt 2.69478 -2.27279
vt 3.12284 -2.27279
vt -4.12267 1.87274
vt -3.81017 1.87274
vt -3.81017 2.26189
vt -4.12267 2.26189
vt -3.81017 -2.36742
vt -3.81017 -2.65158
vt -4.12267 -2.65158
vt -4.12267 -2.36742
vt -4.04454 -2.28463
vt -4.04454 -2.36742
vt -4.12267 -2.27279
vt -4.12267 -2.36742
vt -4.12267 -2.65158
vt -3.81017 -2.65158
vt -3.81017 -2.36742
vt -4.12267 -2.27279
vt -4.04454 -2.36742
vt -4.04454 -2.28463
vt 2.99263 3.81299
vt 2.56457 3.81299
vt 2.56457 4.09708
vt 2.99263 4.09708
vt 2.98612 4.25392
vt 2.55806 4.25392
vt 2.55806 4.32494
vt 2.98612 4.32494
vt -4.12267 2.26189
vt -4.12267 1.87274
vt -4.04454 1.87274
vt -4.04454 2.26189
vt 2.55806 -2.36742
vt 2.55806 -2.28463
vt 2.98612 -2.28463
vt 2.98612 -2.36742
vt -2.94596 0.314193
vt -2.94596 -0.00283585
vt -2.5543 -0.00283585
vt -2.5543 0.314193
vt 0.716797 -3
vt 0.716797 -2.5
vt 1.0928 -2.5
vt 1.0928 -3
vt -20.709 16.9375
vt -20.709 17.3135
vt -21.084 17.3135
vt -21.084 16.9375
vt 2.44708 -0.147964
vt 2.76042 -0.147964
vt 2.76042 -0.432055
vt 2.44708 -0.432055
vt 7.60254 -2.58212
vt 7.13379 -2.64462
vt 7.13379 -3.08212
vt 7.60254 -3.08212
vt 7.50488 -2.5625
vt 7.97363 -2.5
vt 7.97363 -3
vt 7.50488 -3
vt 1.51244 -2.29351
vt 1.82577 -2.29351
vt 1.82577 -2.00935
vt 1.51244 -2.00935
vt 1.09903 -2.65158
vt 1.09903 -2.36742
vt 1.41236 -2.65158
vt 1.41236 -2.36742
vt 1.41236 -2.27279
vt 1.09903 -2.27279
vt -0.869141 0.706907
vt -1.18164 0.706907
vt -1.18164 0.422058
vt -0.869141 0.422058
vt -1.18164 -2.36742
vt -1.18164 -2.65158
vt -0.869141 -2.65158
vt -0.869141 -2.36742
vt -0.947266 -2.28463
vt -0.947266 -2.36742
vt -0.869141 -2.27279
vt -0.869141 -2.36742
vt -0.869141 -2.65158
vt -1.18164 -2.65158
vt -1.18164 -2.36742
vt -0.869141 -2.27279
vt -0.947266 -2.36742
vt -0.947266 -2.28463
vt 0.0374219 0.62934
vt 0.4552 0.62934
vt 0.4552 0.212674
vt 0.0374219 0.212674
vt 6.52546 1.43821
vt 6.8388 1.43821
vt 6.8388 1.36719
vt 6.52546 1.36719
vt -0.869141 0.422058
vt -0.869141 0.706907
vt -0.947266 0.706907
vt -0.947266 0.422058
vt 1.49049 -2.19579
vt 1.49049 -2.11299
vt 1.17715 -2.11299
vt 1.17715 -2.19579
vt -2.49346 0.314193
vt -2.49346 -0.00283585
vt -2.18526 -0.00283585
vt -2.18526 0.314193
vt 0.440406 -3
vt 0.440406 -2.5
vt 0.816406 -2.5
vt 0.816406 -3
vt -20.709 16.6611
vt -20.709 17.0371
vt -21.084 17.0371
vt -21.084 16.6611
vt 2.67741 -0.147964
vt 2.99074 -0.147964
vt 2.99074 -0.432055
vt 2.67741 -0.432055
vt 7.97363 -2.5
vt 7.50488 -2.5625
vt 7.50488 -3
vt 7.97363 -3
vt 7.13379 -2.64852
vt 7.60254 -2.58602
vt 7.60254 -3.08602
vt 7.13379 -3.08602
vt 0.380859 1.73047
vt 0.380859 1.61719
vt 0.0175781 1.61719
vt 0.0175781 1.73047
vt 0.380859 1.61719
vt 0.380859 1.73047
vt 0.0175781 1.73047
vt 0.0175781 1.61719
vt 0.380859 -1.62891
vt 0.0175781 -1.62891
vt 0.0175781 -1.63281
vt 0.380859 -1.63281
vt 0.0175781 -1.62891
vt 0.380859 -1.62891
vt 0.380859 -1.63281
vt 0.0175781 -1.63281
vt -1.46484 1.73047
vt -1.46875 1.73047
vt -1.46875 1.61719
vt -1.46484 1.61719
vt -1.46875 1.73047
vt -1.46484 1.73047
vt -1.46484 1.61719
vt -1.46875 1.61719
vt 0.380859 1.73047
vt 0.380859 1.61719
vt 0.0175781 1.61719
vt 0.0175781 1.73047
vt 0.380859 1.61719
vt 0.380859 1.73047
vt 0.0175781 1.73047
vt 0.0175781 1.61719
vt 0.380859 -1.62891
vt 0.0175781 -1.62891
vt 0.0175781 -1.63281
vt 0.380859 -1.63281
vt 0.0175781 -1.62891
vt 0.380859 -1.62891
vt 0.380859 -1.63281
vt 0.0175781 -1.63281
vt -1.46484 1.73047
vt -1.46875 1.73047
vt -1.46875 1.61719
vt -1.46484 1.61719
vt -1.46875 1.73047
vt -1.46484 1.73047
vt -1.46484 1.61719
vt -1.46875 1.61719
vt -0.736328 0.638672
vt -0.736328 0.251953
vt -0.0527345 0.251953
vt -0.0527345 0.638672
vt -0.736328 0.330078
vt -0.0527345 0.330078
vt -0.0527345 0.332031
vt -0.736328 0.332031
vt -0.0527345 0.330078
vt -0.736328 0.330078
vt -0.736328 0.332031
vt -0.0527345 0.332031
vt -0.0429688 0.638672
vt -0.0410156 0.638672
vt -0.0410156 0.251953
vt -0.0429688 0.251953
vt -0.0410156 0.638672
vt -0.0429688 0.638672
vt -0.0429688 0.251953
vt -0.0410156 0.251953
vt -0.00585938 0.251953
vt -0.00585938 0.638672
vt -0.705078 0.638672
vt -0.705078 0.251953
vt -0.939453 0.0585938
vt -0.939453 -0.640625
vt -0.9375 -0.640625
vt -0.9375 0.0585938
vt -0.939453 -0.640625
vt -0.939453 0.0585938
vt -0.9375 0.0585938
vt -0.9375 -0.640625
vt -0.939453 0.638672
vt -0.9375 0.638672
vt -0.9375 0.251953
vt -0.939453 0.251953
vt -0.9375 0.638672
vt -0.939453 0.638672
vt -0.939453 0.251953
vt -0.9375 0.251953
vt -0.00585938 0.638672
vt -0.00585938 0.251953
vt -0.689453 0.251953
vt -0.689453 0.638672
vt 0.701172 0.0664063
vt 0.701172 -0.617188
vt 0.703125 -0.617188
vt 0.703125 0.0664063
vt 0.701172 -0.617188
vt 0.701172 0.0664063
vt 0.703125 0.0664063
vt 0.703125 -0.617188
vt 0.701172 0.638672
vt 0.703125 0.638672
vt 0.703125 0.251953
vt 0.701172 0.251953
vt 0.703125 0.638672
vt 0.701172 0.638672
vt 0.701172 0.251953
vt 0.703125 0.251953
vn 0 0 1
vn 0 0 1
vn 0 0 1
vn 0 0 -1
vn 0 0 -1
vn 0 0 -1
vn -0.005640978 0.9972495 -0.07390177
vn -0.005640978 0.9972495 -0.07390177
vn -0.005640978 0.9972495 -0.07390177
vn 0 0 -1
vn 0 0 -1
vn 0 0 -1
vn 0 0 1
vn 0 0 1
vn 0 0 1
vn 0.005640978 0.9972495 0.07390177
vn 0.005640978 0.9972495 0.07390177
vn 0.005640978 0.9972495 0.07390177
vn 0 0 1
vn 0 0 1
vn 0 0 1
vn 0 0 -1
vn 0 0 -1
vn 0 0 -1
vn -0.005640978 0.9972495 -0.07390177
vn -0.005640978 0.9972495 -0.07390177
vn -0.005640978 0.9972495 -0.07390177
vn 0 1 0
vn 0 1 0
vn 0 1 0
vn 0 1 0
vn 0 0 1
vn 0 0 1
vn 0 0 1
vn 0 0 1
vn -1 0 0
vn -1 0 0
vn -1 0 0
vn -1 0 0
vn 1 0 0
vn 1 0 0
vn 1 0 0
vn 1 0 0
vn 0 0 1
vn 0 0 1
vn 0 0 1
vn 0 0 1
vn 0 0 1
vn 0 0 1
vn 0 0 1
vn 0 0 1
vn 0 0 1
vn 0 0 1
vn 0 0 1
vn 0 0 1
vn -1 0 0
vn -1 0 0
vn -1 0 0
vn -1 0 0
vn -1 0 0
vn -1 0 0
vn -1 0 0
vn -1 0 0
vn -1 0 0
vn -1 0 0
vn -1 0 0
vn -1 0 0
vn -1 0 0
vn -1 0 0
vn -1 0 0
vn -1 0 0
vn -1 0 0
vn -1 0 0
vn -1 0 0
vn -1 0 0
vn -1 0 0
vn -1 0 0
vn 0 0 -1
vn 0 0 -1
vn 0 0 -1
vn 0 0 -1
vn 0 1 0
vn 0 1 0
vn 0 1 0
vn 0 1 0
vn 1 0 0
vn 1 0 0
vn 1 0 0
vn 1 0 0
vn 1 0 0
vn 1 0 0
vn 1 0 0
vn 1 0 0
vn 1 0 0
vn 1 0 0
vn 0 1 0
vn 0 1 0
vn 0 1 0
vn 0 1 0
vn 0 -1 0
vn 0 -1 0
vn 0 -1 0
vn 0 -1 0
vn 0 0 1
vn 0 0 1
vn 0 0 1
vn 0 0 1
vn -1 0 0
vn -1 0 0
vn -1 0 0
vn -1 0 0
vn 1 0 0
vn 1 0 0
vn 1 0 0
vn 1 0 0
vn 0 -1 0
vn 0 -1 0
vn 0 -1 0
vn 0 -1 0
vn 0 -1 0
vn 0 -1 0
vn 0 -1 0
vn 1 0 0
vn 1 0 0
vn 1 0 0
vn 1 0 0
vn 1 0 0
vn 1 0 0
vn 0 0 1
vn 0 0 1
vn 0 0 1
vn 0 0 1
vn 0 -1 0
vn 0 -1 0
vn 0 -1 0
vn 0 -1 0
vn 0 1 0
vn 0 1 0
vn 0 1 0
vn 0 1 0
vn 1 0 0
vn 1 0 0
vn 1 0 0
vn 1 0 0
vn 1 0 0
vn 1 0 0
vn 1 0 0
vn 1 0 0
vn 0 0 1
vn 0 0 1
vn 0 0 1
vn 0 0 1
vn 0 0 1
vn 0 0 1
vn 0 0 1
vn 0 0 1
vn -1 0 0
vn -1 0 0
vn -1 0 0
vn -1 0 0
vn -1 0 0
vn -1 0 0
vn -1 0 0
vn -1 0 0
vn 0 -0.7887251 -0.614746
vn 0 -0.7887251 -0.614746
vn 0 -0.7887251 -0.614746
vn 0 -0.7887251 -0.614746
vn 0 -0.7887251 0.614746
vn 0 -0.7887251 0.614746
vn 0 -0.7887251 0.614746
vn 0 -0.7887251 0.614746
vn 0 -1 0
vn 0 -1 0
vn 0 -1 0
vn 0 -1 0
vn 0 1 0
vn 0 1 0
vn 0 1 0
vn 0 1 0
vn 0 -0.7887251 0.614746
vn 0 -0.7887251 0.614746
vn 0 -0.7887251 0.614746
vn 0 -0.7887251 0.614746
vn 0 -0.7887251 -0.614746
vn 0 -0.7887251 -0.614746
vn 0 -0.7887251 -0.614746
vn 0 -0.7887251 -0.614746
vn 0 -0.7887251 -0.614746
vn 0 -0.7887251 -0.614746
vn 0 -0.7887251 -0.614746
vn 0 -0.7887251 -0.614746
vn 0 -1 0
vn 0 -1 0
vn 0 -1 0
vn 0 -1 0
vn 0 1 0
vn 0 1 0
vn 0 1 0
vn 0 1 0
vn 0 0 1
vn 0 0 1
vn 0 0 1
vn 0 0 1
vn 0 -1 0
vn 0 -1 0
vn 0 -1 0
vn 0 -1 0
vn -1 0 0
vn -1 0 0
vn -1 0 0
vn -1 0 0
vn 0 1 0
vn 0 1 0
vn 0 1 0
vn 0 1 0
vn 0 -0.7887251 0.614746
vn 0 -0.7887251 0.614746
vn 0 -0.7887251 0.614746
vn 0 -0.7887251 0.614746
vn 0 -0.7887251 0.614746
vn 0 -0.7887251 0.614746
vn 0 -0.7887251 0.614746
vn 0 -0.7887251 0.614746
vn 0 1 0
vn 0 1 0
vn 0 1 0
vn 0 1 0
vn 0 -0.7887251 0.614746
vn 0 -0.7887251 0.614746
vn 0 -0.7887251 0.614746
vn 0 -0.7887251 0.614746
vn 0 -0.7887251 -0.614746
vn 0 -0.7887251 -0.614746
vn 0 -0.7887251 -0.614746
vn 0 -0.7887251 -0.614746
vn 0 -0.7887251 -0.614746
vn 0 -0.7887251 -0.614746
vn 0 -0.7887251 -0.614746
vn 0 -0.7887251 -0.614746
vn 0 -0.7887251 -0.614746
vn 0 -0.7887251 -0.614746
vn 0 -0.7887251 -0.614746
vn 0 -0.7887251 -0.614746
vn 0 -0.7887251 0.614746
vn 0 -0.7887251 0.614746
vn 0 -0.7887251 0.614746
vn 0 -0.7887251 0.614746
vn 0 0 1
vn 0 0 1
vn 0 0 1
vn 0 0 1
vn -1 0 0
vn -1 0 0
vn -1 0 0
vn -1 0 0
vn -1 0 0
vn -1 0 0
vn 0 0 -1
vn 0 0 -1
vn 0 0 -1
vn 0 0 -1
vn 1 0 0
vn 1 0 0
vn 1 0 0
vn 1 0 0
vn 1 0 0
vn 1 0 0
vn 0 -0.9995958 0.02843069
vn 0 -0.9995958 0.02843069
vn 0 -1 0
vn 0 -1 0
vn 0 -1 0
vn 0 -1 0
vn 0 -1 0
vn 0 -1 0
vn 0 -1 0
vn 0 -1 0
vn 0 -1 0
vn 0 -1 0
vn 0 -1 0
vn 0 -1 0
vn 0.5189921 0 -0.8547791
vn 0.5189921 0 -0.8547791
vn 0.5189921 0 -0.8547791
vn 0.5189921 0 -0.8547791
vn 0.2772219 0 0.9608059
vn 0.2772219 0 0.9608059
vn 0.2772219 0 0.9608059
vn 0.2772219 0 0.9608059
vn 0 0 1
vn 0 0 1
vn 0 0 1
vn 0 0 1
vn 0.5142778 0 0.8576236
vn 0.5142778 0 0.8576236
vn 0.5142778 0 0.8576236
vn 0.5142778 0 0.8576236
vn -0.4719899 0 0.881604
vn -0.4719899 0 0.881604
vn -0.4719899 0 0.881604
vn -0.4719899 0 0.881604
vn -0.9902505 0 -0.1392979
vn -0.9902505 0 -0.1392979
vn -0.9902505 0 -0.1392979
vn -0.9902505 0 -0.1392979
vn 1 0 0
vn 1 0 0
vn 1 0 0
vn 1 0 0
vn 0 1 0
vn 0 1 0
vn 0 1 0
vn 0 1 0
vn 0 1 0
vn 0 1 0
vn 0 0 1
vn 0 0 1
vn 0 0 1
vn 0 0 1
vn 1 0 0
vn 1 0 0
vn 1 0 0
vn 1 0 0
vn 0 -1 0
vn 0 -1 0
vn 0 -1 0
vn 0 -1 0
vn 0 0 1
vn 0 0 1
vn 0 0 1
vn 0 0 1
vn 0 1 0
vn 0 1 0
vn 0 1 0
vn 0 1 0
vn -1 0 0
vn -1 0 0
vn -1 0 0
vn -1 0 0
vn 0 0 1
vn 0 0 1
vn 0 0 1
vn 0 0 1
vn -1 0 0
vn -1 0 0
vn -1 0 0
vn -1 0 0
vn 0 -1 0
vn 0 -1 0
vn 0 -1 0
vn 0 -1 0
vn 0 0 1
vn 0 0 1
vn 0 0 1
vn 0 0 1
vn 0 1 0
vn 0 1 0
vn 0 1 0
vn 0 1 0
vn -1 0 0
vn -1 0 0
vn -1 0 0
vn -1 0 0
vn 0 0 1
vn 0 0 1
vn 0 0 1
vn 0 0 1
vn -1 0 0
vn -1 0 0
vn -1 0 0
vn -1 0 0
vn 0 -1 0
vn 0 -1 0
vn 0 -1 0
vn 0 -1 0
vn 0 0 1
vn 0 0 1
vn 0 0 1
vn 0 0 1
vn 0 1 0
vn 0 1 0
vn 0 1 0
vn 0 1 0
vn 0 -1 0
vn 0 -1 0
vn 0 -1 0
vn 0 -1 0
vn 0 -1 0
vn 0 -1 0
vn 0 -1 0
vn 0 -1 0
vn 0 -1 0
vn 0 -1 0
vn 0 -1 0
vn 0 -1 0
vn 0 -1 0
vn 0 -1 0
vn 0 0 1
vn 0 0 1
vn 0 0 1
vn 0 0 1
vn 0.5189921 0 -0.8547791
vn 0.5189921 0 -0.8547791
vn 0.5189921 0 -0.8547791
vn 0.5189921 0 -0.8547791
vn 0.2772219 0 0.9608059
vn 0.2772219 0 0.9608059
vn 0.2772219 0 0.9608059
vn 0.2772219 0 0.9608059
vn 0 0 1
vn 0 0 1
vn 0 0 1
vn 0 0 1
vn 0.5142778 0 0.8576236
vn 0.5142778 0 0.8576236
vn 0.5142778 0 0.8576236
vn 0.5142778 0 0.8576236
vn -0.4719899 0 0.881604
vn -0.4719899 0 0.881604
vn -0.4719899 0 0.881604
vn -0.4719899 0 0.881604
vn -1 0 0
vn -1 0 0
vn -1 0 0
vn -1 0 0
vn 0 -1 0
vn 0 -1 0
vn 0 -1 0
vn 0 -1 0
vn 0 -1 0
vn 0 -1 0
vn 0 -1 0
vn 0 -1 0
vn 0 -1 0
vn 0 -1 0
vn 0 -1 0
vn 0 -1 0
vn 0 -1 0
vn 0 -1 0
vn 0 0 1
vn 0 0 1
vn 0 0 1
vn 0 0 1
vn 0.5189921 0 -0.8547791
vn 0.5189921 0 -0.8547791
vn 0.5189921 0 -0.8547791
vn 0.5189921 0 -0.8547791
vn 0.2772219 0 0.9608059
vn 0.2772219 0 0.9608059
vn 0.2772219 0 0.9608059
vn 0.2772219 0 0.9608059
vn 0 0 1
vn 0 0 1
vn 0 0 1
vn 0 0 1
vn 0.5142778 0 0.8576236
vn 0.5142778 0 0.8576236
vn 0.5142778 0 0.8576236
vn 0.5142778 0 0.8576236
vn -0.4719899 0 0.881604
vn -0.4719899 0 0.881604
vn -0.4719899 0 0.881604
vn -0.4719899 0 0.881604
vn -1 0 0
vn -1 0 0
vn -1 0 0
vn -1 0 0
vn 0 0 1
vn 0 0 1
vn 0 0 1
vn 0 0 1
vn 0 -1 0
vn 0 -1 0
vn 0 -1 0
vn 0 -1 0
vn -1 0 0
vn -1 0 0
vn -1 0 0
vn -1 0 0
vn 0 1 0
vn 0 1 0
vn 0 1 0
vn 0 1 0
vn 1 0 0
vn 1 0 0
vn 1 0 0
vn 1 0 0
vn 0 -0.7887251 0.614746
vn 0 -0.7887251 0.614746
vn 0 -0.7887251 0.614746
vn 0 -0.7887251 0.614746
vn 0 -1 0
vn 0 -1 0
vn 0 -1 0
vn 0 -1 0
vn 0 0 1
vn 0 0 1
vn 0 0 1
vn 0 0 1
vn 0 -0.7887251 0.614746
vn 0 -0.7887251 0.614746
vn 0 -0.7887251 0.614746
vn 0 -0.7887251 0.614746
vn 0 -0.7887251 -0.614746
vn 0 -0.7887251 -0.614746
vn 0 -0.7887251 -0.614746
vn 0 -0.7887251 -0.614746
vn 0 -0.7887251 -0.614746
vn 0 -0.7887251 -0.614746
vn 0 -0.7887251 -0.614746
vn 0 -0.7887251 -0.614746
vn 0 -0.7887251 -0.614746
vn 0 -0.7887251 -0.614746
vn 0 -0.7887251 -0.614746
vn 0 -0.7887251 -0.614746
vn 0 -0.7887251 0.614746
vn 0 -0.7887251 0.614746
vn 0 -0.7887251 0.614746
vn 0 -0.7887251 0.614746
vn 0 0 1
vn 0 0 1
vn 0 0 1
vn 0 0 1
vn -1 0 0
vn -1 0 0
vn -1 0 0
vn -1 0 0
vn -1 0 0
vn -1 0 0
vn 0 0 -1
vn 0 0 -1
vn 0 0 -1
vn 0 0 -1
vn 1 0 0
vn 1 0 0
vn 1 0 0
vn 1 0 0
vn 1 0 0
vn 1 0 0
vn 0 0.7887036 0.6147736
vn 0 0.7887036 0.6147736
vn 0 0.7887036 0.6147736
vn 0 0.7887036 0.6147736
vn 0 0.7887036 0.6147736
vn 0 0.7887036 0.6147736
vn 0 0.7887036 0.6147736
vn 0 0.7887036 0.6147736
vn 0 0 1
vn 0 0 1
vn 0 0 1
vn 0 0 1
vn 0 0 1
vn 0 0 1
vn 0 0 1
vn 0 0 1
vn 0 0.7887036 -0.6147736
vn 0 0.7887036 -0.6147736
vn 0 0.7887036 -0.6147736
vn 0 0.7887036 -0.6147736
vn 0 0.7887036 -0.6147736
vn 0 0.7887036 -0.6147736
vn 0 0.7887036 -0.6147736
vn 0 0.7887036 -0.6147736
vn 0 0 -1
vn 0 0 -1
vn 0 0 -1
vn 0 0 -1
vn 0 0 -1
vn 0 0 -1
vn 0 0 -1
vn 0 0 -1
vn 0 0.7887036 -0.6147736
vn 0 0.7887036 -0.6147736
vn 0 0.7887036 -0.6147736
vn 0 0.7887036 -0.6147736
vn 0 0.7887036 -0.6147736
vn 0 0.7887036 -0.6147736
vn 0 0.7887036 -0.6147736
vn 0 0.7887036 -0.6147736
vn 0 0 -1
vn 0 0 -1
vn 0 0 -1
vn 0 0 -1
vn 0 0 -1
vn 0 0 -1
vn 0 0 -1
vn 0 0 -1
vn 0 0.7887036 0.6147736
vn 0 0.7887036 0.6147736
vn 0 0.7887036 0.6147736
vn 0 0.7887036 0.6147736
vn 0 0.7887036 0.6147736
vn 0 0.7887036 0.6147736
vn 0 0.7887036 0.6147736
vn 0 0.7887036 0.6147736
vn 0 0 1
vn 0 0 1
vn 0 0 1
vn 0 0 1
vn 0 0 1
vn 0 0 1
vn 0 0 1
vn 0 0 1
vn 0 1 0
vn 0 1 0
vn 0 1 0
vn 0 1 0
vn 0 1 0
vn 0 1 0
vn 0 1 0
vn 0 1 0
vn 0 1 0
vn 0 1 0
vn 0 1 0
vn 0 1 0
vn 0 1 0
vn -1 0 0
vn -1 0 0
vn -1 0 0
vn -1 0 0
vn -1 0 0
vn -1 0 0
vn 0 -1 0
vn 0 -1 0
vn 0 -1 0
vn 0 -1 0
vn 0 -1 0
vn 0 -1 0
vn 0 -1 0
vn 0 -1 0
vn 0 -1 0
vn 0 -1 0
vn 0 -1 0
vn 0 -1 0
vn 1 0 0
vn 1 0 0
vn 1 0 0
vn 1 0 0
vn 1 0 0
vn 1 0 0
vn 0 1 0
vn 0 1 0
vn 0 1 0
vn 0 1 0
vn 0 1 0
vn 0 1 0
vn 0 -1 0
vn 0 -1 0
vn 0 -1 0
vn 0 -1 0
vn 0 -1 0
vn 0 -1 0
vn 1 0 0
vn 1 0 0
vn 1 0 0
vn 1 0 0
vn 1 0 0
vn 1 0 0
vn 0 1 0
vn 0 1 0
vn 0 1 0
vn 0 1 0
vn 0 1 0
vn 0 1 0
vn 0 1 0
vn 0 1 0
vn 0 1 0
vn 0 1 0
vn 0 1 0
vn 0 1 0
vn 0 1 0
vn 0 1 0
vn 0 1 0
vn 0 1 0
vn 0 1 0
vn 0 1 0
vn 0 1 0
vn 0 1 0
vn -1 0 0
vn -1 0 0
vn -1 0 0
vn -1 0 0
vn -1 0 0
vn -1 0 0
vn 0 1 0
vn 0 1 0
vn 0 1 0
vn 0 1 0
vn 0 1 0
vn 0 1 0
vn 0 1 0
vn 0 1 0
vn 0 1 0
vn 0 1 0
vn 0 1 0
vn 0 1 0
vn 0 1 0
vn 0 1 0
vn 0 0.7887036 -0.6147736
vn 0 0.7887036 -0.6147736
vn 0 0.7887036 -0.6147736
vn 0 0.7887036 -0.6147736
vn 0 0.7887036 -0.6147736
vn 0 0.7887036 -0.6147736
vn 0 0.7887036 -0.6147736
vn 0 0.7887036 -0.6147736
vn 0 0 -1
vn 0 0 -1
vn 0 0 -1
vn 0 0 -1
vn 0 0 -1
vn 0 0 -1
vn 0 0 -1
vn 0 0 -1
vn 0 0.7887036 0.6147736
vn 0 0.7887036 0.6147736
vn 0 0.7887036 0.6147736
vn 0 0.7887036 0.6147736
vn 0 0.7887036 0.6147736
vn 0 0.7887036 0.6147736
vn 0 0.7887036 0.6147736
vn 0 0.7887036 0.6147736
vn 0 0 1
vn 0 0 1
vn 0 0 1
vn 0 0 1
vn 0 0 1
vn 0 0 1
vn 0 0 1
vn 0 0 1
vn 1 0 0
vn 1 0 0
vn 1 0 0
vn 1 0 0
vn 1 0 0
vn 1 0 0
vn 1 0 0
vn 1 0 0
vn 1 0 0
vn 1 0 0
vn -1 0 0
vn -1 0 0
vn -1 0 0
vn -1 0 0
vn -1 0 0
vn -1 0 0
vn -1 0 0
vn -1 0 0
vn -1 0 0
vn -1 0 0
vn -1 0 0
vn -1 0 0
vn 0 0 -1
vn 0 0 -1
vn 0 0 -1
vn 0 0 -1
vn 0 0 -1
vn 0 0 -1
vn 0 0 -1
vn 0 0 -1
vn 0 0 -1
vn 0 0 -1
vn 0.0007000888 0 -0.9999998
vn 0.0007000888 0 -0.9999998
vn 0 0 -1
vn 0 0 -1
vn 0 0 -1
vn 0 0 -1
vn 0.003089641 0 -0.9999952
vn 0.003089641 0 -0.9999952
vn 0.003089641 0 -0.9999952
vn 0.003089641 0 -0.9999952
vn -0.00129419 0 -0.9999992
vn -0.00129419 0 -0.9999992
vn -0.00129419 0 -0.9999992
vn -0.00129419 0 -0.9999992
vn -0.0005016209 0 -0.9999999
vn -0.0005016209 0 -0.9999999
vn -0.0005016209 0 -0.9999999
vn -0.0005016209 0 -0.9999999
vn 0 0 -1
vn 0 0 -1
vn 0 0 -1
vn 0 0 -1
vn 0 0 1
vn 0 0 1
vn 0 0 1
vn 0 0 1
vn 0 0 1
vn 0 0 1
vn 0 0 1
vn 0 0 1
vn 0 0 1
vn 0 0 1
vn 0 0 1
vn 0 0 1
vn 0 0 -1
vn 0 0 -1
vn 0 0 -1
vn 0 0 -1
vn 0 0 -1
vn 0 0 -1
vn 0 0 -1
vn 0 0 -1
vn 0 0 -1
vn 0 0 -1
vn 0 0 -1
vn 0 0 -1
vn 0 -1 0
vn 0 -1 0
vn 0 -1 0
vn 0 -1 0
vn -1 0 0
vn -1 0 0
vn -1 0 0
vn -1 0 0
vn 1 0 0
vn 1 0 0
vn 1 0 0
vn 1 0 0
vn 0 1 0
vn 0 1 0
vn 0 1 0
vn 0 1 0
vn 0 -1 0
vn 0 -1 0
vn 0 -1 0
vn 0 -1 0
vn 0 -1 0
vn 0 -1 0
vn 0 -1 0
vn 0 -1 0
vn 0 1 0
vn 0 1 0
vn 0 1 0
vn 0 1 0
vn 1 0 0
vn 1 0 0
vn 1 0 0
vn 1 0 0
vn 0 -1 0
vn 0 -1 0
vn 0 -1 0
vn 0 -1 0
vn 0 1 0
vn 0 1 0
vn 0 1 0
vn 0 1 0
vn -1 0 0
vn -1 0 0
vn -1 0 0
vn -1 0 0
vn 0 0 1
vn 0 0 1
vn 0 0 1
vn 0 0 1
vn 0 -1 0
vn 0 -1 0
vn 0 -1 0
vn 0 -1 0
vn -1 0 0
vn -1 0 0
vn -1 0 0
vn -1 0 0
vn 1 0 0
vn 1 0 0
vn 1 0 0
vn 1 0 0
vn 0 1 0
vn 0 1 0
vn 0 1 0
vn 0 1 0
vn 0 0 -1
vn 0 0 -1
vn 0 0 -1
vn 0 0 -1
vn 0 0 1
vn 0 0 1
vn 0 0 1
vn 0 0 1
vn 0 1 0
vn 0 1 0
vn 0 1 0
vn 0 1 0
vn -1 0 0
vn -1 0 0
vn -1 0 0
vn -1 0 0
vn 1 0 0
vn 1 0 0
vn 1 0 0
vn 1 0 0
vn 0 -1 0
vn 0 -1 0
vn 0 -1 0
vn 0 -1 0
vn 0 0 -1
vn 0 0 -1
vn 0 0 -1
vn 0 0 -1
vn 0 0 1
vn 0 0 1
vn 0 0 1
vn 0 0 1
vn 0 1 0
vn 0 1 0
vn 0 1 0
vn 0 1 0
vn -1 0 0
vn -1 0 0
vn -1 0 0
vn -1 0 0
vn 1 0 0
vn 1 0 0
vn 1 0 0
vn 1 0 0
vn 0 -1 0
vn 0 -1 0
vn 0 -1 0
vn 0 -1 0
vn 0 0 -1
vn 0 0 -1
vn 0 0 -1
vn 0 0 -1
vn 0 0 -1
vn 0 0 -1
vn 0 0 -1
vn 0 0 -1
vn 0 -1 0
vn 0 -1 0
vn 0 -1 0
vn 0 -1 0
vn 1 0 0
vn 1 0 0
vn 1 0 0
vn 1 0 0
vn -1 0 0
vn -1 0 0
vn -1 0 0
vn -1 0 0
vn 0 1 0
vn 0 1 0
vn 0 1 0
vn 0 1 0
vn 0 0 1
vn 0 0 1
vn 0 0 1
vn 0 0 1
vn 0 0 1
vn 0 0 1
vn 0 0 1
vn 0 0 1
vn 1 0 0
vn 1 0 0
vn 1 0 0
vn 1 0 0
vn 1 0 0
vn 1 0 0
vn 0 -1 0
vn 0 -1 0
vn 0 -1 0
vn 0 -1 0
vn 0 -1 0
vn 0 -1 0
vn 0 -1 0
vn 0 -1 0
vn 0 -1 0
vn 0 -1 0
vn 0 1 0
vn 0 1 0
vn 0 1 0
vn 0 1 0
vn 0 1 0
vn 0 1 0
vn 0 1 0
vn 0 1 0
vn -1 0 0
vn -1 0 0
vn -1 0 0
vn -1 0 0
vn -1 0 0
vn -1 0 0
vn -1 0 0
vn 0 0 -1
vn 0 0 -1
vn 0 0 -1
vn 0 0 -1
vn 0 0 -1
vn 0 0 -1
vn 0 0 -1
vn 0 0 -1
vn 0 0 -1
vn 0 0 -1
vn 0 0 -1
vn 0 0 -1
vn 0 0 -1
vn 0 0 -1
vn 0 0 1
vn 0 0 1
vn 0 0 1
vn 0 0 1
vn 0 0 1
vn 0 0 1
vn 0 0 1
vn 0 0 1
vn 0 0 1
vn 0 0 1
vn -1 0 0
vn -1 0 0
vn -1 0 0
vn -1 0 0
vn -1 0 0
vn -1 0 0
vn -1 0 0
vn -1 0 0
vn 1 0 0
vn 1 0 0
vn 1 0 0
vn 1 0 0
vn 0 -1 0
vn 0 -1 0
vn 0 -1 0
vn 0 -1 0
vn 0 1 0
vn 0 1 0
vn 0 1 0
vn 0 1 0
vn 1 0 0
vn 1 0 0
vn 1 0 0
vn 1 0 0
vn -1 0 0
vn -1 0 0
vn -1 0 0
vn -1 0 0
vn 0 0 -1
vn 0 0 -1
vn 0 0 -1
vn 0 0 -1
vn 0 0 1
vn 0 0 1
vn 0 0 1
vn 0 0 1
vn 1 0 0
vn 1 0 0
vn 1 0 0
vn 1 0 0
vn 0 1 0
vn 0 1 0
vn 0 1 0
vn 0 1 0
vn 0 -1 0
vn 0 -1 0
vn 0 -1 0
vn 0 -1 0
vn -1 0 0
vn -1 0 0
vn -1 0 0
vn -1 0 0
vn 0 0 -1
vn 0 0 -1
vn 0 0 -1
vn 0 0 -1
vn 0 0 1
vn 0 0 1
vn 0 0 1
vn 0 0 1
vn 1 0 0
vn 1 0 0
vn 1 0 0
vn 1 0 0
vn 0 1 0
vn 0 1 0
vn 0 1 0
vn 0 1 0
vn 0 -1 0
vn 0 -1 0
vn 0 -1 0
vn 0 -1 0
vn -1 0 0
vn -1 0 0
vn -1 0 0
vn -1 0 0
vn 0 0 -1
vn 0 0 -1
vn 0 0 -1
vn 0 0 -1
vn 0 0 1
vn 0 0 1
vn 0 0 1
vn 0 0 1
vn 1 0 0
vn 1 0 0
vn 1 0 0
vn 1 0 0
vn 0 1 0
vn 0 1 0
vn 0 1 0
vn 0 1 0
vn 0 -1 0
vn 0 -1 0
vn 0 -1 0
vn 0 -1 0
vn -1 0 0
vn -1 0 0
vn -1 0 0
vn -1 0 0
vn 0 0 -1
vn 0 0 -1
vn 0 0 -1
vn 0 0 -1
vn 0 0 1
vn 0 0 1
vn 0 0 1
vn 0 0 1
vn 1 0 0
vn 1 0 0
vn 1 0 0
vn 1 0 0
vn 0 1 0
vn 0 1 0
vn 0 1 0
vn 0 1 0
vn 0 -1 0
vn 0 -1 0
vn 0 -1 0
vn 0 -1 0
vn 0 0 1
vn 0 0 1
vn 0 0 1
vn 0 0 1
vn 1 0 0
vn 1 0 0
vn 1 0 0
vn 1 0 0
vn 1 0 0
vn 1 0 0
vn 0 -1 0
vn 0 -1 0
vn 0 -1 0
vn 0 -1 0
vn 0 -1 0
vn 0 -1 0
vn 0 -1 0
vn 0 -1 0
vn 0 -1 0
vn 0 -1 0
vn 0 1 0
vn 0 1 0
vn 0 1 0
vn 0 1 0
vn 0 1 0
vn 0 1 0
vn 0 1 0
vn 0 1 0
vn -1 0 0
vn -1 0 0
vn -1 0 0
vn -1 0 0
vn -1 0 0
vn -1 0 0
vn -1 0 0
vn 0 0 -1
vn 0 0 -1
vn 0 0 -1
vn 0 0 -1
vn 0 0 -1
vn 0 0 -1
vn 0 0 -1
vn 0 0 -1
vn 0 0 -1
vn 0 0 -1
vn 0 0 -1
vn 0 0 -1
vn 0 0 -1
vn 0 0 -1
vn 0 0 1
vn 0 0 1
vn 0 0 1
vn 0 0 1
vn 0 0 1
vn 0 0 1
vn 0 0 1
vn 0 0 1
vn 0 0 1
vn 0 0 1
vn -1 0 0
vn -1 0 0
vn -1 0 0
vn -1 0 0
vn -1 0 0
vn -1 0 0
vn -1 0 0
vn -1 0 0
vn 1 0 0
vn 1 0 0
vn 1 0 0
vn 1 0 0
vn 0 -1 0
vn 0 -1 0
vn 0 -1 0
vn 0 -1 0
vn 0 1 0
vn 0 1 0
vn 0 1 0
vn 0 1 0
vn 1 0 0
vn 1 0 0
vn 1 0 0
vn 1 0 0
vn -1 0 0
vn -1 0 0
vn -1 0 0
vn -1 0 0
vn 0 0 -1
vn 0 0 -1
vn 0 0 -1
vn 0 0 -1
vn 0 0 1
vn 0 0 1
vn 0 0 1
vn 0 0 1
vn 1 0 0
vn 1 0 0
vn 1 0 0
vn 1 0 0
vn 0 1 0
vn 0 1 0
vn 0 1 0
vn 0 1 0
vn 0 -1 0
vn 0 -1 0
vn 0 -1 0
vn 0 -1 0
vn -1 0 0
vn -1 0 0
vn -1 0 0
vn -1 0 0
vn 0 0 -1
vn 0 0 -1
vn 0 0 -1
vn 0 0 -1
vn 0 0 1
vn 0 0 1
vn 0 0 1
vn 0 0 1
vn 1 0 0
vn 1 0 0
vn 1 0 0
vn 1 0 0
vn 0 1 0
vn 0 1 0
vn 0 1 0
vn 0 1 0
vn 0 -1 0
vn 0 -1 0
vn 0 -1 0
vn 0 -1 0
vn -1 0 0
vn -1 0 0
vn -1 0 0
vn -1 0 0
vn 0 0 -1
vn 0 0 -1
vn 0 0 -1
vn 0 0 -1
vn 0 0 1
vn 0 0 1
vn 0 0 1
vn 0 0 1
vn 1 0 0
vn 1 0 0
vn 1 0 0
vn 1 0 0
vn 0 1 0
vn 0 1 0
vn 0 1 0
vn 0 1 0
vn 0 -1 0
vn 0 -1 0
vn 0 -1 0
vn 0 -1 0
vn -1 0 0
vn -1 0 0
vn -1 0 0
vn -1 0 0
vn 0 0 -1
vn 0 0 -1
vn 0 0 -1
vn 0 0 -1
vn 0 0 1
vn 0 0 1
vn 0 0 1
vn 0 0 1
vn 1 0 0
vn 1 0 0
vn 1 0 0
vn 1 0 0
vn 0 1 0
vn 0 1 0
vn 0 1 0
vn 0 1 0
vn 0 -1 0
vn 0 -1 0
vn 0 -1 0
vn 0 -1 0
vn 0 0 -1
vn 0 0 -1
vn 0 0 -1
vn 0 0 -1
vn -1 0 0
vn -1 0 0
vn -1 0 0
vn -1 0 0
vn -1 0 0
vn -1 0 0
vn 0 -1 0
vn 0 -1 0
vn 0 -1 0
vn 0 -1 0
vn 0 -1 0
vn 0 -1 0
vn 0 -1 0
vn 0 -1 0
vn 0 -1 0
vn 0 -1 0
vn 0 1 0
vn 0 1 0
vn 0 1 0
vn 0 1 0
vn 0 1 0
vn 0 1 0
vn 0 1 0
vn 0 1 0
vn 1 0 0
vn 1 0 0
vn 1 0 0
vn 1 0 0
vn 1 0 0
vn 1 0 0
vn 1 0 0
vn 0 0 1
vn 0 0 1
vn 0 0 1
vn 0 0 1
vn 0 0 1
vn 0 0 1
vn 0 0 1
vn 0 0 1
vn 0 0 1
vn 0 0 1
vn 0 0 1
vn 0 0 1
vn 0 0 1
vn 0 0 1
vn 0 0 -1
vn 0 0 -1
vn 0 0 -1
vn 0 0 -1
vn 0 0 -1
vn 0 0 -1
vn 0 0 -1
vn 0 0 -1
vn 0 0 -1
vn 0 0 -1
vn 1 0 0
vn 1 0 0
vn 1 0 0
vn 1 0 0
vn 1 0 0
vn 1 0 0
vn 1 0 0
vn 1 0 0
vn -1 0 0
vn -1 0 0
vn -1 0 0
vn -1 0 0
vn 0 -1 0
vn 0 -1 0
vn 0 -1 0
vn 0 -1 0
vn 0 1 0
vn 0 1 0
vn 0 1 0
vn 0 1 0
vn -1 0 0
vn -1 0 0
vn -1 0 0
vn -1 0 0
vn 1 0 0
vn 1 0 0
vn 1 0 0
vn 1 0 0
vn 0 0 1
vn 0 0 1
vn 0 0 1
vn 0 0 1
vn 0 0 -1
vn 0 0 -1
vn 0 0 -1
vn 0 0 -1
vn -1 0 0
vn -1 0 0
vn -1 0 0
vn -1 0 0
vn 0 1 0
vn 0 1 0
vn 0 1 0
vn 0 1 0
vn 0 -1 0
vn 0 -1 0
vn 0 -1 0
vn 0 -1 0
vn 1 0 0
vn 1 0 0
vn 1 0 0
vn 1 0 0
vn 0 0 1
vn 0 0 1
vn 0 0 1
vn 0 0 1
vn 0 0 -1
vn 0 0 -1
vn 0 0 -1
vn 0 0 -1
vn -1 0 0
vn -1 0 0
vn -1 0 0
vn -1 0 0
vn 0 1 0
vn 0 1 0
vn 0 1 0
vn 0 1 0
vn 0 -1 0
vn 0 -1 0
vn 0 -1 0
vn 0 -1 0
vn 1 0 0
vn 1 0 0
vn 1 0 0
vn 1 0 0
vn 0 0 1
vn 0 0 1
vn 0 0 1
vn 0 0 1
vn 0 0 -1
vn 0 0 -1
vn 0 0 -1
vn 0 0 -1
vn -1 0 0
vn -1 0 0
vn -1 0 0
vn -1 0 0
vn 0 1 0
vn 0 1 0
vn 0 1 0
vn 0 1 0
vn 0 -1 0
vn 0 -1 0
vn 0 -1 0
vn 0 -1 0
vn 1 0 0
vn 1 0 0
vn 1 0 0
vn 1 0 0
vn 0 0 1
vn 0 0 1
vn 0 0 1
vn 0 0 1
vn 0 0 -1
vn 0 0 -1
vn 0 0 -1
vn 0 0 -1
vn -1 0 0
vn -1 0 0
vn -1 0 0
vn -1 0 0
vn 0 1 0
vn 0 1 0
vn 0 1 0
vn 0 1 0
vn 0 -1 0
vn 0 -1 0
vn 0 -1 0
vn 0 -1 0
vn 0 0 -1
vn 0 0 -1
vn 0 0 -1
vn 0 0 -1
vn -1 0 0
vn -1 0 0
vn -1 0 0
vn -1 0 0
vn -1 0 0
vn -1 0 0
vn 0 -1 0
vn 0 -1 0
vn 0 -1 0
vn 0 -1 0
vn 0 -1 0
vn 0 -1 0
vn 0 -1 0
vn 0 -1 0
vn 0 -1 0
vn 0 -1 0
vn 0 1 0
vn 0 1 0
vn 0 1 0
vn 0 1 0
vn 0 1 0
vn 0 1 0
vn 0 1 0
vn 0 1 0
vn 1 0 0
vn 1 0 0
vn 1 0 0
vn 1 0 0
vn 1 0 0
vn 1 0 0
vn 1 0 0
vn 0 0 1
vn 0 0 1
vn 0 0 1
vn 0 0 1
vn 0 0 1
vn 0 0 1
vn 0 0 1
vn 0 0 1
vn 0 0 1
vn 0 0 1
vn 0 0 1
vn 0 0 1
vn 0 0 1
vn 0 0 1
vn 0 0 -1
vn 0 0 -1
vn 0 0 -1
vn 0 0 -1
vn 0 0 -1
vn 0 0 -1
vn 0 0 -1
vn 0 0 -1
vn 0 0 -1
vn 0 0 -1
vn 1 0 0
vn 1 0 0
vn 1 0 0
vn 1 0 0
vn 1 0 0
vn 1 0 0
vn 1 0 0
vn 1 0 0
vn -1 0 0
vn -1 0 0
vn -1 0 0
vn -1 0 0
vn 0 -1 0
vn 0 -1 0
vn 0 -1 0
vn 0 -1 0
vn 0 1 0
vn 0 1 0
vn 0 1 0
vn 0 1 0
vn -1 0 0
vn -1 0 0
vn -1 0 0
vn -1 0 0
vn 1 0 0
vn 1 0 0
vn 1 0 0
vn 1 0 0
vn 0 0 1
vn 0 0 1
vn 0 0 1
vn 0 0 1
vn 0 0 -1
vn 0 0 -1
vn 0 0 -1
vn 0 0 -1
vn -1 0 0
vn -1 0 0
vn -1 0 0
vn -1 0 0
vn 0 1 0
vn 0 1 0
vn 0 1 0
vn 0 1 0
vn 0 -1 0
vn 0 -1 0
vn 0 -1 0
vn 0 -1 0
vn 1 0 0
vn 1 0 0
vn 1 0 0
vn 1 0 0
vn 0 0 1
vn 0 0 1
vn 0 0 1
vn 0 0 1
vn 0 0 -1
vn 0 0 -1
vn 0 0 -1
vn 0 0 -1
vn -1 0 0
vn -1 0 0
vn -1 0 0
vn -1 0 0
vn 0 1 0
vn 0 1 0
vn 0 1 0
vn 0 1 0
vn 0 -1 0
vn 0 -1 0
vn 0 -1 0
vn 0 -1 0
vn 1 0 0
vn 1 0 0
vn 1 0 0
vn 1 0 0
vn 0 0 1
vn 0 0 1
vn 0 0 1
vn 0 0 1
vn 0 0 -1
vn 0 0 -1
vn 0 0 -1
vn 0 0 -1
vn -1 0 0
vn -1 0 0
vn -1 0 0
vn -1 0 0
vn 0 1 0
vn 0 1 0
vn 0 1 0
vn 0 1 0
vn 0 -1 0
vn 0 -1 0
vn 0 -1 0
vn 0 -1 0
vn 1 0 0
vn 1 0 0
vn 1 0 0
vn 1 0 0
vn 0 0 1
vn 0 0 1
vn 0 0 1
vn 0 0 1
vn 0 0 -1
vn 0 0 -1
vn 0 0 -1
vn 0 0 -1
vn -1 0 0
vn -1 0 0
vn -1 0 0
vn -1 0 0
vn 0 1 0
vn 0 1 0
vn 0 1 0
vn 0 1 0
vn 0 -1 0
vn 0 -1 0
vn 0 -1 0
vn 0 -1 0
vn 0 1 0
vn 0 1 0
vn 0 1 0
vn 0 1 0
vn 0 0 -1
vn 0 0 -1
vn 0 0 -1
vn 0 0 -1
vn 1 0 0
vn 1 0 0
vn 1 0 0
vn 1 0 0
vn -1 0 0
vn -1 0 0
vn -1 0 0
vn -1 0 0
vn 0 0 -1
vn 0 0 -1
vn 0 0 -1
vn 0 0 -1
vn 0 0 -1
vn 0 0 -1
vn 0 0 -1
vn 0 0 -1
vn 0 0 -1
vn 0 0 -1
vn 0 0 -1
vn 0 0 -1
vn 1 0 0
vn 1 0 0
vn 1 0 0
vn 1 0 0
vn 1 0 0
vn 1 0 0
vn 1 0 0
vn 1 0 0
vn 1 0 0
vn 1 0 0
vn 1 0 0
vn 1 0 0
vn 1 0 0
vn 1 0 0
vn 1 0 0
vn 1 0 0
vn 1 0 0
vn 1 0 0
vn 1 0 0
vn 1 0 0
vn 1 0 0
vn 1 0 0
vn 0 0 1
vn 0 0 1
vn 0 0 1
vn 0 0 1
vn 0 1 0
vn 0 1 0
vn 0 1 0
vn 0 1 0
vn -1 0 0
vn -1 0 0
vn -1 0 0
vn -1 0 0
vn -1 0 0
vn -1 0 0
vn -1 0 0
vn -1 0 0
vn -1 0 0
vn -1 0 0
vn 0 1 0
vn 0 1 0
vn 0 1 0
vn 0 1 0
vn 0 -1 0
vn 0 -1 0
vn 0 -1 0
vn 0 -1 0
vn 0 0 -1
vn 0 0 -1
vn 0 0 -1
vn 0 0 -1
vn 1 0 0
vn 1 0 0
vn 1 0 0
vn 1 0 0
vn -1 0 0
vn -1 0 0
vn -1 0 0
vn -1 0 0
vn 0 -1 0
vn 0 -1 0
vn 0 -1 0
vn 0 -1 0
vn 0 -1 0
vn 0 -1 0
vn 0 -1 0
vn -1 0 0
vn -1 0 0
vn -1 0 0
vn -1 0 0
vn -1 0 0
vn -1 0 0
vn 0 0 -1
vn 0 0 -1
vn 0 0 -1
vn 0 0 -1
vn 0 -1 0
vn 0 -1 0
vn 0 -1 0
vn 0 -1 0
vn 0 1 0
vn 0 1 0
vn 0 1 0
vn 0 1 0
vn -1 0 0
vn -1 0 0
vn -1 0 0
vn -1 0 0
vn -1 0 0
vn -1 0 0
vn -1 0 0
vn -1 0 0
vn 0 0 -1
vn 0 0 -1
vn 0 0 -1
vn 0 0 -1
vn 0 0 -1
vn 0 0 -1
vn 0 0 -1
vn 0 0 -1
vn 1 0 0
vn 1 0 0
vn 1 0 0
vn 1 0 0
vn 1 0 0
vn 1 0 0
vn 1 0 0
vn 1 0 0
vn 0 -0.7887251 0.614746
vn 0 -0.7887251 0.614746
vn 0 -0.7887251 0.614746
vn 0 -0.7887251 0.614746
vn 0 -0.7887251 -0.614746
vn 0 -0.7887251 -0.614746
vn 0 -0.7887251 -0.614746
vn 0 -0.7887251 -0.614746
vn 0 -1 0
vn 0 -1 0
vn 0 -1 0
vn 0 -1 0
vn 0 1 0
vn 0 1 0
vn 0 1 0
vn 0 1 0
vn 0 -0.7887251 -0.614746
vn 0 -0.7887251 -0.614746
vn 0 -0.7887251 -0.614746
vn 0 -0.7887251 -0.614746
vn 0 -0.7887251 0.614746
vn 0 -0.7887251 0.614746
vn 0 -0.7887251 0.614746
vn 0 -0.7887251 0.614746
vn 0 -0.7887251 0.614746
vn 0 -0.7887251 0.614746
vn 0 -0.7887251 0.614746
vn 0 -0.7887251 0.614746
vn 0 -1 0
vn 0 -1 0
vn 0 -1 0
vn 0 -1 0
vn 0 1 0
vn 0 1 0
vn 0 1 0
vn 0 1 0
vn 0 0 -1
vn 0 0 -1
vn 0 0 -1
vn 0 0 -1
vn 0 -1 0
vn 0 -1 0
vn 0 -1 0
vn 0 -1 0
vn 1 0 0
vn 1 0 0
vn 1 0 0
vn 1 0 0
vn 0 1 0
vn 0 1 0
vn 0 1 0
vn 0 1 0
vn 0 -0.7887251 -0.614746
vn 0 -0.7887251 -0.614746
vn 0 -0.7887251 -0.614746
vn 0 -0.7887251 -0.614746
vn 0 -0.7887251 -0.614746
vn 0 -0.7887251 -0.614746
vn 0 -0.7887251 -0.614746
vn 0 -0.7887251 -0.614746
vn 0 1 0
vn 0 1 0
vn 0 1 0
vn 0 1 0
vn 0 -0.7887251 -0.614746
vn 0 -0.7887251 -0.614746
vn 0 -0.7887251 -0.614746
vn 0 -0.7887251 -0.614746
vn 0 -0.7887251 0.614746
vn 0 -0.7887251 0.614746
vn 0 -0.7887251 0.614746
vn 0 -0.7887251 0.614746
vn 0 -0.7887251 0.614746
vn 0 -0.7887251 0.614746
vn 0 -0.7887251 0.614746
vn 0 -0.7887251 0.614746
vn 0 -0.7887251 0.614746
vn 0 -0.7887251 0.614746
vn 0 -0.7887251 0.614746
vn 0 -0.7887251 0.614746
vn 0 -0.7887251 -0.614746
vn 0 -0.7887251 -0.614746
vn 0 -0.7887251 -0.614746
vn 0 -0.7887251 -0.614746
vn 0 0 -1
vn 0 0 -1
vn 0 0 -1
vn 0 0 -1
vn 1 0 0
vn 1 0 0
vn 1 0 0
vn 1 0 0
vn 1 0 0
vn 1 0 0
vn 0 0 1
vn 0 0 1
vn 0 0 1
vn 0 0 1
vn -1 0 0
vn -1 0 0
vn -1 0 0
vn -1 0 0
vn -1 0 0
vn -1 0 0
vn 0 -0.9995958 -0.02843069
vn 0 -0.9995958 -0.02843069
vn 0 -1 0
vn 0 -1 0
vn 0 -1 0
vn 0 -1 0
vn 0 -1 0
vn 0 -1 0
vn 0 -1 0
vn 0 -1 0
vn 0 -1 0
vn 0 -1 0
vn 0 -1 0
vn 0 -1 0
vn -0.5189921 0 0.8547791
vn -0.5189921 0 0.8547791
vn -0.5189921 0 0.8547791
vn -0.5189921 0 0.8547791
vn -0.2772219 0 -0.9608059
vn -0.2772219 0 -0.9608059
vn -0.2772219 0 -0.9608059
vn -0.2772219 0 -0.9608059
vn 0 0 -1
vn 0 0 -1
vn 0 0 -1
vn 0 0 -1
vn -0.5142778 0 -0.8576236
vn -0.5142778 0 -0.8576236
vn -0.5142778 0 -0.8576236
vn -0.5142778 0 -0.8576236
vn 0.4719899 0 -0.881604
vn 0.4719899 0 -0.881604
vn 0.4719899 0 -0.881604
vn 0.4719899 0 -0.881604
vn 0.9902505 0 0.1392979
vn 0.9902505 0 0.1392979
vn 0.9902505 0 0.1392979
vn 0.9902505 0 0.1392979
vn -1 0 0
vn -1 0 0
vn -1 0 0
vn -1 0 0
vn 0 1 0
vn 0 1 0
vn 0 1 0
vn 0 1 0
vn 0 1 0
vn 0 1 0
vn 0 0 -1
vn 0 0 -1
vn 0 0 -1
vn 0 0 -1
vn -1 0 0
vn -1 0 0
vn -1 0 0
vn -1 0 0
vn 0 -1 0
vn 0 -1 0
vn 0 -1 0
vn 0 -1 0
vn 0 0 -1
vn 0 0 -1
vn 0 0 -1
vn 0 0 -1
vn 0 1 0
vn 0 1 0
vn 0 1 0
vn 0 1 0
vn 1 0 0
vn 1 0 0
vn 1 0 0
vn 1 0 0
vn 0 0 -1
vn 0 0 -1
vn 0 0 -1
vn 0 0 -1
vn 1 0 0
vn 1 0 0
vn 1 0 0
vn 1 0 0
vn 0 -1 0
vn 0 -1 0
vn 0 -1 0
vn 0 -1 0
vn 0 0 -1
vn 0 0 -1
vn 0 0 -1
vn 0 0 -1
vn 0 1 0
vn 0 1 0
vn 0 1 0
vn 0 1 0
vn 1 0 0
vn 1 0 0
vn 1 0 0
vn 1 0 0
vn 0 0 -1
vn 0 0 -1
vn 0 0 -1
vn 0 0 -1
vn 1 0 0
vn 1 0 0
vn 1 0 0
vn 1 0 0
vn 0 -1 0
vn 0 -1 0
vn 0 -1 0
vn 0 -1 0
vn 0 0 -1
vn 0 0 -1
vn 0 0 -1
vn 0 0 -1
vn 0 1 0
vn 0 1 0
vn 0 1 0
vn 0 1 0
vn 0 -1 0
vn 0 -1 0
vn 0 -1 0
vn 0 -1 0
vn 0 -1 0
vn 0 -1 0
vn 0 -1 0
vn 0 -1 0
vn 0 -1 0
vn 0 -1 0
vn 0 -1 0
vn 0 -1 0
vn 0 -1 0
vn 0 -1 0
vn 0 0 -1
vn 0 0 -1
vn 0 0 -1
vn 0 0 -1
vn -0.5189921 0 0.8547791
vn -0.5189921 0 0.8547791
vn -0.5189921 0 0.8547791
vn -0.5189921 0 0.8547791
vn -0.2772219 0 -0.9608059
vn -0.2772219 0 -0.9608059
vn -0.2772219 0 -0.9608059
vn -0.2772219 0 -0.9608059
vn 0 0 -1
vn 0 0 -1
vn 0 0 -1
vn 0 0 -1
vn -0.5142778 0 -0.8576236
vn -0.5142778 0 -0.8576236
vn -0.5142778 0 -0.8576236
vn -0.5142778 0 -0.8576236
vn 0.4719899 0 -0.881604
vn 0.4719899 0 -0.881604
vn 0.4719899 0 -0.881604
vn 0.4719899 0 -0.881604
vn 1 0 0
vn 1 0 0
vn 1 0 0
vn 1 0 0
vn 0 -1 0
vn 0 -1 0
vn 0 -1 0
vn 0 -1 0
vn 0 -1 0
vn 0 -1 0
vn 0 -1 0
vn 0 -1 0
vn 0 -1 0
vn 0 -1 0
vn 0 -1 0
vn 0 -1 0
vn 0 -1 0
vn 0 -1 0
vn 0 0 -1
vn 0 0 -1
vn 0 0 -1
vn 0 0 -1
vn -0.5189921 0 0.8547791
vn -0.5189921 0 0.8547791
vn -0.5189921 0 0.8547791
vn -0.5189921 0 0.8547791
vn -0.2772219 0 -0.9608059
vn -0.2772219 0 -0.9608059
vn -0.2772219 0 -0.9608059
vn -0.2772219 0 -0.9608059
vn 0 0 -1
vn 0 0 -1
vn 0 0 -1
vn 0 0 -1
vn -0.5142778 0 -0.8576236
vn -0.5142778 0 -0.8576236
vn -0.5142778 0 -0.8576236
vn -0.5142778 0 -0.8576236
vn 0.4719899 0 -0.881604
vn 0.4719899 0 -0.881604
vn 0.4719899 0 -0.881604
vn 0.4719899 0 -0.881604
vn 1 0 0
vn 1 0 0
vn 1 0 0
vn 1 0 0
vn 0 0 -1
vn 0 0 -1
vn 0 0 -1
vn 0 0 -1
vn 0 -1 0
vn 0 -1 0
vn 0 -1 0
vn 0 -1 0
vn 1 0 0
vn 1 0 0
vn 1 0 0
vn 1 0 0
vn 0 1 0
vn 0 1 0
vn 0 1 0
vn 0 1 0
vn -1 0 0
vn -1 0 0
vn -1 0 0
vn -1 0 0
vn 0 -0.7887251 -0.614746
vn 0 -0.7887251 -0.614746
vn 0 -0.7887251 -0.614746
vn 0 -0.7887251 -0.614746
vn 0 -1 0
vn 0 -1 0
vn 0 -1 0
vn 0 -1 0
vn 0 0 -1
vn 0 0 -1
vn 0 0 -1
vn 0 0 -1
vn 0 -0.7887251 -0.614746
vn 0 -0.7887251 -0.614746
vn 0 -0.7887251 -0.614746
vn 0 -0.7887251 -0.614746
vn 0 -0.7887251 0.614746
vn 0 -0.7887251 0.614746
vn 0 -0.7887251 0.614746
vn 0 -0.7887251 0.614746
vn 0 -0.7887251 0.614746
vn 0 -0.7887251 0.614746
vn 0 -0.7887251 0.614746
vn 0 -0.7887251 0.614746
vn 0 -0.7887251 0.614746
vn 0 -0.7887251 0.614746
vn 0 -0.7887251 0.614746
vn 0 -0.7887251 0.614746
vn 0 -0.7887251 -0.614746
vn 0 -0.7887251 -0.614746
vn 0 -0.7887251 -0.614746
vn 0 -0.7887251 -0.614746
vn 0 0 -1
vn 0 0 -1
vn 0 0 -1
vn 0 0 -1
vn 1 0 0
vn 1 0 0
vn 1 0 0
vn 1 0 0
vn 1 0 0
vn 1 0 0
vn 0 0 1
vn 0 0 1
vn 0 0 1
vn 0 0 1
vn -1 0 0
vn -1 0 0
vn -1 0 0
vn -1 0 0
vn -1 0 0
vn -1 0 0
vn 0 0.7887036 -0.6147736
vn 0 0.7887036 -0.6147736
vn 0 0.7887036 -0.6147736
vn 0 0.7887036 -0.6147736
vn 0 0.7887036 -0.6147736
vn 0 0.7887036 -0.6147736
vn 0 0.7887036 -0.6147736
vn 0 0.7887036 -0.6147736
vn 0 0 -1
vn 0 0 -1
vn 0 0 -1
vn 0 0 -1
vn 0 0 -1
vn 0 0 -1
vn 0 0 -1
vn 0 0 -1
vn 0 0.7887036 0.6147736
vn 0 0.7887036 0.6147736
vn 0 0.7887036 0.6147736
vn 0 0.7887036 0.6147736
vn 0 0.7887036 0.6147736
vn 0 0.7887036 0.6147736
vn 0 0.7887036 0.6147736
vn 0 0.7887036 0.6147736
vn 0 0 1
vn 0 0 1
vn 0 0 1
vn 0 0 1
vn 0 0 1
vn 0 0 1
vn 0 0 1
vn 0 0 1
vn 0 0.7887036 0.6147736
vn 0 0.7887036 0.6147736
vn 0 0.7887036 0.6147736
vn 0 0.7887036 0.6147736
vn 0 0.7887036 0.6147736
vn 0 0.7887036 0.6147736
vn 0 0.7887036 0.6147736
vn 0 0.7887036 0.6147736
vn 0 0 1
vn 0 0 1
vn 0 0 1
vn 0 0 1
vn 0 0 1
vn 0 0 1
vn 0 0 1
vn 0 0 1
vn 0 0.7887036 -0.6147736
vn 0 0.7887036 -0.6147736
vn 0 0.7887036 -0.6147736
vn 0 0.7887036 -0.6147736
vn 0 0.7887036 -0.6147736
vn 0 0.7887036 -0.6147736
vn 0 0.7887036 -0.6147736
vn 0 0.7887036 -0.6147736
vn 0 0 -1
vn 0 0 -1
vn 0 0 -1
vn 0 0 -1
vn 0 0 -1
vn 0 0 -1
vn 0 0 -1
vn 0 0 -1
vn 0 1 0
vn 0 1 0
vn 0 1 0
vn 0 1 0
vn 0 1 0
vn 0 1 0
vn 0 1 0
vn 0 1 0
vn 0 1 0
vn 0 1 0
vn 0 1 0
vn 0 1 0
vn 0 1 0
vn 1 0 0
vn 1 0 0
vn 1 0 0
vn 1 0 0
vn 1 0 0
vn 1 0 0
vn 0 -1 0
vn 0 -1 0
vn 0 -1 0
vn 0 -1 0
vn 0 -1 0
vn 0 -1 0
vn 0 -1 0
vn 0 -1 0
vn 0 -1 0
vn 0 -1 0
vn 0 -1 0
vn 0 -1 0
vn -1 0 0
vn -1 0 0
vn -1 0 0
vn -1 0 0
vn -1 0 0
vn -1 0 0
vn 0 1 0
vn 0 1 0
vn 0 1 0
vn 0 1 0
vn 0 1 0
vn 0 1 0
vn 0 -1 0
vn 0 -1 0
vn 0 -1 0
vn 0 -1 0
vn 0 -1 0
vn 0 -1 0
vn -1 0 0
vn -1 0 0
vn -1 0 0
vn -1 0 0
vn -1 0 0
vn -1 0 0
vn 0 1 0
vn 0 1 0
vn 0 1 0
vn 0 1 0
vn 0 1 0
vn 0 1 0
vn 0 1 0
vn 0 1 0
vn 0 1 0
vn 0 1 0
vn 0 1 0
vn 0 1 0
vn 0 1 0
vn 0 1 0
vn 0 1 0
vn 0 1 0
vn 0 1 0
vn 0 1 0
vn 0 1 0
vn 0 1 0
vn 1 0 0
vn 1 0 0
vn 1 0 0
vn 1 0 0
vn 1 0 0
vn 1 0 0
vn 0 1 0
vn 0 1 0
vn 0 1 0
vn 0 1 0
vn 0 1 0
vn 0 1 0
vn 0 1 0
vn 0 1 0
vn 0 1 0
vn 0 1 0
vn 0 1 0
vn 0 1 0
vn 0 1 0
vn 0 1 0
vn 0 0.7887036 0.6147736
vn 0 0.7887036 0.6147736
vn 0 0.7887036 0.6147736
vn 0 0.7887036 0.6147736
vn 0 0.7887036 0.6147736
vn 0 0.7887036 0.6147736
vn 0 0.7887036 0.6147736
vn 0 0.7887036 0.6147736
vn 0 0 1
vn 0 0 1
vn 0 0 1
vn 0 0 1
vn 0 0 1
vn 0 0 1
vn 0 0 1
vn 0 0 1
vn 0 0.7887036 -0.6147736
vn 0 0.7887036 -0.6147736
vn 0 0.7887036 -0.6147736
vn 0 0.7887036 -0.6147736
vn 0 0.7887036 -0.6147736
vn 0 0.7887036 -0.6147736
vn 0 0.7887036 -0.6147736
vn 0 0.7887036 -0.6147736
vn 0 0 -1
vn 0 0 -1
vn 0 0 -1
vn 0 0 -1
vn 0 0 -1
vn 0 0 -1
vn 0 0 -1
vn 0 0 -1
vn -1 0 0
vn -1 0 0
vn -1 0 0
vn -1 0 0
vn -1 0 0
vn -1 0 0
vn -1 0 0
vn -1 0 0
vn -1 0 0
vn -1 0 0
vn 1 0 0
vn 1 0 0
vn 1 0 0
vn 1 0 0
vn 1 0 0
vn 1 0 0
vn 1 0 0
vn 1 0 0
vn 1 0 0
vn 1 0 0
vn 1 0 0
vn 1 0 0
vn 0 0 1
vn 0 0 1
vn 0 0 1
vn 0 0 1
vn 0 0 1
vn 0 0 1
vn 0 0 1
vn 0 0 1
vn 0 0 1
vn 0 0 1
vn -0.0007000888 0 0.9999998
vn -0.0007000888 0 0.9999998
vn 0 0 1
vn 0 0 1
vn 0 0 1
vn 0 0 1
vn -0.003089641 0 0.9999952
vn -0.003089641 0 0.9999952
vn -0.003089641 0 0.9999952
vn -0.003089641 0 0.9999952
vn 0.00129419 0 0.9999992
vn 0.00129419 0 0.9999992
vn 0.00129419 0 0.9999992
vn 0.00129419 0 0.9999992
vn 0.0005016209 0 0.9999999
vn 0.0005016209 0 0.9999999
vn 0.0005016209 0 0.9999999
vn 0.0005016209 0 0.9999999
vn 0 0 1
vn 0 0 1
vn 0 0 1
vn 0 0 1
vn 0 1 0
vn 0 1 0
vn 0 1 0
vn 0 1 0
vn 0 0 1
vn 0 0 1
vn 0 0 1
vn 0 0 1
vn -1 0 0
vn -1 0 0
vn -1 0 0
vn -1 0 0
vn 1 0 0
vn 1 0 0
vn 1 0 0
vn 1 0 0
vn 0 0 1
vn 0 0 1
vn 0 0 1
vn 0 0 1
vn 0 0 1
vn 0 0 1
vn 0 0 1
vn 0 0 1
vn 0 0 1
vn 0 0 1
vn 0 0 1
vn 0 0 1
vn -1 0 0
vn -1 0 0
vn -1 0 0
vn -1 0 0
vn -1 0 0
vn -1 0 0
vn -1 0 0
vn -1 0 0
vn -1 0 0
vn -1 0 0
vn -1 0 0
vn -1 0 0
vn -1 0 0
vn -1 0 0
vn -1 0 0
vn -1 0 0
vn -1 0 0
vn -1 0 0
vn -1 0 0
vn -1 0 0
vn -1 0 0
vn -1 0 0
vn 0 0 -1
vn 0 0 -1
vn 0 0 -1
vn 0 0 -1
vn 0 1 0
vn 0 1 0
vn 0 1 0
vn 0 1 0
vn 1 0 0
vn 1 0 0
vn 1 0 0
vn 1 0 0
vn 1 0 0
vn 1 0 0
vn 1 0 0
vn 1 0 0
vn 1 0 0
vn 1 0 0
vn 0 1 0
vn 0 1 0
vn 0 1 0
vn 0 1 0
vn 0 -1 0
vn 0 -1 0
vn 0 -1 0
vn 0 -1 0
vn 0 0 1
vn 0 0 1
vn 0 0 1
vn 0 0 1
vn -1 0 0
vn -1 0 0
vn -1 0 0
vn -1 0 0
vn 1 0 0
vn 1 0 0
vn 1 0 0
vn 1 0 0
vn 0 -1 0
vn 0 -1 0
vn 0 -1 0
vn 0 -1 0
vn 0 -1 0
vn 0 -1 0
vn 0 -1 0
vn 1 0 0
vn 1 0 0
vn 1 0 0
vn 1 0 0
vn 1 0 0
vn 1 0 0
vn 0 0 1
vn 0 0 1
vn 0 0 1
vn 0 0 1
vn 0 -1 0
vn 0 -1 0
vn 0 -1 0
vn 0 -1 0
vn 0 1 0
vn 0 1 0
vn 0 1 0
vn 0 1 0
vn 1 0 0
vn 1 0 0
vn 1 0 0
vn 1 0 0
vn 1 0 0
vn 1 0 0
vn 1 0 0
vn 1 0 0
vn 0 0 1
vn 0 0 1
vn 0 0 1
vn 0 0 1
vn 0 0 1
vn 0 0 1
vn 0 0 1
vn 0 0 1
vn -1 0 0
vn -1 0 0
vn -1 0 0
vn -1 0 0
vn -1 0 0
vn -1 0 0
vn -1 0 0
vn -1 0 0
vn 0 -0.7887251 -0.614746
vn 0 -0.7887251 -0.614746
vn 0 -0.7887251 -0.614746
vn 0 -0.7887251 -0.614746
vn 0 -0.7887251 0.614746
vn 0 -0.7887251 0.614746
vn 0 -0.7887251 0.614746
vn 0 -0.7887251 0.614746
vn 0 -1 0
vn 0 -1 0
vn 0 -1 0
vn 0 -1 0
vn 0 1 0
vn 0 1 0
vn 0 1 0
vn 0 1 0
vn 0 -0.7887251 0.614746
vn 0 -0.7887251 0.614746
vn 0 -0.7887251 0.614746
vn 0 -0.7887251 0.614746
vn 0 -0.7887251 -0.614746
vn 0 -0.7887251 -0.614746
vn 0 -0.7887251 -0.614746
vn 0 -0.7887251 -0.614746
vn 0 -0.7887251 -0.614746
vn 0 -0.7887251 -0.614746
vn 0 -0.7887251 -0.614746
vn 0 -0.7887251 -0.614746
vn 0 -1 0
vn 0 -1 0
vn 0 -1 0
vn 0 -1 0
vn 0 1 0
vn 0 1 0
vn 0 1 0
vn 0 1 0
vn 0 0 1
vn 0 0 1
vn 0 0 1
vn 0 0 1
vn 0 -1 0
vn 0 -1 0
vn 0 -1 0
vn 0 -1 0
vn -1 0 0
vn -1 0 0
vn -1 0 0
vn -1 0 0
vn 0 1 0
vn 0 1 0
vn 0 1 0
vn 0 1 0
vn 0 -0.7887251 0.614746
vn 0 -0.7887251 0.614746
vn 0 -0.7887251 0.614746
vn 0 -0.7887251 0.614746
vn 0 -0.7887251 0.614746
vn 0 -0.7887251 0.614746
vn 0 -0.7887251 0.614746
vn 0 -0.7887251 0.614746
vn 0 1 0
vn 0 1 0
vn 0 1 0
vn 0 1 0
vn 0 -0.7887251 0.614746
vn 0 -0.7887251 0.614746
vn 0 -0.7887251 0.614746
vn 0 -0.7887251 0.614746
vn 0 -0.7887251 -0.614746
vn 0 -0.7887251 -0.614746
vn 0 -0.7887251 -0.614746
vn 0 -0.7887251 -0.614746
vn 0 -0.7887251 -0.614746
vn 0 -0.7887251 -0.614746
vn 0 -0.7887251 -0.614746
vn 0 -0.7887251 -0.614746
vn 0 -0.7887251 -0.614746
vn 0 -0.7887251 -0.614746
vn 0 -0.7887251 -0.614746
vn 0 -0.7887251 -0.614746
vn 0 -0.7887251 0.614746
vn 0 -0.7887251 0.614746
vn 0 -0.7887251 0.614746
vn 0 -0.7887251 0.614746
vn 0 0 1
vn 0 0 1
vn 0 0 1
vn 0 0 1
vn -1 0 0
vn -1 0 0
vn -1 0 0
vn -1 0 0
vn -1 0 0
vn -1 0 0
vn 0 0 -1
vn 0 0 -1
vn 0 0 -1
vn 0 0 -1
vn 1 0 0
vn 1 0 0
vn 1 0 0
vn 1 0 0
vn 1 0 0
vn 1 0 0
vn 0 -0.9995958 0.02843069
vn 0 -0.9995958 0.02843069
vn 0 -1 0
vn 0 -1 0
vn 0 -1 0
vn 0 -1 0
vn 0 -1 0
vn 0 -1 0
vn 0 -1 0
vn 0 -1 0
vn 0 -1 0
vn 0 -1 0
vn 0 -1 0
vn 0 -1 0
vn 0.5189921 0 -0.8547791
vn 0.5189921 0 -0.8547791
vn 0.5189921 0 -0.8547791
vn 0.5189921 0 -0.8547791
vn 0.2772219 0 0.9608059
vn 0.2772219 0 0.9608059
vn 0.2772219 0 0.9608059
vn 0.2772219 0 0.9608059
vn 0 0 1
vn 0 0 1
vn 0 0 1
vn 0 0 1
vn 0.5142778 0 0.8576236
vn 0.5142778 0 0.8576236
vn 0.5142778 0 0.8576236
vn 0.5142778 0 0.8576236
vn -0.4719899 0 0.881604
vn -0.4719899 0 0.881604
vn -0.4719899 0 0.881604
vn -0.4719899 0 0.881604
vn -0.9902505 0 -0.1392979
vn -0.9902505 0 -0.1392979
vn -0.9902505 0 -0.1392979
vn -0.9902505 0 -0.1392979
vn 1 0 0
vn 1 0 0
vn 1 0 0
vn 1 0 0
vn 0 1 0
vn 0 1 0
vn 0 1 0
vn 0 1 0
vn 0 1 0
vn 0 1 0
vn 0 0 1
vn 0 0 1
vn 0 0 1
vn 0 0 1
vn 1 0 0
vn 1 0 0
vn 1 0 0
vn 1 0 0
vn 0 -1 0
vn 0 -1 0
vn 0 -1 0
vn 0 -1 0
vn 0 0 1
vn 0 0 1
vn 0 0 1
vn 0 0 1
vn 0 1 0
vn 0 1 0
vn 0 1 0
vn 0 1 0
vn -1 0 0
vn -1 0 0
vn -1 0 0
vn -1 0 0
vn 0 0 1
vn 0 0 1
vn 0 0 1
vn 0 0 1
vn -1 0 0
vn -1 0 0
vn -1 0 0
vn -1 0 0
vn 0 -1 0
vn 0 -1 0
vn 0 -1 0
vn 0 -1 0
vn 0 0 1
vn 0 0 1
vn 0 0 1
vn 0 0 1
vn 0 1 0
vn 0 1 0
vn 0 1 0
vn 0 1 0
vn -1 0 0
vn -1 0 0
vn -1 0 0
vn -1 0 0
vn 0 0 1
vn 0 0 1
vn 0 0 1
vn 0 0 1
vn -1 0 0
vn -1 0 0
vn -1 0 0
vn -1 0 0
vn 0 -1 0
vn 0 -1 0
vn 0 -1 0
vn 0 -1 0
vn 0 0 1
vn 0 0 1
vn 0 0 1
vn 0 0 1
vn 0 1 0
vn 0 1 0
vn 0 1 0
vn 0 1 0
vn 0 -1 0
vn 0 -1 0
vn 0 -1 0
vn 0 -1 0
vn 0 -1 0
vn 0 -1 0
vn 0 -1 0
vn 0 -1 0
vn 0 -1 0
vn 0 -1 0
vn 0 -1 0
vn 0 -1 0
vn 0 -1 0
vn 0 -1 0
vn 0 0 1
vn 0 0 1
vn 0 0 1
vn 0 0 1
vn 0.5189921 0 -0.8547791
vn 0.5189921 0 -0.8547791
vn 0.5189921 0 -0.8547791
vn 0.5189921 0 -0.8547791
vn 0.2772219 0 0.9608059
vn 0.2772219 0 0.9608059
vn 0.2772219 0 0.9608059
vn 0.2772219 0 0.9608059
vn 0 0 1
vn 0 0 1
vn 0 0 1
vn 0 0 1
vn 0.5142778 0 0.8576236
vn 0.5142778 0 0.8576236
vn 0.5142778 0 0.8576236
vn 0.5142778 0 0.8576236
vn -0.4719899 0 0.881604
vn -0.4719899 0 0.881604
vn -0.4719899 0 0.881604
vn -0.4719899 0 0.881604
vn -1 0 0
vn -1 0 0
vn -1 0 0
vn -1 0 0
vn 0 -1 0
vn 0 -1 0
vn 0 -1 0
vn 0 -1 0
vn 0 -1 0
vn 0 -1 0
vn 0 -1 0
vn 0 -1 0
vn 0 -1 0
vn 0 -1 0
vn 0 -1 0
vn 0 -1 0
vn 0 -1 0
vn 0 -1 0
vn 0 0 1
vn 0 0 1
vn 0 0 1
vn 0 0 1
vn 0.5189921 0 -0.8547791
vn 0.5189921 0 -0.8547791
vn 0.5189921 0 -0.8547791
vn 0.5189921 0 -0.8547791
vn 0.2772219 0 0.9608059
vn 0.2772219 0 0.9608059
vn 0.2772219 0 0.9608059
vn 0.2772219 0 0.9608059
vn 0 0 1
vn 0 0 1
vn 0 0 1
vn 0 0 1
vn 0.5142778 0 0.8576236
vn 0.5142778 0 0.8576236
vn 0.5142778 0 0.8576236
vn 0.5142778 0 0.8576236
vn -0.4719899 0 0.881604
vn -0.4719899 0 0.881604
vn -0.4719899 0 0.881604
vn -0.4719899 0 0.881604
vn -1 0 0
vn -1 0 0
vn -1 0 0
vn -1 0 0
vn 0 0 1
vn 0 0 1
vn 0 0 1
vn 0 0 1
vn 0 -1 0
vn 0 -1 0
vn 0 -1 0
vn 0 -1 0
vn -1 0 0
vn -1 0 0
vn -1 0 0
vn -1 0 0
vn 0 1 0
vn 0 1 0
vn 0 1 0
vn 0 1 0
vn 1 0 0
vn 1 0 0
vn 1 0 0
vn 1 0 0
vn 0 -0.7887251 0.614746
vn 0 -0.7887251 0.614746
vn 0 -0.7887251 0.614746
vn 0 -0.7887251 0.614746
vn 0 -1 0
vn 0 -1 0
vn 0 -1 0
vn 0 -1 0
vn 0 0 1
vn 0 0 1
vn 0 0 1
vn 0 0 1
vn 0 -0.7887251 0.614746
vn 0 -0.7887251 0.614746
vn 0 -0.7887251 0.614746
vn 0 -0.7887251 0.614746
vn 0 -0.7887251 -0.614746
vn 0 -0.7887251 -0.614746
vn 0 -0.7887251 -0.614746
vn 0 -0.7887251 -0.614746
vn 0 -0.7887251 -0.614746
vn 0 -0.7887251 -0.614746
vn 0 -0.7887251 -0.614746
vn 0 -0.7887251 -0.614746
vn 0 -0.7887251 -0.614746
vn 0 -0.7887251 -0.614746
vn 0 -0.7887251 -0.614746
vn 0 -0.7887251 -0.614746
vn 0 -0.7887251 0.614746
vn 0 -0.7887251 0.614746
vn 0 -0.7887251 0.614746
vn 0 -0.7887251 0.614746
vn 0 0 1
vn 0 0 1
vn 0 0 1
vn 0 0 1
vn -1 0 0
vn -1 0 0
vn -1 0 0
vn -1 0 0
vn -1 0 0
vn -1 0 0
vn 0 0 -1
vn 0 0 -1
vn 0 0 -1
vn 0 0 -1
vn 1 0 0
vn 1 0 0
vn 1 0 0
vn 1 0 0
vn 1 0 0
vn 1 0 0
vn 0 0.7887036 0.6147736
vn 0 0.7887036 0.6147736
vn 0 0.7887036 0.6147736
vn 0 0.7887036 0.6147736
vn 0 0.7887036 0.6147736
vn 0 0.7887036 0.6147736
vn 0 0.7887036 0.6147736
vn 0 0.7887036 0.6147736
vn 0 0 1
vn 0 0 1
vn 0 0 1
vn 0 0 1
vn 0 0 1
vn 0 0 1
vn 0 0 1
vn 0 0 1
vn 0 0.7887036 -0.6147736
vn 0 0.7887036 -0.6147736
vn 0 0.7887036 -0.6147736
vn 0 0.7887036 -0.6147736
vn 0 0.7887036 -0.6147736
vn 0 0.7887036 -0.6147736
vn 0 0.7887036 -0.6147736
vn 0 0.7887036 -0.6147736
vn 0 0 -1
vn 0 0 -1
vn 0 0 -1
vn 0 0 -1
vn 0 0 -1
vn 0 0 -1
vn 0 0 -1
vn 0 0 -1
vn 0 0.7887036 -0.6147736
vn 0 0.7887036 -0.6147736
vn 0 0.7887036 -0.6147736
vn 0 0.7887036 -0.6147736
vn 0 0.7887036 -0.6147736
vn 0 0.7887036 -0.6147736
vn 0 0.7887036 -0.6147736
vn 0 0.7887036 -0.6147736
vn 0 0 -1
vn 0 0 -1
vn 0 0 -1
vn 0 0 -1
vn 0 0 -1
vn 0 0 -1
vn 0 0 -1
vn 0 0 -1
vn 0 0.7887036 0.6147736
vn 0 0.7887036 0.6147736
vn 0 0.7887036 0.6147736
vn 0 0.7887036 0.6147736
vn 0 0.7887036 0.6147736
vn 0 0.7887036 0.6147736
vn 0 0.7887036 0.6147736
vn 0 0.7887036 0.6147736
vn 0 0 1
vn 0 0 1
vn 0 0 1
vn 0 0 1
vn 0 0 1
vn 0 0 1
vn 0 0 1
vn 0 0 1
vn 0 1 0
vn 0 1 0
vn 0 1 0
vn 0 1 0
vn 0 1 0
vn 0 1 0
vn 0 1 0
vn 0 1 0
vn 0 1 0
vn 0 1 0
vn 0 1 0
vn 0 1 0
vn 0 1 0
vn -1 0 0
vn -1 0 0
vn -1 0 0
vn -1 0 0
vn -1 0 0
vn -1 0 0
vn 0 -1 0
vn 0 -1 0
vn 0 -1 0
vn 0 -1 0
vn 0 -1 0
vn 0 -1 0
vn 0 -1 0
vn 0 -1 0
vn 0 -1 0
vn 0 -1 0
vn 0 -1 0
vn 0 -1 0
vn 1 0 0
vn 1 0 0
vn 1 0 0
vn 1 0 0
vn 1 0 0
vn 1 0 0
vn 0 1 0
vn 0 1 0
vn 0 1 0
vn 0 1 0
vn 0 1 0
vn 0 1 0
vn 0 -1 0
vn 0 -1 0
vn 0 -1 0
vn 0 -1 0
vn 0 -1 0
vn 0 -1 0
vn 1 0 0
vn 1 0 0
vn 1 0 0
vn 1 0 0
vn 1 0 0
vn 1 0 0
vn 0 1 0
vn 0 1 0
vn 0 1 0
vn 0 1 0
vn 0 1 0
vn 0 1 0
vn 0 1 0
vn 0 1 0
vn 0 1 0
vn 0 1 0
vn 0 1 0
vn 0 1 0
vn 0 1 0
vn 0 1 0
vn 0 1 0
vn 0 1 0
vn 0 1 0
vn 0 1 0
vn 0 1 0
vn 0 1 0
vn -1 0 0
vn -1 0 0
vn -1 0 0
vn -1 0 0
vn -1 0 0
vn -1 0 0
vn 0 1 0
vn 0 1 0
vn 0 1 0
vn 0 1 0
vn 0 1 0
vn 0 1 0
vn 0 1 0
vn 0 1 0
vn 0 1 0
vn 0 1 0
vn 0 1 0
vn 0 1 0
vn 0 1 0
vn 0 1 0
vn 0 0.7887036 -0.6147736
vn 0 0.7887036 -0.6147736
vn 0 0.7887036 -0.6147736
vn 0 0.7887036 -0.6147736
vn 0 0.7887036 -0.6147736
vn 0 0.7887036 -0.6147736
vn 0 0.7887036 -0.6147736
vn 0 0.7887036 -0.6147736
vn 0 0 -1
vn 0 0 -1
vn 0 0 -1
vn 0 0 -1
vn 0 0 -1
vn 0 0 -1
vn 0 0 -1
vn 0 0 -1
vn 0 0.7887036 0.6147736
vn 0 0.7887036 0.6147736
vn 0 0.7887036 0.6147736
vn 0 0.7887036 0.6147736
vn 0 0.7887036 0.6147736
vn 0 0.7887036 0.6147736
vn 0 0.7887036 0.6147736
vn 0 0.7887036 0.6147736
vn 0 0 1
vn 0 0 1
vn 0 0 1
vn 0 0 1
vn 0 0 1
vn 0 0 1
vn 0 0 1
vn 0 0 1
vn 1 0 0
vn 1 0 0
vn 1 0 0
vn 1 0 0
vn 1 0 0
vn 1 0 0
vn 1 0 0
vn 1 0 0
vn 1 0 0
vn 1 0 0
vn -1 0 0
vn -1 0 0
vn -1 0 0
vn -1 0 0
vn -1 0 0
vn -1 0 0
vn -1 0 0
vn -1 0 0
vn -1 0 0
vn -1 0 0
vn -1 0 0
vn -1 0 0
vn 0 0 -1
vn 0 0 -1
vn 0 0 -1
vn 0 0 -1
vn 0 0 -1
vn 0 0 -1
vn 0 0 -1
vn 0 0 -1
vn 0 0 -1
vn 0 0 -1
vn 0.0007000888 0 -0.9999998
vn 0.0007000888 0 -0.9999998
vn 0 0 -1
vn 0 0 -1
vn 0 0 -1
vn 0 0 -1
vn 0.003089641 0 -0.9999952
vn 0.003089641 0 -0.9999952
vn 0.003089641 0 -0.9999952
vn 0.003089641 0 -0.9999952
vn -0.00129419 0 -0.9999992
vn -0.00129419 0 -0.9999992
vn -0.00129419 0 -0.9999992
vn -0.00129419 0 -0.9999992
vn -0.0005016209 0 -0.9999999
vn -0.0005016209 0 -0.9999999
vn -0.0005016209 0 -0.9999999
vn -0.0005016209 0 -0.9999999
vn 0 0 -1
vn 0 0 -1
vn 0 0 -1
vn 0 0 -1
vn 1 0 0
vn 1 0 0
vn 1 0 0
vn 1 0 0
vn 1 0 0
vn 1 0 0
vn 1 0 0
vn -1 0 0
vn -1 0 0
vn -1 0 0
vn -1 0 0
vn -1 0 0
vn -1 0 0
vn -1 0 0
vn -1 0 0
vn -1 0 0
vn -1 0 0
vn -1 0 0
vn -1 0 0
vn -1 0 0
vn -1 0 0
vn -1 0 0
vn -1 0 0
vn -1 0 0
vn -1 0 0
vn -1 0 0
vn -1 0 0
vn -1 0 0
vn 1 0 0
vn 1 0 0
vn 1 0 0
vn 1 0 0
vn 1 0 0
vn 1 0 0
vn 1 0 0
vn 1 0 0
vn 1 0 0
vn 1 0 0
vn 1 0 0
vn 1 0 0
vn 1 0 0
vn 1 0 0
vn 1 0 0
vn 1 0 0
vn 1 0 0
vn 1 0 0
vn 1 0 0
vn 1 0 0
vn 1 0 0
vn -1 0 0
vn -1 0 0
vn -1 0 0
vn -1 0 0
vn -1 0 0
vn -1 0 0
vn -1 0 0
vn -1 0 0
vn -1 0 0
vn -1 0 0
vn -1 0 0
vn -1 0 0
vn -1 0 0
vn -1 0 0
vn 0 0 1
vn 0 0 1
vn 0 0 1
vn 0 0 1
vn 0 0 1
vn 0 0 1
vn 0 0 1
vn 0 0 1
vn 0 0 1
vn 0 0 1
vn 0 0 1
vn 0 0 1
vn 0 0 1
vn 0 0 1
vn 0 0 1
vn 0 0 1
vn 0 0 1
vn 0 0 1
vn 0 0 1
vn 0 0 1
vn 0 0 1
vn 0 0 1
vn 0 0 1
vn 0 0 1
vn 0 0 1
vn 0 0 1
vn 0 0 -1
vn 0 0 -1
vn 0 0 -1
vn 0 0 -1
vn 0 0 -1
vn 0 0 -1
vn 0 0 -1
vn 0 0 -1
vn 0 0 -1
vn 0 0 -1
vn 0 0 -1
vn 0 0 -1
vn 0 0 -1
vn 0 0 -1
vn 0 0 -1
vn 0 0 -1
vn 0 0 -1
vn 0 0 -1
vn 0 0 -1
vn 0 0 -1
vn 0 0 -1
vn 0 0 -1
vn 0 0 -1
vn 0 0 -1
vn 0 0 -1
vn 0 0 -1
vn 0 0 1
vn 0 0 1
vn 0 0 1
vn 0 0 1
vn 0 0 1
vn 0 0 1
vn 0 0 1
vn 0 0 1
vn 0 0 1
vn 0 0 1
vn 0 0 1
vn 0 0 1
vn 0 0 1
vn 0 0 1
vn 0 0 1
vn 0 0 1
vn 0 0 1
vn 0 0 1
vn 0 0 1
vn 0 0 1
vn 0 0 1
vn 0 0 1
vn 0 0 1
vn 0 0 1
vn 0 0 1
vn 0 0 1
vn -1 0 0
vn -1 0 0
vn -1 0 0
vn 1 0 0
vn 1 0 0
vn 1 0 0
vn -4.32072E-05 -0.7309389 -0.682443
vn -4.32072E-05 -0.7309389 -0.682443
vn -4.32072E-05 -0.7309389 -0.682443
vn 1 0 0
vn 1 0 0
vn 1 0 0
vn -1 0 0
vn -1 0 0
vn -1 0 0
vn 4.282261E-05 -0.7313911 0.6819581
vn 4.282261E-05 -0.7313911 0.6819581
vn 4.282261E-05 -0.7313911 0.6819581
vn 4.293819E-05 0.08107956 -0.9967076
vn -5.197721E-07 0.08398262 -0.9964672
vn -5.197721E-07 0.08398262 -0.9964672
vn -0.0004178782 0.06884263 -0.9976274
vn 4.293819E-05 0.08107956 -0.9967076
vn 5.811157E-07 0.02304129 0.9997345
vn 5.811157E-07 0.02304129 0.9997345
vn 5.811157E-07 0.02304129 0.9997345
vn 5.811157E-07 0.02304129 0.9997345
vn 0.9999874 0.004997751 -0.0006626052
vn 0.9999874 0.004997751 -0.0006626052
vn 0.9999874 0.004997751 -0.0006626052
vn 1 8.53399E-05 -0.000313417
vn 2.06342E-06 0.0248082 0.9996922
vn 2.06342E-06 0.0248082 0.9996922
vn -3.434458E-05 0.02593959 0.9996635
vn 2.06342E-06 0.0248082 0.9996922
vn -0.9999814 0.006039123 -0.0008190683
vn -0.9999814 0.006039123 -0.0008190683
vn -0.9999814 0.006039123 -0.0008190683
vn -0.9999999 -0.000129798 0.0004667439
vn -0.00143219 -0.9839267 0.1785669
vn -0.00143219 -0.9839267 0.1785669
vn -0.00143219 -0.9839267 0.1785669
vn -0.00143219 -0.9839267 0.1785669
vn -0.06286439 -0.9889549 0.134225
vn -0.06286439 -0.9889549 0.134225
vn -0.06286439 -0.9889549 0.134225
vn 0.0221112 -0.991098 0.131285
vn 0.0221112 -0.991098 0.131285
vn 0.0221112 -0.991098 0.131285
vn 0.0637505 -0.9886501 0.13604
vn 0 -0.9999857 0.005360098
vn 0 -0.9999857 0.005360098
vn 0 -0.9999857 0.005360098
vn 0 -0.9999857 0.005360098
vn 0 -1 0
vn 0 -1 0
vn 1.2724E-05 0.988803 -0.149227
vn 1.2724E-05 0.988803 -0.149227
vn 1.2724E-05 0.988803 -0.149227
vn 1.2724E-05 0.988803 -0.149227
vn 1.2724E-05 0.988803 -0.149227
vn 1.2724E-05 0.988803 -0.149227
vn 1.2724E-05 0.988803 -0.149227
vn 1.2724E-05 0.988803 -0.149227
vn -3.973858E-07 0.3959928 -0.9182535
vn -3.973858E-07 0.3959928 -0.9182535
vn -3.973858E-07 0.3959928 -0.9182535
vn -3.973858E-07 0.3959928 -0.9182535
vn -0.5254061 0.8414371 -0.126222
vn -0.5254061 0.8414371 -0.126222
vn -0.5254061 0.8414371 -0.126222
vn -0.516805 0.846514 -0.127776
vn -0.000610589 0.7698181 0.638263
vn -0.000610589 0.7698181 0.638263
vn -0.000610589 0.7698181 0.638263
vn -0.000610589 0.7698181 0.638263
vn 0.5174838 0.8464756 -0.1252579
vn 0.5174838 0.8464756 -0.1252579
vn 0.5174838 0.8464756 -0.1252579
vn 0.5261909 0.8410979 -0.12521
vn -6.266602E-07 0.4872451 -0.8732653
vn -6.266602E-07 0.4872451 -0.8732653
vn -6.266602E-07 0.4872451 -0.8732653
vn -6.266602E-07 0.4872451 -0.8732653
vn -0.8408321 0.535376 -0.07983681
vn -0.8408321 0.535376 -0.07983681
vn -0.8408321 0.535376 -0.07983681
vn -0.8334162 0.5464971 -0.08220952
vn -0.0005259048 0.8517066 0.5240188
vn -0.0005259048 0.8517066 0.5240188
vn -0.0005259048 0.8517066 0.5240188
vn -0.0005259048 0.8517066 0.5240188
vn 0.833501 0.546404 -0.08196751
vn 0.833501 0.546404 -0.08196751
vn 0.833501 0.546404 -0.08196751
vn 0.8410372 0.5348901 -0.08092472
vn -4.355988E-05 0.08107956 0.9967076
vn 0 0.08398034 0.9964674
vn 0 0.08398034 0.9964674
vn 0.0004173929 0.06883888 0.9976277
vn -4.355988E-05 0.08107956 0.9967076
vn 0 0.02304129 -0.9997345
vn 0 0.02304129 -0.9997345
vn 0 0.02304129 -0.9997345
vn 0 0.02304129 -0.9997345
vn -0.9999874 0.004998892 0.0006620992
vn -0.9999874 0.004998892 0.0006620992
vn -0.9999874 0.004998892 0.0006620992
vn -0.9999999 -0.000129798 0.0004667439
vn -1.54196E-06 0.0248082 -0.9996922
vn -1.54196E-06 0.0248082 -0.9996922
vn 3.499621E-05 0.02594361 -0.9996634
vn -1.54196E-06 0.0248082 -0.9996922
vn 0.9999814 0.006039102 0.0008196503
vn 0.9999814 0.006039102 0.0008196503
vn 0.9999814 0.006039102 0.0008196503
vn 1 8.53399E-05 -0.000313417
vn 0.001432289 -0.9839267 -0.1785669
vn 0.001432289 -0.9839267 -0.1785669
vn 0.001432289 -0.9839267 -0.1785669
vn 0.001432289 -0.9839267 -0.1785669
vn 0.06286439 -0.9889549 -0.134225
vn 0.06286439 -0.9889549 -0.134225
vn 0.06286439 -0.9889549 -0.134225
vn -0.0221112 -0.991098 -0.131285
vn -0.0221112 -0.991098 -0.131285
vn -0.0221112 -0.991098 -0.131285
vn -0.0637505 -0.9886501 -0.13604
vn 0 -0.9999857 -0.005360098
vn 0 -0.9999857 -0.005360098
vn 0 -0.9999857 -0.005360098
vn 0 -0.9999857 -0.005360098
vn 0 -1 0
vn 0 -1 0
vn -1.28209E-05 0.988803 0.149227
vn -1.28209E-05 0.988803 0.149227
vn -1.28209E-05 0.988803 0.149227
vn -1.28209E-05 0.988803 0.149227
vn -1.28209E-05 0.988803 0.149227
vn -1.28209E-05 0.988803 0.149227
vn -1.28209E-05 0.988803 0.149227
vn -1.28209E-05 0.988803 0.149227
vn 0 0.3959879 0.9182557
vn 0 0.3959879 0.9182557
vn 0 0.3959879 0.9182557
vn 0 0.3959879 0.9182557
vn 0.5254061 0.8414371 0.126222
vn 0.5254061 0.8414371 0.126222
vn 0.5254061 0.8414371 0.126222
vn 0.516803 0.846515 0.127777
vn 0.0006111311 0.7698181 -0.638263
vn 0.0006111311 0.7698181 -0.638263
vn 0.0006111311 0.7698181 -0.638263
vn 0.0006111311 0.7698181 -0.638263
vn -0.517485 0.8464749 0.125258
vn -0.517485 0.8464749 0.125258
vn -0.517485 0.8464749 0.125258
vn -0.5261909 0.8410979 0.12521
vn 0 0.487242 0.873267
vn 0 0.487242 0.873267
vn 0 0.487242 0.873267
vn 0 0.487242 0.873267
vn 0.8408328 0.5353749 0.07983758
vn 0.8408328 0.5353749 0.07983758
vn 0.8408328 0.5353749 0.07983758
vn 0.8334209 0.54649 0.08220878
vn 0.0005261729 0.8517059 -0.5240199
vn 0.0005261729 0.8517059 -0.5240199
vn 0.0005261729 0.8517059 -0.5240199
vn 0.0005261729 0.8517059 -0.5240199
vn -0.8335003 0.5464052 0.08196703
vn -0.8335003 0.5464052 0.08196703
vn -0.8335003 0.5464052 0.08196703
vn -0.8410356 0.5348927 0.08092427
vn -0.008632532 0.9892352 -0.146079
vn -0.04403859 0.9879777 -0.148191
vn -0.008632532 0.9892352 -0.146079
vn 0.0003535031 0.9909632 -0.134134
vn -0.008632532 0.9892352 -0.146079
vn 0 0.9888748 -0.14875
vn 0 0.9888748 -0.14875
vn 0.0003535031 0.9909632 -0.134134
vn 0 0.9888748 -0.14875
vn -0.002314491 0.9889354 -0.1483291
vn 0.0003535031 0.9909632 -0.134134
vn -0.002314491 0.9889354 -0.1483291
vn 3.85222E-06 0.9909951 -0.133898
vn 3.85222E-06 0.9909951 -0.133898
vn 0.008632011 0.9892352 0.146079
vn 0.04403909 0.9879777 0.148191
vn 0.008632011 0.9892352 0.146079
vn -0.000353633 0.9909632 0.134134
vn 0.008632011 0.9892352 0.146079
vn 0 0.9888747 0.148751
vn 0 0.9888747 0.148751
vn -0.000353633 0.9909632 0.134134
vn 0 0.9888747 0.148751
vn 0.002314441 0.9889354 0.1483291
vn -1.992179E-06 0.9909928 0.133915
vn 0.002314441 0.9889354 0.1483291
vn -1.992179E-06 0.9909928 0.133915
vn -0.000353633 0.9909632 0.134134
vn 0.3104349 0.6006778 -0.7367607
vn 0.3104349 0.6006778 -0.7367607
vn 0.3104349 0.6006778 -0.7367607
vn 0.3328499 0.5604368 -0.7583677
vn 0.3328499 0.5604368 -0.7583677
vn 0.3328499 0.5604368 -0.7583677
vn -0.3175451 0.2687511 0.9093613
vn -0.3175451 0.2687511 0.9093613
vn -0.3175451 0.2687511 0.9093613
vn -0.324152 0.318166 0.8908961
vn -0.324152 0.318166 0.8908961
vn -0.324152 0.318166 0.8908961
vn 0.3241521 0.3181621 0.8908974
vn 0.3241521 0.3181621 0.8908974
vn 0.3241521 0.3181621 0.8908974
vn 0.3175451 0.2687511 0.9093613
vn 0.3175451 0.2687511 0.9093613
vn 0.3175451 0.2687511 0.9093613
vn -0.3241528 0.6036856 -0.7283465
vn -0.3241528 0.6036856 -0.7283465
vn -0.3241528 0.6036856 -0.7283465
vn -0.3175449 0.5635648 -0.7626007
vn -0.3175449 0.5635648 -0.7626007
vn -0.3175449 0.5635648 -0.7626007
vn 0.3104349 0.6006778 -0.7367607
vn 0.3104349 0.6006778 -0.7367607
vn 0.3104349 0.6006778 -0.7367607
vn 0.3328499 0.5604368 -0.7583677
vn 0.3328499 0.5604368 -0.7583677
vn 0.3328499 0.5604368 -0.7583677
vn -0.3175451 0.2687511 0.9093613
vn -0.3175451 0.2687511 0.9093613
vn -0.3175451 0.2687511 0.9093613
vn -0.324152 0.318166 0.8908961
vn -0.324152 0.318166 0.8908961
vn -0.324152 0.318166 0.8908961
vn 0.3241521 0.3181621 0.8908974
vn 0.3241521 0.3181621 0.8908974
vn 0.3241521 0.3181621 0.8908974
vn 0.3175451 0.2687511 0.9093613
vn 0.3175451 0.2687511 0.9093613
vn 0.3175451 0.2687511 0.9093613
vn -0.3241528 0.6036856 -0.7283465
vn -0.3241528 0.6036856 -0.7283465
vn -0.3241528 0.6036856 -0.7283465
vn -0.3175449 0.5635648 -0.7626007
vn -0.3175449 0.5635648 -0.7626007
vn -0.3175449 0.5635648 -0.7626007
vn 1 0 0
vn 1 0 0
vn 1 0 0
vn 1 0 0
vn 0 -1 0
vn 0 -1 0
vn 0 -1 0
vn 0 -1 0
vn -1 0 0
vn -1 0 0
vn -1 0 0
vn -1 0 0
vn 0 1 0
vn 0 1 0
vn 0 1 0
vn 0 1 0
vn 0 0 -1
vn 0 0 -1
vn 0 0 -1
vn 0 0 -1
vn 0 0 -1
vn 0 0 -1
vn 0 0 -1
vn 0 0 -1
vn -1.830761E-07 -0.5316672 -0.8469533
vn -1.830761E-07 -0.5316672 -0.8469533
vn -1.830761E-07 -0.5316672 -0.8469533
vn -1.830761E-07 -0.5316672 -0.8469533
vn -1.830761E-07 -0.5316672 -0.8469533
vn 0.9997664 5.546392E-07 0.02161201
vn 0.9997664 5.546392E-07 0.02161201
vn 0.9997664 5.546392E-07 0.02161201
vn 0.9997664 5.546392E-07 0.02161201
vn 0 -1 0
vn 0 -1 0
vn 0 -1 0
vn 0 -1 0
vn -0.9999468 -2.7737E-07 -0.0103154
vn -0.9999468 -2.7737E-07 -0.0103154
vn -0.9999468 -2.7737E-07 -0.0103154
vn -0.9999468 -2.7737E-07 -0.0103154
vn 0 0 -1
vn 0 0 -1
vn 0 0 -1
vn 0 0 -1
vn 0 0 -1
vn 0.6740059 0 -0.7387259
vn 0.6740059 0 -0.7387259
vn 0.6740059 0 -0.7387259
vn 0.6740059 0 -0.7387259
vn 0.6740059 0 -0.7387259
vn 0.6740059 0 -0.7387259
vn 0.6740059 0 -0.7387259
vn 0.6740059 0 -0.7387259
vn 0.6740059 0 -0.7387259
vn -2.84305E-07 0.531666 -0.846954
vn -2.84305E-07 0.531666 -0.846954
vn -2.84305E-07 0.531666 -0.846954
vn -2.84305E-07 0.531666 -0.846954
vn -0.6690876 0 -0.7431836
vn -0.6690876 0 -0.7431836
vn -0.6690876 0 -0.7431836
vn -0.6690876 0 -0.7431836
vn -0.6690876 0 -0.7431836
vn -0.6690876 0 -0.7431836
vn -0.6690876 0 -0.7431836
vn -0.6690876 0 -0.7431836
vn -0.6690876 0 -0.7431836
vn 0 0 -1
vn 0 0 -1
vn 0 0 -1
vn 0 0 -1
vn 0 0 -1
vn 0 0 -1
vn 0 0 -1
vn 0 0 -1
vn 0 1 0
vn 0 1 0
vn 0 1 0
vn 0 1 0
vn 0 1 0
vn 0 1 0
vn 0 0 -1
vn 0 0 -1
vn 0 0 -1
vn 0 0 -1
vn 0 0 -1
vn 0 0 -1
vn 0 0 -1
vn 0 0 -1
vn 0 0 -1
vn 0 0 -1
vn 0 0 -1
vn 0 0 -1
vn 0 0 -1
vn 0 0 -1
vn 0 0 -1
vn 0 0 -1
vn 0 0 -1
vn 0 0 -1
vn 0 0 -1
vn 0 0 -1
vn 0 0 -1
vn 0 0 -1
vn 0 0 -1
vn 0 0 -1
vn 0 -0.9999806 0.006230638
vn 0 -0.9999806 0.006230638
vn 0 -0.9999806 0.006230638
vn 0 -0.9999806 0.006230638
vn 0 0.9998111 0.0194398
vn 0 0.9998111 0.0194398
vn 0 0.9998111 0.0194398
vn 0 0.9998111 0.0194398
vn 0.9998671 0 -0.0163078
vn 0.9998671 0 -0.0163078
vn 0.9998671 0 -0.0163078
vn 0.9998671 0 -0.0163078
vn -0.9999762 0 -0.006908521
vn -0.9999762 0 -0.006908521
vn -0.9999762 0 -0.006908521
vn -0.9999762 0 -0.006908521
vn 0 0 -1
vn 0 0 -1
vn 0 0 -1
vn 0 0 -1
vn 0 0.9848076 0.1736489
vn 0 0.9848076 0.1736489
vn 0 0.9848076 0.1736489
vn 0 0.9848076 0.1736489
vn -0.7763094 0.5068872 0.3747121
vn -0.7763094 0.5068872 0.3747121
vn -0.7763094 0.5068872 0.3747121
vn -0.793472 0.467381 0.389817
vn -0.7354408 0.6672947 0.117663
vn -0.7354408 0.6672947 0.117663
vn -0.7354408 0.6672947 0.117663
vn -0.7354408 0.6672947 0.117663
vn -0.7354408 0.6672947 0.117663
vn -0.7354408 0.6672947 0.117663
vn -0.7354408 0.6672947 0.117663
vn 2.518059E-07 0.6836577 0.7298027
vn 2.518059E-07 0.6836577 0.7298027
vn 2.518059E-07 0.6836577 0.7298027
vn 2.518059E-07 0.6836577 0.7298027
vn 0.7354413 0.6672943 0.117662
vn 0.7354413 0.6672943 0.117662
vn 0.7354413 0.6672943 0.117662
vn 0.7354413 0.6672943 0.117662
vn 0.7354413 0.6672943 0.117662
vn 0.7354413 0.6672943 0.117662
vn 0.7354413 0.6672943 0.117662
vn 0.793476 0.4673741 0.3898171
vn 0.793476 0.4673741 0.3898171
vn 0.793476 0.4673741 0.3898171
vn 0.7763111 0.5068861 0.3747101
vn 0 0.9848076 0.1736489
vn 0 0.9848076 0.1736489
vn 0 0.9848076 0.1736489
vn 0 0.9848076 0.1736489
vn -1 0 0
vn -1 0 0
vn -1 0 0
vn -1 0 0
vn 6.795817E-07 -0.1736489 0.9848076
vn 6.795817E-07 -0.1736489 0.9848076
vn 6.795817E-07 -0.1736489 0.9848076
vn 6.795817E-07 -0.1736489 0.9848076
vn 0 0.9848076 0.1736489
vn 0 0.9848076 0.1736489
vn 0 0.9848076 0.1736489
vn 0 0.9848076 0.1736489
vn -4.445791E-07 0.173651 -0.9848073
vn -4.445791E-07 0.173651 -0.9848073
vn -4.445791E-07 0.173651 -0.9848073
vn -4.445791E-07 0.173651 -0.9848073
vn 1 0 0
vn 1 0 0
vn 1 0 0
vn 1 0 0
vn -1 0 0
vn -1 0 0
vn -1 0 0
vn -1 0 0
vn 6.795817E-07 -0.1736489 0.9848076
vn 6.795817E-07 -0.1736489 0.9848076
vn 6.795817E-07 -0.1736489 0.9848076
vn 6.795817E-07 -0.1736489 0.9848076
vn 1 0 0
vn 1 0 0
vn 1 0 0
vn 1 0 0
vn -1.00943E-06 0.8920358 -0.4519649
vn -1.00943E-06 0.8920358 -0.4519649
vn -1.00943E-06 0.8920358 -0.4519649
vn -1.00943E-06 0.8920358 -0.4519649
vn -4.445791E-07 0.173651 -0.9848073
vn -4.445791E-07 0.173651 -0.9848073
vn -4.445791E-07 0.173651 -0.9848073
vn -4.445791E-07 0.173651 -0.9848073
vn 0.7995098 0.5685969 -0.1936019
vn 0.7995098 0.5685969 -0.1936019
vn 0.7995098 0.5685969 -0.1936019
vn 0.7729294 0.6044706 -0.1928609
vn -0.793473 0.5725181 -0.206455
vn -0.793473 0.5725181 -0.206455
vn -0.793473 0.5725181 -0.206455
vn -0.7763103 0.6044762 -0.1787481
vn 0 0.9848076 0.1736489
vn 0 0.9848076 0.1736489
vn 0 0.9848076 0.1736489
vn 0 0.9848076 0.1736489
vn -0.7763094 0.5068872 0.3747121
vn -0.7763094 0.5068872 0.3747121
vn -0.7763094 0.5068872 0.3747121
vn -0.793472 0.467381 0.389817
vn -0.7354408 0.6672947 0.117663
vn -0.7354408 0.6672947 0.117663
vn -0.7354408 0.6672947 0.117663
vn -0.7354408 0.6672947 0.117663
vn -0.7354408 0.6672947 0.117663
vn -0.7354408 0.6672947 0.117663
vn -0.7354408 0.6672947 0.117663
vn 2.518059E-07 0.6836577 0.7298027
vn 2.518059E-07 0.6836577 0.7298027
vn 2.518059E-07 0.6836577 0.7298027
vn 2.518059E-07 0.6836577 0.7298027
vn 0.7354413 0.6672943 0.117662
vn 0.7354413 0.6672943 0.117662
vn 0.7354413 0.6672943 0.117662
vn 0.7354413 0.6672943 0.117662
vn 0.7354413 0.6672943 0.117662
vn 0.7354413 0.6672943 0.117662
vn 0.7354413 0.6672943 0.117662
vn 0.793476 0.4673741 0.3898171
vn 0.793476 0.4673741 0.3898171
vn 0.793476 0.4673741 0.3898171
vn 0.7763111 0.5068861 0.3747101
vn 0 0.9848076 0.1736489
vn 0 0.9848076 0.1736489
vn 0 0.9848076 0.1736489
vn 0 0.9848076 0.1736489
vn -1 0 0
vn -1 0 0
vn -1 0 0
vn -1 0 0
vn 6.795817E-07 -0.1736489 0.9848076
vn 6.795817E-07 -0.1736489 0.9848076
vn 6.795817E-07 -0.1736489 0.9848076
vn 6.795817E-07 -0.1736489 0.9848076
vn 0 0.9848076 0.1736489
vn 0 0.9848076 0.1736489
vn 0 0.9848076 0.1736489
vn 0 0.9848076 0.1736489
vn -4.445791E-07 0.173651 -0.9848073
vn -4.445791E-07 0.173651 -0.9848073
vn -4.445791E-07 0.173651 -0.9848073
vn -4.445791E-07 0.173651 -0.9848073
vn 1 0 0
vn 1 0 0
vn 1 0 0
vn 1 0 0
vn -1 0 0
vn -1 0 0
vn -1 0 0
vn -1 0 0
vn 6.795817E-07 -0.1736489 0.9848076
vn 6.795817E-07 -0.1736489 0.9848076
vn 6.795817E-07 -0.1736489 0.9848076
vn 6.795817E-07 -0.1736489 0.9848076
vn 1 0 0
vn 1 0 0
vn 1 0 0
vn 1 0 0
vn -1.00943E-06 0.8920358 -0.4519649
vn -1.00943E-06 0.8920358 -0.4519649
vn -1.00943E-06 0.8920358 -0.4519649
vn -1.00943E-06 0.8920358 -0.4519649
vn -4.445791E-07 0.173651 -0.9848073
vn -4.445791E-07 0.173651 -0.9848073
vn -4.445791E-07 0.173651 -0.9848073
vn -4.445791E-07 0.173651 -0.9848073
vn 0.7995098 0.5685969 -0.1936019
vn 0.7995098 0.5685969 -0.1936019
vn 0.7995098 0.5685969 -0.1936019
vn 0.7729294 0.6044706 -0.1928609
vn -0.793473 0.5725181 -0.206455
vn -0.793473 0.5725181 -0.206455
vn -0.793473 0.5725181 -0.206455
vn -0.7763103 0.6044762 -0.1787481
vn -0.9412932 -0.326497 -0.08583091
vn -0.9412932 -0.326497 -0.08583091
vn -0.9412932 -0.326497 -0.08583091
vn -0.9412932 -0.326497 -0.08583091
vn 0.3368251 -0.9254162 -0.173648
vn 0.3368251 -0.9254162 -0.173648
vn 0.3368251 -0.9254162 -0.173648
vn 0.3368251 -0.9254162 -0.173648
vn 0.9412931 0.326497 0.0858318
vn 0.9412931 0.326497 0.0858318
vn 0.9412931 0.326497 0.0858318
vn 0.9412931 0.326497 0.0858318
vn -0.336825 0.9254159 0.17365
vn -0.336825 0.9254159 0.17365
vn -0.336825 0.9254159 0.17365
vn -0.336825 0.9254159 0.17365
vn -0.0227359 -0.192366 0.9810598
vn -0.0227359 -0.192366 0.9810598
vn -0.0227359 -0.192366 0.9810598
vn -0.0227359 -0.192366 0.9810598
vn -0.0227359 -0.192366 0.9810598
vn -0.0227359 -0.192366 0.9810598
vn -0.0227359 -0.192366 0.9810598
vn -0.0227359 -0.192366 0.9810598
vn 0.1598201 -0.6549332 0.7385932
vn 0.1598201 -0.6549332 0.7385932
vn 0.1598201 -0.6549332 0.7385932
vn 0.1598201 -0.6549332 0.7385932
vn 0.1598201 -0.6549332 0.7385932
vn -0.9405818 -0.322262 -0.107019
vn -0.9405818 -0.322262 -0.107019
vn -0.9405818 -0.322262 -0.107019
vn -0.9405818 -0.322262 -0.107019
vn 0.3368251 -0.9254162 -0.173648
vn 0.3368251 -0.9254162 -0.173648
vn 0.3368251 -0.9254162 -0.173648
vn 0.3368251 -0.9254162 -0.173648
vn 0.9410083 0.3244961 0.09594613
vn 0.9410083 0.3244961 0.09594613
vn 0.9410083 0.3244961 0.09594613
vn 0.9410083 0.3244961 0.09594613
vn -0.0227359 -0.192366 0.9810598
vn -0.0227359 -0.192366 0.9810598
vn -0.0227359 -0.192366 0.9810598
vn -0.0227359 -0.192366 0.9810598
vn -0.0227359 -0.192366 0.9810598
vn -0.6512281 -0.3621651 0.6668871
vn -0.6512281 -0.3621651 0.6668871
vn -0.6512281 -0.3621651 0.6668871
vn -0.6512281 -0.3621651 0.6668871
vn -0.6512281 -0.3621651 0.6668871
vn -0.6512281 -0.3621651 0.6668871
vn -0.6512281 -0.3621651 0.6668871
vn -0.6512281 -0.3621651 0.6668871
vn -0.6512281 -0.3621651 0.6668871
vn -0.198333 0.3290881 0.9232362
vn -0.198333 0.3290881 0.9232362
vn -0.198333 0.3290881 0.9232362
vn -0.198333 0.3290881 0.9232362
vn 0.6129096 0.07549147 0.7865385
vn 0.6129096 0.07549147 0.7865385
vn 0.6129096 0.07549147 0.7865385
vn 0.6129096 0.07549147 0.7865385
vn 0.6129096 0.07549147 0.7865385
vn 0.6129096 0.07549147 0.7865385
vn 0.6129096 0.07549147 0.7865385
vn 0.6129096 0.07549147 0.7865385
vn 0.6129096 0.07549147 0.7865385
vn -0.0227359 -0.192366 0.9810598
vn -0.0227359 -0.192366 0.9810598
vn -0.0227359 -0.192366 0.9810598
vn -0.0227359 -0.192366 0.9810598
vn -0.0227359 -0.192366 0.9810598
vn -0.0227359 -0.192366 0.9810598
vn -0.0227359 -0.192366 0.9810598
vn -0.0227359 -0.192366 0.9810598
vn -0.336825 0.9254159 0.17365
vn -0.336825 0.9254159 0.17365
vn -0.336825 0.9254159 0.17365
vn -0.336825 0.9254159 0.17365
vn -0.336825 0.9254159 0.17365
vn -0.336825 0.9254159 0.17365
vn -0.0227359 -0.192366 0.9810598
vn -0.0227359 -0.192366 0.9810598
vn -0.0227359 -0.192366 0.9810598
vn -0.0227359 -0.192366 0.9810598
vn -0.0227359 -0.192366 0.9810598
vn -0.0227359 -0.192366 0.9810598
vn -0.0227359 -0.192366 0.9810598
vn -0.0227359 -0.192366 0.9810598
vn -0.0227359 -0.192366 0.9810598
vn -0.0227359 -0.192366 0.9810598
vn -0.0227359 -0.192366 0.9810598
vn -0.0227359 -0.192366 0.9810598
vn -0.0227359 -0.192366 0.9810598
vn -0.0227359 -0.192366 0.9810598
vn -0.0227359 -0.192366 0.9810598
vn -0.0227359 -0.192366 0.9810598
vn -0.0227359 -0.192366 0.9810598
vn -0.0227359 -0.192366 0.9810598
vn -0.0227359 -0.192366 0.9810598
vn -0.0227359 -0.192366 0.9810598
vn -0.0227359 -0.192366 0.9810598
vn -0.0227359 -0.192366 0.9810598
vn -0.0227359 -0.192366 0.9810598
vn -0.0227359 -0.192366 0.9810598
vn 0.33696 -0.9241981 -0.179766
vn 0.33696 -0.9241981 -0.179766
vn 0.33696 -0.9241981 -0.179766
vn 0.33696 -0.9241981 -0.179766
vn -0.3363181 0.9289814 0.154544
vn -0.3363181 0.9289814 0.154544
vn -0.3363181 0.9289814 0.154544
vn -0.3363181 0.9289814 0.154544
vn -0.941538 -0.329592 -0.0698238
vn -0.941538 -0.329592 -0.0698238
vn -0.941538 -0.329592 -0.0698238
vn -0.941538 -0.329592 -0.0698238
vn 0.9411163 0.3251531 0.09260513
vn 0.9411163 0.3251531 0.09260513
vn 0.9411163 0.3251531 0.09260513
vn 0.9411163 0.3251531 0.09260513
vn -0.0227359 -0.192366 0.9810598
vn -0.0227359 -0.192366 0.9810598
vn -0.0227359 -0.192366 0.9810598
vn -0.0227359 -0.192366 0.9810598
vn 0 0.9848076 0.1736489
vn 0 0.9848076 0.1736489
vn 0 0.9848076 0.1736489
vn 0 0.9848076 0.1736489
vn 0 0.9848076 0.1736489
vn 0 0.9848076 0.1736489
vn 0 0.9848076 0.1736489
vn 0 0.9848076 0.1736489
vn 0 0.9848076 0.1736489
vn 0 0.9848076 0.1736489
vn 0 0.9848076 0.1736489
vn 0 0.9848076 0.1736489
vn 0 0.9848076 0.1736489
vn 0 0.9848076 0.1736489
vn 0 0.9848076 0.1736489
vn 0 0.9848076 0.1736489
vn 0 0.9848076 0.1736489
vn 0 0.9848076 0.1736489
vn 0 0.9848076 0.1736489
vn 0 0.9848076 0.1736489
vn 0 0.9848076 0.1736489
vn 0 0.9848076 0.1736489
vn 0 0.9848076 0.1736489
vn 0 0.9848076 0.1736489
vn 0 0.9848076 0.1736489
vn 0 0.9848076 0.1736489
vn 0 0.9848076 0.1736489
vn 0 0.9848076 0.1736489
vn 0 0.9848076 0.1736489
vn 0 0.9848076 0.1736489
vn 0 0.9848076 0.1736489
vn 0 0.9848076 0.1736489
vn 0 0.9848076 0.1736489
vn 0 0.9848076 0.1736489
vn 0 0.9848076 0.1736489
vn 0 0.9848076 0.1736489
vn 0 0.9848076 0.1736489
vn 0 0.9848076 0.1736489
vn 0 0.9848076 0.1736489
vn 0 0.9848076 0.1736489
vn 0 0.9848076 0.1736489
vn 0 0.9848076 0.1736489
vn 0 0 1
vn 0 0 1
vn 0 0 1
vn 0 0 1
vn 0 0 1
vn 0 0 1
vn 0 0 1
vn 0 0 1
vn 0 0 1
vn 0 0 1
vn 0 1 0
vn 0 1 0
vn 0 1 0
vn 0 1 0
vn 0 -1 0
vn 0 -1 0
vn 0 -1 0
vn 0 -1 0
vn 1 0 0
vn 1 0 0
vn 1 0 0
vn 1 0 0
vn -1 0 0
vn -1 0 0
vn -1 0 0
vn -1 0 0
vn 0 0.935587 0.353096
vn 0 0.935587 0.353096
vn 0 0.935587 0.353096
vn 0 0.935587 0.353096
vn -0.9194534 0 0.3931991
vn -0.9194534 0 0.3931991
vn -0.9194534 0 0.3931991
vn -0.9194534 0 0.3931991
vn 0 -0.9419718 0.3356919
vn 0 -0.9419718 0.3356919
vn 0 -0.9419718 0.3356919
vn 0 -0.9419718 0.3356919
vn 0.9194534 0 0.3931991
vn 0.9194534 0 0.3931991
vn 0.9194534 0 0.3931991
vn 0.9194534 0 0.3931991
vn 0 0.2852859 -0.9584425
vn 0 0.2852859 -0.9584425
vn 0 0.2852859 -0.9584425
vn 0 0.2852859 -0.9584425
vn 0.240751 0 -0.9705869
vn 0.240751 0 -0.9705869
vn 0.240751 0 -0.9705869
vn 0.240751 0 -0.9705869
vn 0 0 1
vn 0 0 1
vn 0 0 1
vn 0 0 1
vn 0 -0.2864961 -0.9580814
vn 0 -0.2864961 -0.9580814
vn 0 -0.2864961 -0.9580814
vn 0 -0.2864961 -0.9580814
vn -0.24075 0 -0.9705871
vn -0.24075 0 -0.9705871
vn -0.24075 0 -0.9705871
vn -0.24075 0 -0.9705871
vn -0.24075 0 -0.9705871
vn -0.24075 0 -0.9705871
vn 0 -0.9999999 0.000571129
vn 0 -0.9999999 0.000571129
vn 0 -0.9999999 0.000571129
vn 0 -0.9999999 0.000571129
vn 0 0 -1
vn 0 0 -1
vn 0 0 -1
vn 0 0 -1
vn 0 0 -1
vn 0 0 -1
vn 0 0 -1
vn 0 0 -1
vn 0 0 -1
vn 0 0 -1
vn 0 0 -1
vn 0 0 -1
vn 0 0 -1
vn 0 0 -1
vn 0 0 -1
vn 0 0 -1
vn 0 0.9998521 -0.0171978
vn 0 0.9998521 -0.0171978
vn 0 0.9998521 -0.0171978
vn 0 0.9998521 -0.0171978
vn 1 0 0
vn 1 0 0
vn 1 0 0
vn 1 0 0
vn 1 0 0
vn 1 0 0
vn 0 -0.9986071 -0.05276271
vn 0 -0.9986071 -0.05276271
vn 0 -0.9986071 -0.05276271
vn 0 -0.9986071 -0.05276271
vn -1 0 0
vn -1 0 0
vn -1 0 0
vn -1 0 0
vn -1 0 0
vn -1 0 0
vn 0 0.00195446 -0.9999981
vn 0 0.00195446 -0.9999981
vn 0 0.00195446 -0.9999981
vn 0 0.00195446 -0.9999981
vn 0 0.00274343 0.9999963
vn 0 0.00274343 0.9999963
vn 0 0.00274343 0.9999963
vn 0 0.00274343 0.9999963
vn 0 0.7382047 -0.6745768
vn 0 0.7382047 -0.6745768
vn 0 0.7382047 -0.6745768
vn 0 0.7382047 -0.6745768
vn 0.136326 0.9906639 -0.0005657969
vn 0.136326 0.9906639 -0.0005657969
vn 0.136326 0.9906639 -0.0005657969
vn 0.136326 0.9906639 -0.0005657969
vn 0 0.7385833 0.6741622
vn 0 0.7385833 0.6741622
vn 0 0.7385833 0.6741622
vn 0 0.7385833 0.6741622
vn -0.1363429 0.9906616 -0.0005657958
vn -0.1363429 0.9906616 -0.0005657958
vn -0.1363429 0.9906616 -0.0005657958
vn -0.1363429 0.9906616 -0.0005657958
vn 0 0 -1
vn 0 0 -1
vn 0 0 -1
vn 0 0 -1
vn 1 0 0
vn 1 0 0
vn 1 0 0
vn 1 0 0
vn 0 0 1
vn 0 0 1
vn 0 0 1
vn 0 0 1
vn -1 0 0
vn -1 0 0
vn -1 0 0
vn -1 0 0
vn 0 0 -1
vn 0 0 -1
vn 0 0 -1
vn 0 0 -1
vn 0 0 -1
vn 0 0 -1
vn 0 0 -1
vn 0 0 -1
vn 0.0007866851 -0.4218201 -0.9066792
vn 0.0007866851 -0.4218201 -0.9066792
vn 0.0007866851 -0.4218201 -0.9066792
vn 0.0007866851 -0.4218201 -0.9066792
vn -0.5989279 0 -0.8008029
vn -0.5989279 0 -0.8008029
vn -0.5989279 0 -0.8008029
vn -0.5989279 0 -0.8008029
vn 0.0004272929 0.4216368 -0.9067647
vn 0.0004272929 0.4216368 -0.9067647
vn 0.0004272929 0.4216368 -0.9067647
vn 0.0004272929 0.4216368 -0.9067647
vn 0.5989279 0 -0.8008029
vn 0.5989279 0 -0.8008029
vn 0.5989279 0 -0.8008029
vn 0.5989279 0 -0.8008029
vn 0.0008101652 -0.4343491 -0.9007443
vn 0.0008101652 -0.4343491 -0.9007443
vn 0.0008101652 -0.4343491 -0.9007443
vn 0.0008101652 -0.4343491 -0.9007443
vn -0.6106051 0 -0.7919352
vn -0.6106051 0 -0.7919352
vn -0.6106051 0 -0.7919352
vn -0.6106051 0 -0.7919352
vn 0.0004398038 0.4341599 -0.9008358
vn 0.0004398038 0.4341599 -0.9008358
vn 0.0004398038 0.4341599 -0.9008358
vn 0.0004398038 0.4341599 -0.9008358
vn 0.6106051 0 -0.7919352
vn 0.6106051 0 -0.7919352
vn 0.6106051 0 -0.7919352
vn 0.6106051 0 -0.7919352
vn 0 0 1
vn 0 0 1
vn 0 0 1
vn 0 0 1
vn 0 0 1
vn 0 0 1
vn 0 0 1
vn 0 0 1
vn -0.9418517 -0.04451799 0.3330669
vn -0.9418517 -0.04451799 0.3330669
vn -0.9418517 -0.04451799 0.3330669
vn -0.9912487 -0.130761 -0.01809619
vn -0.9912487 -0.130761 -0.01809619
vn -0.9912487 -0.130761 -0.01809619
vn -0.8977768 -0.2861709 -0.3348179
vn -0.8977768 -0.2861709 -0.3348179
vn -0.8977768 -0.2861709 -0.3348179
vn -0.6799575 -0.4799547 -0.5543476
vn -0.6799575 -0.4799547 -0.5543476
vn -0.6799575 -0.4799547 -0.5543476
vn -0.3809309 -0.6737399 -0.6332189
vn -0.3809309 -0.6737399 -0.6332189
vn -0.3809309 -0.6737399 -0.6332189
vn -0.05989898 -0.8291528 -0.5558039
vn -0.05989898 -0.8291528 -0.5558039
vn -0.05989898 -0.8291528 -0.5558039
vn 0.2195181 -0.9153932 -0.3374421
vn 0.2195181 -0.9153932 -0.3374421
vn 0.2195181 -0.9153932 -0.3374421
vn -0.7593701 -0.04451801 0.6491341
vn -0.7593701 -0.04451801 0.6491341
vn -0.7593701 -0.04451801 0.6491341
vn -0.4799532 -0.1307611 0.8674943
vn -0.4799532 -0.1307611 0.8674943
vn -0.4799532 -0.1307611 0.8674943
vn -0.1589271 -0.2861711 0.9449065
vn -0.1589271 -0.2861711 0.9449065
vn -0.1589271 -0.2861711 0.9449065
vn 0.140099 -0.479954 0.8660349
vn 0.140099 -0.479954 0.8660349
vn 0.140099 -0.479954 0.8660349
vn 0.3579178 -0.6737407 0.6465047
vn 0.3579178 -0.6737407 0.6465047
vn 0.3579178 -0.6737407 0.6465047
vn 0.4513908 -0.8291526 0.3297759
vn 0.4513908 -0.8291526 0.3297759
vn 0.4513908 -0.8291526 0.3297759
vn 0.4019929 -0.9153929 -0.0213864
vn 0.4019929 -0.9153929 -0.0213864
vn 0.4019929 -0.9153929 -0.0213864
vn 0.8904645 0.3532149 0.2869008
vn 0.8904645 0.3532149 0.2869008
vn 0.8904645 0.3532149 0.2869008
vn 0.9331405 0.3246432 0.1544531
vn 0.9331405 0.3246432 0.1544531
vn 0.9331405 0.3246432 0.1544531
vn -0.152648 0.9463972 0.2846591
vn -0.152648 0.9463972 0.2846591
vn -0.152648 0.9463972 0.2846591
vn -0.08713033 0.9444463 0.3169061
vn -0.08713033 0.9444463 0.3169061
vn -0.08713033 0.9444463 0.3169061
vn 0.7137649 0.132193 -0.6877969
vn 0.7137649 0.132193 -0.6877969
vn 0.7137649 0.132193 -0.6877969
vn 0.759443 0.160303 -0.630515
vn 0.759443 0.160303 -0.630515
vn 0.759443 0.160303 -0.630515
vn -0.3007771 0.7997524 -0.5195472
vn -0.3007771 0.7997524 -0.5195472
vn -0.3007771 0.7997524 -0.5195472
vn -0.2885099 0.7171099 -0.634441
vn -0.2885099 0.7171099 -0.634441
vn -0.2885099 0.7171099 -0.634441
vn -0.6647382 0.7407562 0.09697044
vn -0.6647382 0.7407562 0.09697044
vn -0.6647382 0.7407562 0.09697044
vn -0.6739222 0.7221733 -0.1558671
vn -0.6739222 0.7221733 -0.1558671
vn -0.6739222 0.7221733 -0.1558671
vn -0.6994378 0.6054859 -0.3797019
vn -0.6994378 0.6054859 -0.3797019
vn -0.6994378 0.6054859 -0.3797019
vn -0.5111779 0.3712009 -0.7751818
vn -0.5111779 0.3712009 -0.7751818
vn -0.5111779 0.3712009 -0.7751818
vn -0.3161719 0.2769689 -0.9073718
vn -0.3161719 0.2769689 -0.9073718
vn -0.3161719 0.2769689 -0.9073718
vn -0.150374 0.100647 -0.9834927
vn -0.150374 0.100647 -0.9834927
vn -0.150374 0.100647 -0.9834927
vn 0.2862471 -0.133647 -0.9487894
vn 0.2862471 -0.133647 -0.9487894
vn 0.2862471 -0.133647 -0.9487894
vn 0.5134969 -0.16824 -0.8414369
vn 0.5134969 -0.16824 -0.8414369
vn 0.5134969 -0.16824 -0.8414369
vn 0.6817229 -0.268915 -0.680396
vn 0.6817229 -0.268915 -0.680396
vn 0.6817229 -0.268915 -0.680396
vn 0.9301011 -0.268915 -0.250193
vn 0.9301011 -0.268915 -0.250193
vn 0.9301011 -0.268915 -0.250193
vn 0.985454 -0.168241 -0.0239869
vn 0.985454 -0.168241 -0.0239869
vn 0.985454 -0.168241 -0.0239869
vn 0.9647981 -0.133647 0.226502
vn 0.9647981 -0.133647 0.226502
vn 0.9647981 -0.133647 0.226502
vn 0.7765412 0.100645 0.6219761
vn 0.7765412 0.100645 0.6219761
vn 0.7765412 0.100645 0.6219761
vn 0.6277179 0.27697 0.727501
vn 0.6277179 0.27697 0.727501
vn 0.6277179 0.27697 0.727501
vn 0.4157438 0.3711978 0.8302826
vn 0.4157438 0.3711978 0.8302826
vn 0.4157438 0.3711978 0.8302826
vn -0.0208866 0.605487 0.795581
vn -0.0208866 0.605487 0.795581
vn -0.0208866 0.605487 0.795581
vn -0.201975 0.722173 0.661568
vn -0.201975 0.722173 0.661568
vn -0.201975 0.722173 0.661568
vn -0.4163502 0.7407563 0.5271932
vn -0.4163502 0.7407563 0.5271932
vn -0.4163502 0.7407563 0.5271932
vn -0.6766363 -0.6675212 0.3107711
vn -0.6766363 -0.6675212 0.3107711
vn -0.6766363 -0.6675212 0.3107711
vn -0.6863059 -0.705205 0.177961
vn -0.6863059 -0.705205 0.177961
vn -0.6863059 -0.705205 0.177961
vn -0.6338668 -0.7704647 0.06780257
vn -0.6338668 -0.7704647 0.06780257
vn -0.6338668 -0.7704647 0.06780257
vn -0.5333561 -0.8458343 0.009773722
vn -0.5333561 -0.8458343 0.009773722
vn -0.5333561 -0.8458343 0.009773722
vn -0.4117339 -0.9110968 0.01944119
vn -0.4117339 -0.9110968 0.01944119
vn -0.4117339 -0.9110968 0.01944119
vn -0.301553 -0.9487829 0.0942171
vn -0.301553 -0.9487829 0.0942171
vn -0.301553 -0.9487829 0.0942171
vn -0.2323709 -0.9487827 0.214045
vn -0.2323709 -0.9487827 0.214045
vn -0.2323709 -0.9487827 0.214045
vn -0.222705 -0.9110969 0.34685
vn -0.222705 -0.9110969 0.34685
vn -0.222705 -0.9110969 0.34685
vn -0.275146 -0.845832 0.457015
vn -0.275146 -0.845832 0.457015
vn -0.275146 -0.845832 0.457015
vn -0.3756499 -0.7704667 0.5150418
vn -0.3756499 -0.7704667 0.5150418
vn -0.3756499 -0.7704667 0.5150418
vn -0.4972731 -0.7052052 0.5053761
vn -0.4972731 -0.7052052 0.5053761
vn -0.4972731 -0.7052052 0.5053761
vn -0.6074542 -0.6675212 0.4305982
vn -0.6074542 -0.6675212 0.4305982
vn -0.6074542 -0.6675212 0.4305982
vn 0.9790099 0.203611 -0.009067859
vn 0.9790099 0.203611 -0.009067859
vn 0.9790099 0.203611 -0.009067859
vn 0.9525319 0.132193 -0.274241
vn 0.9525319 0.132193 -0.274241
vn 0.9525319 0.132193 -0.274241
vn 0.9257636 0.1603019 -0.3424398
vn 0.9257636 0.1603019 -0.3424398
vn 0.9257636 0.1603019 -0.3424398
vn 0.101672 0.8615041 0.497467
vn 0.101672 0.8615041 0.497467
vn 0.101672 0.8615041 0.497467
vn -0.379984 0.8615041 -0.3367831
vn -0.379984 0.8615041 -0.3367831
vn -0.379984 0.8615041 -0.3367831
vn 0.196768 0.3532161 -0.9146151
vn 0.196768 0.3532161 -0.9146151
vn 0.196768 0.3532161 -0.9146151
vn 0.3328119 0.3246439 -0.8853488
vn 0.3328119 0.3246439 -0.8853488
vn 0.3328119 0.3246439 -0.8853488
vn 0.4973589 0.2036119 -0.8433127
vn 0.4973589 0.2036119 -0.8433127
vn 0.4973589 0.2036119 -0.8433127
vn -0.3228461 0.9463972 -0.0101325
vn -0.3228461 0.9463972 -0.0101325
vn -0.3228461 0.9463972 -0.0101325
vn -0.3180141 0.9444463 -0.08299522
vn -0.3180141 0.9444463 -0.08299522
vn -0.3180141 0.9444463 -0.08299522
vn 0.405184 0.7171119 0.567077
vn 0.405184 0.7171119 0.567077
vn 0.405184 0.7171119 0.567077
vn 0.299551 0.799753 0.520254
vn 0.299551 0.799753 0.520254
vn 0.299551 0.799753 0.520254
vn 0.4716679 0.8386748 -0.272312
vn 0.4716679 0.8386748 -0.272312
vn 0.4716679 0.8386748 -0.272312
vn 0.4716679 0.8386748 -0.272312
vn 0.4716679 0.8386748 -0.272312
vn 0.4716679 0.8386748 -0.272312
vn 0.4716679 0.8386748 -0.272312
vn 0.4716679 0.8386748 -0.272312
vn 0.4716679 0.8386748 -0.272312
vn 0.4716679 0.8386748 -0.272312
vn 0.04698638 -0.2759399 -0.9600257
vn 0.04698638 -0.2759399 -0.9600257
vn 0.04698638 -0.2759399 -0.9600257
vn 0.04698638 -0.2759399 -0.9600257
vn -0.47471 0.0437533 -0.8790541
vn -0.47471 0.0437533 -0.8790541
vn -0.47471 0.0437533 -0.8790541
vn -0.47471 0.0437533 -0.8790541
vn -0.8056831 0.36345 -0.4677381
vn -0.8056831 0.36345 -0.4677381
vn -0.8056831 0.36345 -0.4677381
vn -0.8056831 0.36345 -0.4677381
vn -0.8195103 0.5610352 0.1168001
vn -0.8195103 0.5610352 0.1168001
vn -0.8195103 0.5610352 0.1168001
vn -0.8195103 0.5610352 0.1168001
vn 0.8548998 -0.2759399 0.4393219
vn 0.8548998 -0.2759399 0.4393219
vn 0.8548998 -0.2759399 0.4393219
vn 0.8548998 -0.2759399 0.4393219
vn 0.5239269 0.04375399 0.8506387
vn 0.5239269 0.04375399 0.8506387
vn 0.5239269 0.04375399 0.8506387
vn 0.5239269 0.04375399 0.8506387
vn 0.002230889 0.3634509 0.9316108
vn 0.002230889 0.3634509 0.9316108
vn 0.002230889 0.3634509 0.9316108
vn 0.002230889 0.3634509 0.9316108
vn -0.510907 0.561035 0.651317
vn -0.510907 0.561035 0.651317
vn -0.510907 0.561035 0.651317
vn -0.510907 0.561035 0.651317
vn 0.5601293 -0.4735192 -0.6797314
vn 0.5601293 -0.4735192 -0.6797314
vn 0.5601293 -0.4735192 -0.6797314
vn 0.5601293 -0.4735192 -0.6797314
vn 0.8687286 -0.4735198 -0.1452219
vn 0.8687286 -0.4735198 -0.1452219
vn 0.8687286 -0.4735198 -0.1452219
vn 0.8687286 -0.4735198 -0.1452219
vn 0.927271 -0.234378 -0.291951
vn 0.927271 -0.234378 -0.291951
vn 0.927271 -0.234378 -0.291951
vn 0.927271 -0.234378 -0.291951
vn 0.9843343 -0.134746 0.113708
vn 0.9843343 -0.134746 0.113708
vn 0.9843343 -0.134746 0.113708
vn 0.9843343 -0.134746 0.113708
vn 0.8763615 0.04476453 0.4795693
vn 0.8763615 0.04476453 0.4795693
vn 0.8763615 0.04476453 0.4795693
vn 0.8763615 0.04476453 0.4795693
vn 0.6866843 0.5476962 0.4780101
vn 0.6866843 0.5476962 0.4780101
vn 0.6866843 0.5476962 0.4780101
vn 0.6866843 0.5476962 0.4780101
vn 0.624737 0.268628 0.733173
vn 0.624737 0.268628 0.733173
vn 0.624737 0.268628 0.733173
vn 0.624737 0.268628 0.733173
vn 0.2792991 0.492503 0.8242771
vn 0.2792991 0.492503 0.8242771
vn 0.2792991 0.492503 0.8242771
vn 0.2792991 0.492503 0.8242771
vn -0.09152812 0.6720132 0.7348611
vn -0.09152812 0.6720132 0.7348611
vn -0.09152812 0.6720132 0.7348611
vn -0.09152812 0.6720132 0.7348611
vn -0.6821641 0.6720211 -0.288166
vn -0.6821641 0.6720211 -0.288166
vn -0.6821641 0.6720211 -0.288166
vn -0.6821641 0.6720211 -0.288166
vn -0.6251089 0.7716429 0.1175
vn -0.6251089 0.7716429 0.1175
vn -0.6251089 0.7716429 0.1175
vn -0.6251089 0.7716429 0.1175
vn -0.4143159 0.7716399 0.4826119
vn -0.4143159 0.7716399 0.4826119
vn -0.4143159 0.7716399 0.4826119
vn -0.4143159 0.7716399 0.4826119
vn 0.7164728 -0.2343769 -0.6570648
vn 0.7164728 -0.2343769 -0.6570648
vn 0.7164728 -0.2343769 -0.6570648
vn 0.7164728 -0.2343769 -0.6570648
vn 0.3936921 -0.1347501 -0.9093123
vn 0.3936921 -0.1347501 -0.9093123
vn 0.3936921 -0.1347501 -0.9093123
vn 0.3936921 -0.1347501 -0.9093123
vn 0.02286651 0.04477511 -0.9987354
vn 0.02286651 0.04477511 -0.9987354
vn 0.02286651 0.04477511 -0.9987354
vn 0.02286651 0.04477511 -0.9987354
vn -0.322578 0.26863 -0.907624
vn -0.322578 0.26863 -0.907624
vn -0.322578 0.26863 -0.907624
vn -0.322578 0.26863 -0.907624
vn -0.5742009 0.492495 -0.65402
vn -0.5742009 0.492495 -0.65402
vn -0.5742009 0.492495 -0.65402
vn -0.5742009 0.492495 -0.65402
vn 0.4716679 0.8386748 -0.272312
vn 0.4716679 0.8386748 -0.272312
vn 0.4716679 0.8386748 -0.272312
vn 0.4716679 0.8386748 -0.272312
vn -0.160034 0.3851199 0.9088848
vn -0.160034 0.3851199 0.9088848
vn -0.160034 0.3851199 0.9088848
vn -0.160034 0.3851199 0.9088848
vn 0.867155 -0.385162 0.315741
vn 0.867155 -0.385162 0.315741
vn 0.867155 -0.385162 0.315741
vn 0.867155 -0.385162 0.315741
vn -0.8671329 0.3851169 -0.3158569
vn -0.8671329 0.3851169 -0.3158569
vn -0.8671329 0.3851169 -0.3158569
vn -0.8671329 0.3851169 -0.3158569
vn 0.1601369 -0.3851699 -0.9088457
vn 0.1601369 -0.3851699 -0.9088457
vn 0.1601369 -0.3851699 -0.9088457
vn 0.1601369 -0.3851699 -0.9088457
vn -0.02002519 0.5930377 -0.8049256
vn -0.02002519 0.5930377 -0.8049256
vn -0.02002519 0.5930377 -0.8049256
vn -0.02002519 0.5930377 -0.8049256
vn 0.6870751 0.5930331 0.419809
vn 0.6870751 0.5930331 0.419809
vn 0.6870751 0.5930331 0.419809
vn 0.6870751 0.5930331 0.419809
vn 0.02004749 -0.5930167 0.8049406
vn 0.02004749 -0.5930167 0.8049406
vn 0.02004749 -0.5930167 0.8049406
vn 0.02004749 -0.5930167 0.8049406
vn -0.687075 -0.593029 -0.419815
vn -0.687075 -0.593029 -0.419815
vn -0.687075 -0.593029 -0.419815
vn -0.687075 -0.593029 -0.419815
vn 0.500001 -9.705338E-07 0.8660249
vn 0.500001 -9.705338E-07 0.8660249
vn 0.500001 -9.705338E-07 0.8660249
vn 0.500001 -9.705338E-07 0.8660249
vn 0.500001 -9.705338E-07 0.8660249
vn 0.500001 -9.705338E-07 0.8660249
vn 0.500001 -9.705338E-07 0.8660249
vn 0.500001 -9.705338E-07 0.8660249
vn -0.500001 9.70561E-07 -0.8660249
vn -0.500001 9.70561E-07 -0.8660249
vn -0.500001 9.70561E-07 -0.8660249
vn -0.500001 9.70561E-07 -0.8660249
vn -0.500001 9.70561E-07 -0.8660249
vn -0.500001 9.70561E-07 -0.8660249
vn -0.500001 9.70561E-07 -0.8660249
vn -0.500001 9.70561E-07 -0.8660249
vn -0.8296428 -0.2868109 0.4789909
vn -0.8296428 -0.2868109 0.4789909
vn -0.8296428 -0.2868109 0.4789909
vn -0.8296428 -0.2868109 0.4789909
vn 0.012553 -0.999895 -0.007247441
vn 0.012553 -0.999895 -0.007247441
vn 0.012553 -0.999895 -0.007247441
vn 0.012553 -0.999895 -0.007247441
vn 0.8552752 -0.157069 -0.4937952
vn 0.8552752 -0.157069 -0.4937952
vn 0.8552752 -0.157069 -0.4937952
vn 0.8552752 -0.157069 -0.4937952
vn 0.1297191 0.9887184 -0.07489253
vn 0.1297191 0.9887184 -0.07489253
vn 0.1297191 0.9887184 -0.07489253
vn 0.1297191 0.9887184 -0.07489253
vn 0.4737339 -0.8371198 -0.273508
vn 0.4737339 -0.8371198 -0.273508
vn 0.4737339 -0.8371198 -0.273508
vn 0.4737339 -0.8371198 -0.273508
vn 0.7329631 -0.5325981 -0.4232071
vn 0.7329631 -0.5325981 -0.4232071
vn 0.7329631 -0.5325981 -0.4232071
vn 0.7329631 -0.5325981 -0.4232071
vn -0.5386389 0.7830439 0.310983
vn -0.5386389 0.7830439 0.310983
vn -0.5386389 0.7830439 0.310983
vn -0.5386389 0.7830439 0.310983
vn 0.5258859 0.7945189 -0.303618
vn 0.5258859 0.7945189 -0.303618
vn 0.5258859 0.7945189 -0.303618
vn 0.5258859 0.7945189 -0.303618
vn 0.500001 -9.705338E-07 0.8660249
vn 0.500001 -9.705338E-07 0.8660249
vn 0.500001 -9.705338E-07 0.8660249
vn 0.500001 -9.705338E-07 0.8660249
vn -0.500001 9.70561E-07 -0.8660249
vn -0.500001 9.70561E-07 -0.8660249
vn -0.500001 9.70561E-07 -0.8660249
vn -0.500001 9.70561E-07 -0.8660249
vn 0.4460351 0.8571671 -0.257521
vn 0.4460351 0.8571671 -0.257521
vn 0.4460351 0.8571671 -0.257521
vn 0.4460351 0.8571671 -0.257521
vn -0.4460612 -0.8571674 0.2574751
vn -0.4460612 -0.8571674 0.2574751
vn -0.4460612 -0.8571674 0.2574751
vn -0.4460612 -0.8571674 0.2574751
vn -0.500001 9.70561E-07 -0.8660249
vn -0.500001 9.70561E-07 -0.8660249
vn -0.500001 9.70561E-07 -0.8660249
vn -0.500001 9.70561E-07 -0.8660249
vn 0.500001 -9.705338E-07 0.8660249
vn 0.500001 -9.705338E-07 0.8660249
vn 0.500001 -9.705338E-07 0.8660249
vn 0.500001 -9.705338E-07 0.8660249
vn -0.4460612 -0.8571674 0.2574751
vn -0.4460612 -0.8571674 0.2574751
vn -0.4460612 -0.8571674 0.2574751
vn -0.4460612 -0.8571674 0.2574751
vn 0.4460351 0.8571671 -0.257521
vn 0.4460351 0.8571671 -0.257521
vn 0.4460351 0.8571671 -0.257521
vn 0.4460351 0.8571671 -0.257521
vn 0.6614709 -0.6454529 -0.381899
vn 0.6614709 -0.6454529 -0.381899
vn 0.6614709 -0.6454529 -0.381899
vn 0.6614709 -0.6454529 -0.381899
vn 0.500001 -9.705338E-07 0.8660249
vn 0.500001 -9.705338E-07 0.8660249
vn 0.500001 -9.705338E-07 0.8660249
vn 0.500001 -9.705338E-07 0.8660249
vn -0.500001 9.70561E-07 -0.8660249
vn -0.500001 9.70561E-07 -0.8660249
vn -0.500001 9.70561E-07 -0.8660249
vn -0.500001 9.70561E-07 -0.8660249
vn -0.5589801 -0.7637991 0.3227261
vn -0.5589801 -0.7637991 0.3227261
vn -0.5589801 -0.7637991 0.3227261
vn -0.5589801 -0.7637991 0.3227261
vn -0.6614651 0.6454611 0.381895
vn -0.6614651 0.6454611 0.381895
vn -0.6614651 0.6454611 0.381895
vn -0.6614651 0.6454611 0.381895
vn 0.5589839 0.7637929 -0.322734
vn 0.5589839 0.7637929 -0.322734
vn 0.5589839 0.7637929 -0.322734
vn 0.5589839 0.7637929 -0.322734
vn 0.500001 -9.705338E-07 0.8660249
vn 0.500001 -9.705338E-07 0.8660249
vn 0.500001 -9.705338E-07 0.8660249
vn 0.500001 -9.705338E-07 0.8660249
vn -0.500001 9.70561E-07 -0.8660249
vn -0.500001 9.70561E-07 -0.8660249
vn -0.500001 9.70561E-07 -0.8660249
vn -0.500001 9.70561E-07 -0.8660249
vn -0.8489445 0.1976571 0.4901273
vn -0.8489445 0.1976571 0.4901273
vn -0.8489445 0.1976571 0.4901273
vn -0.8489445 0.1976571 0.4901273
vn 0.848937 -0.197658 -0.49014
vn 0.848937 -0.197658 -0.49014
vn 0.848937 -0.197658 -0.49014
vn 0.848937 -0.197658 -0.49014
vn -0.500001 9.70561E-07 -0.8660249
vn -0.500001 9.70561E-07 -0.8660249
vn -0.500001 9.70561E-07 -0.8660249
vn -0.500001 9.70561E-07 -0.8660249
vn 0.500001 -9.705338E-07 0.8660249
vn 0.500001 -9.705338E-07 0.8660249
vn 0.500001 -9.705338E-07 0.8660249
vn 0.500001 -9.705338E-07 0.8660249
vn 0.848937 -0.197658 -0.49014
vn 0.848937 -0.197658 -0.49014
vn 0.848937 -0.197658 -0.49014
vn 0.848937 -0.197658 -0.49014
vn -0.8489445 0.1976571 0.4901273
vn -0.8489445 0.1976571 0.4901273
vn -0.8489445 0.1976571 0.4901273
vn -0.8489445 0.1976571 0.4901273
vn 0.500001 -9.705338E-07 0.8660249
vn 0.500001 -9.705338E-07 0.8660249
vn 0.500001 -9.705338E-07 0.8660249
vn 0.500001 -9.705338E-07 0.8660249
vn 0.500001 -9.705338E-07 0.8660249
vn 0.487543 0.221832 0.844448
vn 0.487543 0.221832 0.844448
vn 0.487543 0.221832 0.844448
vn 0.487543 0.221832 0.844448
vn 0 -1 0
vn 0 -1 0
vn 0 -1 0
vn 0 -1 0
vn -0.8625345 -0.08970936 0.4979823
vn -0.8625345 -0.08970936 0.4979823
vn -0.8625345 -0.08970936 0.4979823
vn -0.8625345 -0.08970936 0.4979823
vn -0.5006198 0.8159907 0.2890309
vn -0.5006198 0.8159907 0.2890309
vn -0.5006198 0.8159907 0.2890309
vn -0.5006198 0.8159907 0.2890309
vn -0.8658298 0.02128039 0.4998859
vn -0.8658298 0.02128039 0.4998859
vn -0.8658298 0.02128039 0.4998859
vn -0.8658298 0.02128039 0.4998859
vn 0 -1 0
vn 0 -1 0
vn 0 -1 0
vn 0 -1 0
vn 0.6877711 0.6076971 -0.3970831
vn 0.6877711 0.6076971 -0.3970831
vn 0.6877711 0.6076971 -0.3970831
vn 0.6877711 0.6076971 -0.3970831
vn 0.8186619 0.326179 -0.4726519
vn 0.8186619 0.326179 -0.4726519
vn 0.8186619 0.326179 -0.4726519
vn 0.8186619 0.326179 -0.4726519
vn -0.500001 9.70561E-07 -0.8660249
vn -0.500001 9.70561E-07 -0.8660249
vn -0.500001 9.70561E-07 -0.8660249
vn -0.500001 9.70561E-07 -0.8660249
vn -0.500001 9.70561E-07 -0.8660249
vn -0.4875421 0.2218331 -0.8444481
vn -0.4875429 0.2218329 -0.8444477
vn -0.4875429 0.2218329 -0.8444477
vn -0.4875429 0.2218329 -0.8444477
vn -0.9226499 0.2991729 0.243337
vn -0.9226499 0.2991729 0.243337
vn -0.9226499 0.2991729 0.243337
vn -0.9226499 0.2991729 0.243337
vn -0.9576483 0.1627151 -0.2375571
vn -0.9576483 0.1627151 -0.2375571
vn -0.9576483 0.1627151 -0.2375571
vn -0.9576483 0.1627151 -0.2375571
vn -0.7677408 -0.07366609 -0.6365119
vn -0.7677408 -0.07366609 -0.6365119
vn -0.7677408 -0.07366609 -0.6365119
vn -0.7677408 -0.07366609 -0.6365119
vn -0.40375 -0.346628 -0.846661
vn -0.40375 -0.346628 -0.846661
vn -0.40375 -0.346628 -0.846661
vn -0.40375 -0.346628 -0.846661
vn 0.03672759 -0.5829859 -0.8116518
vn 0.03672759 -0.5829859 -0.8116518
vn 0.03672759 -0.5829859 -0.8116518
vn 0.03672759 -0.5829859 -0.8116518
vn 0.4357139 -0.7194338 -0.5408958
vn 0.4357139 -0.7194338 -0.5408958
vn 0.4357139 -0.7194338 -0.5408958
vn 0.4357139 -0.7194338 -0.5408958
vn 0.6862652 -0.7194553 -0.106883
vn 0.6862652 -0.7194553 -0.106883
vn 0.6862652 -0.7194553 -0.106883
vn 0.6862652 -0.7194553 -0.106883
vn 0.7212771 -0.5829811 0.374022
vn 0.7212771 -0.5829811 0.374022
vn 0.7212771 -0.5829811 0.374022
vn 0.7212771 -0.5829811 0.374022
vn 0.5313631 -0.346616 0.7729881
vn 0.5313631 -0.346616 0.7729881
vn 0.5313631 -0.346616 0.7729881
vn 0.5313631 -0.346616 0.7729881
vn 0.1673719 -0.07366946 0.9831375
vn 0.1673719 -0.07366946 0.9831375
vn 0.1673719 -0.07366946 0.9831375
vn 0.1673719 -0.07366946 0.9831375
vn -0.273099 0.162703 0.9481269
vn -0.273099 0.162703 0.9481269
vn -0.273099 0.162703 0.9481269
vn -0.273099 0.162703 0.9481269
vn -0.672069 0.299154 0.67737
vn -0.672069 0.299154 0.67737
vn -0.672069 0.299154 0.67737
vn -0.672069 0.299154 0.67737
vn -0.9253671 -0.204291 0.319313
vn -0.9253671 -0.204291 0.319313
vn -0.9253671 -0.204291 0.319313
vn -0.9253671 -0.204291 0.319313
vn -0.9513709 -0.3057 -0.0379611
vn -0.9513709 -0.3057 -0.0379611
vn -0.9513709 -0.3057 -0.0379611
vn -0.9513709 -0.3057 -0.0379611
vn -0.8102727 -0.4812958 -0.3343839
vn -0.8102727 -0.4812958 -0.3343839
vn -0.8102727 -0.4812958 -0.3343839
vn -0.8102727 -0.4812958 -0.3343839
vn -0.5398459 -0.6840729 -0.4905209
vn -0.5398459 -0.6840729 -0.4905209
vn -0.5398459 -0.6840729 -0.4905209
vn -0.5398459 -0.6840729 -0.4905209
vn -0.2125911 -0.8596663 -0.4645202
vn -0.2125911 -0.8596663 -0.4645202
vn -0.2125911 -0.8596663 -0.4645202
vn -0.2125911 -0.8596663 -0.4645202
vn 0.08377941 -0.9610531 -0.263359
vn 0.08377941 -0.9610531 -0.263359
vn 0.08377941 -0.9610531 -0.263359
vn 0.08377941 -0.9610531 -0.263359
vn 0.2699841 -0.9610482 0.05911922
vn 0.2699841 -0.9610482 0.05911922
vn 0.2699841 -0.9610482 0.05911922
vn 0.2699841 -0.9610482 0.05911922
vn 0.295989 -0.859666 0.416371
vn 0.295989 -0.859666 0.416371
vn 0.295989 -0.859666 0.416371
vn 0.295989 -0.859666 0.416371
vn 0.15488 -0.6840739 0.7127798
vn 0.15488 -0.6840739 0.7127798
vn 0.15488 -0.6840739 0.7127798
vn 0.15488 -0.6840739 0.7127798
vn -0.115548 -0.4812992 0.8689073
vn -0.115548 -0.4812992 0.8689073
vn -0.115548 -0.4812992 0.8689073
vn -0.115548 -0.4812992 0.8689073
vn -0.4428059 -0.305673 0.8429039
vn -0.4428059 -0.305673 0.8429039
vn -0.4428059 -0.305673 0.8429039
vn -0.4428059 -0.305673 0.8429039
vn -0.7392148 -0.2043079 0.6417318
vn -0.7392148 -0.2043079 0.6417318
vn -0.7392148 -0.2043079 0.6417318
vn -0.7392148 -0.2043079 0.6417318
vn -0.07062592 0.5476961 -0.8336912
vn -0.07062592 0.5476961 -0.8336912
vn -0.07062592 0.5476961 -0.8336912
vn -0.07062592 0.5476961 -0.8336912
vn 0 1 0
vn 0 1 0
vn 0 1 0
vn 0 1 0
vn 0 1 0
vn 0 1 0
vn 0 1 0
vn 0 1 0
vn 0 1 0
vn 0 1 0
vn 0 1 0
vn 0 1 0
vn 0 -1 0
vn 0 -1 0
vn 0 -1 0
vn 0 -1 0
vn 1 0 0
vn 1 0 0
vn 1 0 0
vn 1 0 0
vn 0 0 -1
vn 0 0 -1
vn 0 0 -1
vn 0 0 -1
vn 1 0 0
vn 1 0 0
vn 1 0 0
vn 1 0 0
vn -1 0 0
vn -1 0 0
vn -1 0 0
vn -1 0 0
vn -1 0 0
vn -1 0 0
vn 0 -1 0
vn 0 -1 0
vn 0 -1 0
vn 0 -1 0
vn 0 0 1
vn 0 0 1
vn 0 0 1
vn 0 0 1
vn 0 0 1
vn 0 0 1
vn 0 0 1
vn 0 0 1
vn 0 1 0
vn 0 1 0
vn 0 1 0
vn 0 1 0
vn 1 0 0
vn 1 0 0
vn 1 0 0
vn 1 0 0
vn -1 0 0
vn -1 0 0
vn -1 0 0
vn -1 0 0
vn 0 -1 0
vn 0 -1 0
vn 0 -1 0
vn 0 -1 0
vn 0 0 1
vn 0 0 1
vn 0 0 1
vn 0 0 1
vn 1 0 0
vn 1 0 0
vn 1 0 0
vn 1 0 0
vn 0 -1 0
vn 0 -1 0
vn 0 -1 0
vn 0 -1 0
vn -1 0 0
vn -1 0 0
vn -1 0 0
vn -1 0 0
vn 1 0 0
vn 1 0 0
vn 1 0 0
vn 1 0 0
vn 0 -1 0
vn 0 -1 0
vn 0 -1 0
vn 0 -1 0
vn 0 1 0
vn 0 1 0
vn 0 1 0
vn 0 1 0
vn 0 0 -1
vn 0 0 -1
vn 0 0 -1
vn 0 0 -1
vn 0 0 1
vn 0 0 1
vn 0 0 1
vn 0 0 1
vn -1 0 0
vn -1 0 0
vn -1 0 0
vn -1 0 0
vn 1 0 0
vn 1 0 0
vn 1 0 0
vn 1 0 0
vn 0 -1 0
vn 0 -1 0
vn 0 -1 0
vn 0 -1 0
vn 0 1 0
vn 0 1 0
vn 0 1 0
vn 0 1 0
vn 0 0 -1
vn 0 0 -1
vn 0 0 -1
vn 0 0 -1
vn 0 0 1
vn 0 0 1
vn 0 0 1
vn 0 0 1
vn -1 0 0
vn -1 0 0
vn -1 0 0
vn -1 0 0
vn 1 0 0
vn 1 0 0
vn 1 0 0
vn 1 0 0
vn 0 -1 0
vn 0 -1 0
vn 0 -1 0
vn 0 -1 0
vn 0 1 0
vn 0 1 0
vn 0 1 0
vn 0 1 0
vn 0 0 -1
vn 0 0 -1
vn 0 0 -1
vn 0 0 -1
vn 0 0 1
vn 0 0 1
vn 0 0 1
vn 0 0 1
vn -1 0 0
vn -1 0 0
vn -1 0 0
vn -1 0 0
vn 1 0 0
vn 1 0 0
vn 1 0 0
vn 1 0 0
vn 0 -1 0
vn 0 -1 0
vn 0 -1 0
vn 0 -1 0
vn 0 1 0
vn 0 1 0
vn 0 1 0
vn 0 1 0
vn 0 0 -1
vn 0 0 -1
vn 0 0 -1
vn 0 0 -1
vn 0 0 1
vn 0 0 1
vn 0 0 1
vn 0 0 1
vn -1 0 0
vn -1 0 0
vn -1 0 0
vn -1 0 0
vn 1 0 0
vn 1 0 0
vn 1 0 0
vn 1 0 0
vn 0 -1 0
vn 0 -1 0
vn 0 -1 0
vn 0 -1 0
vn 0 1 0
vn 0 1 0
vn 0 1 0
vn 0 1 0
vn 0 0 -1
vn 0 0 -1
vn 0 0 -1
vn 0 0 -1
vn 0 0 1
vn 0 0 1
vn 0 0 1
vn 0 0 1
vn -1 0 0
vn -1 0 0
vn -1 0 0
vn -1 0 0
vn 1 0 0
vn 1 0 0
vn 1 0 0
vn 1 0 0
vn 0 -1 0
vn 0 -1 0
vn 0 -1 0
vn 0 -1 0
vn 0 1 0
vn 0 1 0
vn 0 1 0
vn 0 1 0
vn 0 0 -1
vn 0 0 -1
vn 0 0 -1
vn 0 0 -1
vn 0 0 1
vn 0 0 1
vn 0 0 1
vn 0 0 1
vn 1 0 0
vn 1 0 0
vn 1 0 0
vn 1 0 0
vn -1 0 0
vn -1 0 0
vn -1 0 0
vn -1 0 0
vn 0 -1 0
vn 0 -1 0
vn 0 -1 0
vn 0 -1 0
vn 0 1 0
vn 0 1 0
vn 0 1 0
vn 0 1 0
vn 0 0 1
vn 0 0 1
vn 0 0 1
vn 0 0 1
vn 0 0 -1
vn 0 0 -1
vn 0 0 -1
vn 0 0 -1
vn 1 0 0
vn 1 0 0
vn 1 0 0
vn 1 0 0
vn -1 0 0
vn -1 0 0
vn -1 0 0
vn -1 0 0
vn 0 -1 0
vn 0 -1 0
vn 0 -1 0
vn 0 -1 0
vn 0 1 0
vn 0 1 0
vn 0 1 0
vn 0 1 0
vn 0 0 1
vn 0 0 1
vn 0 0 1
vn 0 0 1
vn 0 0 -1
vn 0 0 -1
vn 0 0 -1
vn 0 0 -1
vn 1 0 0
vn 1 0 0
vn 1 0 0
vn 1 0 0
vn -1 0 0
vn -1 0 0
vn -1 0 0
vn -1 0 0
vn 0 -1 0
vn 0 -1 0
vn 0 -1 0
vn 0 -1 0
vn 0 1 0
vn 0 1 0
vn 0 1 0
vn 0 1 0
vn 0 0 1
vn 0 0 1
vn 0 0 1
vn 0 0 1
vn 0 0 -1
vn 0 0 -1
vn 0 0 -1
vn 0 0 -1
vn 1 0 0
vn 1 0 0
vn 1 0 0
vn 1 0 0
vn -1 0 0
vn -1 0 0
vn -1 0 0
vn -1 0 0
vn 0 -1 0
vn 0 -1 0
vn 0 -1 0
vn 0 -1 0
vn 0 1 0
vn 0 1 0
vn 0 1 0
vn 0 1 0
vn 0 0 1
vn 0 0 1
vn 0 0 1
vn 0 0 1
vn 0 0 -1
vn 0 0 -1
vn 0 0 -1
vn 0 0 -1
vn 1 0 0
vn 1 0 0
vn 1 0 0
vn 1 0 0
vn -1 0 0
vn -1 0 0
vn -1 0 0
vn -1 0 0
vn 0 -1 0
vn 0 -1 0
vn 0 -1 0
vn 0 -1 0
vn 0 1 0
vn 0 1 0
vn 0 1 0
vn 0 1 0
vn 0 0 1
vn 0 0 1
vn 0 0 1
vn 0 0 1
vn 0 0 -1
vn 0 0 -1
vn 0 0 -1
vn 0 0 -1
vn 0 0 -1
vn 0 0 -1
vn 0 0 -1
vn 0 0 -1
vn 0 0 1
vn 0 0 1
vn 0 0 1
vn 0 0 1
vn 0 -1 0
vn 0 -1 0
vn 0 -1 0
vn 0 -1 0
vn -1 0 0
vn -1 0 0
vn -1 0 0
vn -1 0 0
vn 1 0 0
vn 1 0 0
vn 1 0 0
vn 1 0 0
vn 0 0 -1
vn 0 0 -1
vn 0 0 -1
vn 0 0 -1
vn 0 0 1
vn 0 0 1
vn 0 0 1
vn 0 0 1
vn 0 -1 0
vn 0 -1 0
vn 0 -1 0
vn 0 -1 0
vn -1 0 0
vn -1 0 0
vn -1 0 0
vn -1 0 0
vn 1 0 0
vn 1 0 0
vn 1 0 0
vn 1 0 0
vn 0 0 -1
vn 0 0 -1
vn 0 0 -1
vn 0 0 -1
vn 0 0 1
vn 0 0 1
vn 0 0 1
vn 0 0 1
vn 0 -1 0
vn 0 -1 0
vn 0 -1 0
vn 0 -1 0
vn -1 0 0
vn -1 0 0
vn -1 0 0
vn -1 0 0
vn 1 0 0
vn 1 0 0
vn 1 0 0
vn 1 0 0
vn 0 0 -1
vn 0 0 -1
vn 0 0 -1
vn 0 0 -1
vn 0 0 1
vn 0 0 1
vn 0 0 1
vn 0 0 1
vn 0 -1 0
vn 0 -1 0
vn 0 -1 0
vn 0 -1 0
vn -1 0 0
vn -1 0 0
vn -1 0 0
vn -1 0 0
vn 1 0 0
vn 1 0 0
vn 1 0 0
vn 1 0 0
vn 0 0 -1
vn 0 0 -1
vn 0 0 -1
vn 0 0 -1
vn 0 0 1
vn 0 0 1
vn 0 0 1
vn 0 0 1
vn 0 -1 0
vn 0 -1 0
vn 0 -1 0
vn 0 -1 0
vn -1 0 0
vn -1 0 0
vn -1 0 0
vn -1 0 0
vn 1 0 0
vn 1 0 0
vn 1 0 0
vn 1 0 0
vn 0 0 -1
vn 0 0 -1
vn 0 0 -1
vn 0 0 -1
vn 0 0 1
vn 0 0 1
vn 0 0 1
vn 0 0 1
vn 0 -1 0
vn 0 -1 0
vn 0 -1 0
vn 0 -1 0
vn -1 0 0
vn -1 0 0
vn -1 0 0
vn -1 0 0
vn 1 0 0
vn 1 0 0
vn 1 0 0
vn 1 0 0
vn 0 0 -1
vn 0 0 -1
vn 0 0 -1
vn 0 0 -1
vn 0 0 1
vn 0 0 1
vn 0 0 1
vn 0 0 1
vn 0 -1 0
vn 0 -1 0
vn 0 -1 0
vn 0 -1 0
vn -1 0 0
vn -1 0 0
vn -1 0 0
vn -1 0 0
vn 1 0 0
vn 1 0 0
vn 1 0 0
vn 1 0 0
vn 1 0 0
vn 1 0 0
vn 1 0 0
vn 1 0 0
vn -1 0 0
vn -1 0 0
vn -1 0 0
vn -1 0 0
vn 0 -1 0
vn 0 -1 0
vn 0 -1 0
vn 0 -1 0
vn 0 0 -1
vn 0 0 -1
vn 0 0 -1
vn 0 0 -1
vn 0 0 1
vn 0 0 1
vn 0 0 1
vn 0 0 1
vn 1 0 0
vn 1 0 0
vn 1 0 0
vn 1 0 0
vn -1 0 0
vn -1 0 0
vn -1 0 0
vn -1 0 0
vn 0 -1 0
vn 0 -1 0
vn 0 -1 0
vn 0 -1 0
vn 0 0 -1
vn 0 0 -1
vn 0 0 -1
vn 0 0 -1
vn 0 0 1
vn 0 0 1
vn 0 0 1
vn 0 0 1
vn 1 0 0
vn 1 0 0
vn 1 0 0
vn 1 0 0
vn -1 0 0
vn -1 0 0
vn -1 0 0
vn -1 0 0
vn 0 -1 0
vn 0 -1 0
vn 0 -1 0
vn 0 -1 0
vn 0 0 -1
vn 0 0 -1
vn 0 0 -1
vn 0 0 -1
vn 0 0 1
vn 0 0 1
vn 0 0 1
vn 0 0 1
vn 1 0 0
vn 1 0 0
vn 1 0 0
vn 1 0 0
vn -1 0 0
vn -1 0 0
vn -1 0 0
vn -1 0 0
vn 0 -1 0
vn 0 -1 0
vn 0 -1 0
vn 0 -1 0
vn 0 0 -1
vn 0 0 -1
vn 0 0 -1
vn 0 0 -1
vn 0 0 1
vn 0 0 1
vn 0 0 1
vn 0 0 1
vn 1 0 0
vn 1 0 0
vn 1 0 0
vn 1 0 0
vn -1 0 0
vn -1 0 0
vn -1 0 0
vn -1 0 0
vn 0 -1 0
vn 0 -1 0
vn 0 -1 0
vn 0 -1 0
vn 0 0 -1
vn 0 0 -1
vn 0 0 -1
vn 0 0 -1
vn 0 0 1
vn 0 0 1
vn 0 0 1
vn 0 0 1
vn 1 0 0
vn 1 0 0
vn 1 0 0
vn 1 0 0
vn -1 0 0
vn -1 0 0
vn -1 0 0
vn -1 0 0
vn 0 -1 0
vn 0 -1 0
vn 0 -1 0
vn 0 -1 0
vn 0 0 -1
vn 0 0 -1
vn 0 0 -1
vn 0 0 -1
vn 0 0 1
vn 0 0 1
vn 0 0 1
vn 0 0 1
vn 1 0 0
vn 1 0 0
vn 1 0 0
vn 1 0 0
vn -1 0 0
vn -1 0 0
vn -1 0 0
vn -1 0 0
vn 0 -1 0
vn 0 -1 0
vn 0 -1 0
vn 0 -1 0
vn 0 0 -1
vn 0 0 -1
vn 0 0 -1
vn 0 0 -1
vn 0 0 1
vn 0 0 1
vn 0 0 1
vn 0 0 1
vn 1 0 0
vn 1 0 0
vn 1 0 0
vn 1 0 0
vn -1 0 0
vn -1 0 0
vn -1 0 0
vn -1 0 0
vn 0 -1 0
vn 0 -1 0
vn 0 -1 0
vn 0 -1 0
vn 0 0 -1
vn 0 0 -1
vn 0 0 -1
vn 0 0 -1
vn 0 0 1
vn 0 0 1
vn 0 0 1
vn 0 0 1
vn 1 0 0
vn 1 0 0
vn 1 0 0
vn 1 0 0
vn -1 0 0
vn -1 0 0
vn -1 0 0
vn -1 0 0
vn 0 -1 0
vn 0 -1 0
vn 0 -1 0
vn 0 -1 0
vn 0 0 -1
vn 0 0 -1
vn 0 0 -1
vn 0 0 -1
vn 0 0 1
vn 0 0 1
vn 0 0 1
vn 0 0 1
vn 1 0 0
vn 1 0 0
vn 1 0 0
vn 1 0 0
vn -1 0 0
vn -1 0 0
vn -1 0 0
vn -1 0 0
vn 0 -1 0
vn 0 -1 0
vn 0 -1 0
vn 0 -1 0
vn 0 0 -1
vn 0 0 -1
vn 0 0 -1
vn 0 0 -1
vn 0 0 1
vn 0 0 1
vn 0 0 1
vn 0 0 1
vn 1 0 0
vn 1 0 0
vn 1 0 0
vn 1 0 0
vn -1 0 0
vn -1 0 0
vn -1 0 0
vn -1 0 0
vn 0 -1 0
vn 0 -1 0
vn 0 -1 0
vn 0 -1 0
vn 0 0 -1
vn 0 0 -1
vn 0 0 -1
vn 0 0 -1
vn 0 0 1
vn 0 0 1
vn 0 0 1
vn 0 0 1
vn 1 0 0
vn 1 0 0
vn 1 0 0
vn 1 0 0
vn -1 0 0
vn -1 0 0
vn -1 0 0
vn -1 0 0
vn 0 -1 0
vn 0 -1 0
vn 0 -1 0
vn 0 -1 0
vn 0 0 -1
vn 0 0 -1
vn 0 0 -1
vn 0 0 -1
vn 0 0 1
vn 0 0 1
vn 0 0 1
vn 0 0 1
vn 1 0 0
vn 1 0 0
vn 1 0 0
vn 1 0 0
vn -1 0 0
vn -1 0 0
vn -1 0 0
vn -1 0 0
vn 0 -1 0
vn 0 -1 0
vn 0 -1 0
vn 0 -1 0
vn 0 0 -1
vn 0 0 -1
vn 0 0 -1
vn 0 0 -1
vn 0 0 1
vn 0 0 1
vn 0 0 1
vn 0 0 1
vn 0 0 1
vn 0 0 1
vn 0 0 1
vn 0 0 1
vn 0 1 0
vn 0 1 0
vn 0 1 0
vn 0 1 0
vn 0 1 0
vn 0 1 0
vn 0 1 0
vn 0 1 0
vn 0 1 0
vn 0 1 0
vn 0 -1 0
vn 0 -1 0
vn 0 -1 0
vn 0 -1 0
vn 0 -1 0
vn 0 -1 0
vn 0 -1 0
vn 0 -1 0
vn 0 -1 0
vn 0 -1 0
vn 0 -1 0
vn 0 -1 0
vn 1 0 0
vn 1 0 0
vn 1 0 0
vn 1 0 0
vn 1 0 0
vn 1 0 0
vn 1 0 0
vn 1 0 0
vn 1 0 0
vn 1 0 0
vn -1 0 0
vn -1 0 0
vn -1 0 0
vn -1 0 0
vn -1 0 0
vn -1 0 0
vn -1 0 0
vn -1 0 0
vn 0 0 -1
vn 0 0 -1
vn 0 0 -1
vn 0 0 -1
vn 0 0 -1
vn 0 0 -1
vn 0 0 -1
vn 0 0 -1
vn 0 0 1
vn 0 0 1
vn 0 0 1
vn 0 0 1
vn 0 1 0
vn 0 1 0
vn 0 1 0
vn 0 1 0
vn 0 0 1
vn 0 0 1
vn 0 0 1
vn 0 0 1
vn 0 0 -1
vn 0 0 -1
vn 0 0 -1
vn 0 0 -1
vn -1 0 0
vn -1 0 0
vn -1 0 0
vn -1 0 0
vn 0 0 1
vn 0 0 1
vn 0 0 1
vn 0 0 1
vn 0 0 -1
vn 0 0 -1
vn 0 0 -1
vn 0 0 -1
vn 1 0 0
vn 1 0 0
vn 1 0 0
vn 1 0 0
vn -1 0 0
vn -1 0 0
vn -1 0 0
vn -1 0 0
vn 1 0 0
vn 1 0 0
vn 1 0 0
vn 1 0 0
vn 0 -1 0
vn 0 -1 0
vn 0 -1 0
vn 0 -1 0
vn 0 1 0
vn 0 1 0
vn 0 1 0
vn 0 1 0
vn 0 0 -1
vn 0 0 -1
vn 0 0 -1
vn 0 0 -1
vn 0 0 1
vn 0 0 1
vn 0 0 1
vn 0 0 1
vn -1 0 0
vn -1 0 0
vn -1 0 0
vn -1 0 0
vn 1 0 0
vn 1 0 0
vn 1 0 0
vn 1 0 0
vn 0 -1 0
vn 0 -1 0
vn 0 -1 0
vn 0 -1 0
vn 0 1 0
vn 0 1 0
vn 0 1 0
vn 0 1 0
vn 0 0 -1
vn 0 0 -1
vn 0 0 -1
vn 0 0 -1
vn 0 0 1
vn 0 0 1
vn 0 0 1
vn 0 0 1
vn 1 0 0
vn 1 0 0
vn 1 0 0
vn 1 0 0
vn -1 0 0
vn -1 0 0
vn -1 0 0
vn -1 0 0
vn 0 -1 0
vn 0 -1 0
vn 0 -1 0
vn 0 -1 0
vn 0 1 0
vn 0 1 0
vn 0 1 0
vn 0 1 0
vn 0 0 1
vn 0 0 1
vn 0 0 1
vn 0 0 1
vn 0 0 -1
vn 0 0 -1
vn 0 0 -1
vn 0 0 -1
vn 1 0 0
vn 1 0 0
vn 1 0 0
vn 1 0 0
vn -1 0 0
vn -1 0 0
vn -1 0 0
vn -1 0 0
vn 0 -1 0
vn 0 -1 0
vn 0 -1 0
vn 0 -1 0
vn 0 1 0
vn 0 1 0
vn 0 1 0
vn 0 1 0
vn 0 0 1
vn 0 0 1
vn 0 0 1
vn 0 0 1
vn 0 0 -1
vn 0 0 -1
vn 0 0 -1
vn 0 0 -1
vn 0 1 0
vn 0 1 0
vn 0 1 0
vn 0 1 0
vn -0.1736489 0 0.9848076
vn -0.1736489 0 0.9848076
vn -0.1736489 0 0.9848076
vn -0.1736489 0 0.9848076
vn 0 1 0
vn 0 1 0
vn 0 1 0
vn 0 1 0
vn 0 0 1
vn 0 0 1
vn 0 0 1
vn 0 0 1
vn 0 -1 0
vn 0 -1 0
vn 0 -1 0
vn 0 -1 0
vn 0.9848078 0 0.173648
vn 0.9848078 0 0.173648
vn 0.9848078 0 0.173648
vn 0.9848078 0 0.173648
vn -0.9848078 0 -0.173648
vn -0.9848078 0 -0.173648
vn -0.9848078 0 -0.173648
vn -0.9848078 0 -0.173648
vn 0.1736489 0 -0.9848076
vn 0.1736489 0 -0.9848076
vn 0.1736489 0 -0.9848076
vn 0.1736489 0 -0.9848076
vn 0 -1 0
vn 0 -1 0
vn 0 -1 0
vn 0 -1 0
vn -0.9848078 0 -0.173648
vn -0.9848078 0 -0.173648
vn -0.9848078 0 -0.173648
vn -0.9848078 0 -0.173648
vn 0.9848078 0 0.173648
vn 0.9848078 0 0.173648
vn 0.9848078 0 0.173648
vn 0.9848078 0 0.173648
vn -0.1736489 0 0.9848076
vn -0.1736489 0 0.9848076
vn -0.1736489 0 0.9848076
vn -0.1736489 0 0.9848076
vn 0 -1 0
vn 0 -1 0
vn 0 -1 0
vn 0 -1 0
vn 1 0 0
vn 1 0 0
vn 1 0 0
vn 1 0 0
vn -1 0 0
vn -1 0 0
vn -1 0 0
vn -1 0 0
vn 0 0 -1
vn 0 0 -1
vn 0 0 -1
vn 0 0 -1
vn 0 1 0
vn 0 1 0
vn 0 1 0
vn 0 1 0
vn 0.1736489 0 -0.9848076
vn 0.1736489 0 -0.9848076
vn 0.1736489 0 -0.9848076
vn 0.1736489 0 -0.9848076
vn 1 0 0
vn 1 0 0
vn 1 0 0
vn 1 0 0
vn -1 0 0
vn -1 0 0
vn -1 0 0
vn -1 0 0
vn 0 0 1
vn 0 0 1
vn 0 0 1
vn 0 0 1
vn 0 0 -1
vn 0 0 -1
vn 0 0 -1
vn 0 0 -1
vn 0 1 0
vn 0 1 0
vn 0 1 0
vn 0 1 0
vn 0 -1 0
vn 0 -1 0
vn 0 -1 0
vn 0 -1 0
vn 1 0 0
vn 1 0 0
vn 1 0 0
vn 1 0 0
vn -1 0 0
vn -1 0 0
vn -1 0 0
vn -1 0 0
vn 0 0 1
vn 0 0 1
vn 0 0 1
vn 0 0 1
vn 0 0 -1
vn 0 0 -1
vn 0 0 -1
vn 0 0 -1
vn 0 1 0
vn 0 1 0
vn 0 1 0
vn 0 1 0
vn 0 -1 0
vn 0 -1 0
vn 0 -1 0
vn 0 -1 0
vn 1 0 0
vn 1 0 0
vn 1 0 0
vn 1 0 0
vn 0 -1 0
vn 0 -1 0
vn 0 -1 0
vn 0 -1 0
vn 0 -1 0
vn 0 -1 0
vn 0 -1 0
vn 0 -1 0
vn 0 1 0
vn 0 1 0
vn 0 1 0
vn 0 1 0
vn 0 0 1
vn 0 0 1
vn 0 0 1
vn 0 0 1
vn 0 0 1
vn 0 0 1
vn 0 0 1
vn 0 0 1
vn 0 0 1
vn 0 0 1
vn 0 0 -1
vn 0 0 -1
vn 0 0 -1
vn 0 0 -1
vn 0 0 -1
vn 0 0 -1
vn 0 0 -1
vn 0 0 -1
vn 0 0 -1
vn 0 0 -1
vn -1 0 0
vn -1 0 0
vn -1 0 0
vn -1 0 0
vn -1 0 0
vn -1 0 0
vn -1 0 0
vn -1 0 0
vn 0 1 0
vn 0 1 0
vn 0 1 0
vn 0 1 0
vn 1 0 0
vn 1 0 0
vn 1 0 0
vn 1 0 0
vn 1 0 0
vn 1 0 0
vn 1 0 0
vn 1 0 0
vn 1 0 0
vn 1 0 0
vn 1 0 0
vn 1 0 0
vn 1 0 0
vn 1 0 0
vn -1 0 0
vn -1 0 0
vn -1 0 0
vn -1 0 0
vn -1 0 0
vn -1 0 0
vn -1 0 0
vn -1 0 0
vn -1 0 0
vn -1 0 0
vn 0 1 0
vn 0 1 0
vn 0 1 0
vn 0 1 0
vn 0 1 0
vn 0 1 0
vn 0 1 0
vn 0 1 0
vn 0 -1 0
vn 0 -1 0
vn 0 -1 0
vn 0 -1 0
vn 0 0 -1
vn 0 0 -1
vn 0 0 -1
vn 0 0 -1
vn 0 1 0
vn 0 1 0
vn 0 1 0
vn 0 1 0
vn 0 -1 0
vn 0 -1 0
vn 0 -1 0
vn 0 -1 0
vn 0 0 1
vn 0 0 1
vn 0 0 1
vn 0 0 1
vn 1 0 0
vn 1 0 0
vn 1 0 0
vn 1 0 0
vn 0 -1 0
vn 0 -1 0
vn 0 -1 0
vn 0 -1 0
vn 0 -1 0
vn 0 -1 0
vn 0 -1 0
vn 0 -1 0
vn 0 1 0
vn 0 1 0
vn 0 1 0
vn 0 1 0
vn 0 0 1
vn 0 0 1
vn 0 0 1
vn 0 0 1
vn 0 0 1
vn 0 0 1
vn 0 0 1
vn 0 0 1
vn 0 0 1
vn 0 0 1
vn 0 0 -1
vn 0 0 -1
vn 0 0 -1
vn 0 0 -1
vn 0 0 -1
vn 0 0 -1
vn 0 0 -1
vn 0 0 -1
vn 0 0 -1
vn 0 0 -1
vn -1 0 0
vn -1 0 0
vn -1 0 0
vn -1 0 0
vn -1 0 0
vn -1 0 0
vn -1 0 0
vn -1 0 0
vn 0 1 0
vn 0 1 0
vn 0 1 0
vn 0 1 0
vn 1 0 0
vn 1 0 0
vn 1 0 0
vn 1 0 0
vn 1 0 0
vn 1 0 0
vn 1 0 0
vn 1 0 0
vn 1 0 0
vn 1 0 0
vn 1 0 0
vn 1 0 0
vn 1 0 0
vn 1 0 0
vn -1 0 0
vn -1 0 0
vn -1 0 0
vn -1 0 0
vn -1 0 0
vn -1 0 0
vn -1 0 0
vn -1 0 0
vn -1 0 0
vn -1 0 0
vn 0 1 0
vn 0 1 0
vn 0 1 0
vn 0 1 0
vn 0 1 0
vn 0 1 0
vn 0 1 0
vn 0 1 0
vn 0 -1 0
vn 0 -1 0
vn 0 -1 0
vn 0 -1 0
vn 0 0 -1
vn 0 0 -1
vn 0 0 -1
vn 0 0 -1
vn 0 1 0
vn 0 1 0
vn 0 1 0
vn 0 1 0
vn 0 -1 0
vn 0 -1 0
vn 0 -1 0
vn 0 -1 0
vn 0 0 1
vn 0 0 1
vn 0 0 1
vn 0 0 1
vn -1 0 0
vn -1 0 0
vn -1 0 0
vn -1 0 0
vn 0 -1 0
vn 0 -1 0
vn 0 -1 0
vn 0 -1 0
vn 0 -1 0
vn 0 -1 0
vn 0 -1 0
vn 0 -1 0
vn 0 1 0
vn 0 1 0
vn 0 1 0
vn 0 1 0
vn 0 0 -1
vn 0 0 -1
vn 0 0 -1
vn 0 0 -1
vn 0 0 -1
vn 0 0 -1
vn 0 0 -1
vn 0 0 -1
vn 0 0 -1
vn 0 0 -1
vn 0 0 1
vn 0 0 1
vn 0 0 1
vn 0 0 1
vn 0 0 1
vn 0 0 1
vn 0 0 1
vn 0 0 1
vn 0 0 1
vn 0 0 1
vn 1 0 0
vn 1 0 0
vn 1 0 0
vn 1 0 0
vn 1 0 0
vn 1 0 0
vn 1 0 0
vn 1 0 0
vn 0 1 0
vn 0 1 0
vn 0 1 0
vn 0 1 0
vn -1 0 0
vn -1 0 0
vn -1 0 0
vn -1 0 0
vn -1 0 0
vn -1 0 0
vn -1 0 0
vn -1 0 0
vn -1 0 0
vn -1 0 0
vn -1 0 0
vn -1 0 0
vn -1 0 0
vn -1 0 0
vn 1 0 0
vn 1 0 0
vn 1 0 0
vn 1 0 0
vn 1 0 0
vn 1 0 0
vn 1 0 0
vn 1 0 0
vn 1 0 0
vn 1 0 0
vn 0 1 0
vn 0 1 0
vn 0 1 0
vn 0 1 0
vn 0 1 0
vn 0 1 0
vn 0 1 0
vn 0 1 0
vn 0 -1 0
vn 0 -1 0
vn 0 -1 0
vn 0 -1 0
vn 0 0 1
vn 0 0 1
vn 0 0 1
vn 0 0 1
vn 0 1 0
vn 0 1 0
vn 0 1 0
vn 0 1 0
vn 0 -1 0
vn 0 -1 0
vn 0 -1 0
vn 0 -1 0
vn 0 0 -1
vn 0 0 -1
vn 0 0 -1
vn 0 0 -1
vn -1 0 0
vn -1 0 0
vn -1 0 0
vn -1 0 0
vn 1 0 0
vn 1 0 0
vn 1 0 0
vn 1 0 0
vn 0 -1 0
vn 0 -1 0
vn 0 -1 0
vn 0 -1 0
vn 0 1 0
vn 0 1 0
vn 0 1 0
vn 0 1 0
vn 0 0 -1
vn 0 0 -1
vn 0 0 -1
vn 0 0 -1
vn 0 0 1
vn 0 0 1
vn 0 0 1
vn 0 0 1
vn -1 0 0
vn -1 0 0
vn -1 0 0
vn -1 0 0
vn 1 0 0
vn 1 0 0
vn 1 0 0
vn 1 0 0
vn 0 -1 0
vn 0 -1 0
vn 0 -1 0
vn 0 -1 0
vn 0 1 0
vn 0 1 0
vn 0 1 0
vn 0 1 0
vn 0 0 -1
vn 0 0 -1
vn 0 0 -1
vn 0 0 -1
vn 0 0 1
vn 0 0 1
vn 0 0 1
vn 0 0 1
vn 0 0 -1
vn 0 0 -1
vn 0 0 -1
vn 0 0 -1
vn 0 0.986394 0.164399
vn 0 0.986394 0.164399
vn 0 0.986394 0.164399
vn 0 0.986394 0.164399
vn -1 0 0
vn -1 0 0
vn -1 0 0
vn -1 0 0
vn 1 0 0
vn 1 0 0
vn 1 0 0
vn 1 0 0
vn 0 -1 0
vn 0 -1 0
vn 0 -1 0
vn 0 -1 0
vn 0 0 1
vn 0 0 1
vn 0 0 1
vn 0 0 1
vn 1 0 0
vn 1 0 0
vn 1 0 0
vn 1 0 0
vn -1 0 0
vn -1 0 0
vn -1 0 0
vn -1 0 0
vn 0 -1 0
vn 0 -1 0
vn 0 -1 0
vn 0 -1 0
vn 0 1 0
vn 0 1 0
vn 0 1 0
vn 0 1 0
vn 0 0 1
vn 0 0 1
vn 0 0 1
vn 0 0 1
vn 0 0 -1
vn 0 0 -1
vn 0 0 -1
vn 0 0 -1
vn 1 0 0
vn 1 0 0
vn 1 0 0
vn 1 0 0
vn -1 0 0
vn -1 0 0
vn -1 0 0
vn -1 0 0
vn 0 -1 0
vn 0 -1 0
vn 0 -1 0
vn 0 -1 0
vn 0 1 0
vn 0 1 0
vn 0 1 0
vn 0 1 0
vn 0 0 1
vn 0 0 1
vn 0 0 1
vn 0 0 1
vn 0 0 -1
vn 0 0 -1
vn 0 0 -1
vn 0 0 -1
vn 0 0 1
vn 0 0 1
vn 0 0 1
vn 0 0 1
vn 0 0 -1
vn 0 0 -1
vn 0 0 -1
vn 0 0 -1
vn 0 -1 0
vn 0 -1 0
vn 0 -1 0
vn 0 -1 0
vn 0 1 0
vn 0 1 0
vn 0 1 0
vn 0 1 0
vn -1 0 0
vn -1 0 0
vn -1 0 0
vn -1 0 0
vn 1 0 0
vn 1 0 0
vn 1 0 0
vn 1 0 0
vn 1 0 0
vn 1 0 0
vn 1 0 0
vn 1 0 0
vn -1 0 0
vn -1 0 0
vn -1 0 0
vn -1 0 0
vn 0 -1 0
vn 0 -1 0
vn 0 -1 0
vn 0 -1 0
vn 0 0 1
vn 0 0 1
vn 0 0 1
vn 0 0 1
vn 0 0 -1
vn 0 0 -1
vn 0 0 -1
vn 0 0 -1
vn 1 0 0
vn 1 0 0
vn 1 0 0
vn 1 0 0
vn 0 -1 0
vn 0 -1 0
vn 0 -1 0
vn 0 -1 0
vn 0 -1 0
vn 0 1 0
vn 0 1 0
vn 0 1 0
vn 0 1 0
vn 0 1 0
vn 0 0 -1
vn 0 0 -1
vn 0 0 -1
vn 0 0 -1
vn -0.9931769 0 -0.116617
vn -0.9931769 0 -0.116617
vn -0.9931769 0 -0.116617
vn -0.9931769 0 -0.116617
vn 0.9403961 -1.43493E-05 0.340081
vn 0.9403961 -1.43493E-05 0.340081
vn 0.9403961 -1.43493E-05 0.340081
vn 0.9403961 -1.43493E-05 0.340081
vn 0.843325 -1.28681E-05 0.5374039
vn 0.843325 -1.28681E-05 0.5374039
vn 0.843325 -1.28681E-05 0.5374039
vn 0.843325 -1.28681E-05 0.5374039
vn 1 0 0
vn 1 0 0
vn 1 0 0
vn 1 0 0
vn 1 0 0
vn 1 0 0
vn 1 0 0
vn 1 0 0
vn 1 0 0
vn 1 0 0
vn 1 0 0
vn 1 0 0
vn 0 -1 0
vn 0 -1 0
vn 0 -1 0
vn 0 -1 0
vn 0 -1 0
vn 0 -1 0
vn 0 -1 0
vn 0 -1 0
vn 0 -1 0
vn 0 -1 0
vn 0 -1 0
vn 0 -1 0
vn 0 -1 0
vn 0 -1 0
vn 0 -1 0
vn 0 -1 0
vn 0 1 0
vn 0 1 0
vn 0 1 0
vn 0 1 0
vn 0 1 0
vn 0 1 0
vn 0 1 0
vn 0 1 0
vn 0 1 0
vn 0 1 0
vn 0 1 0
vn 0 1 0
vn 0 1 0
vn 0 1 0
vn 0 1 0
vn 0 1 0
vn -0.9569423 -5.743202E-06 -0.2902781
vn -0.9569423 -5.743202E-06 -0.2902781
vn -0.9569423 -5.743202E-06 -0.2902781
vn -0.9569423 -5.743202E-06 -0.2902781
vn 0.8819121 1.87911E-05 0.471414
vn 0.8819121 1.87911E-05 0.471414
vn 0.8819121 1.87911E-05 0.471414
vn 0.8819121 1.87911E-05 0.471414
vn 0.7730207 -6.091128E-07 0.6343808
vn 0.7730207 -6.091128E-07 0.6343808
vn 0.7730207 -6.091128E-07 0.6343808
vn 0.7730207 -6.091128E-07 0.6343808
vn -0.8819121 -1.25274E-05 -0.471414
vn -0.8819121 -1.25274E-05 -0.471414
vn -0.8819121 -1.25274E-05 -0.471414
vn -0.8819121 -1.25274E-05 -0.471414
vn 0.7730207 -6.091128E-07 0.6343808
vn 0.7730207 -6.091128E-07 0.6343808
vn 0.7730207 -6.091128E-07 0.6343808
vn 0.7730207 -6.091128E-07 0.6343808
vn 0.634395 -2.11503E-06 0.773009
vn 0.634395 -2.11503E-06 0.773009
vn 0.634395 -2.11503E-06 0.773009
vn 0.634395 -2.11503E-06 0.773009
vn -0.7730207 0 -0.6343808
vn -0.7730207 0 -0.6343808
vn -0.7730207 0 -0.6343808
vn -0.7730207 0 -0.6343808
vn 0.634395 -2.11503E-06 0.773009
vn 0.634395 -2.11503E-06 0.773009
vn 0.634395 -2.11503E-06 0.773009
vn 0.634395 -2.11503E-06 0.773009
vn 0.4713943 0 0.8819225
vn 0.4713943 0 0.8819225
vn 0.4713943 0 0.8819225
vn 0.4713943 0 0.8819225
vn -0.6343971 -4.840071E-06 -0.7730072
vn -0.6343971 -4.840071E-06 -0.7730072
vn -0.6343971 -4.840071E-06 -0.7730072
vn -0.6343971 -4.840071E-06 -0.7730072
vn 0.4713943 0 0.8819225
vn 0.4713943 0 0.8819225
vn 0.4713943 0 0.8819225
vn 0.4713943 0 0.8819225
vn 0.2902842 0 0.9569405
vn 0.2902842 0 0.9569405
vn 0.2902842 0 0.9569405
vn 0.2902842 0 0.9569405
vn -0.471388 0 -0.8819259
vn -0.471388 0 -0.8819259
vn -0.471388 0 -0.8819259
vn -0.471388 0 -0.8819259
vn 0.2902842 0 0.9569405
vn 0.2902842 0 0.9569405
vn 0.2902842 0 0.9569405
vn 0.2902842 0 0.9569405
vn 0.09802765 0 0.9951836
vn 0.09802765 0 0.9951836
vn 0.09802765 0 0.9951836
vn 0.09802765 0 0.9951836
vn 1 0 0
vn 1 0 0
vn 1 0 0
vn 1 0 0
vn 1 0 0
vn 1 0 0
vn 1 0 0
vn 1 0 0
vn 1 0 0
vn 1 0 0
vn 1 0 0
vn 1 0 0
vn 0 -1 0
vn 0 -1 0
vn 0 -1 0
vn 0 -1 0
vn 0 -1 0
vn 0 -1 0
vn 0 -1 0
vn 0 -1 0
vn 0 -1 0
vn 0 -1 0
vn 0 -1 0
vn 0 -1 0
vn 0 -1 0
vn 0 -1 0
vn 0 -1 0
vn 0 -1 0
vn 0 -1 0
vn 0 -1 0
vn 0 -1 0
vn 0 -1 0
vn 0 -1 0
vn 0 -1 0
vn 0 -1 0
vn 0 1 0
vn 0 1 0
vn 0 1 0
vn 0 1 0
vn 0 1 0
vn 0 1 0
vn 0 1 0
vn 0 1 0
vn 0 1 0
vn 0 1 0
vn 0 1 0
vn 0 1 0
vn 0 1 0
vn 0 1 0
vn 0 1 0
vn 0 1 0
vn 0 1 0
vn 0 1 0
vn 0 1 0
vn 0 1 0
vn 0 1 0
vn 0 1 0
vn 0 1 0
vn -0.09801619 7.478039E-07 -0.9951848
vn -0.09801619 7.478039E-07 -0.9951848
vn -0.09801619 7.478039E-07 -0.9951848
vn -0.09801619 7.478039E-07 -0.9951848
vn -0.09801657 -5.349229E-06 0.9951848
vn -0.09801657 -5.349229E-06 0.9951848
vn -0.09801657 -5.349229E-06 0.9951848
vn -0.09801657 -5.349229E-06 0.9951848
vn -0.2902869 -1.31348E-06 0.9569397
vn -0.2902869 -1.31348E-06 0.9569397
vn -0.2902869 -1.31348E-06 0.9569397
vn -0.2902869 -1.31348E-06 0.9569397
vn 0.09801648 1.36897E-05 -0.9951848
vn 0.09801648 1.36897E-05 -0.9951848
vn 0.09801648 1.36897E-05 -0.9951848
vn 0.09801648 1.36897E-05 -0.9951848
vn -0.2902869 -1.31348E-06 0.9569397
vn -0.2902869 -1.31348E-06 0.9569397
vn -0.2902869 -1.31348E-06 0.9569397
vn -0.2902869 -1.31348E-06 0.9569397
vn -0.4713892 -3.132191E-06 0.8819253
vn -0.4713892 -3.132191E-06 0.8819253
vn -0.4713892 -3.132191E-06 0.8819253
vn -0.4713892 -3.132191E-06 0.8819253
vn 0.2902869 0 -0.9569397
vn 0.2902869 0 -0.9569397
vn 0.2902869 0 -0.9569397
vn 0.2902869 0 -0.9569397
vn -0.4713892 -3.132191E-06 0.8819253
vn -0.4713892 -3.132191E-06 0.8819253
vn -0.4713892 -3.132191E-06 0.8819253
vn -0.4713892 -3.132191E-06 0.8819253
vn -0.6343939 0 0.77301
vn -0.6343939 0 0.77301
vn -0.6343939 0 0.77301
vn -0.6343939 0 0.77301
vn 0.471388 0 -0.8819259
vn 0.471388 0 -0.8819259
vn 0.471388 0 -0.8819259
vn 0.471388 0 -0.8819259
vn -0.6343939 0 0.77301
vn -0.6343939 0 0.77301
vn -0.6343939 0 0.77301
vn -0.6343939 0 0.77301
vn -0.7730148 0 0.6343879
vn -0.7730148 0 0.6343879
vn -0.7730148 0 0.6343879
vn -0.7730148 0 0.6343879
vn 0 0 1
vn 0 0 1
vn 0 0 1
vn 0 0 1
vn 0 0 1
vn 0 0 1
vn 0 0 1
vn 0 0 1
vn 0.6343978 0 -0.7730068
vn 0.6343978 0 -0.7730068
vn 0.6343978 0 -0.7730068
vn 0.6343978 0 -0.7730068
vn -0.7730148 0 0.6343879
vn -0.7730148 0 0.6343879
vn -0.7730148 0 0.6343879
vn -0.7730148 0 0.6343879
vn -0.8819089 0 0.4714199
vn -0.8819089 0 0.4714199
vn -0.8819089 0 0.4714199
vn -0.8819089 0 0.4714199
vn 0.7730203 0 -0.6343812
vn 0.7730203 0 -0.6343812
vn 0.7730203 0 -0.6343812
vn 0.7730203 0 -0.6343812
vn -0.8819089 0 0.4714199
vn -0.8819089 0 0.4714199
vn -0.8819089 0 0.4714199
vn -0.8819089 0 0.4714199
vn -0.9569402 0 0.2902851
vn -0.9569402 0 0.2902851
vn -0.9569402 0 0.2902851
vn -0.9569402 0 0.2902851
vn 0.8819121 0 -0.471414
vn 0.8819121 0 -0.471414
vn 0.8819121 0 -0.471414
vn 0.8819121 0 -0.471414
vn -0.9569402 0 0.2902851
vn -0.9569402 0 0.2902851
vn -0.9569402 0 0.2902851
vn -0.9569402 0 0.2902851
vn -0.9951862 0 0.09800321
vn -0.9951862 0 0.09800321
vn -0.9951862 0 0.09800321
vn -0.9951862 0 0.09800321
vn 0 -1 0
vn 0 -1 0
vn 0 -1 0
vn 0 -1 0
vn 0 -1 0
vn 0 -1 0
vn 0 -1 0
vn 0 -1 0
vn 0 -1 0
vn 0 -1 0
vn 0 -1 0
vn 0 -1 0
vn 0 -1 0
vn 0 -1 0
vn 0 -1 0
vn 0 -1 0
vn 0 -1 0
vn 0 -1 0
vn 0 -1 0
vn 0 -1 0
vn 0 -1 0
vn 0 -1 0
vn 0 -1 0
vn 0 1 0
vn 0 1 0
vn 0 1 0
vn 0 1 0
vn 0 1 0
vn 0 1 0
vn 0 1 0
vn 0 1 0
vn 0 1 0
vn 0 1 0
vn 0 1 0
vn 0 1 0
vn 0 1 0
vn 0 1 0
vn 0 1 0
vn 0 1 0
vn 0 1 0
vn 0 1 0
vn 0 1 0
vn 0 1 0
vn 0 1 0
vn 0 1 0
vn 0 1 0
vn 0 0 1
vn 0 0 1
vn 0 0 1
vn 0 0 1
vn 0 0 1
vn 0 0 1
vn 0 0 1
vn 0 0 1
vn 0 0 1
vn 0 0 1
vn 0 0 1
vn 0 0 1
vn 0 0 1
vn 0 0 1
vn 0 0 1
vn 0 0 1
vn 0.9951848 1.51853E-05 -0.09801619
vn 0.9951848 1.51853E-05 -0.09801619
vn 0.9951848 1.51853E-05 -0.09801619
vn 0.9951848 1.51853E-05 -0.09801619
vn -0.9951848 0 -0.09801657
vn -0.9951848 0 -0.09801657
vn -0.9951848 0 -0.09801657
vn -0.9951848 0 -0.09801657
vn -0.9569423 -5.743202E-06 -0.2902781
vn -0.9569423 -5.743202E-06 -0.2902781
vn -0.9569423 -5.743202E-06 -0.2902781
vn -0.9569423 -5.743202E-06 -0.2902781
vn 0.9951848 0 0.09801668
vn 0.9951848 0 0.09801668
vn 0.9951848 0 0.09801668
vn 0.9951848 0 0.09801668
vn -0.9569423 -5.743202E-06 -0.2902781
vn -0.9569423 -5.743202E-06 -0.2902781
vn -0.9569423 -5.743202E-06 -0.2902781
vn -0.9569423 -5.743202E-06 -0.2902781
vn -0.8819121 -1.25274E-05 -0.471414
vn -0.8819121 -1.25274E-05 -0.471414
vn -0.8819121 -1.25274E-05 -0.471414
vn -0.8819121 -1.25274E-05 -0.471414
vn 0.9569426 0 0.2902769
vn 0.9569426 0 0.2902769
vn 0.9569426 0 0.2902769
vn 0.9569426 0 0.2902769
vn -0.8819121 -1.25274E-05 -0.471414
vn -0.8819121 -1.25274E-05 -0.471414
vn -0.8819121 -1.25274E-05 -0.471414
vn -0.8819121 -1.25274E-05 -0.471414
vn -0.7730207 0 -0.6343808
vn -0.7730207 0 -0.6343808
vn -0.7730207 0 -0.6343808
vn -0.7730207 0 -0.6343808
vn 0.8819121 1.87911E-05 0.471414
vn 0.8819121 1.87911E-05 0.471414
vn 0.8819121 1.87911E-05 0.471414
vn 0.8819121 1.87911E-05 0.471414
vn -0.7730207 0 -0.6343808
vn -0.7730207 0 -0.6343808
vn -0.7730207 0 -0.6343808
vn -0.7730207 0 -0.6343808
vn -0.6343971 -4.840071E-06 -0.7730072
vn -0.6343971 -4.840071E-06 -0.7730072
vn -0.6343971 -4.840071E-06 -0.7730072
vn -0.6343971 -4.840071E-06 -0.7730072
vn 0.7730207 -6.091128E-07 0.6343808
vn 0.7730207 -6.091128E-07 0.6343808
vn 0.7730207 -6.091128E-07 0.6343808
vn 0.7730207 -6.091128E-07 0.6343808
vn -0.6343971 -4.840071E-06 -0.7730072
vn -0.6343971 -4.840071E-06 -0.7730072
vn -0.6343971 -4.840071E-06 -0.7730072
vn -0.6343971 -4.840071E-06 -0.7730072
vn -0.471388 0 -0.8819259
vn -0.471388 0 -0.8819259
vn -0.471388 0 -0.8819259
vn -0.471388 0 -0.8819259
vn 0.634395 -2.11503E-06 0.773009
vn 0.634395 -2.11503E-06 0.773009
vn 0.634395 -2.11503E-06 0.773009
vn 0.634395 -2.11503E-06 0.773009
vn -0.471388 0 -0.8819259
vn -0.471388 0 -0.8819259
vn -0.471388 0 -0.8819259
vn -0.471388 0 -0.8819259
vn -0.2902781 0 -0.9569423
vn -0.2902781 0 -0.9569423
vn -0.2902781 0 -0.9569423
vn -0.2902781 0 -0.9569423
vn -0.9951848 0 -0.09801657
vn -0.9951848 0 -0.09801657
vn -0.9951848 0 -0.09801657
vn -0.9951848 0 -0.09801657
vn 0.4713943 0 0.8819225
vn 0.4713943 0 0.8819225
vn 0.4713943 0 0.8819225
vn 0.4713943 0 0.8819225
vn -0.2902781 0 -0.9569423
vn -0.2902781 0 -0.9569423
vn -0.2902781 0 -0.9569423
vn -0.2902781 0 -0.9569423
vn -0.09801619 7.478039E-07 -0.9951848
vn -0.09801619 7.478039E-07 -0.9951848
vn -0.09801619 7.478039E-07 -0.9951848
vn -0.09801619 7.478039E-07 -0.9951848
vn 0 -1 0
vn 0 -1 0
vn 0 -1 0
vn 0 -1 0
vn 0 -1 0
vn 0 -1 0
vn 0 -1 0
vn 0 -1 0
vn 0 -1 0
vn 0 -1 0
vn 0 -1 0
vn 0 -1 0
vn 0 -1 0
vn 0 -1 0
vn 0 -1 0
vn 0 -1 0
vn 0 -1 0
vn 0 -1 0
vn 0 -1 0
vn 0 -1 0
vn 0 -1 0
vn 0 -1 0
vn 0 1 0
vn 0 1 0
vn 0 1 0
vn 0 1 0
vn 0 1 0
vn 0 1 0
vn 0 1 0
vn 0 1 0
vn 0 1 0
vn 0 1 0
vn 0 1 0
vn 0 1 0
vn 0 1 0
vn 0 1 0
vn 0 1 0
vn 0 1 0
vn 0 1 0
vn 0 1 0
vn 0 1 0
vn 0 1 0
vn 0 1 0
vn 0 1 0
vn -0.9951848 0 -0.09801657
vn -0.9951848 0 -0.09801657
vn -0.9951848 0 -0.09801657
vn -0.9951848 0 -0.09801657
vn -0.9951848 0 -0.09801657
vn -0.9951848 0 -0.09801657
vn -0.9951848 0 -0.09801657
vn -0.9951848 0 -0.09801657
vn -0.9951848 0 -0.09801657
vn -0.9951848 0 -0.09801657
vn -0.9951848 0 -0.09801657
vn -0.9951848 0 -0.09801657
vn -0.9951848 0 -0.09801657
vn -0.9951848 0 -0.09801657
vn -0.9951848 0 -0.09801657
vn -0.9951848 0 -0.09801657
vn 0.09802765 0 0.9951836
vn 0.09802765 0 0.9951836
vn 0.09802765 0 0.9951836
vn 0.09802765 0 0.9951836
vn 0.09801648 1.36897E-05 -0.9951848
vn 0.09801648 1.36897E-05 -0.9951848
vn 0.09801648 1.36897E-05 -0.9951848
vn 0.09801648 1.36897E-05 -0.9951848
vn 0.2902869 0 -0.9569397
vn 0.2902869 0 -0.9569397
vn 0.2902869 0 -0.9569397
vn 0.2902869 0 -0.9569397
vn -0.09801657 -5.349229E-06 0.9951848
vn -0.09801657 -5.349229E-06 0.9951848
vn -0.09801657 -5.349229E-06 0.9951848
vn -0.09801657 -5.349229E-06 0.9951848
vn 0.2902869 0 -0.9569397
vn 0.2902869 0 -0.9569397
vn 0.2902869 0 -0.9569397
vn 0.2902869 0 -0.9569397
vn 0.471388 0 -0.8819259
vn 0.471388 0 -0.8819259
vn 0.471388 0 -0.8819259
vn 0.471388 0 -0.8819259
vn -0.2902869 -1.31348E-06 0.9569397
vn -0.2902869 -1.31348E-06 0.9569397
vn -0.2902869 -1.31348E-06 0.9569397
vn -0.2902869 -1.31348E-06 0.9569397
vn 0.471388 0 -0.8819259
vn 0.471388 0 -0.8819259
vn 0.471388 0 -0.8819259
vn 0.471388 0 -0.8819259
vn 0.6343978 0 -0.7730068
vn 0.6343978 0 -0.7730068
vn 0.6343978 0 -0.7730068
vn 0.6343978 0 -0.7730068
vn -0.4713892 -3.132191E-06 0.8819253
vn -0.4713892 -3.132191E-06 0.8819253
vn -0.4713892 -3.132191E-06 0.8819253
vn -0.4713892 -3.132191E-06 0.8819253
vn 0.6343978 0 -0.7730068
vn 0.6343978 0 -0.7730068
vn 0.6343978 0 -0.7730068
vn 0.6343978 0 -0.7730068
vn 0.7730203 0 -0.6343812
vn 0.7730203 0 -0.6343812
vn 0.7730203 0 -0.6343812
vn 0.7730203 0 -0.6343812
vn -0.6343939 0 0.77301
vn -0.6343939 0 0.77301
vn -0.6343939 0 0.77301
vn -0.6343939 0 0.77301
vn 0.7730203 0 -0.6343812
vn 0.7730203 0 -0.6343812
vn 0.7730203 0 -0.6343812
vn 0.7730203 0 -0.6343812
vn 0.8819121 0 -0.471414
vn 0.8819121 0 -0.471414
vn 0.8819121 0 -0.471414
vn 0.8819121 0 -0.471414
vn -0.7730148 0 0.6343879
vn -0.7730148 0 0.6343879
vn -0.7730148 0 0.6343879
vn -0.7730148 0 0.6343879
vn 0.8819121 0 -0.471414
vn 0.8819121 0 -0.471414
vn 0.8819121 0 -0.471414
vn 0.8819121 0 -0.471414
vn 0.9569423 0 -0.2902781
vn 0.9569423 0 -0.2902781
vn 0.9569423 0 -0.2902781
vn 0.9569423 0 -0.2902781
vn -0.8819089 0 0.4714199
vn -0.8819089 0 0.4714199
vn -0.8819089 0 0.4714199
vn -0.8819089 0 0.4714199
vn 0.9569423 0 -0.2902781
vn 0.9569423 0 -0.2902781
vn 0.9569423 0 -0.2902781
vn 0.9569423 0 -0.2902781
vn 0.9951848 1.51853E-05 -0.09801619
vn 0.9951848 1.51853E-05 -0.09801619
vn 0.9951848 1.51853E-05 -0.09801619
vn 0.9951848 1.51853E-05 -0.09801619
vn -1 0 0
vn -1 0 0
vn -1 0 0
vn -1 0 0
vn 0 -1 0
vn 0 -1 0
vn 0 -1 0
vn 0 -1 0
vn 0 1 0
vn 0 1 0
vn 0 1 0
vn 0 1 0
vn 0 0 1
vn 0 0 1
vn 0 0 1
vn 0 0 1
vn 0 0 -1
vn 0 0 -1
vn 0 0 -1
vn 0 0 -1
vn 1 0 0
vn 1 0 0
vn 1 0 0
vn 1 0 0
vn 0 -1 0
vn 0 -1 0
vn 0 -1 0
vn 0 -1 0
vn 0 1 0
vn 0 1 0
vn 0 1 0
vn 0 1 0
vn 0 0 1
vn 0 0 1
vn 0 0 1
vn 0 0 1
vn 1 0 0
vn 1 0 0
vn 1 0 0
vn 1 0 0
vn -1 0 0
vn -1 0 0
vn -1 0 0
vn -1 0 0
vn 0 0 -1
vn 0 0 -1
vn 0 0 -1
vn 0 0 -1
vn 0 -1 0
vn 0 -1 0
vn 0 -1 0
vn 0 -1 0
vn 0 1 0
vn 0 1 0
vn 0 1 0
vn 0 1 0
vn 0 0 -1
vn 0 0 -1
vn 0 0 -1
vn 0 0 -1
vn 1 0 0
vn 1 0 0
vn 1 0 0
vn 1 0 0
vn -1 0 0
vn -1 0 0
vn -1 0 0
vn -1 0 0
vn 0 0 1
vn 0 0 1
vn 0 0 1
vn 0 0 1
vn 0 -1 0
vn 0 -1 0
vn 0 -1 0
vn 0 -1 0
vn 0 -1 0
vn 0 1 0
vn 0 1 0
vn 0 1 0
vn 0 1 0
vn 0 1 0
vn 0 0 1
vn 0 0 1
vn 0 0 1
vn 0 0 1
vn 0 0 -1
vn 0 0 -1
vn 0 0 -1
vn 0 0 -1
vn -1 0 0
vn -1 0 0
vn -1 0 0
vn -1 0 0
vn 0.9949189 0 0.100679
vn 0.9949189 0 0.100679
vn 0.9949189 0 0.100679
vn 0.9949189 0 0.100679
vn 0.9547068 0 0.2975479
vn 0.9547068 0 0.2975479
vn 0.9547068 0 0.2975479
vn 0.9547068 0 0.2975479
vn 0 1 0
vn 0 1 0
vn 0 1 0
vn 0 1 0
vn 0 1 0
vn 0 1 0
vn 0 1 0
vn 0 1 0
vn 0 1 0
vn 0 1 0
vn 0 1 0
vn 0 1 0
vn 0 1 0
vn 0 1 0
vn 0 1 0
vn 0 1 0
vn 0 1 0
vn 0 1 0
vn 0 1 0
vn 0 1 0
vn 0 1 0
vn 0 1 0
vn 0 1 0
vn 0 1 0
vn 0 1 0
vn 0 1 0
vn 0 1 0
vn 0 1 0
vn 0 1 0
vn 0 1 0
vn 0 1 0
vn 0 1 0
vn 0 1 0
vn 0 1 0
vn 0 1 0
vn 0 1 0
vn 0 1 0
vn 0 1 0
vn 0 1 0
vn 0 1 0
vn 0 1 0
vn 0 1 0
vn 0 1 0
vn 0 1 0
vn 0 1 0
vn 0 1 0
vn 0 1 0
vn 0 1 0
vn 0 1 0
vn 0 1 0
vn 0 1 0
vn 0 1 0
vn 0 1 0
vn 0 1 0
vn 0 1 0
vn 0 1 0
vn 0 1 0
vn 0 1 0
vn 0 1 0
vn 0 1 0
vn 0 1 0
vn 0 1 0
vn 0 1 0
vn 0 1 0
vn 0 1 0
vn 0 1 0
vn 0 1 0
vn 0 1 0
vn 0 1 0
vn 0 1 0
vn 0 1 0
vn 0 1 0
vn 0 1 0
vn 0 1 0
vn 0 1 0
vn 0 1 0
vn 0 1 0
vn 0 1 0
vn 0 1 0
vn 0 1 0
vn 0 1 0
vn 0 1 0
vn 0 1 0
vn 0 1 0
vn 0 1 0
vn 0 1 0
vn 0 1 0
vn 0 1 0
vn 0 1 0
vn 0 1 0
vn 0 1 0
vn 0 1 0
vn 0 1 0
vn 0 1 0
vn 0 1 0
vn 0 1 0
vn 0 -1 0
vn 0 -1 0
vn 0 -1 0
vn 0 -1 0
vn 0 -1 0
vn 0 -1 0
vn 0 -1 0
vn 0 -1 0
vn 0 -1 0
vn 0 -1 0
vn 0 -1 0
vn 0 -1 0
vn 0 -1 0
vn 0 -1 0
vn 0 -1 0
vn 0 -1 0
vn 0 -1 0
vn 0 -1 0
vn 0 -1 0
vn 0 -1 0
vn 0 -1 0
vn 0 -1 0
vn 0 -1 0
vn 0 -1 0
vn 0 -1 0
vn 0 -1 0
vn 0 -1 0
vn 0 -1 0
vn 0 -1 0
vn 0 -1 0
vn 0 -1 0
vn 0 -1 0
vn 0 -1 0
vn 0 -1 0
vn 0 -1 0
vn 0 -1 0
vn 0 -1 0
vn 0 -1 0
vn 0 -1 0
vn 0 -1 0
vn 0 -1 0
vn 0 -1 0
vn 0 -1 0
vn 0 -1 0
vn 0 -1 0
vn 0 -1 0
vn 0 -1 0
vn 0 -1 0
vn 0 -1 0
vn 0 -1 0
vn 0 -1 0
vn 0 -1 0
vn 0 -1 0
vn 0 -1 0
vn 0 -1 0
vn 0 -1 0
vn 0 -1 0
vn 0 -1 0
vn 0 -1 0
vn 0 -1 0
vn 0 -1 0
vn 0 -1 0
vn 0 -1 0
vn 0 -1 0
vn 0 -1 0
vn 0 -1 0
vn 0 -1 0
vn 0 -1 0
vn 0 -1 0
vn 0 -1 0
vn 0 -1 0
vn 0 -1 0
vn 0 -1 0
vn 0 -1 0
vn 0 -1 0
vn 0 -1 0
vn 0 -1 0
vn 0 -1 0
vn 0 -1 0
vn 0 -1 0
vn 0 -1 0
vn 0 -1 0
vn 0 -1 0
vn 0 -1 0
vn 0 -1 0
vn 0 -1 0
vn 0 -1 0
vn 0 -1 0
vn 0 -1 0
vn 0 -1 0
vn 0 -1 0
vn 0 -1 0
vn 0 -1 0
vn 0 -1 0
vn 0 -1 0
vn 0 -1 0
vn 0 1 0
vn 0 1 0
vn 0 1 0
vn 0 1 0
vn 0 1 0
vn 0 1 0
vn 0 1 0
vn 0 1 0
vn 0 1 0
vn 0 1 0
vn 0 1 0
vn 0 1 0
vn 0 1 0
vn 0 1 0
vn 0 1 0
vn 0 1 0
vn 0 1 0
vn 0 1 0
vn 0 1 0
vn 0 1 0
vn 0 1 0
vn 0 1 0
vn 0 1 0
vn 0 1 0
vn 0 1 0
vn 0 1 0
vn 0 1 0
vn 0 1 0
vn 0 1 0
vn 0 1 0
vn 0 1 0
vn 0 1 0
vn 0 -1 0
vn 0 -1 0
vn 0 -1 0
vn 0 -1 0
vn 0 -1 0
vn 0 -1 0
vn 0 -1 0
vn 0 -1 0
vn 0 -1 0
vn 0 -1 0
vn 0 -1 0
vn 0 -1 0
vn 0 -1 0
vn 0 -1 0
vn 0 -1 0
vn 0 -1 0
vn 0 -1 0
vn 0 -1 0
vn 0 -1 0
vn 0 -1 0
vn 0 -1 0
vn 0 -1 0
vn 0 -1 0
vn 0 -1 0
vn 0 -1 0
vn 0 -1 0
vn 0 -1 0
vn 0 -1 0
vn 0 -1 0
vn 0 -1 0
vn 0 -1 0
vn 0 -1 0
vn -0.9951848 0 -0.09801657
vn -0.9951848 0 -0.09801657
vn -0.9951848 0 -0.09801657
vn -0.9951848 0 -0.09801657
vn -0.9569423 -5.743202E-06 -0.2902781
vn -0.9569423 -5.743202E-06 -0.2902781
vn -0.9569423 -5.743202E-06 -0.2902781
vn -0.9569423 -5.743202E-06 -0.2902781
vn -0.8819121 -1.25274E-05 -0.471414
vn -0.8819121 -1.25274E-05 -0.471414
vn -0.8819121 -1.25274E-05 -0.471414
vn -0.8819121 -1.25274E-05 -0.471414
vn -0.7730207 0 -0.6343808
vn -0.7730207 0 -0.6343808
vn -0.7730207 0 -0.6343808
vn -0.7730207 0 -0.6343808
vn -0.6343971 -4.840071E-06 -0.7730072
vn -0.6343971 -4.840071E-06 -0.7730072
vn -0.6343971 -4.840071E-06 -0.7730072
vn -0.6343971 -4.840071E-06 -0.7730072
vn -0.471388 0 -0.8819259
vn -0.471388 0 -0.8819259
vn -0.471388 0 -0.8819259
vn -0.471388 0 -0.8819259
vn -0.2902781 0 -0.9569423
vn -0.2902781 0 -0.9569423
vn -0.2902781 0 -0.9569423
vn -0.2902781 0 -0.9569423
vn -0.09801619 7.478039E-07 -0.9951848
vn -0.09801619 7.478039E-07 -0.9951848
vn -0.09801619 7.478039E-07 -0.9951848
vn -0.09801619 7.478039E-07 -0.9951848
vn 0.09801648 1.36897E-05 -0.9951848
vn 0.09801648 1.36897E-05 -0.9951848
vn 0.09801648 1.36897E-05 -0.9951848
vn 0.09801648 1.36897E-05 -0.9951848
vn 0.2902869 0 -0.9569397
vn 0.2902869 0 -0.9569397
vn 0.2902869 0 -0.9569397
vn 0.2902869 0 -0.9569397
vn 0.471388 0 -0.8819259
vn 0.471388 0 -0.8819259
vn 0.471388 0 -0.8819259
vn 0.471388 0 -0.8819259
vn 0.6343978 0 -0.7730068
vn 0.6343978 0 -0.7730068
vn 0.6343978 0 -0.7730068
vn 0.6343978 0 -0.7730068
vn 0.7730203 0 -0.6343812
vn 0.7730203 0 -0.6343812
vn 0.7730203 0 -0.6343812
vn 0.7730203 0 -0.6343812
vn 0.8819121 0 -0.471414
vn 0.8819121 0 -0.471414
vn 0.8819121 0 -0.471414
vn 0.8819121 0 -0.471414
vn 0.9569423 0 -0.2902781
vn 0.9569423 0 -0.2902781
vn 0.9569423 0 -0.2902781
vn 0.9569423 0 -0.2902781
vn 0.9951848 1.51853E-05 -0.09801619
vn 0.9951848 1.51853E-05 -0.09801619
vn 0.9951848 1.51853E-05 -0.09801619
vn 0.9951848 1.51853E-05 -0.09801619
vn 0.9951848 0 0.09801668
vn 0.9951848 0 0.09801668
vn 0.9951848 0 0.09801668
vn 0.9951848 0 0.09801668
vn 0.9569426 0 0.2902769
vn 0.9569426 0 0.2902769
vn 0.9569426 0 0.2902769
vn 0.9569426 0 0.2902769
vn 0.8819121 1.87911E-05 0.471414
vn 0.8819121 1.87911E-05 0.471414
vn 0.8819121 1.87911E-05 0.471414
vn 0.8819121 1.87911E-05 0.471414
vn 0.7730207 -6.091128E-07 0.6343808
vn 0.7730207 -6.091128E-07 0.6343808
vn 0.7730207 -6.091128E-07 0.6343808
vn 0.7730207 -6.091128E-07 0.6343808
vn 0.634395 -2.11503E-06 0.773009
vn 0.634395 -2.11503E-06 0.773009
vn 0.634395 -2.11503E-06 0.773009
vn 0.634395 -2.11503E-06 0.773009
vn 0.4713943 0 0.8819225
vn 0.4713943 0 0.8819225
vn 0.4713943 0 0.8819225
vn 0.4713943 0 0.8819225
vn 0.2902842 0 0.9569405
vn 0.2902842 0 0.9569405
vn 0.2902842 0 0.9569405
vn 0.2902842 0 0.9569405
vn 0.09802765 0 0.9951836
vn 0.09802765 0 0.9951836
vn 0.09802765 0 0.9951836
vn 0.09802765 0 0.9951836
vn -0.09801657 -5.349229E-06 0.9951848
vn -0.09801657 -5.349229E-06 0.9951848
vn -0.09801657 -5.349229E-06 0.9951848
vn -0.09801657 -5.349229E-06 0.9951848
vn -0.2902869 -1.31348E-06 0.9569397
vn -0.2902869 -1.31348E-06 0.9569397
vn -0.2902869 -1.31348E-06 0.9569397
vn -0.2902869 -1.31348E-06 0.9569397
vn -0.4713892 -3.132191E-06 0.8819253
vn -0.4713892 -3.132191E-06 0.8819253
vn -0.4713892 -3.132191E-06 0.8819253
vn -0.4713892 -3.132191E-06 0.8819253
vn -0.6343939 0 0.77301
vn -0.6343939 0 0.77301
vn -0.6343939 0 0.77301
vn -0.6343939 0 0.77301
vn -0.7730148 0 0.6343879
vn -0.7730148 0 0.6343879
vn -0.7730148 0 0.6343879
vn -0.7730148 0 0.6343879
vn -0.8819089 0 0.4714199
vn -0.8819089 0 0.4714199
vn -0.8819089 0 0.4714199
vn -0.8819089 0 0.4714199
vn -0.9569402 0 0.2902851
vn -0.9569402 0 0.2902851
vn -0.9569402 0 0.2902851
vn -0.9569402 0 0.2902851
vn -0.9951862 0 0.09800321
vn -0.9951862 0 0.09800321
vn -0.9951862 0 0.09800321
vn -0.9951862 0 0.09800321
vn 0 1 0
vn 0 1 0
vn 0 1 0
vn 0 1 0
vn 0 1 0
vn 0 1 0
vn 0 1 0
vn 0 1 0
vn 0 1 0
vn 0 1 0
vn 0 1 0
vn 0 1 0
vn 0 1 0
vn 0 1 0
vn 0 1 0
vn 0 1 0
vn 0 1 0
vn 0 1 0
vn 0 1 0
vn 0 1 0
vn 0 1 0
vn 0 1 0
vn 0 1 0
vn 0 1 0
vn 0 1 0
vn 0 1 0
vn 0 1 0
vn 0 1 0
vn 0 1 0
vn 0 1 0
vn 0 1 0
vn 0 1 0
vn -0.9951848 0 -0.09801657
vn -0.9951848 0 -0.09801657
vn -0.9951848 0 -0.09801657
vn -0.9951848 0 -0.09801657
vn -0.9951848 0 -0.09801657
vn -0.9951848 0 -0.09801657
vn -0.9951848 0 -0.09801657
vn -0.9951848 0 -0.09801657
vn -0.9569423 -5.743202E-06 -0.2902781
vn -0.9569423 -5.743202E-06 -0.2902781
vn -0.9569423 -5.743202E-06 -0.2902781
vn -0.9569423 -5.743202E-06 -0.2902781
vn -0.9569423 -5.743202E-06 -0.2902781
vn -0.9569423 -5.743202E-06 -0.2902781
vn -0.9569423 -5.743202E-06 -0.2902781
vn -0.9569423 -5.743202E-06 -0.2902781
vn -0.8819121 -1.25274E-05 -0.471414
vn -0.8819121 -1.25274E-05 -0.471414
vn -0.8819121 -1.25274E-05 -0.471414
vn -0.8819121 -1.25274E-05 -0.471414
vn -0.8819121 -1.25274E-05 -0.471414
vn -0.8819121 -1.25274E-05 -0.471414
vn -0.8819121 -1.25274E-05 -0.471414
vn -0.8819121 -1.25274E-05 -0.471414
vn -0.7730207 0 -0.6343808
vn -0.7730207 0 -0.6343808
vn -0.7730207 0 -0.6343808
vn -0.7730207 0 -0.6343808
vn -0.7730207 0 -0.6343808
vn -0.7730207 0 -0.6343808
vn -0.7730207 0 -0.6343808
vn -0.7730207 0 -0.6343808
vn -0.7730207 0 -0.6343808
vn -0.7730207 0 -0.6343808
vn -0.6343971 -4.840071E-06 -0.7730072
vn -0.6343971 -4.840071E-06 -0.7730072
vn -0.6343971 -4.840071E-06 -0.7730072
vn -0.6343971 -4.840071E-06 -0.7730072
vn -0.6343971 -4.840071E-06 -0.7730072
vn -0.6343971 -4.840071E-06 -0.7730072
vn -0.6343971 -4.840071E-06 -0.7730072
vn -0.6343971 -4.840071E-06 -0.7730072
vn -0.6343971 -4.840071E-06 -0.7730072
vn -0.6343971 -4.840071E-06 -0.7730072
vn -0.6343971 -4.840071E-06 -0.7730072
vn -0.6343971 -4.840071E-06 -0.7730072
vn -0.471388 0 -0.8819259
vn -0.471388 0 -0.8819259
vn -0.471388 0 -0.8819259
vn -0.471388 0 -0.8819259
vn -0.471388 0 -0.8819259
vn -0.471388 0 -0.8819259
vn -0.471388 0 -0.8819259
vn -0.471388 0 -0.8819259
vn -0.471388 0 -0.8819259
vn -0.471388 0 -0.8819259
vn -0.471388 0 -0.8819259
vn -0.471388 0 -0.8819259
vn -0.2902781 0 -0.9569423
vn -0.2902781 0 -0.9569423
vn -0.2902781 0 -0.9569423
vn -0.2902781 0 -0.9569423
vn -0.2902781 0 -0.9569423
vn -0.2902781 0 -0.9569423
vn -0.2902781 0 -0.9569423
vn -0.2902781 0 -0.9569423
vn -0.2902781 0 -0.9569423
vn -0.2902781 0 -0.9569423
vn -0.09801619 7.478039E-07 -0.9951848
vn -0.09801619 7.478039E-07 -0.9951848
vn -0.09801619 7.478039E-07 -0.9951848
vn -0.09801619 7.478039E-07 -0.9951848
vn -0.09801619 7.478039E-07 -0.9951848
vn -0.09801619 7.478039E-07 -0.9951848
vn -0.09801619 7.478039E-07 -0.9951848
vn -0.09801619 7.478039E-07 -0.9951848
vn -0.09801619 7.478039E-07 -0.9951848
vn -0.09801619 7.478039E-07 -0.9951848
vn 0.09801648 1.36897E-05 -0.9951848
vn 0.09801648 1.36897E-05 -0.9951848
vn 0.09801648 1.36897E-05 -0.9951848
vn 0.09801648 1.36897E-05 -0.9951848
vn 0.09801648 1.36897E-05 -0.9951848
vn 0.09801648 1.36897E-05 -0.9951848
vn 0.09801648 1.36897E-05 -0.9951848
vn 0.09801648 1.36897E-05 -0.9951848
vn 0.09801648 1.36897E-05 -0.9951848
vn 0.09801648 1.36897E-05 -0.9951848
vn 0.2902869 0 -0.9569397
vn 0.2902869 0 -0.9569397
vn 0.2902869 0 -0.9569397
vn 0.2902869 0 -0.9569397
vn 0.2902869 0 -0.9569397
vn 0.2902869 0 -0.9569397
vn 0.2902869 0 -0.9569397
vn 0.2902869 0 -0.9569397
vn 0.2902869 0 -0.9569397
vn 0.2902869 0 -0.9569397
vn 0.471388 0 -0.8819259
vn 0.471388 0 -0.8819259
vn 0.471388 0 -0.8819259
vn 0.471388 0 -0.8819259
vn 0.471388 0 -0.8819259
vn 0.471388 0 -0.8819259
vn 0.471388 0 -0.8819259
vn 0.471388 0 -0.8819259
vn 0.471388 0 -0.8819259
vn 0.471388 0 -0.8819259
vn 0.6343978 0 -0.7730068
vn 0.6343978 0 -0.7730068
vn 0.6343978 0 -0.7730068
vn 0.6343978 0 -0.7730068
vn 0.6343978 0 -0.7730068
vn 0.6343978 0 -0.7730068
vn 0.6343978 0 -0.7730068
vn 0.6343978 0 -0.7730068
vn 0.6343978 0 -0.7730068
vn 0.6343978 0 -0.7730068
vn 0.7730203 0 -0.6343812
vn 0.7730203 0 -0.6343812
vn 0.7730203 0 -0.6343812
vn 0.7730203 0 -0.6343812
vn 0.7730203 0 -0.6343812
vn 0.7730203 0 -0.6343812
vn 0.7730203 0 -0.6343812
vn 0.7730203 0 -0.6343812
vn 0.7730203 0 -0.6343812
vn 0.7730203 0 -0.6343812
vn 0.8819121 0 -0.471414
vn 0.8819121 0 -0.471414
vn 0.8819121 0 -0.471414
vn 0.8819121 0 -0.471414
vn 0.8819121 0 -0.471414
vn 0.8819121 0 -0.471414
vn 0.8819121 0 -0.471414
vn 0.8819121 0 -0.471414
vn 0.8819121 0 -0.471414
vn 0.8819121 0 -0.471414
vn 0.9569423 0 -0.2902781
vn 0.9569423 0 -0.2902781
vn 0.9569423 0 -0.2902781
vn 0.9569423 0 -0.2902781
vn 0.9569423 0 -0.2902781
vn 0.9569423 0 -0.2902781
vn 0.9569423 0 -0.2902781
vn 0.9569423 0 -0.2902781
vn 0.9569423 0 -0.2902781
vn 0.9569423 0 -0.2902781
vn 0.9951848 1.51853E-05 -0.09801619
vn 0.9951848 1.51853E-05 -0.09801619
vn 0.9951848 1.51853E-05 -0.09801619
vn 0.9951848 1.51853E-05 -0.09801619
vn 0.9951848 1.51853E-05 -0.09801619
vn 0.9951848 1.51853E-05 -0.09801619
vn 0.9951848 1.51853E-05 -0.09801619
vn 0.9951848 1.51853E-05 -0.09801619
vn 0.9951848 1.51853E-05 -0.09801619
vn 0.9951848 1.51853E-05 -0.09801619
vn 0.9951848 0 0.09801668
vn 0.9951848 0 0.09801668
vn 0.9951848 0 0.09801668
vn 0.9951848 0 0.09801668
vn 0.9951848 0 0.09801668
vn 0.9951848 0 0.09801668
vn 0.9951848 0 0.09801668
vn 0.9951848 0 0.09801668
vn 0.9951848 0 0.09801668
vn 0.9951848 0 0.09801668
vn 0.9569426 0 0.2902769
vn 0.9569426 0 0.2902769
vn 0.9569426 0 0.2902769
vn 0.9569426 0 0.2902769
vn 0.9569426 0 0.2902769
vn 0.9569426 0 0.2902769
vn 0.9569426 0 0.2902769
vn 0.9569426 0 0.2902769
vn 0.9569426 0 0.2902769
vn 0.9569426 0 0.2902769
vn 0.8819121 1.87911E-05 0.471414
vn 0.8819121 1.87911E-05 0.471414
vn 0.8819121 1.87911E-05 0.471414
vn 0.8819121 1.87911E-05 0.471414
vn 0.8819121 1.87911E-05 0.471414
vn 0.8819121 1.87911E-05 0.471414
vn 0.8819121 1.87911E-05 0.471414
vn 0.8819121 1.87911E-05 0.471414
vn 0.8819121 1.87911E-05 0.471414
vn 0.8819121 1.87911E-05 0.471414
vn 0.7730207 -6.091128E-07 0.6343808
vn 0.7730207 -6.091128E-07 0.6343808
vn 0.7730207 -6.091128E-07 0.6343808
vn 0.7730207 -6.091128E-07 0.6343808
vn 0.7730207 -6.091128E-07 0.6343808
vn 0.7730207 -6.091128E-07 0.6343808
vn 0.7730207 -6.091128E-07 0.6343808
vn 0.7730207 -6.091128E-07 0.6343808
vn 0.7730207 -6.091128E-07 0.6343808
vn 0.7730207 -6.091128E-07 0.6343808
vn 0.634395 -2.11503E-06 0.773009
vn 0.634395 -2.11503E-06 0.773009
vn 0.634395 -2.11503E-06 0.773009
vn 0.634395 -2.11503E-06 0.773009
vn 0.634395 -2.11503E-06 0.773009
vn 0.634395 -2.11503E-06 0.773009
vn 0.634395 -2.11503E-06 0.773009
vn 0.634395 -2.11503E-06 0.773009
vn 0.634395 -2.11503E-06 0.773009
vn 0.634395 -2.11503E-06 0.773009
vn 0.4713943 0 0.8819225
vn 0.4713943 0 0.8819225
vn 0.4713943 0 0.8819225
vn 0.4713943 0 0.8819225
vn 0.4714349 0 0.8819008
vn 0.4714349 0 0.8819008
vn 0.4713943 0 0.8819225
vn 0.4713943 0 0.8819225
vn 0.4713943 0 0.8819225
vn 0.4713943 0 0.8819225
vn 0.2902842 0 0.9569405
vn 0.2902842 0 0.9569405
vn 0.2902842 0 0.9569405
vn 0.2902842 0 0.9569405
vn 0.2902842 0 0.9569405
vn 0.2902842 0 0.9569405
vn 0.2902842 0 0.9569405
vn 0.2902842 0 0.9569405
vn 0.2902842 0 0.9569405
vn 0.2902842 0 0.9569405
vn 0.09802765 0 0.9951836
vn 0.09802765 0 0.9951836
vn 0.09802765 0 0.9951836
vn 0.09802765 0 0.9951836
vn 0.09802765 0 0.9951836
vn 0.09802765 0 0.9951836
vn 0.09802765 0 0.9951836
vn 0.09802765 0 0.9951836
vn 0.09802765 0 0.9951836
vn 0.09802765 0 0.9951836
vn -0.09801657 -5.349229E-06 0.9951848
vn -0.09801657 -5.349229E-06 0.9951848
vn -0.09801657 -5.349229E-06 0.9951848
vn -0.09801657 -5.349229E-06 0.9951848
vn -0.09801657 -5.349229E-06 0.9951848
vn -0.09801657 -5.349229E-06 0.9951848
vn -0.09801657 -5.349229E-06 0.9951848
vn -0.09801657 -5.349229E-06 0.9951848
vn -0.09801657 -5.349229E-06 0.9951848
vn -0.09801657 -5.349229E-06 0.9951848
vn -0.2902869 -1.31348E-06 0.9569397
vn -0.2902869 -1.31348E-06 0.9569397
vn -0.2902869 -1.31348E-06 0.9569397
vn -0.2902869 -1.31348E-06 0.9569397
vn -0.2902869 -1.31348E-06 0.9569397
vn -0.2902869 -1.31348E-06 0.9569397
vn -0.2902869 -1.31348E-06 0.9569397
vn -0.2902869 -1.31348E-06 0.9569397
vn -0.2902869 -1.31348E-06 0.9569397
vn -0.2902869 -1.31348E-06 0.9569397
vn -0.4713892 -3.132191E-06 0.8819253
vn -0.4713892 -3.132191E-06 0.8819253
vn -0.4713892 -3.132191E-06 0.8819253
vn -0.4713892 -3.132191E-06 0.8819253
vn -0.4713892 -3.132191E-06 0.8819253
vn -0.4713892 -3.132191E-06 0.8819253
vn -0.4713892 -3.132191E-06 0.8819253
vn -0.4713892 -3.132191E-06 0.8819253
vn -0.4713892 -3.132191E-06 0.8819253
vn -0.4713892 -3.132191E-06 0.8819253
vn -0.6343939 0 0.77301
vn -0.6343939 0 0.77301
vn -0.6343939 0 0.77301
vn -0.6343939 0 0.77301
vn -0.6343939 0 0.77301
vn -0.6343939 0 0.77301
vn -0.6343939 0 0.77301
vn -0.6343939 0 0.77301
vn -0.6343939 0 0.77301
vn -0.6343939 0 0.77301
vn -0.7730148 0 0.6343879
vn -0.7730148 0 0.6343879
vn -0.7730148 0 0.6343879
vn -0.7730148 0 0.6343879
vn -0.7730148 0 0.6343879
vn -0.7730148 0 0.6343879
vn -0.7730148 0 0.6343879
vn -0.7730148 0 0.6343879
vn -0.7730148 0 0.6343879
vn -0.7730148 0 0.6343879
vn -0.8819089 0 0.4714199
vn -0.8819089 0 0.4714199
vn -0.8819089 0 0.4714199
vn -0.8819089 0 0.4714199
vn -0.8819089 0 0.4714199
vn -0.8819089 0 0.4714199
vn -0.8819089 0 0.4714199
vn -0.8819089 0 0.4714199
vn -0.8819089 0 0.4714199
vn -0.8819089 0 0.4714199
vn -0.8819089 0 0.4714199
vn -0.8819089 0 0.4714199
vn -0.9569402 0 0.2902851
vn -0.9569402 0 0.2902851
vn -0.9569402 0 0.2902851
vn -0.9569402 0 0.2902851
vn -0.9569402 0 0.2902851
vn -0.9569402 0 0.2902851
vn -0.9569402 0 0.2902851
vn -0.9569402 0 0.2902851
vn -0.9951862 0 0.09800321
vn -0.9951862 0 0.09800321
vn -0.9951862 0 0.09800321
vn -0.9951862 0 0.09800321
vn -0.9951862 0 0.09800321
vn -0.9951862 0 0.09800321
vn -0.9951862 0 0.09800321
vn -0.9951862 0 0.09800321
vn 0 1 0
vn 0 1 0
vn 0 1 0
vn 0 1 0
vn 0 1 0
vn 0 1 0
vn 0 1 0
vn 0 1 0
vn 0 1 0
vn 0 1 0
vn 0 1 0
vn 0 1 0
vn 0 1 0
vn 0 1 0
vn 0 1 0
vn 0 1 0
vn 0 1 0
vn 0 1 0
vn 0 1 0
vn 0 1 0
vn 0 1 0
vn 0 1 0
vn 0 1 0
vn 0 1 0
vn 0 1 0
vn 0 1 0
vn 0 1 0
vn 0 1 0
vn 0 1 0
vn 0 1 0
vn 0 1 0
vn 0 1 0
vn 0.9951848 0 0.09801668
vn 0.9951848 0 0.09801668
vn 0.9951848 0 0.09801668
vn 0.9951848 0 0.09801668
vn -0.9951848 0 -0.09801657
vn -0.9951848 0 -0.09801657
vn -0.9951848 0 -0.09801657
vn -0.9951848 0 -0.09801657
vn 0.9569426 0 0.2902769
vn 0.9569426 0 0.2902769
vn 0.9569426 0 0.2902769
vn 0.9569426 0 0.2902769
vn -0.9569423 -5.743202E-06 -0.2902781
vn -0.9569423 -5.743202E-06 -0.2902781
vn -0.9569423 -5.743202E-06 -0.2902781
vn -0.9569423 -5.743202E-06 -0.2902781
vn 0.8819121 1.87911E-05 0.471414
vn 0.8819121 1.87911E-05 0.471414
vn 0.8819121 1.87911E-05 0.471414
vn 0.8819121 1.87911E-05 0.471414
vn -0.8819121 -1.25274E-05 -0.471414
vn -0.8819121 -1.25274E-05 -0.471414
vn -0.8819121 -1.25274E-05 -0.471414
vn -0.8819121 -1.25274E-05 -0.471414
vn 0.7730207 -6.091128E-07 0.6343808
vn 0.7730207 -6.091128E-07 0.6343808
vn 0.7730207 -6.091128E-07 0.6343808
vn 0.7730207 -6.091128E-07 0.6343808
vn -0.7730207 0 -0.6343808
vn -0.7730207 0 -0.6343808
vn -0.7730207 0 -0.6343808
vn -0.7730207 0 -0.6343808
vn 0.634395 -2.11503E-06 0.773009
vn 0.634395 -2.11503E-06 0.773009
vn 0.634395 -2.11503E-06 0.773009
vn 0.634395 -2.11503E-06 0.773009
vn -0.6343971 -4.840071E-06 -0.7730072
vn -0.6343971 -4.840071E-06 -0.7730072
vn -0.6343971 -4.840071E-06 -0.7730072
vn -0.6343971 -4.840071E-06 -0.7730072
vn 0.4713943 0 0.8819225
vn 0.4713943 0 0.8819225
vn 0.4713943 0 0.8819225
vn 0.4713943 0 0.8819225
vn -0.471388 0 -0.8819259
vn -0.471388 0 -0.8819259
vn -0.471388 0 -0.8819259
vn -0.471388 0 -0.8819259
vn 0.2902842 0 0.9569405
vn 0.2902842 0 0.9569405
vn 0.2902842 0 0.9569405
vn 0.2902842 0 0.9569405
vn -0.2902781 0 -0.9569423
vn -0.2902781 0 -0.9569423
vn -0.2902781 0 -0.9569423
vn -0.2902781 0 -0.9569423
vn 0.09802765 0 0.9951836
vn 0.09802765 0 0.9951836
vn 0.09802765 0 0.9951836
vn 0.09802765 0 0.9951836
vn -0.09801619 7.478039E-07 -0.9951848
vn -0.09801619 7.478039E-07 -0.9951848
vn -0.09801619 7.478039E-07 -0.9951848
vn -0.09801619 7.478039E-07 -0.9951848
vn -0.09801657 -5.349229E-06 0.9951848
vn -0.09801657 -5.349229E-06 0.9951848
vn -0.09801657 -5.349229E-06 0.9951848
vn -0.09801657 -5.349229E-06 0.9951848
vn 0.09801648 1.36897E-05 -0.9951848
vn 0.09801648 1.36897E-05 -0.9951848
vn 0.09801648 1.36897E-05 -0.9951848
vn 0.09801648 1.36897E-05 -0.9951848
vn -0.2902869 -1.31348E-06 0.9569397
vn -0.2902869 -1.31348E-06 0.9569397
vn -0.2902869 -1.31348E-06 0.9569397
vn -0.2902869 -1.31348E-06 0.9569397
vn 0.2902869 0 -0.9569397
vn 0.2902869 0 -0.9569397
vn 0.2902869 0 -0.9569397
vn 0.2902869 0 -0.9569397
vn -0.4713892 -3.132191E-06 0.8819253
vn -0.4713892 -3.132191E-06 0.8819253
vn -0.4713892 -3.132191E-06 0.8819253
vn -0.4713892 -3.132191E-06 0.8819253
vn 0.471388 0 -0.8819259
vn 0.471388 0 -0.8819259
vn 0.471388 0 -0.8819259
vn 0.471388 0 -0.8819259
vn -0.6343939 0 0.77301
vn -0.6343939 0 0.77301
vn -0.6343939 0 0.77301
vn -0.6343939 0 0.77301
vn 0.6343978 0 -0.7730068
vn 0.6343978 0 -0.7730068
vn 0.6343978 0 -0.7730068
vn 0.6343978 0 -0.7730068
vn -0.7730148 0 0.6343879
vn -0.7730148 0 0.6343879
vn -0.7730148 0 0.6343879
vn -0.7730148 0 0.6343879
vn 0.7730203 0 -0.6343812
vn 0.7730203 0 -0.6343812
vn 0.7730203 0 -0.6343812
vn 0.7730203 0 -0.6343812
vn -0.8819089 0 0.4714199
vn -0.8819089 0 0.4714199
vn -0.8819089 0 0.4714199
vn -0.8819089 0 0.4714199
vn 0.8819121 0 -0.471414
vn 0.8819121 0 -0.471414
vn 0.8819121 0 -0.471414
vn 0.8819121 0 -0.471414
vn -0.9569402 0 0.2902851
vn -0.9569402 0 0.2902851
vn -0.9569402 0 0.2902851
vn -0.9569402 0 0.2902851
vn 0.9569423 0 -0.2902781
vn 0.9569423 0 -0.2902781
vn 0.9569423 0 -0.2902781
vn 0.9569423 0 -0.2902781
vn -0.9951862 0 0.09800321
vn -0.9951862 0 0.09800321
vn -0.9951862 0 0.09800321
vn -0.9951862 0 0.09800321
vn 0.9951848 1.51853E-05 -0.09801619
vn 0.9951848 1.51853E-05 -0.09801619
vn 0.9951848 1.51853E-05 -0.09801619
vn 0.9951848 1.51853E-05 -0.09801619
vn -0.9951848 0 -0.09801657
vn -0.9951848 0 -0.09801657
vn -0.9951848 0 -0.09801657
vn -0.9951848 0 -0.09801657
vn 0.9951848 0 0.09801668
vn 0.9951848 0 0.09801668
vn 0.9951848 0 0.09801668
vn 0.9951848 0 0.09801668
vn -0.9569423 -5.743202E-06 -0.2902781
vn -0.9569423 -5.743202E-06 -0.2902781
vn -0.9569423 -5.743202E-06 -0.2902781
vn -0.9569423 -5.743202E-06 -0.2902781
vn 0.9569426 0 0.2902769
vn 0.9569426 0 0.2902769
vn 0.9569426 0 0.2902769
vn 0.9569426 0 0.2902769
vn -0.8819121 -1.25274E-05 -0.471414
vn -0.8819121 -1.25274E-05 -0.471414
vn -0.8819121 -1.25274E-05 -0.471414
vn -0.8819121 -1.25274E-05 -0.471414
vn 0.8819121 1.87911E-05 0.471414
vn 0.8819121 1.87911E-05 0.471414
vn 0.8819121 1.87911E-05 0.471414
vn 0.8819121 1.87911E-05 0.471414
vn -0.7730207 0 -0.6343808
vn -0.7730207 0 -0.6343808
vn -0.7730207 0 -0.6343808
vn -0.7730207 0 -0.6343808
vn 0.7730207 -6.091128E-07 0.6343808
vn 0.7730207 -6.091128E-07 0.6343808
vn 0.7730207 -6.091128E-07 0.6343808
vn 0.7730207 -6.091128E-07 0.6343808
vn -0.6343971 -4.840071E-06 -0.7730072
vn -0.6343971 -4.840071E-06 -0.7730072
vn -0.6343971 -4.840071E-06 -0.7730072
vn -0.6343971 -4.840071E-06 -0.7730072
vn 0.634395 -2.11503E-06 0.773009
vn 0.634395 -2.11503E-06 0.773009
vn 0.634395 -2.11503E-06 0.773009
vn 0.634395 -2.11503E-06 0.773009
vn -0.471388 0 -0.8819259
vn -0.471388 0 -0.8819259
vn -0.471388 0 -0.8819259
vn -0.471388 0 -0.8819259
vn 0.4713943 0 0.8819225
vn 0.4713943 0 0.8819225
vn 0.4713943 0 0.8819225
vn 0.4713943 0 0.8819225
vn -0.2902781 0 -0.9569423
vn -0.2902781 0 -0.9569423
vn -0.2902781 0 -0.9569423
vn -0.2902781 0 -0.9569423
vn 0.2902842 0 0.9569405
vn 0.2902842 0 0.9569405
vn 0.2902842 0 0.9569405
vn 0.2902842 0 0.9569405
vn -0.09801619 7.478039E-07 -0.9951848
vn -0.09801619 7.478039E-07 -0.9951848
vn -0.09801619 7.478039E-07 -0.9951848
vn -0.09801619 7.478039E-07 -0.9951848
vn 0.09802765 0 0.9951836
vn 0.09802765 0 0.9951836
vn 0.09802765 0 0.9951836
vn 0.09802765 0 0.9951836
vn 0.09801648 1.36897E-05 -0.9951848
vn 0.09801648 1.36897E-05 -0.9951848
vn 0.09801648 1.36897E-05 -0.9951848
vn 0.09801648 1.36897E-05 -0.9951848
vn -0.09801657 -5.349229E-06 0.9951848
vn -0.09801657 -5.349229E-06 0.9951848
vn -0.09801657 -5.349229E-06 0.9951848
vn -0.09801657 -5.349229E-06 0.9951848
vn 0.2902869 0 -0.9569397
vn 0.2902869 0 -0.9569397
vn 0.2902869 0 -0.9569397
vn 0.2902869 0 -0.9569397
vn -0.2902869 -1.31348E-06 0.9569397
vn -0.2902869 -1.31348E-06 0.9569397
vn -0.2902869 -1.31348E-06 0.9569397
vn -0.2902869 -1.31348E-06 0.9569397
vn 0.471388 0 -0.8819259
vn 0.471388 0 -0.8819259
vn 0.471388 0 -0.8819259
vn 0.471388 0 -0.8819259
vn -0.9951848 0 -0.09801657
vn -0.9951848 0 -0.09801657
vn -0.9951848 0 -0.09801657
vn -0.9951848 0 -0.09801657
vn -0.9951848 0 -0.09801657
vn -0.9951848 0 -0.09801657
vn -0.9951848 0 -0.09801657
vn -0.9951848 0 -0.09801657
vn -0.9951848 0 -0.09801657
vn -0.9951848 0 -0.09801657
vn -0.9951848 0 -0.09801657
vn -0.9951848 0 -0.09801657
vn -0.4713892 -3.132191E-06 0.8819253
vn -0.4713892 -3.132191E-06 0.8819253
vn -0.4713892 -3.132191E-06 0.8819253
vn -0.4713892 -3.132191E-06 0.8819253
vn 0.6343978 0 -0.7730068
vn 0.6343978 0 -0.7730068
vn 0.6343978 0 -0.7730068
vn 0.6343978 0 -0.7730068
vn -0.6343939 0 0.77301
vn -0.6343939 0 0.77301
vn -0.6343939 0 0.77301
vn -0.6343939 0 0.77301
vn 0.7730203 0 -0.6343812
vn 0.7730203 0 -0.6343812
vn 0.7730203 0 -0.6343812
vn 0.7730203 0 -0.6343812
vn -0.7730148 0 0.6343879
vn -0.7730148 0 0.6343879
vn -0.7730148 0 0.6343879
vn -0.7730148 0 0.6343879
vn 0.8819121 0 -0.471414
vn 0.8819121 0 -0.471414
vn 0.8819121 0 -0.471414
vn 0.8819121 0 -0.471414
vn -0.8819089 0 0.4714199
vn -0.8819089 0 0.4714199
vn -0.8819089 0 0.4714199
vn -0.8819089 0 0.4714199
vn 0.9569423 0 -0.2902781
vn 0.9569423 0 -0.2902781
vn 0.9569423 0 -0.2902781
vn 0.9569423 0 -0.2902781
vn -0.9569402 0 0.2902851
vn -0.9569402 0 0.2902851
vn -0.9569402 0 0.2902851
vn -0.9569402 0 0.2902851
vn 0.9951848 1.51853E-05 -0.09801619
vn 0.9951848 1.51853E-05 -0.09801619
vn 0.9951848 1.51853E-05 -0.09801619
vn 0.9951848 1.51853E-05 -0.09801619
vn 1 0 0
vn 1 0 0
vn 1 0 0
vn 1 0 0
vn -1 0 0
vn -1 0 0
vn -1 0 0
vn -1 0 0
vn 0 -1 0
vn 0 -1 0
vn 0 -1 0
vn 0 -1 0
vn 0 1 0
vn 0 1 0
vn 0 1 0
vn 0 1 0
vn 0 0 1
vn 0 0 1
vn 0 0 1
vn 0 0 1
vn 0 0 -1
vn 0 0 -1
vn 0 0 -1
vn 0 0 -1
vn 1 0 0
vn 1 0 0
vn 1 0 0
vn 1 0 0
vn -1 0 0
vn -1 0 0
vn -1 0 0
vn -1 0 0
vn 0 -1 0
vn 0 -1 0
vn 0 -1 0
vn 0 -1 0
vn 0 1 0
vn 0 1 0
vn 0 1 0
vn 0 1 0
vn 0 0 1
vn 0 0 1
vn 0 0 1
vn 0 0 1
vn 0 0 -1
vn 0 0 -1
vn 0 0 -1
vn 0 0 -1
vn 0 0 -1
vn 0 0 -1
vn 0 0 -1
vn 0 0 -1
vn 0 0 1
vn 0 0 1
vn 0 0 1
vn 0 0 1
vn 0 -1 0
vn 0 -1 0
vn 0 -1 0
vn 0 -1 0
vn 0 1 0
vn 0 1 0
vn 0 1 0
vn 0 1 0
vn 1 0 0
vn 1 0 0
vn 1 0 0
vn 1 0 0
vn -1 0 0
vn -1 0 0
vn -1 0 0
vn -1 0 0
vn 1 0 0
vn 1 0 0
vn 1 0 0
vn 1 0 0
vn -1 0 0
vn -1 0 0
vn -1 0 0
vn -1 0 0
vn 0 -1 0
vn 0 -1 0
vn 0 -1 0
vn 0 -1 0
vn 0 1 0
vn 0 1 0
vn 0 1 0
vn 0 1 0
vn 0 0 1
vn 0 0 1
vn 0 0 1
vn 0 0 1
vn 0 0 -1
vn 0 0 -1
vn 0 0 -1
vn 0 0 -1
vn 0.447212 -0.894428 0
vn 0.447212 -0.894428 0
vn 0.447212 -0.894428 0
vn 0.447212 -0.894428 0
vn 0.447212 -0.894428 0
vn 0.447212 -0.894428 0
vn -1.55089E-07 -0.894428 -0.447212
vn -1.55089E-07 -0.894428 -0.447212
vn -1.55089E-07 -0.894428 -0.447212
vn 1 0 0
vn 1 0 0
vn 1 0 0
vn 1 0 0
vn 1 0 0
vn -1 0 0
vn -1 0 0
vn -1 0 0
vn -1 0 0
vn -1 0 0
vn 0 1 0
vn 0 1 0
vn 0 1 0
vn 0 1 0
vn 0 1 0
vn 0 1 0
vn 0 1 0
vn 0 1 0
vn 0 1 0
vn 0 1 0
vn 0 1 0
vn 0 1 0
vn 0 1 0
vn 0 1 0
vn 0 1 0
vn 0 1 0
vn 0 1 0
vn 0 0 1
vn 0 0 1
vn 0 0 1
vn 0 0 1
vn 0 0 -1
vn 0 0 -1
vn 0 0 -1
vn 0 0 -1
vn 0 0 -1
vn 0 0 -1
vn -1.55089E-07 -0.894428 -0.447212
vn -1.55089E-07 -0.894428 -0.447212
vn -1.55089E-07 -0.894428 -0.447212
vn -1.55089E-07 -0.894428 -0.447212
vn -1.55089E-07 -0.894428 -0.447212
vn -1.55089E-07 -0.894428 -0.447212
vn 0 0 1
vn 0 0 1
vn 0 0 1
vn 0 0 1
vn 0 0 1
vn 0 0 -1
vn 0 0 -1
vn 0 0 -1
vn 0 0 -1
vn 0 0 -1
vn 0 -1 0
vn 0 -1 0
vn 0 -1 0
vn 0 -1 0
vn 0 -1 0
vn 0 -1 0
vn 0 -1 0
vn 0 -1 0
vn 0 -1 0
vn 0 -1 0
vn 0 -1 0
vn 0 -1 0
vn -1 0 0
vn -1 0 0
vn -1 0 0
vn -1 0 0
vn -1 0 0
vn -1 0 0
vn 1 0 0
vn 1 0 0
vn 1 0 0
vn 1 0 0
vn 1 0 0
vn 1 0 0
vn -1 0 0
vn -1 0 0
vn -1 0 0
vn -1 0 0
vn -1 0 0
vn 1 0 0
vn 1 0 0
vn 1 0 0
vn 1 0 0
vn 1 0 0
vn 0 0 -1
vn 0 0 -1
vn 0 0 -1
vn 0 0 -1
vn 0 0 -1
vn 0 0 -1
vn 0 0 -1
vn 0 0 -1
vn 0 0 -1
vn 0 0 -1
vn 0 0 -1
vn 0 0 1
vn 0 0 1
vn 0 0 1
vn 0 0 1
vn 0 0 1
vn -0.447212 -0.894428 2.8433E-07
vn -0.447212 -0.894428 2.8433E-07
vn -0.447212 -0.894428 2.8433E-07
vn -0.447212 -0.894428 2.8433E-07
vn -0.447212 -0.894428 2.8433E-07
vn 1 0 0
vn 1 0 0
vn 1 0 0
vn 1 0 0
vn 1 0 0
vn 1 0 0
vn 1 0 0
vn 1 0 0
vn 1 0 0
vn -1 0 0
vn -1 0 0
vn -1 0 0
vn -1 0 0
vn -1 0 0
vn -1 0 0
vn -1 0 0
vn -1 0 0
vn 0 0 1
vn 0 0 1
vn 0 0 1
vn 0 0 1
vn 0 0 1
vn 0 0 1
vn 0 0 1
vn 0 0 1
vn 0 0 1
vn 0 0 1
vn 0 0 1
vn 0 0 1
vn 0 0 1
vn -0.3939211 -0.9191443 0
vn -0.3939211 -0.9191443 0
vn -0.3939211 -0.9191443 0
vn -0.3939211 -0.9191443 0
vn 1.55089E-07 -0.894428 0.447212
vn 1.55089E-07 -0.894428 0.447212
vn 1.55089E-07 -0.894428 0.447212
vn 1.55089E-07 -0.894428 0.447212
vn 1.55089E-07 -0.894428 0.447212
vn 1.55089E-07 -0.894428 0.447212
vn 1.55089E-07 -0.894428 0.447212
vn 0 0 -1
vn 0 0 -1
vn 0 0 -1
vn 0 0 -1
vn 0 0 -1
vn 0 0 1
vn 0 0 1
vn 0 0 1
vn 0 0 1
vn 0 0 -1
vn 0 0 -1
vn 0 0 -1
vn 0 0 -1
vn 0 1 0
vn 0 1 0
vn 0 1 0
vn 0 1 0
vn -1 0 0
vn -1 0 0
vn -1 0 0
vn -1 0 0
vn -1 0 0
vn 1 0 0
vn 1 0 0
vn 1 0 0
vn 1 0 0
vn 0.3722252 -0.9281424 0
vn 0.3722252 -0.9281424 0
vn 0.3722252 -0.9281424 0
vn 0.3722252 -0.9281424 0
vn 0 -1 0
vn 0 -1 0
vn 0 -1 0
vn 0 -1 0
vn 0 0 -1
vn 0 0 -1
vn 0 0 -1
vn 0 0 -1
vn -1 0 0
vn -1 0 0
vn -1 0 0
vn -1 0 0
vn -1 0 0
vn -1 0 0
vn -1 0 0
vn -1 0 0
vn -1 0 0
vn -1 0 0
vn 0 -1 0
vn 0 -1 0
vn 0 -1 0
vn 0 -1 0
vn 0 0 1
vn 0 0 1
vn 0 0 1
vn 0 0 1
vn 0 0 1
vn 0 0 1
vn 0 0 1
vn 0 0 1
vn 0 0 -1
vn 0 0 -1
vn 0 0 -1
vn 0 0 -1
vn 0 -1 0
vn 0 -1 0
vn 0 -1 0
vn 0 -1 0
vn 1 0 0
vn 1 0 0
vn 1 0 0
vn 1 0 0
vn -1 0 0
vn -1 0 0
vn -1 0 0
vn -1 0 0
vn 0 -1 0
vn 0 -1 0
vn 0 -1 0
vn 0 -1 0
vn 0 0 1
vn 0 0 1
vn 0 0 1
vn 0 0 1
vn 0 -1 0
vn 0 -1 0
vn 0 -1 0
vn 0 -1 0
vn 0 0 1
vn 0 0 1
vn 0 0 1
vn 0 0 1
vn 1 0 0
vn 1 0 0
vn 1 0 0
vn 1 0 0
vn 0 -1 0
vn 0 -1 0
vn 0 -1 0
vn 0 -1 0
vn 0 0 -1
vn 0 0 -1
vn 0 0 -1
vn 0 0 -1
vn 1 0 0
vn 1 0 0
vn 1 0 0
vn 1 0 0
vn 0 0 -1
vn 0 0 -1
vn 0 0 -1
vn 0 0 -1
vn 0 0 1
vn 0 0 1
vn 0 0 1
vn 0 0 1
vn 0 -1 0
vn 0 -1 0
vn 0 -1 0
vn 0 -1 0
vn 1 0 0
vn 1 0 0
vn 1 0 0
vn 1 0 0
vn 1 0 0
vn 1 0 0
vn 1 0 0
vn 1 0 0
vn -1 0 0
vn -1 0 0
vn -1 0 0
vn -1 0 0
vn 0 -1 0
vn 0 -1 0
vn 0 -1 0
vn 0 -1 0
vn 0 0 1
vn 0 0 1
vn 0 0 1
vn 0 0 1
vn 1 0 0
vn 1 0 0
vn 1 0 0
vn 1 0 0
vn 1 0 0
vn 1 0 0
vn 1 0 0
vn 1 0 0
vn 1 0 0
vn 1 0 0
vn 1 0 0
vn 1 0 0
vn 1 0 0
vn 1 0 0
vn 1 0 0
vn -1 0 0
vn -1 0 0
vn -1 0 0
vn -1 0 0
vn 0 -1 0
vn 0 -1 0
vn 0 -1 0
vn 0 -1 0
vn 0 0 1
vn 0 0 1
vn 0 0 1
vn 0 0 1
vn -1 0 0
vn -1 0 0
vn -1 0 0
vn -1 0 0
vn -1 0 0
vn -1 0 0
vn -1 0 0
vn 0 -1 0
vn 0 -1 0
vn 0 -1 0
vn 0 -1 0
vn 0 -1 0
vn 0 -1 0
vn 0 1 0
vn 0 1 0
vn 0 1 0
vn 0 1 0
vn 0 0 1
vn 0 0 1
vn 0 0 1
vn 0 0 1
vn 0 0 -1
vn 0 0 -1
vn 0 0 -1
vn 0 0 -1
vn 1 0 0
vn 1 0 0
vn 1 0 0
vn 1 0 0
vn -1 0 0
vn -1 0 0
vn -1 0 0
vn -1 0 0
vn 0 -1 0
vn 0 -1 0
vn 0 -1 0
vn 0 -1 0
vn 0 1 0
vn 0 1 0
vn 0 1 0
vn 0 1 0
vn 0 0 1
vn 0 0 1
vn 0 0 1
vn 0 0 1
vn 0 0 -1
vn 0 0 -1
vn 0 0 -1
vn 0 0 -1
vn 1 0 0
vn 1 0 0
vn 1 0 0
vn 1 0 0
vn -1 0 0
vn -1 0 0
vn -1 0 0
vn -1 0 0
vn 0 0 1
vn 0 0 1
vn 0 0 1
vn 0 0 1
vn 1 0 0
vn 1 0 0
vn 1 0 0
vn 1 0 0
vn -1 0 0
vn -1 0 0
vn -1 0 0
vn -1 0 0
vn -1 0 0
vn -1 0 0
vn -1 0 0
vn -1 0 0
vn -1 0 0
vn -1 0 0
vn 0 -1 0
vn 0 -1 0
vn 0 -1 0
vn 0 -1 0
vn 0 0 1
vn 0 0 1
vn 0 0 1
vn 0 0 1
vn 0 -1 0
vn 0 -1 0
vn 0 -1 0
vn 0 -1 0
vn 0 -1 0
vn 0 -1 0
vn 0 1 0
vn 0 1 0
vn 0 1 0
vn 0 1 0
vn 0 0 1
vn 0 0 1
vn 0 0 1
vn 0 0 1
vn 1 0 0
vn 1 0 0
vn 1 0 0
vn 1 0 0
vn -1 0 0
vn -1 0 0
vn -1 0 0
vn -1 0 0
vn 0 -1 0
vn 0 -1 0
vn 0 -1 0
vn 0 -1 0
vn 0 1 0
vn 0 1 0
vn 0 1 0
vn 0 1 0
vn 0 0 1
vn 0 0 1
vn 0 0 1
vn 0 0 1
vn 0 0 -1
vn 0 0 -1
vn 0 0 -1
vn 0 0 -1
vn 0 0 1
vn 0 0 1
vn 0 0 1
vn 0 0 1
vn 0 -1 0
vn 0 -1 0
vn 0 -1 0
vn 0 -1 0
vn 0 1 0
vn 0 1 0
vn 0 1 0
vn 0 1 0
vn 1 0 0
vn 1 0 0
vn 1 0 0
vn 1 0 0
vn -1 0 0
vn -1 0 0
vn -1 0 0
vn -1 0 0
vn 0 -1 0
vn 0 -1 0
vn 0 -1 0
vn 0 -1 0
vn 0 -1 0
vn 0 -1 0
vn 0 -1 0
vn -1 0 0
vn -1 0 0
vn -1 0 0
vn -1 0 0
vn 0 0 -1
vn 0 0 -1
vn 0 0 -1
vn 0 0 -1
vn -1 0 0
vn -1 0 0
vn -1 0 0
vn -1 0 0
vn 1 0 0
vn 1 0 0
vn 1 0 0
vn 1 0 0
vn 0 -1 0
vn 0 -1 0
vn 0 -1 0
vn 0 -1 0
vn 0 0 -1
vn 0 0 -1
vn 0 0 -1
vn 0 0 -1
vn -1 0 0
vn -1 0 0
vn -1 0 0
vn -1 0 0
vn 0 0 1
vn 0 0 1
vn 0 0 1
vn 0 0 1
vn 0 0 1
vn 0 0 1
vn 0 0 1
vn 0 0 1
vn 0 0 -1
vn 0 0 -1
vn 0 0 -1
vn 0 0 -1
vn 0 1 0
vn 0 1 0
vn 0 1 0
vn 0 1 0
vn 0 0 1
vn 0 0 1
vn 0 0 1
vn 0 0 1
vn 1 0 0
vn 1 0 0
vn 1 0 0
vn 1 0 0
vn 0 1 0
vn 0 1 0
vn 0 1 0
vn 0 1 0
vn 0 0 1
vn 0 0 1
vn 0 0 1
vn 0 0 1
vn 0 0 -1
vn 0 0 -1
vn 0 0 -1
vn 0 0 -1
vn 0 -1 0
vn 0 -1 0
vn 0 -1 0
vn 0 -1 0
vn 1 0 0
vn 1 0 0
vn 1 0 0
vn 1 0 0
vn 0 0 -1
vn 0 0 -1
vn 0 0 -1
vn 0 0 -1
vn 0 0 -1
vn 0 0 -1
vn 0 0 -1
vn 0 0 -1
vn 0 0 -1
vn 0 0 -1
vn 0 -1 0
vn 0 -1 0
vn 0 -1 0
vn 0 -1 0
vn -1 0 0
vn -1 0 0
vn -1 0 0
vn -1 0 0
vn -1 0 0
vn -1 0 0
vn -1 0 0
vn -1 0 0
vn 1 0 0
vn 1 0 0
vn 1 0 0
vn 1 0 0
vn 0 -1 0
vn 0 -1 0
vn 0 -1 0
vn 0 -1 0
vn 1 0 0
vn 1 0 0
vn 1 0 0
vn 1 0 0
vn -1 0 0
vn -1 0 0
vn -1 0 0
vn -1 0 0
vn 0 -1 0
vn 0 -1 0
vn 0 -1 0
vn 0 -1 0
vn 0 1 0
vn 0 1 0
vn 0 1 0
vn 0 1 0
vn 0 0 1
vn 0 0 1
vn 0 0 1
vn 0 0 1
vn 0 0 -1
vn 0 0 -1
vn 0 0 -1
vn 0 0 -1
vn 1 0 0
vn 1 0 0
vn 1 0 0
vn 1 0 0
vn -1 0 0
vn -1 0 0
vn -1 0 0
vn -1 0 0
vn 0 -1 0
vn 0 -1 0
vn 0 -1 0
vn 0 -1 0
vn 0 0 1
vn 0 0 1
vn 0 0 1
vn 0 0 1
vn 1 0 0
vn 1 0 0
vn 1 0 0
vn 1 0 0
vn 0 0 1
vn 0 0 1
vn 0 0 1
vn 0 0 1
vn -1 0 0
vn -1 0 0
vn -1 0 0
vn -1 0 0
vn 0 -1 0
vn 0 -1 0
vn 0 -1 0
vn 0 -1 0
vn 0 1 0
vn 0 1 0
vn 0 1 0
vn 0 1 0
vn 0 0 1
vn 0 0 1
vn 0 0 1
vn 0 0 1
vn 0 0 -1
vn 0 0 -1
vn 0 0 -1
vn 0 0 -1
vn 1 0 0
vn 1 0 0
vn 1 0 0
vn 1 0 0
vn -1 0 0
vn -1 0 0
vn -1 0 0
vn -1 0 0
vn 0 -1 0
vn 0 -1 0
vn 0 -1 0
vn 0 -1 0
vn 0 1 0
vn 0 1 0
vn 0 1 0
vn 0 1 0
vn 0 0 1
vn 0 0 1
vn 0 0 1
vn 0 0 1
vn 0 0 -1
vn 0 0 -1
vn 0 0 -1
vn 0 0 -1
vn 0 0 1
vn 0 0 1
vn 0 0 1
vn 0 0 1
vn 0 0 -1
vn 0 0 -1
vn 0 0 -1
vn 0 0 -1
vn 0 1 0
vn 0 1 0
vn 0 1 0
vn 0 1 0
vn -1 0 0
vn -1 0 0
vn -1 0 0
vn -1 0 0
vn 1 0 0
vn 1 0 0
vn 1 0 0
vn 1 0 0
vn 0 -1 0
vn 0 -1 0
vn 0 -1 0
vn 0 -1 0
vn 0 -1 0
vn 0 -1 0
vn 1 0 0
vn 1 0 0
vn 1 0 0
vn 1 0 0
vn 0 0 -1
vn 0 0 -1
vn 0 0 -1
vn 0 0 -1
vn -1 0 0
vn -1 0 0
vn -1 0 0
vn -1 0 0
vn 0 0 1
vn 0 0 1
vn 0 0 1
vn 0 0 1
vn 1 0 0
vn 1 0 0
vn 1 0 0
vn 1 0 0
vn -1 0 0
vn -1 0 0
vn -1 0 0
vn -1 0 0
vn 0 -1 0
vn 0 -1 0
vn 0 -1 0
vn 0 -1 0
vn 0 1 0
vn 0 1 0
vn 0 1 0
vn 0 1 0
vn 0 0 1
vn 0 0 1
vn 0 0 1
vn 0 0 1
vn 0 0 -1
vn 0 0 -1
vn 0 0 -1
vn 0 0 -1
vn 1 0 0
vn 1 0 0
vn 1 0 0
vn 1 0 0
vn -1 0 0
vn -1 0 0
vn -1 0 0
vn -1 0 0
vn 0 -1 0
vn 0 -1 0
vn 0 -1 0
vn 0 -1 0
vn 0 1 0
vn 0 1 0
vn 0 1 0
vn 0 1 0
vn 0 0 1
vn 0 0 1
vn 0 0 1
vn 0 0 1
vn 0 0 -1
vn 0 0 -1
vn 0 0 -1
vn 0 0 -1
vn 0 0 1
vn 0 0 1
vn 0 0 1
vn 0 0 1
vn 0 -1 0
vn 0 -1 0
vn 0 -1 0
vn 0 -1 0
vn 1 0 0
vn 1 0 0
vn 1 0 0
vn 1 0 0
vn 0 0 1
vn 0 0 1
vn 0 0 1
vn 0 0 1
vn 0 -1 0
vn 0 -1 0
vn 0 -1 0
vn 0 -1 0
vn 0 1 0
vn 0 1 0
vn 0 1 0
vn 0 1 0
vn 1 0 0
vn 1 0 0
vn 1 0 0
vn 1 0 0
vn -1 0 0
vn -1 0 0
vn -1 0 0
vn -1 0 0
vn 0 0 1
vn 0 0 1
vn 0 0 1
vn 0 0 1
vn 0 -1 0
vn 0 -1 0
vn 0 -1 0
vn 0 -1 0
vn 0 1 0
vn 0 1 0
vn 0 1 0
vn 0 1 0
vn 1 0 0
vn 1 0 0
vn 1 0 0
vn 1 0 0
vn -1 0 0
vn -1 0 0
vn -1 0 0
vn -1 0 0
vn 0 1 0
vn 0 1 0
vn 0 1 0
vn 0 1 0
vn 0 0 -1
vn 0 0 -1
vn 0 0 -1
vn 0 0 -1
vn 0 0 -1
vn 0 0 -1
vn 0 -1 0
vn 0 -1 0
vn 0 -1 0
vn 0 -1 0
vn 0 1 0
vn 0 1 0
vn 0 1 0
vn 0 1 0
vn 0 0 -1
vn 0 0 -1
vn 0 0 -1
vn 0 0 -1
vn 0 0 -1
vn 0 0 -1
vn 1 0 0
vn 1 0 0
vn 1 0 0
vn 1 0 0
vn 0 0 -1
vn 0 0 -1
vn 0 0 -1
vn 0 0 -1
vn 1 0 0
vn 1 0 0
vn 1 0 0
vn 1 0 0
vn 0 -1 0
vn 0 -1 0
vn 0 -1 0
vn 0 -1 0
vn 0 -1 0
vn 0 -1 0
vn 0 -1 0
vn 0 -1 0
vn -1 0 0
vn -1 0 0
vn -1 0 0
vn -1 0 0
vn -1 0 0
vn -1 0 0
vn -1 0 0
vn 0 -1 0
vn 0 -1 0
vn 0 -1 0
vn 0 -1 0
vn 0 -1 0
vn 0 -1 0
vn 0 -1 0
vn 0 -1 0
vn 0 -1 0
vn 0 -1 0
vn 0 -1 0
vn 0 -1 0
vn 0 1 0
vn 0 1 0
vn 0 1 0
vn 0 1 0
vn 0 0 1
vn 0 0 1
vn 0 0 1
vn 0 0 1
vn 1 0 0
vn 1 0 0
vn 1 0 0
vn 1 0 0
vn 0 -1 0
vn 0 -1 0
vn 0 -1 0
vn 0 -1 0
vn 0 1 0
vn 0 1 0
vn 0 1 0
vn 0 1 0
vn 0 0 -1
vn 0 0 -1
vn 0 0 -1
vn 0 0 -1
vn -1 0 0
vn -1 0 0
vn -1 0 0
vn -1 0 0
vn 0 0 -1
vn 0 0 -1
vn 0 0 -1
vn 0 0 -1
vn 0 0 -1
vn 0 0 -1
vn 0 0 -1
vn 0 0 -1
vn 0 0 -1
vn 0 0 -1
vn 0 0 -1
vn 0 0 -1
vn -1 0 0
vn -1 0 0
vn -1 0 0
vn -1 0 0
vn 1 0 0
vn 1 0 0
vn 1 0 0
vn 1 0 0
vn 0 -1 0
vn 0 -1 0
vn 0 -1 0
vn 0 -1 0
vn 0 0 -1
vn 0 0 -1
vn 0 0 -1
vn 0 0 -1
vn 0 0 1
vn 0 0 1
vn 0 0 1
vn 0 0 1
vn 1 0 0
vn 1 0 0
vn 1 0 0
vn 1 0 0
vn 0 -1 0
vn 0 -1 0
vn 0 -1 0
vn 0 -1 0
vn 0 0 1
vn 0 0 1
vn 0 0 1
vn 0 0 1
vn 0 0 -1
vn 0 0 -1
vn 0 0 -1
vn 0 0 -1
vn -1 0 0
vn -1 0 0
vn -1 0 0
vn -1 0 0
vn -1 0 0
vn -1 0 0
vn -1 0 0
vn -1 0 0
vn 1 0 0
vn 1 0 0
vn 1 0 0
vn 1 0 0
vn 0 -1 0
vn 0 -1 0
vn 0 -1 0
vn 0 -1 0
vn 0 0 -1
vn 0 0 -1
vn 0 0 -1
vn 0 0 -1
vn 0 0 1
vn 0 0 1
vn 0 0 1
vn 0 0 1
vn 1 0 0
vn 1 0 0
vn 1 0 0
vn 1 0 0
vn -1 0 0
vn -1 0 0
vn -1 0 0
vn -1 0 0
vn 0 -1 0
vn 0 -1 0
vn 0 -1 0
vn 0 -1 0
vn 0 1 0
vn 0 1 0
vn 0 1 0
vn 0 1 0
vn 0 0 1
vn 0 0 1
vn 0 0 1
vn 0 0 1
vn 0 0 -1
vn 0 0 -1
vn 0 0 -1
vn 0 0 -1
vn 1 0 0
vn 1 0 0
vn 1 0 0
vn 1 0 0
vn -1 0 0
vn -1 0 0
vn -1 0 0
vn -1 0 0
vn 0 -1 0
vn 0 -1 0
vn 0 -1 0
vn 0 -1 0
vn 0 1 0
vn 0 1 0
vn 0 1 0
vn 0 1 0
vn 0 0 1
vn 0 0 1
vn 0 0 1
vn 0 0 1
vn 0 0 -1
vn 0 0 -1
vn 0 0 -1
vn 0 0 -1
vn 1 0 0
vn 1 0 0
vn 1 0 0
vn 1 0 0
vn -1 0 0
vn -1 0 0
vn -1 0 0
vn -1 0 0
vn 0 -1 0
vn 0 -1 0
vn 0 -1 0
vn 0 -1 0
vn 0 1 0
vn 0 1 0
vn 0 1 0
vn 0 1 0
vn 0 0 1
vn 0 0 1
vn 0 0 1
vn 0 0 1
vn 0 0 -1
vn 0 0 -1
vn 0 0 -1
vn 0 0 -1
vn 1 0 0
vn 1 0 0
vn 1 0 0
vn 1 0 0
vn -1 0 0
vn -1 0 0
vn -1 0 0
vn -1 0 0
vn 0 -1 0
vn 0 -1 0
vn 0 -1 0
vn 0 -1 0
vn 0 1 0
vn 0 1 0
vn 0 1 0
vn 0 1 0
vn 0 0 1
vn 0 0 1
vn 0 0 1
vn 0 0 1
vn 0 0 -1
vn 0 0 -1
vn 0 0 -1
vn 0 0 -1
vn 1 0 0
vn 1 0 0
vn 1 0 0
vn 1 0 0
vn -1 0 0
vn -1 0 0
vn -1 0 0
vn -1 0 0
vn 0 -1 0
vn 0 -1 0
vn 0 -1 0
vn 0 -1 0
vn 0 1 0
vn 0 1 0
vn 0 1 0
vn 0 1 0
vn 0 0 1
vn 0 0 1
vn 0 0 1
vn 0 0 1
vn 0 0 -1
vn 0 0 -1
vn 0 0 -1
vn 0 0 -1
vn 1 0 0
vn 1 0 0
vn 1 0 0
vn 1 0 0
vn -1 0 0
vn -1 0 0
vn -1 0 0
vn -1 0 0
vn 0 -1 0
vn 0 -1 0
vn 0 -1 0
vn 0 -1 0
vn 0 1 0
vn 0 1 0
vn 0 1 0
vn 0 1 0
vn 0 0 1
vn 0 0 1
vn 0 0 1
vn 0 0 1
vn 0 0 -1
vn 0 0 -1
vn 0 0 -1
vn 0 0 -1
vn 0 0 -1
vn 0 0 -1
vn 0 0 -1
vn 0 0 -1
vn 0 0 1
vn 0 0 1
vn 0 0 1
vn 0 0 1
vn 0 -0.9922779 -0.124035
vn 0 -0.9922779 -0.124035
vn 0 -0.9922779 -0.124035
vn 0 -0.9922779 -0.124035
vn 0 1 0
vn 0 1 0
vn 0 1 0
vn 0 1 0
vn 1 0 0
vn 1 0 0
vn 1 0 0
vn 1 0 0
vn 1 0 0
vn 1 0 0
vn 1 0 0
vn -1 0 0
vn -1 0 0
vn -1 0 0
vn -1 0 0
vn -1 0 0
vn -1 0 0
vn -1 0 0
vn 0 0 -1
vn 0 0 -1
vn 0 0 -1
vn 0 0 -1
vn 0 0 1
vn 0 0 1
vn 0 0 1
vn 0 0 1
vn 0 -0.9922779 -0.124035
vn 0 -0.9922779 -0.124035
vn 0 -0.9922779 -0.124035
vn 0 -0.9922779 -0.124035
vn 0 1 0
vn 0 1 0
vn 0 1 0
vn 0 1 0
vn 1 0 0
vn 1 0 0
vn 1 0 0
vn 1 0 0
vn 1 0 0
vn 1 0 0
vn 1 0 0
vn -1 0 0
vn -1 0 0
vn -1 0 0
vn -1 0 0
vn -1 0 0
vn -1 0 0
vn -1 0 0
vn 0 1 0
vn 0 1 0
vn 0 1 0
vn 0 1 0
vn 0 -1 0
vn 0 -1 0
vn 0 -1 0
vn 0 -1 0
vn 0 0.3107391 -0.9504952
vn 0 0.3107391 -0.9504952
vn 0 0.3107391 -0.9504952
vn 0 0.3107391 -0.9504952
vn 0 -0.1705411 0.9853506
vn 0 -0.1705411 0.9853506
vn 0 -0.1705411 0.9853506
vn 0 -0.1705411 0.9853506
vn 0 1 0
vn 0 1 0
vn 0 1 0
vn 0 1 0
vn 0 -1 0
vn 0 -1 0
vn 0 -1 0
vn 0 -1 0
vn 0 0.3107391 -0.9504952
vn 0 0.3107391 -0.9504952
vn 0 0.3107391 -0.9504952
vn 0 0.3107391 -0.9504952
vn 0 -0.1705411 0.9853506
vn 0 -0.1705411 0.9853506
vn 0 -0.1705411 0.9853506
vn 0 -0.1705411 0.9853506
vn 0 0.8320503 -0.5547003
vn 0 0.8320503 -0.5547003
vn 0 0.8320503 -0.5547003
vn 0 0.8320503 -0.5547003
vn 0 0.8320503 0.5547003
vn 0 0.8320503 0.5547003
vn 0 0.8320503 0.5547003
vn 0 0.8320503 0.5547003
vn 0 -1 0
vn 0 -1 0
vn 0 -1 0
vn 0 -1 0
vn 0 1 0
vn 0 1 0
vn 0 1 0
vn 0 1 0
vn 0.5547003 0.8320503 0
vn 0.5547003 0.8320503 0
vn 0.5547003 0.8320503 0
vn 0.5547003 0.8320503 0
vn -0.5547003 0.8320503 0
vn -0.5547003 0.8320503 0
vn -0.5547003 0.8320503 0
vn -0.5547003 0.8320503 0
vn 0 0 -1
vn 0 0 -1
vn 0 0 -1
vn 0 0 -1
vn 0 0 1
vn 0 0 1
vn 0 0 1
vn 0 0 1
vn 0 -1 0
vn 0 -1 0
vn 0 -1 0
vn 0 -1 0
vn 0 1 0
vn 0 1 0
vn 0 1 0
vn 0 1 0
vn 1 0 0
vn 1 0 0
vn 1 0 0
vn 1 0 0
vn -1 0 0
vn -1 0 0
vn -1 0 0
vn -1 0 0
vn 0 0 -1
vn 0 0 -1
vn 0 0 -1
vn 0 0 -1
vn 0 0 1
vn 0 0 1
vn 0 0 1
vn 0 0 1
vn 0 -1 0
vn 0 -1 0
vn 0 -1 0
vn 0 -1 0
vn 0 1 0
vn 0 1 0
vn 0 1 0
vn 0 1 0
vn 1 0 0
vn 1 0 0
vn 1 0 0
vn 1 0 0
vn -1 0 0
vn -1 0 0
vn -1 0 0
vn -1 0 0
vn 0 0 -1
vn 0 0 -1
vn 0 0 -1
vn 0 0 -1
vn 0 0 1
vn 0 0 1
vn 0 0 1
vn 0 0 1
vn 0 -1 0
vn 0 -1 0
vn 0 -1 0
vn 0 -1 0
vn 0 1 0
vn 0 1 0
vn 0 1 0
vn 0 1 0
vn 1 0 0
vn 1 0 0
vn 1 0 0
vn 1 0 0
vn -1 0 0
vn -1 0 0
vn -1 0 0
vn -1 0 0
vn 0 0 -1
vn 0 0 -1
vn 0 0 -1
vn 0 0 -1
vn 0 0 1
vn 0 0 1
vn 0 0 1
vn 0 0 1
vn 0 -1 0
vn 0 -1 0
vn 0 -1 0
vn 0 -1 0
vn 0 1 0
vn 0 1 0
vn 0 1 0
vn 0 1 0
vn 1 0 0
vn 1 0 0
vn 1 0 0
vn 1 0 0
vn -1 0 0
vn -1 0 0
vn -1 0 0
vn -1 0 0
vn 0 0.8320503 -0.5547003
vn 0 0.8320503 -0.5547003
vn 0 0.8320503 -0.5547003
vn 0 0.8320503 -0.5547003
vn 0 0.8320503 0.5547003
vn 0 0.8320503 0.5547003
vn 0 0.8320503 0.5547003
vn 0 0.8320503 0.5547003
vn 0 -1 0
vn 0 -1 0
vn 0 -1 0
vn 0 -1 0
vn 0 1 0
vn 0 1 0
vn 0 1 0
vn 0 1 0
vn 0.5547003 0.8320503 0
vn 0.5547003 0.8320503 0
vn 0.5547003 0.8320503 0
vn 0.5547003 0.8320503 0
vn -0.5547003 0.8320503 0
vn -0.5547003 0.8320503 0
vn -0.5547003 0.8320503 0
vn -0.5547003 0.8320503 0
vn 0 0 -1
vn 0 0 -1
vn 0 0 -1
vn 0 0 -1
vn 0 0 1
vn 0 0 1
vn 0 0 1
vn 0 0 1
vn 0 -0.9922779 -0.124035
vn 0 -0.9922779 -0.124035
vn 0 -0.9922779 -0.124035
vn 0 -0.9922779 -0.124035
vn 0 1 0
vn 0 1 0
vn 0 1 0
vn 0 1 0
vn 1 0 0
vn 1 0 0
vn 1 0 0
vn 1 0 0
vn 1 0 0
vn 1 0 0
vn 1 0 0
vn -1 0 0
vn -1 0 0
vn -1 0 0
vn -1 0 0
vn -1 0 0
vn -1 0 0
vn -1 0 0
vn 0 0 -1
vn 0 0 -1
vn 0 0 -1
vn 0 0 -1
vn 0 0 1
vn 0 0 1
vn 0 0 1
vn 0 0 1
vn 0 -0.9922779 -0.124035
vn 0 -0.9922779 -0.124035
vn 0 -0.9922779 -0.124035
vn 0 -0.9922779 -0.124035
vn 0 1 0
vn 0 1 0
vn 0 1 0
vn 0 1 0
vn 1 0 0
vn 1 0 0
vn 1 0 0
vn 1 0 0
vn 1 0 0
vn 1 0 0
vn 1 0 0
vn -1 0 0
vn -1 0 0
vn -1 0 0
vn -1 0 0
vn -1 0 0
vn -1 0 0
vn -1 0 0
vn 0 1 0
vn 0 1 0
vn 0 1 0
vn 0 1 0
vn 0 -1 0
vn 0 -1 0
vn 0 -1 0
vn 0 -1 0
vn 0 0.3107391 -0.9504952
vn 0 0.3107391 -0.9504952
vn 0 0.3107391 -0.9504952
vn 0 0.3107391 -0.9504952
vn 0 -0.1705411 0.9853506
vn 0 -0.1705411 0.9853506
vn 0 -0.1705411 0.9853506
vn 0 -0.1705411 0.9853506
vn 0 1 0
vn 0 1 0
vn 0 1 0
vn 0 1 0
vn 0 -1 0
vn 0 -1 0
vn 0 -1 0
vn 0 -1 0
vn 0 0.3107391 -0.9504952
vn 0 0.3107391 -0.9504952
vn 0 0.3107391 -0.9504952
vn 0 0.3107391 -0.9504952
vn 0 -0.1705411 0.9853506
vn 0 -0.1705411 0.9853506
vn 0 -0.1705411 0.9853506
vn 0 -0.1705411 0.9853506
vn 0 0.8320503 -0.5547003
vn 0 0.8320503 -0.5547003
vn 0 0.8320503 -0.5547003
vn 0 0.8320503 -0.5547003
vn 0 0.8320503 0.5547003
vn 0 0.8320503 0.5547003
vn 0 0.8320503 0.5547003
vn 0 0.8320503 0.5547003
vn 0 -1 0
vn 0 -1 0
vn 0 -1 0
vn 0 -1 0
vn 0 1 0
vn 0 1 0
vn 0 1 0
vn 0 1 0
vn 0.5547003 0.8320503 0
vn 0.5547003 0.8320503 0
vn 0.5547003 0.8320503 0
vn 0.5547003 0.8320503 0
vn -0.5547003 0.8320503 0
vn -0.5547003 0.8320503 0
vn -0.5547003 0.8320503 0
vn -0.5547003 0.8320503 0
vn 0 0 -1
vn 0 0 -1
vn 0 0 -1
vn 0 0 -1
vn 0 0 1
vn 0 0 1
vn 0 0 1
vn 0 0 1
vn 0 -1 0
vn 0 -1 0
vn 0 -1 0
vn 0 -1 0
vn 0 1 0
vn 0 1 0
vn 0 1 0
vn 0 1 0
vn 1 0 0
vn 1 0 0
vn 1 0 0
vn 1 0 0
vn -1 0 0
vn -1 0 0
vn -1 0 0
vn -1 0 0
vn 0 0 -1
vn 0 0 -1
vn 0 0 -1
vn 0 0 -1
vn 0 0 1
vn 0 0 1
vn 0 0 1
vn 0 0 1
vn 0 -1 0
vn 0 -1 0
vn 0 -1 0
vn 0 -1 0
vn 0 1 0
vn 0 1 0
vn 0 1 0
vn 0 1 0
vn 1 0 0
vn 1 0 0
vn 1 0 0
vn 1 0 0
vn -1 0 0
vn -1 0 0
vn -1 0 0
vn -1 0 0
vn 0 0 -1
vn 0 0 -1
vn 0 0 -1
vn 0 0 -1
vn 0 0 1
vn 0 0 1
vn 0 0 1
vn 0 0 1
vn 0 -1 0
vn 0 -1 0
vn 0 -1 0
vn 0 -1 0
vn 0 1 0
vn 0 1 0
vn 0 1 0
vn 0 1 0
vn 1 0 0
vn 1 0 0
vn 1 0 0
vn 1 0 0
vn -1 0 0
vn -1 0 0
vn -1 0 0
vn -1 0 0
vn 0 0 -1
vn 0 0 -1
vn 0 0 -1
vn 0 0 -1
vn 0 0 1
vn 0 0 1
vn 0 0 1
vn 0 0 1
vn 0 -1 0
vn 0 -1 0
vn 0 -1 0
vn 0 -1 0
vn 0 1 0
vn 0 1 0
vn 0 1 0
vn 0 1 0
vn 1 0 0
vn 1 0 0
vn 1 0 0
vn 1 0 0
vn -1 0 0
vn -1 0 0
vn -1 0 0
vn -1 0 0
vn 0 0.8320503 -0.5547003
vn 0 0.8320503 -0.5547003
vn 0 0.8320503 -0.5547003
vn 0 0.8320503 -0.5547003
vn 0 0.8320503 0.5547003
vn 0 0.8320503 0.5547003
vn 0 0.8320503 0.5547003
vn 0 0.8320503 0.5547003
vn 0 -1 0
vn 0 -1 0
vn 0 -1 0
vn 0 -1 0
vn 0 1 0
vn 0 1 0
vn 0 1 0
vn 0 1 0
vn 0.5547003 0.8320503 0
vn 0.5547003 0.8320503 0
vn 0.5547003 0.8320503 0
vn 0.5547003 0.8320503 0
vn -0.5547003 0.8320503 0
vn -0.5547003 0.8320503 0
vn -0.5547003 0.8320503 0
vn -0.5547003 0.8320503 0
vn 0 0 -1
vn 0 0 -1
vn 0 0 -1
vn 0 0 -1
vn 0 0 1
vn 0 0 1
vn 0 0 1
vn 0 0 1
vn 0 -1 0
vn 0 -1 0
vn 0 -1 0
vn 0 -1 0
vn 0 1 0
vn 0 1 0
vn 0 1 0
vn 0 1 0
vn 1 0 0
vn 1 0 0
vn 1 0 0
vn 1 0 0
vn -1 0 0
vn -1 0 0
vn -1 0 0
vn -1 0 0
vn 0 0 -1
vn 0 0 -1
vn 0 0 -1
vn 0 0 -1
vn 0 0 1
vn 0 0 1
vn 0 0 1
vn 0 0 1
vn 0 -1 0
vn 0 -1 0
vn 0 -1 0
vn 0 -1 0
vn 0 1 0
vn 0 1 0
vn 0 1 0
vn 0 1 0
vn 1 0 0
vn 1 0 0
vn 1 0 0
vn 1 0 0
vn -1 0 0
vn -1 0 0
vn -1 0 0
vn -1 0 0
vn 0 0 -1
vn 0 0 -1
vn 0 0 -1
vn 0 0 -1
vn 0 0 1
vn 0 0 1
vn 0 0 1
vn 0 0 1
vn 0 -1 0
vn 0 -1 0
vn 0 -1 0
vn 0 -1 0
vn 0 1 0
vn 0 1 0
vn 0 1 0
vn 0 1 0
vn 1 0 0
vn 1 0 0
vn 1 0 0
vn 1 0 0
vn -1 0 0
vn -1 0 0
vn -1 0 0
vn -1 0 0
vn 0 0 -1
vn 0 0 -1
vn 0 0 -1
vn 0 0 -1
vn 0 0 1
vn 0 0 1
vn 0 0 1
vn 0 0 1
vn 0 -1 0
vn 0 -1 0
vn 0 -1 0
vn 0 -1 0
vn 0 1 0
vn 0 1 0
vn 0 1 0
vn 0 1 0
vn 1 0 0
vn 1 0 0
vn 1 0 0
vn 1 0 0
vn -1 0 0
vn -1 0 0
vn -1 0 0
vn -1 0 0
vn 0 0 -1
vn 0 0 -1
vn 0 0 -1
vn 0 0 -1
vn 0 0 1
vn 0 0 1
vn 0 0 1
vn 0 0 1
vn 0 -1 0
vn 0 -1 0
vn 0 -1 0
vn 0 -1 0
vn 0 1 0
vn 0 1 0
vn 0 1 0
vn 0 1 0
vn 1 0 0
vn 1 0 0
vn 1 0 0
vn 1 0 0
vn -1 0 0
vn -1 0 0
vn -1 0 0
vn -1 0 0
vn 0 0.9848076 0.1736489
vn 0 0.9848076 0.1736489
vn 0 0.9848076 0.1736489
vn 0 0.9848076 0.1736489
vn 0 -0.9848083 -0.173645
vn 0 -0.9848083 -0.173645
vn 0 -0.9848083 -0.173645
vn 0 -0.9848083 -0.173645
vn -4.445791E-07 0.173651 -0.9848073
vn -4.445791E-07 0.173651 -0.9848073
vn -4.445791E-07 0.173651 -0.9848073
vn -4.445791E-07 0.173651 -0.9848073
vn 6.795817E-07 -0.1736489 0.9848076
vn 6.795817E-07 -0.1736489 0.9848076
vn 6.795817E-07 -0.1736489 0.9848076
vn 6.795817E-07 -0.1736489 0.9848076
vn 1 0 0
vn 1 0 0
vn 1 0 0
vn 1 0 0
vn -1 0 0
vn -1 0 0
vn -1 0 0
vn -1 0 0
vn 0 0.9848076 0.1736489
vn 0 0.9848076 0.1736489
vn 0 0.9848076 0.1736489
vn 0 0.9848076 0.1736489
vn 0 -0.9848083 -0.173645
vn 0 -0.9848083 -0.173645
vn 0 -0.9848083 -0.173645
vn 0 -0.9848083 -0.173645
vn -4.445791E-07 0.173651 -0.9848073
vn -4.445791E-07 0.173651 -0.9848073
vn -4.445791E-07 0.173651 -0.9848073
vn -4.445791E-07 0.173651 -0.9848073
vn 6.795817E-07 -0.1736489 0.9848076
vn 6.795817E-07 -0.1736489 0.9848076
vn 6.795817E-07 -0.1736489 0.9848076
vn 6.795817E-07 -0.1736489 0.9848076
vn 1 0 0
vn 1 0 0
vn 1 0 0
vn 1 0 0
vn -1 0 0
vn -1 0 0
vn -1 0 0
vn -1 0 0
vn 0 0.9848076 0.1736489
vn 0 0.9848076 0.1736489
vn 0 0.9848076 0.1736489
vn 0 0.9848076 0.1736489
vn 0 -0.9848083 -0.173645
vn 0 -0.9848083 -0.173645
vn 0 -0.9848083 -0.173645
vn 0 -0.9848083 -0.173645
vn -4.445791E-07 0.173651 -0.9848073
vn -4.445791E-07 0.173651 -0.9848073
vn -4.445791E-07 0.173651 -0.9848073
vn -4.445791E-07 0.173651 -0.9848073
vn 6.795817E-07 -0.1736489 0.9848076
vn 6.795817E-07 -0.1736489 0.9848076
vn 6.795817E-07 -0.1736489 0.9848076
vn 6.795817E-07 -0.1736489 0.9848076
vn 1 0 0
vn 1 0 0
vn 1 0 0
vn 1 0 0
vn -1 0 0
vn -1 0 0
vn -1 0 0
vn -1 0 0
vn 0 0 -1
vn 0 0 -1
vn 0 0 -1
vn 0 0 -1
vn 0 0 1
vn 0 0 1
vn 0 0 1
vn 0 0 1
vn 0 -1 0
vn 0 -1 0
vn 0 -1 0
vn 0 -1 0
vn 0 1 0
vn 0 1 0
vn 0 1 0
vn 0 1 0
vn 1 0 0
vn 1 0 0
vn 1 0 0
vn 1 0 0
vn -1 0 0
vn -1 0 0
vn -1 0 0
vn -1 0 0
vn 0 0 -1
vn 0 0 -1
vn 0 0 -1
vn 0 0 -1
vn 0 0 1
vn 0 0 1
vn 0 0 1
vn 0 0 1
vn 0 -1 0
vn 0 -1 0
vn 0 -1 0
vn 0 -1 0
vn 0 1 0
vn 0 1 0
vn 0 1 0
vn 0 1 0
vn 1 0 0
vn 1 0 0
vn 1 0 0
vn 1 0 0
vn -1 0 0
vn -1 0 0
vn -1 0 0
vn -1 0 0
vn 0 0 -1
vn 0 0 -1
vn 0 0 -1
vn 0 0 -1
vn 0 0 1
vn 0 0 1
vn 0 0 1
vn 0 0 1
vn 0 -1 0
vn 0 -1 0
vn 0 -1 0
vn 0 -1 0
vn 0 1 0
vn 0 1 0
vn 0 1 0
vn 0 1 0
vn 1 0 0
vn 1 0 0
vn 1 0 0
vn 1 0 0
vn -1 0 0
vn -1 0 0
vn -1 0 0
vn -1 0 0
vn 0 0 -1
vn 0 0 -1
vn 0 0 -1
vn 0 0 -1
vn 0 0 1
vn 0 0 1
vn 0 0 1
vn 0 0 1
vn 0 -1 0
vn 0 -1 0
vn 0 -1 0
vn 0 -1 0
vn 0 1 0
vn 0 1 0
vn 0 1 0
vn 0 1 0
vn 1 0 0
vn 1 0 0
vn 1 0 0
vn 1 0 0
vn -1 0 0
vn -1 0 0
vn -1 0 0
vn -1 0 0
vn 0 0 -1
vn 0 0 -1
vn 0 0 -1
vn 0 0 -1
vn 0 0 1
vn 0 0 1
vn 0 0 1
vn 0 0 1
vn 0 -1 0
vn 0 -1 0
vn 0 -1 0
vn 0 -1 0
vn 0 1 0
vn 0 1 0
vn 0 1 0
vn 0 1 0
vn 1 0 0
vn 1 0 0
vn 1 0 0
vn 1 0 0
vn -1 0 0
vn -1 0 0
vn -1 0 0
vn -1 0 0
vn 0 0 -1
vn 0 0 -1
vn 0 0 -1
vn 0 0 -1
vn 0 0 1
vn 0 0 1
vn 0 0 1
vn 0 0 1
vn 0 -1 0
vn 0 -1 0
vn 0 -1 0
vn 0 -1 0
vn 0 1 0
vn 0 1 0
vn 0 1 0
vn 0 1 0
vn 1 0 0
vn 1 0 0
vn 1 0 0
vn 1 0 0
vn -1 0 0
vn -1 0 0
vn -1 0 0
vn -1 0 0
vn 0 0.9848076 0.1736489
vn 0 0.9848076 0.1736489
vn 0 0.9848076 0.1736489
vn 0 0.9848076 0.1736489
vn 0 -0.9848083 -0.173645
vn 0 -0.9848083 -0.173645
vn 0 -0.9848083 -0.173645
vn 0 -0.9848083 -0.173645
vn -4.445791E-07 0.173651 -0.9848073
vn -4.445791E-07 0.173651 -0.9848073
vn -4.445791E-07 0.173651 -0.9848073
vn -4.445791E-07 0.173651 -0.9848073
vn 6.795817E-07 -0.1736489 0.9848076
vn 6.795817E-07 -0.1736489 0.9848076
vn 6.795817E-07 -0.1736489 0.9848076
vn 6.795817E-07 -0.1736489 0.9848076
vn 1 0 0
vn 1 0 0
vn 1 0 0
vn 1 0 0
vn -1 0 0
vn -1 0 0
vn -1 0 0
vn -1 0 0
vn 0 0.9848076 0.1736489
vn 0 0.9848076 0.1736489
vn 0 0.9848076 0.1736489
vn 0 0.9848076 0.1736489
vn 0 -0.9848083 -0.173645
vn 0 -0.9848083 -0.173645
vn 0 -0.9848083 -0.173645
vn 0 -0.9848083 -0.173645
vn -4.445791E-07 0.173651 -0.9848073
vn -4.445791E-07 0.173651 -0.9848073
vn -4.445791E-07 0.173651 -0.9848073
vn -4.445791E-07 0.173651 -0.9848073
vn 6.795817E-07 -0.1736489 0.9848076
vn 6.795817E-07 -0.1736489 0.9848076
vn 6.795817E-07 -0.1736489 0.9848076
vn 6.795817E-07 -0.1736489 0.9848076
vn 1 0 0
vn 1 0 0
vn 1 0 0
vn 1 0 0
vn -1 0 0
vn -1 0 0
vn -1 0 0
vn -1 0 0
vn 0 0.9848076 0.1736489
vn 0 0.9848076 0.1736489
vn 0 0.9848076 0.1736489
vn 0 0.9848076 0.1736489
vn 0 -0.9848083 -0.173645
vn 0 -0.9848083 -0.173645
vn 0 -0.9848083 -0.173645
vn 0 -0.9848083 -0.173645
vn -4.445791E-07 0.173651 -0.9848073
vn -4.445791E-07 0.173651 -0.9848073
vn -4.445791E-07 0.173651 -0.9848073
vn -4.445791E-07 0.173651 -0.9848073
vn 6.795817E-07 -0.1736489 0.9848076
vn 6.795817E-07 -0.1736489 0.9848076
vn 6.795817E-07 -0.1736489 0.9848076
vn 6.795817E-07 -0.1736489 0.9848076
vn 1 0 0
vn 1 0 0
vn 1 0 0
vn 1 0 0
vn -1 0 0
vn -1 0 0
vn -1 0 0
vn -1 0 0
vn 0 0 -1
vn 0 0 -1
vn 0 0 -1
vn 0 0 -1
vn 0 0 1
vn 0 0 1
vn 0 0 1
vn 0 0 1
vn 0 -1 0
vn 0 -1 0
vn 0 -1 0
vn 0 -1 0
vn 0 1 0
vn 0 1 0
vn 0 1 0
vn 0 1 0
vn 1 0 0
vn 1 0 0
vn 1 0 0
vn 1 0 0
vn -1 0 0
vn -1 0 0
vn -1 0 0
vn -1 0 0
vn 0 0 -1
vn 0 0 -1
vn 0 0 -1
vn 0 0 -1
vn 0 0 1
vn 0 0 1
vn 0 0 1
vn 0 0 1
vn 0 -1 0
vn 0 -1 0
vn 0 -1 0
vn 0 -1 0
vn 0 0.9863937 -0.1644
vn 0 0.9863937 -0.1644
vn 0 0.9863937 -0.1644
vn 0 0.9863937 -0.1644
vn 1 0 0
vn 1 0 0
vn 1 0 0
vn 1 0 0
vn -1 0 0
vn -1 0 0
vn -1 0 0
vn -1 0 0
vn 0 0 -1
vn 0 0 -1
vn 0 0 -1
vn 0 0 -1
vn 0 0 1
vn 0 0 1
vn 0 0 1
vn 0 0 1
vn 0 0 1
vn 0 0 1
vn 0 -1 0
vn 0 -1 0
vn 0 -1 0
vn 0 -1 0
vn 1 0 0
vn 1 0 0
vn 1 0 0
vn 1 0 0
vn 1 0 0
vn 1 0 0
vn 1 0 0
vn -1 0 0
vn -1 0 0
vn -1 0 0
vn -1 0 0
vn -1 0 0
vn -1 0 0
vn -1 0 0
vn 0 1 0
vn 0 1 0
vn 0 1 0
vn 0 1 0
vn 0 0.9863937 -0.1644
vn 0 0.9863937 -0.1644
vn 0 0.9863937 -0.1644
vn 0 0.9863937 -0.1644
vn 0 -1 0
vn 0 -1 0
vn 0 -1 0
vn 0 -1 0
vn 0 0 -1
vn 0 0 -1
vn 0 0 -1
vn 0 0 -1
vn 0 0 1
vn 0 0 1
vn 0 0 1
vn 0 0 1
vn 0 0 -1
vn 0 0 -1
vn 0 0 -1
vn 0 0 -1
vn 0 -1 0
vn 0 -1 0
vn 0 -1 0
vn 0 -1 0
vn 0 0.986394 0.164399
vn 0 0.986394 0.164399
vn 0 0.986394 0.164399
vn 0 0.986394 0.164399
vn -1 0 0
vn -1 0 0
vn -1 0 0
vn -1 0 0
vn 1 0 0
vn 1 0 0
vn 1 0 0
vn 1 0 0
vn 0 0 1
vn 0 0 1
vn 0 0 1
vn 0 0 1
vn 0 0 -1
vn 0 0 -1
vn 0 0 -1
vn 0 0 -1
vn 0 0 -1
vn 0 0 -1
vn 0 -1 0
vn 0 -1 0
vn 0 -1 0
vn 0 -1 0
vn -1 0 0
vn -1 0 0
vn -1 0 0
vn -1 0 0
vn -1 0 0
vn -1 0 0
vn -1 0 0
vn 1 0 0
vn 1 0 0
vn 1 0 0
vn 1 0 0
vn 1 0 0
vn 1 0 0
vn 1 0 0
vn 0 1 0
vn 0 1 0
vn 0 1 0
vn 0 1 0
vn 0 0.986394 0.164399
vn 0 0.986394 0.164399
vn 0 0.986394 0.164399
vn 0 0.986394 0.164399
vn 0 -1 0
vn 0 -1 0
vn 0 -1 0
vn 0 -1 0
vn 0 0 1
vn 0 0 1
vn 0 0 1
vn 0 0 1
vn 0 0 1
vn 0 0 1
vn 0 0 1
vn 0 0 1
vn 0 0 -1
vn 0 0 -1
vn 0 0 -1
vn 0 0 -1
vn 0 -1 0
vn 0 -1 0
vn 0 -1 0
vn 0 -1 0
vn 0 0.986394 0.164399
vn 0 0.986394 0.164399
vn 0 0.986394 0.164399
vn 0 0.986394 0.164399
vn -1 0 0
vn -1 0 0
vn -1 0 0
vn -1 0 0
vn 1 0 0
vn 1 0 0
vn 1 0 0
vn 1 0 0
vn 1 0 0
vn 1 0 0
vn 1 0 0
vn 1 0 0
vn -1 0 0
vn -1 0 0
vn -1 0 0
vn -1 0 0
vn 0 -1 0
vn 0 -1 0
vn 0 -1 0
vn 0 -1 0
vn 0 1 0
vn 0 1 0
vn 0 1 0
vn 0 1 0
vn 0 0 1
vn 0 0 1
vn 0 0 1
vn 0 0 1
vn 0 0 -1
vn 0 0 -1
vn 0 0 -1
vn 0 0 -1
vn -1 0 0
vn -1 0 0
vn -1 0 0
vn -1 0 0
vn 1 0 0
vn 1 0 0
vn 1 0 0
vn 1 0 0
vn 0 -1 0
vn 0 -1 0
vn 0 -1 0
vn 0 -1 0
vn 0 1 0
vn 0 1 0
vn 0 1 0
vn 0 1 0
vn 0 0 -1
vn 0 0 -1
vn 0 0 -1
vn 0 0 -1
vn 0 0 1
vn 0 0 1
vn 0 0 1
vn 0 0 1
vn 0 0 -1
vn 0 0 -1
vn 0 0 -1
vn 0 0 -1
vn 0 -1 0
vn 0 -1 0
vn 0 -1 0
vn 0 -1 0
vn 0 1 0
vn 0 1 0
vn 0 1 0
vn 0 1 0
vn 1 0 0
vn 1 0 0
vn 1 0 0
vn 1 0 0
vn -1 0 0
vn -1 0 0
vn -1 0 0
vn -1 0 0
vn -1 0 0
vn -1 0 0
vn -1 0 0
vn -1 0 0
vn 0 -1 0
vn 0 -1 0
vn 0 -1 0
vn 0 -1 0
vn 0 1 0
vn 0 1 0
vn 0 1 0
vn 0 1 0
vn 0 0 1
vn 0 0 1
vn 0 0 1
vn 0 0 1
vn 0 0 -1
vn 0 0 -1
vn 0 0 -1
vn 0 0 -1
vn 1 0 0
vn 1 0 0
vn 1 0 0
vn 1 0 0
vn 0 -1 0
vn 0 -1 0
vn 0 -1 0
vn 0 -1 0
vn 0 1 0
vn 0 1 0
vn 0 1 0
vn 0 1 0
vn 0 0 1
vn 0 0 1
vn 0 0 1
vn 0 0 1
vn 0 0 -1
vn 0 0 -1
vn 0 0 -1
vn 0 0 -1
g default_0
f 3/3/3 2/2/2 1/1/1
f 6/6/6 5/5/5 4/4/4
f 9/9/9 8/8/8 7/7/7
f 12/12/12 11/11/11 10/10/10
f 15/15/15 14/14/14 13/13/13
f 18/18/18 17/17/17 16/16/16
f 21/21/21 20/20/20 19/19/19
f 24/24/24 23/23/23 22/22/22
f 27/27/27 26/26/26 25/25/25
f 30/30/30 29/29/29 28/28/28
f 28/28/28 31/31/31 30/30/30
f 34/34/34 33/33/33 32/32/32
f 32/32/32 35/35/35 34/34/34
f 38/38/38 37/37/37 36/36/36
f 36/36/36 39/39/39 38/38/38
f 42/42/42 41/41/41 40/40/40
f 40/40/40 43/43/43 42/42/42
f 46/46/46 45/45/45 44/44/44
f 45/45/45 47/47/47 44/44/44
f 48/48/48 44/44/44 47/47/47
f 47/47/47 49/49/49 48/48/48
f 48/48/48 49/49/49 50/50/50
f 50/50/50 49/49/49 51/51/51
f 52/52/52 50/50/50 51/51/51
f 51/51/51 53/53/53 52/52/52
f 53/53/53 54/54/54 52/52/52
f 53/53/53 55/55/55 54/54/54
f 58/58/58 57/57/57 56/56/56
f 57/57/57 58/58/58 59/59/59
f 59/59/59 58/58/58 60/60/60
f 61/61/61 59/59/59 60/60/60
f 61/61/61 60/60/60 62/62/62
f 62/62/62 63/63/63 61/61/61
f 57/57/57 59/59/59 64/64/64
f 64/64/64 59/59/59 61/61/61
f 64/64/64 65/65/65 57/57/57
f 61/61/61 66/66/66 64/64/64
f 67/67/67 66/66/66 61/61/61
f 63/63/63 68/68/68 61/61/61
f 68/68/68 67/67/67 61/61/61
f 63/63/63 69/69/69 68/68/68
f 69/69/69 70/70/70 68/68/68
f 68/68/68 70/70/70 67/67/67
f 70/70/70 71/71/71 67/67/67
f 74/74/74 73/73/73 72/72/72
f 72/72/72 75/75/75 74/74/74
f 75/75/75 72/72/72 76/76/76
f 76/76/76 77/77/77 75/75/75
f 80/80/80 79/79/79 78/78/78
f 78/78/78 81/81/81 80/80/80
f 84/84/84 83/83/83 82/82/82
f 83/83/83 85/85/85 82/82/82
f 88/88/88 87/87/87 86/86/86
f 86/86/86 87/87/87 89/89/89
f 90/90/90 86/86/86 89/89/89
f 90/90/90 89/89/89 91/91/91
f 90/90/90 91/91/91 92/92/92
f 92/92/92 93/93/93 90/90/90
f 93/93/93 92/92/92 94/94/94
f 94/94/94 95/95/95 93/93/93
f 98/98/98 97/97/97 96/96/96
f 97/97/97 99/99/99 96/96/96
f 102/102/102 101/101/101 100/100/100
f 101/101/101 103/103/103 100/100/100
f 106/106/106 105/105/105 104/104/104
f 105/105/105 107/107/107 104/104/104
f 110/110/110 109/109/109 108/108/108
f 109/109/109 111/111/111 108/108/108
f 114/114/114 113/113/113 112/112/112
f 113/113/113 115/115/115 112/112/112
f 118/118/118 117/117/117 116/116/116
f 119/119/119 116/116/116 117/117/117
f 117/117/117 120/120/120 119/119/119
f 117/117/117 121/121/121 120/120/120
f 117/117/117 122/122/122 121/121/121
f 125/125/125 124/124/124 123/123/123
f 123/123/123 126/126/126 125/125/125
f 126/126/126 123/123/123 127/127/127
f 127/127/127 128/128/128 126/126/126
f 131/131/131 130/130/130 129/129/129
f 129/129/129 132/132/132 131/131/131
f 135/135/135 134/134/134 133/133/133
f 134/134/134 136/136/136 133/133/133
f 139/139/139 138/138/138 137/137/137
f 138/138/138 140/140/140 137/137/137
f 143/143/143 142/142/142 141/141/141
f 142/142/142 144/144/144 141/141/141
f 147/147/147 146/146/146 145/145/145
f 146/146/146 148/148/148 145/145/145
f 151/151/151 150/150/150 149/149/149
f 150/150/150 152/152/152 149/149/149
f 155/155/155 154/154/154 153/153/153
f 154/154/154 156/156/156 153/153/153
f 159/159/159 158/158/158 157/157/157
f 158/158/158 160/160/160 157/157/157
f 163/163/163 162/162/162 161/161/161
f 162/162/162 164/164/164 161/161/161
f 167/167/167 166/166/166 165/165/165
f 165/165/165 168/168/168 167/167/167
f 171/171/171 170/170/170 169/169/169
f 169/169/169 172/172/172 171/171/171
f 175/175/175 174/174/174 173/173/173
f 174/174/174 176/176/176 173/173/173
f 179/179/179 178/178/178 177/177/177
f 178/178/178 180/180/180 177/177/177
f 183/183/183 182/182/182 181/181/181
f 181/181/181 184/184/184 183/183/183
f 187/187/187 186/186/186 185/185/185
f 185/185/185 188/188/188 187/187/187
f 191/191/191 190/190/190 189/189/189
f 189/189/189 192/192/192 191/191/191
f 195/195/195 194/194/194 193/193/193
f 194/194/194 196/196/196 193/193/193
f 199/199/199 198/198/198 197/197/197
f 198/198/198 200/200/200 197/197/197
f 203/203/203 202/202/202 201/201/201
f 202/202/202 204/204/204 201/201/201
f 207/207/207 206/206/206 205/205/205
f 206/206/206 208/208/208 205/205/205
f 211/211/211 210/210/210 209/209/209
f 210/210/210 212/212/212 209/209/209
f 215/215/215 214/214/214 213/213/213
f 214/214/214 216/216/216 213/213/213
f 219/219/219 218/218/218 217/217/217
f 218/218/218 220/220/220 217/217/217
f 223/223/223 222/222/222 221/221/221
f 221/221/221 224/224/224 223/223/223
f 227/227/227 226/226/226 225/225/225
f 225/225/225 228/228/228 227/227/227
f 231/231/231 230/230/230 229/229/229
f 230/230/230 232/232/232 229/229/229
f 235/235/235 234/234/234 233/233/233
f 234/234/234 236/236/236 233/233/233
f 239/239/239 238/238/238 237/237/237
f 238/238/238 240/240/240 237/237/237
f 243/243/243 242/242/242 241/241/241
f 242/242/242 244/244/244 241/241/241
f 247/247/247 246/246/246 245/245/245
f 246/246/246 248/248/248 245/245/245
f 251/251/251 250/250/250 249/249/249
f 250/250/250 252/252/252 249/249/249
f 255/255/255 254/254/254 253/253/253
f 254/254/254 256/256/256 253/253/253
f 253/253/253 256/256/256 257/257/257
f 256/256/256 258/258/258 257/257/257
f 261/261/261 260/260/260 259/259/259
f 260/260/260 262/262/262 259/259/259
f 265/265/265 264/264/264 263/263/263
f 264/264/264 266/266/266 263/263/263
f 263/263/263 266/266/266 267/267/267
f 266/266/266 268/268/268 267/267/267
f 271/271/271 270/270/270 269/269/269
f 269/269/269 272/272/272 271/271/271
f 272/272/272 273/273/273 271/271/271
f 273/273/273 274/274/274 271/271/271
f 275/275/275 271/271/271 274/274/274
f 274/274/274 276/276/276 275/275/275
f 276/276/276 277/277/277 275/275/275
f 276/276/276 278/278/278 277/277/277
f 279/279/279 278/278/278 276/276/276
f 276/276/276 280/280/280 279/279/279
f 281/281/281 279/279/279 280/280/280
f 280/280/280 282/282/282 281/281/281
f 285/285/285 284/284/284 283/283/283
f 283/283/283 286/286/286 285/285/285
f 289/289/289 288/288/288 287/287/287
f 287/287/287 290/290/290 289/289/289
f 293/293/293 292/292/292 291/291/291
f 291/291/291 294/294/294 293/293/293
f 297/297/297 296/296/296 295/295/295
f 295/295/295 298/298/298 297/297/297
f 301/301/301 300/300/300 299/299/299
f 299/299/299 302/302/302 301/301/301
f 305/305/305 304/304/304 303/303/303
f 303/303/303 306/306/306 305/305/305
f 309/309/309 308/308/308 307/307/307
f 307/307/307 310/310/310 309/309/309
f 313/313/313 312/312/312 311/311/311
f 311/311/311 314/314/314 313/313/313
f 315/315/315 314/314/314 311/311/311
f 311/311/311 316/316/316 315/315/315
f 319/319/319 318/318/318 317/317/317
f 317/317/317 320/320/320 319/319/319
f 323/323/323 322/322/322 321/321/321
f 321/321/321 324/324/324 323/323/323
f 327/327/327 326/326/326 325/325/325
f 325/325/325 328/328/328 327/327/327
f 331/331/331 330/330/330 329/329/329
f 329/329/329 332/332/332 331/331/331
f 335/335/335 334/334/334 333/333/333
f 333/333/333 336/336/336 335/335/335
f 339/339/339 338/338/338 337/337/337
f 338/338/338 340/340/340 337/337/337
f 343/343/343 342/342/342 341/341/341
f 342/342/342 344/344/344 341/341/341
f 347/347/347 346/346/346 345/345/345
f 346/346/346 348/348/348 345/345/345
f 351/351/351 350/350/350 349/349/349
f 350/350/350 352/352/352 349/349/349
f 355/355/355 354/354/354 353/353/353
f 354/354/354 356/356/356 353/353/353
f 359/359/359 358/358/358 357/357/357
f 358/358/358 360/360/360 357/357/357
f 363/363/363 362/362/362 361/361/361
f 362/362/362 364/364/364 361/361/361
f 367/367/367 366/366/366 365/365/365
f 366/366/366 368/368/368 365/365/365
f 371/371/371 370/370/370 369/369/369
f 370/370/370 372/372/372 369/369/369
f 375/375/375 374/374/374 373/373/373
f 374/374/374 376/376/376 373/373/373
f 379/379/379 378/378/378 377/377/377
f 378/378/378 380/380/380 377/377/377
f 383/383/383 382/382/382 381/381/381
f 382/382/382 384/384/384 381/381/381
f 387/387/387 386/386/386 385/385/385
f 385/385/385 388/388/388 387/387/387
f 388/388/388 389/389/389 387/387/387
f 389/389/389 390/390/390 387/387/387
f 391/391/391 387/387/387 390/390/390
f 390/390/390 392/392/392 391/391/391
f 392/392/392 393/393/393 391/391/391
f 392/392/392 394/394/394 393/393/393
f 395/395/395 394/394/394 392/392/392
f 392/392/392 396/396/396 395/395/395
f 397/397/397 395/395/395 396/396/396
f 396/396/396 398/398/398 397/397/397
f 401/401/401 400/400/400 399/399/399
f 399/399/399 402/402/402 401/401/401
f 405/405/405 404/404/404 403/403/403
f 403/403/403 406/406/406 405/405/405
f 409/409/409 408/408/408 407/407/407
f 407/407/407 410/410/410 409/409/409
f 413/413/413 412/412/412 411/411/411
f 411/411/411 414/414/414 413/413/413
f 417/417/417 416/416/416 415/415/415
f 415/415/415 418/418/418 417/417/417
f 421/421/421 420/420/420 419/419/419
f 419/419/419 422/422/422 421/421/421
f 425/425/425 424/424/424 423/423/423
f 423/423/423 426/426/426 425/425/425
f 429/429/429 428/428/428 427/427/427
f 427/427/427 430/430/430 429/429/429
f 430/430/430 431/431/431 429/429/429
f 431/431/431 432/432/432 429/429/429
f 433/433/433 429/429/429 432/432/432
f 432/432/432 434/434/434 433/433/433
f 434/434/434 435/435/435 433/433/433
f 434/434/434 436/436/436 435/435/435
f 437/437/437 436/436/436 434/434/434
f 434/434/434 438/438/438 437/437/437
f 439/439/439 437/437/437 438/438/438
f 438/438/438 440/440/440 439/439/439
f 443/443/443 442/442/442 441/441/441
f 441/441/441 444/444/444 443/443/443
f 447/447/447 446/446/446 445/445/445
f 445/445/445 448/448/448 447/447/447
f 451/451/451 450/450/450 449/449/449
f 449/449/449 452/452/452 451/451/451
f 455/455/455 454/454/454 453/453/453
f 453/453/453 456/456/456 455/455/455
f 459/459/459 458/458/458 457/457/457
f 457/457/457 460/460/460 459/459/459
f 463/463/463 462/462/462 461/461/461
f 461/461/461 464/464/464 463/463/463
f 467/467/467 466/466/466 465/465/465
f 465/465/465 468/468/468 467/467/467
f 471/471/471 470/470/470 469/469/469
f 470/470/470 472/472/472 469/469/469
f 475/475/475 474/474/474 473/473/473
f 474/474/474 476/476/476 473/473/473
f 479/479/479 478/478/478 477/477/477
f 478/478/478 480/480/480 477/477/477
f 483/483/483 482/482/482 481/481/481
f 482/482/482 484/484/484 481/481/481
f 487/487/487 486/486/486 485/485/485
f 485/485/485 488/488/488 487/487/487
f 491/491/491 490/490/490 489/489/489
f 490/490/490 492/492/492 489/489/489
f 495/495/495 494/494/494 493/493/493
f 493/493/493 496/496/496 495/495/495
f 499/499/499 498/498/498 497/497/497
f 497/497/497 500/500/500 499/499/499
f 503/503/503 502/502/502 501/501/501
f 502/502/502 504/504/504 501/501/501
f 507/507/507 506/506/506 505/505/505
f 506/506/506 508/508/508 505/505/505
f 511/511/511 510/510/510 509/509/509
f 510/510/510 512/512/512 509/509/509
f 515/515/515 514/514/514 513/513/513
f 514/514/514 516/516/516 513/513/513
f 519/519/519 518/518/518 517/517/517
f 518/518/518 520/520/520 517/517/517
f 523/523/523 522/522/522 521/521/521
f 522/522/522 524/524/524 521/521/521
f 527/527/527 526/526/526 525/525/525
f 526/526/526 528/528/528 525/525/525
f 525/525/525 528/528/528 529/529/529
f 528/528/528 530/530/530 529/529/529
f 533/533/533 532/532/532 531/531/531
f 532/532/532 534/534/534 531/531/531
f 537/537/537 536/536/536 535/535/535
f 536/536/536 538/538/538 535/535/535
f 535/535/535 538/538/538 539/539/539
f 538/538/538 540/540/540 539/539/539
f 543/543/543 542/542/542 541/541/541
f 541/541/541 544/544/544 543/543/543
f 545/545/545 543/543/543 544/544/544
f 544/544/544 546/546/546 545/545/545
f 547/547/547 545/545/545 546/546/546
f 546/546/546 548/548/548 547/547/547
f 551/551/551 550/550/550 549/549/549
f 549/549/549 552/552/552 551/551/551
f 553/553/553 551/551/551 552/552/552
f 553/553/553 552/552/552 554/554/554
f 555/555/555 553/553/553 554/554/554
f 554/554/554 556/556/556 555/555/555
f 559/559/559 558/558/558 557/557/557
f 559/559/559 557/557/557 560/560/560
f 561/561/561 559/559/559 560/560/560
f 560/560/560 562/562/562 561/561/561
f 563/563/563 561/561/561 562/562/562
f 562/562/562 564/564/564 563/563/563
f 567/567/567 566/566/566 565/565/565
f 565/565/565 568/568/568 567/567/567
f 569/569/569 567/567/567 568/568/568
f 568/568/568 570/570/570 569/569/569
f 571/571/571 569/569/569 570/570/570
f 570/570/570 572/572/572 571/571/571
f 575/575/575 574/574/574 573/573/573
f 576/576/576 575/575/575 573/573/573
f 576/576/576 573/573/573 577/577/577
f 578/578/578 576/576/576 577/577/577
f 577/577/577 579/579/579 578/578/578
f 579/579/579 580/580/580 578/578/578
f 583/583/583 582/582/582 581/581/581
f 584/584/584 583/583/583 581/581/581
f 584/584/584 581/581/581 585/585/585
f 586/586/586 584/584/584 585/585/585
f 585/585/585 587/587/587 586/586/586
f 587/587/587 588/588/588 586/586/586
f 591/591/591 590/590/590 589/589/589
f 592/592/592 591/591/591 589/589/589
f 592/592/592 589/589/589 593/593/593
f 594/594/594 592/592/592 593/593/593
f 593/593/593 595/595/595 594/594/594
f 595/595/595 596/596/596 594/594/594
f 599/599/599 598/598/598 597/597/597
f 600/600/600 599/599/599 597/597/597
f 597/597/597 601/601/601 600/600/600
f 601/601/601 602/602/602 600/600/600
f 601/601/601 603/603/603 602/602/602
f 603/603/603 604/604/604 602/602/602
f 607/607/607 606/606/606 605/605/605
f 608/608/608 605/605/605 606/606/606
f 609/609/609 608/608/608 606/606/606
f 610/610/610 609/609/609 606/606/606
f 610/610/610 606/606/606 611/611/611
f 612/612/612 610/610/610 611/611/611
f 611/611/611 613/613/613 612/612/612
f 614/614/614 610/610/610 612/612/612
f 612/612/612 615/615/615 614/614/614
f 616/616/616 614/614/614 615/615/615
f 615/615/615 617/617/617 616/616/616
f 620/620/620 619/619/619 618/618/618
f 620/620/620 618/618/618 621/621/621
f 621/621/621 622/622/622 620/620/620
f 621/621/621 623/623/623 622/622/622
f 626/626/626 625/625/625 624/624/624
f 624/624/624 627/627/627 626/626/626
f 628/628/628 626/626/626 627/627/627
f 627/627/627 629/629/629 628/628/628
f 632/632/632 631/631/631 630/630/630
f 633/633/633 632/632/632 630/630/630
f 630/630/630 634/634/634 633/633/633
f 634/634/634 635/635/635 633/633/633
f 638/638/638 637/637/637 636/636/636
f 639/639/639 638/638/638 636/636/636
f 636/636/636 640/640/640 639/639/639
f 640/640/640 641/641/641 639/639/639
f 644/644/644 643/643/643 642/642/642
f 645/645/645 644/644/644 642/642/642
f 646/646/646 645/645/645 642/642/642
f 642/642/642 647/647/647 646/646/646
f 650/650/650 649/649/649 648/648/648
f 651/651/651 650/650/650 648/648/648
f 648/648/648 652/652/652 651/651/651
f 652/652/652 653/653/653 651/651/651
f 656/656/656 655/655/655 654/654/654
f 657/657/657 656/656/656 654/654/654
f 654/654/654 658/658/658 657/657/657
f 658/658/658 659/659/659 657/657/657
f 662/662/662 661/661/661 660/660/660
f 663/663/663 662/662/662 660/660/660
f 664/664/664 663/663/663 660/660/660
f 660/660/660 665/665/665 664/664/664
f 668/668/668 667/667/667 666/666/666
f 666/666/666 669/669/669 668/668/668
f 670/670/670 668/668/668 669/669/669
f 669/669/669 671/671/671 670/670/670
f 670/670/670 671/671/671 672/672/672
f 672/672/672 673/673/673 670/670/670
f 674/674/674 672/672/672 671/671/671
f 671/671/671 675/675/675 674/674/674
f 675/675/675 676/676/676 674/674/674
f 676/676/676 677/677/677 674/674/674
f 678/678/678 674/674/674 677/677/677
f 677/677/677 679/679/679 678/678/678
f 682/682/682 681/681/681 680/680/680
f 680/680/680 683/683/683 682/682/682
f 683/683/683 684/684/684 682/682/682
f 683/683/683 685/685/685 684/684/684
f 688/688/688 687/687/687 686/686/686
f 686/686/686 689/689/689 688/688/688
f 690/690/690 688/688/688 689/689/689
f 689/689/689 691/691/691 690/690/690
f 690/690/690 691/691/691 692/692/692
f 692/692/692 693/693/693 690/690/690
f 691/691/691 694/694/694 692/692/692
f 691/691/691 695/695/695 694/694/694
f 695/695/695 696/696/696 694/694/694
f 696/696/696 697/697/697 694/694/694
f 698/698/698 694/694/694 697/697/697
f 697/697/697 699/699/699 698/698/698
f 702/702/702 701/701/701 700/700/700
f 703/703/703 702/702/702 700/700/700
f 700/700/700 704/704/704 703/703/703
f 704/704/704 705/705/705 703/703/703
f 704/704/704 706/706/706 705/705/705
f 706/706/706 707/707/707 705/705/705
f 710/710/710 709/709/709 708/708/708
f 711/711/711 710/710/710 708/708/708
f 711/711/711 708/708/708 712/712/712
f 712/712/712 713/713/713 711/711/711
f 712/712/712 714/714/714 713/713/713
f 714/714/714 715/715/715 713/713/713
f 718/718/718 717/717/717 716/716/716
f 719/719/719 718/718/718 716/716/716
f 716/716/716 720/720/720 719/719/719
f 720/720/720 721/721/721 719/719/719
f 720/720/720 722/722/722 721/721/721
f 722/722/722 723/723/723 721/721/721
f 726/726/726 725/725/725 724/724/724
f 727/727/727 726/726/726 724/724/724
f 724/724/724 728/728/728 727/727/727
f 729/729/729 727/727/727 728/728/728
f 728/728/728 730/730/730 729/729/729
f 730/730/730 731/731/731 729/729/729
f 734/734/734 733/733/733 732/732/732
f 734/734/734 732/732/732 735/735/735
f 735/735/735 736/736/736 734/734/734
f 735/735/735 737/737/737 736/736/736
f 737/737/737 738/738/738 736/736/736
f 738/738/738 739/739/739 736/736/736
f 738/738/738 740/740/740 739/739/739
f 740/740/740 741/741/741 739/739/739
f 744/744/744 743/743/743 742/742/742
f 742/742/742 745/745/745 744/744/744
f 746/746/746 744/744/744 745/745/745
f 745/745/745 747/747/747 746/746/746
f 750/750/750 749/749/749 748/748/748
f 748/748/748 751/751/751 750/750/750
f 752/752/752 750/750/750 751/751/751
f 751/751/751 753/753/753 752/752/752
f 756/756/756 755/755/755 754/754/754
f 757/757/757 756/756/756 754/754/754
f 757/757/757 754/754/754 758/758/758
f 759/759/759 757/757/757 758/758/758
f 758/758/758 760/760/760 759/759/759
f 760/760/760 761/761/761 759/759/759
f 760/760/760 762/762/762 761/761/761
f 760/760/760 763/763/763 762/762/762
f 766/766/766 765/765/765 764/764/764
f 764/764/764 767/767/767 766/766/766
f 766/766/766 767/767/767 768/768/768
f 769/769/769 768/768/768 767/767/767
f 772/772/772 771/771/771 770/770/770
f 773/773/773 771/771/771 772/772/772
f 776/776/776 775/775/775 774/774/774
f 777/777/777 775/775/775 776/776/776
f 780/780/780 779/779/779 778/778/778
f 779/779/779 780/780/780 781/781/781
f 784/784/784 783/783/783 782/782/782
f 783/783/783 784/784/784 785/785/785
f 788/788/788 787/787/787 786/786/786
f 786/786/786 789/789/789 788/788/788
f 791/791/791 789/789/789 790/790/790
f 790/790/790 792/792/792 791/791/791
f 794/794/794 786/786/786 793/793/793
f 793/793/793 795/795/795 794/794/794
f 796/796/796 791/791/791 793/793/793
f 793/793/793 797/797/797 796/796/796
f 800/800/800 799/799/799 798/798/798
f 798/798/798 801/801/801 800/800/800
f 803/803/803 802/802/802 798/798/798
f 798/798/798 804/804/804 803/803/803
f 806/806/806 801/801/801 805/805/805
f 805/805/805 807/807/807 806/806/806
f 806/806/806 804/804/804 808/808/808
f 808/808/808 809/809/809 806/806/806
f 812/812/812 811/811/811 810/810/810
f 810/810/810 813/813/813 812/812/812
f 816/816/816 815/815/815 814/814/814
f 814/814/814 817/817/817 816/816/816
f 820/820/820 819/819/819 818/818/818
f 818/818/818 821/821/821 820/820/820
f 824/824/824 823/823/823 822/822/822
f 822/822/822 825/825/825 824/824/824
f 828/828/828 827/827/827 826/826/826
f 826/826/826 829/829/829 828/828/828
f 832/832/832 831/831/831 830/830/830
f 830/830/830 833/833/833 832/832/832
f 836/836/836 835/835/835 834/834/834
f 834/834/834 837/837/837 836/836/836
f 840/840/840 839/839/839 838/838/838
f 838/838/838 841/841/841 840/840/840
f 844/844/844 843/843/843 842/842/842
f 842/842/842 845/845/845 844/844/844
f 848/848/848 847/847/847 846/846/846
f 846/846/846 849/849/849 848/848/848
f 852/852/852 851/851/851 850/850/850
f 850/850/850 853/853/853 852/852/852
f 856/856/856 855/855/855 854/854/854
f 854/854/854 857/857/857 856/856/856
f 860/860/860 859/859/859 858/858/858
f 858/858/858 861/861/861 860/860/860
f 864/864/864 863/863/863 862/862/862
f 862/862/862 865/865/865 864/864/864
f 868/868/868 867/867/867 866/866/866
f 866/866/866 869/869/869 868/868/868
f 872/872/872 871/871/871 870/870/870
f 870/870/870 873/873/873 872/872/872
f 876/876/876 875/875/875 874/874/874
f 874/874/874 877/877/877 876/876/876
f 880/880/880 879/879/879 878/878/878
f 878/878/878 881/881/881 880/880/880
f 884/884/884 883/883/883 882/882/882
f 882/882/882 885/885/885 884/884/884
f 888/888/888 887/887/887 886/886/886
f 886/886/886 889/889/889 888/888/888
f 892/892/892 891/891/891 890/890/890
f 890/890/890 893/893/893 892/892/892
f 896/896/896 895/895/895 894/894/894
f 894/894/894 897/897/897 896/896/896
f 900/900/900 899/899/899 898/898/898
f 898/898/898 901/901/901 900/900/900
f 904/904/904 903/903/903 902/902/902
f 902/902/902 905/905/905 904/904/904
f 908/908/908 907/907/907 906/906/906
f 906/906/906 909/909/909 908/908/908
f 912/912/912 911/911/911 910/910/910
f 910/910/910 913/913/913 912/912/912
f 916/916/916 915/915/915 914/914/914
f 914/914/914 917/917/917 916/916/916
f 920/920/920 919/919/919 918/918/918
f 918/918/918 921/921/921 920/920/920
f 924/924/924 923/923/923 922/922/922
f 922/922/922 925/925/925 924/924/924
f 928/928/928 927/927/927 926/926/926
f 926/926/926 929/929/929 928/928/928
f 932/932/932 931/931/931 930/930/930
f 930/930/930 933/933/933 932/932/932
f 936/936/936 935/935/935 934/934/934
f 934/934/934 937/937/937 936/936/936
f 940/940/940 939/939/939 938/938/938
f 938/938/938 941/941/941 940/940/940
f 944/944/944 943/943/943 942/942/942
f 942/942/942 945/945/945 944/944/944
f 948/948/948 947/947/947 946/946/946
f 946/946/946 949/949/949 948/948/948
f 952/952/952 951/951/951 950/950/950
f 950/950/950 953/953/953 952/952/952
f 956/956/956 955/955/955 954/954/954
f 954/954/954 957/957/957 956/956/956
f 957/957/957 954/954/954 958/958/958
f 958/958/958 959/959/959 957/957/957
f 962/962/962 961/961/961 960/960/960
f 960/960/960 963/963/963 962/962/962
f 965/965/965 963/963/963 964/964/964
f 964/964/964 966/966/966 965/965/965
f 968/968/968 967/967/967 960/960/960
f 960/960/960 969/969/969 968/968/968
f 972/972/972 971/971/971 970/970/970
f 970/970/970 973/973/973 972/972/972
f 975/975/975 973/973/973 974/974/974
f 974/974/974 970/970/970 976/976/976
f 974/974/974 977/977/977 975/975/975
f 976/976/976 977/977/977 974/974/974
f 980/980/980 979/979/979 978/978/978
f 978/978/978 981/981/981 980/980/980
f 983/983/983 981/981/981 982/982/982
f 982/982/982 984/984/984 983/983/983
f 987/987/987 986/986/986 985/985/985
f 985/985/985 988/988/988 987/987/987
f 991/991/991 990/990/990 989/989/989
f 989/989/989 992/992/992 991/991/991
f 992/992/992 994/994/994 993/993/993
f 993/993/993 995/995/995 992/992/992
f 997/997/997 993/993/993 996/996/996
f 996/996/996 998/998/998 997/997/997
f 1001/1001/1001 1000/1000/1000 999/999/999
f 999/999/999 1002/1002/1002 1001/1001/1001
f 1002/1002/1002 1004/1004/1004 1003/1003/1003
f 1003/1003/1003 1005/1005/1005 1002/1002/1002
f 1007/1007/1007 1003/1003/1003 1006/1006/1006
f 1006/1006/1006 1008/1008/1008 1007/1007/1007
f 1011/1011/1011 1010/1010/1010 1009/1009/1009
f 1009/1009/1009 1012/1012/1012 1011/1011/1011
f 1015/1015/1015 1014/1014/1014 1013/1013/1013
f 1013/1013/1013 1016/1016/1016 1015/1015/1015
f 1019/1019/1019 1018/1018/1018 1017/1017/1017
f 1017/1017/1017 1020/1020/1020 1019/1019/1019
f 1023/1023/1023 1022/1022/1022 1021/1021/1021
f 1021/1021/1021 1024/1024/1024 1023/1023/1023
f 1027/1027/1027 1026/1026/1026 1025/1025/1025
f 1025/1025/1025 1028/1028/1028 1027/1027/1027
f 1031/1031/1031 1030/1030/1030 1029/1029/1029
f 1029/1029/1029 1032/1032/1032 1031/1031/1031
f 1035/1035/1035 1034/1034/1034 1033/1033/1033
f 1033/1033/1033 1036/1036/1036 1035/1035/1035
f 1039/1039/1039 1038/1038/1038 1037/1037/1037
f 1037/1037/1037 1040/1040/1040 1039/1039/1039
f 1043/1043/1043 1042/1042/1042 1041/1041/1041
f 1041/1041/1041 1044/1044/1044 1043/1043/1043
f 1047/1047/1047 1046/1046/1046 1045/1045/1045
f 1045/1045/1045 1048/1048/1048 1047/1047/1047
f 1051/1051/1051 1050/1050/1050 1049/1049/1049
f 1049/1049/1049 1052/1052/1052 1051/1051/1051
f 1055/1055/1055 1054/1054/1054 1053/1053/1053
f 1053/1053/1053 1056/1056/1056 1055/1055/1055
f 1059/1059/1059 1058/1058/1058 1057/1057/1057
f 1057/1057/1057 1060/1060/1060 1059/1059/1059
f 1063/1063/1063 1062/1062/1062 1061/1061/1061
f 1061/1061/1061 1064/1064/1064 1063/1063/1063
f 1067/1067/1067 1066/1066/1066 1065/1065/1065
f 1065/1065/1065 1068/1068/1068 1067/1067/1067
f 1071/1071/1071 1070/1070/1070 1069/1069/1069
f 1069/1069/1069 1072/1072/1072 1071/1071/1071
f 1075/1075/1075 1074/1074/1074 1073/1073/1073
f 1073/1073/1073 1076/1076/1076 1075/1075/1075
f 1079/1079/1079 1078/1078/1078 1077/1077/1077
f 1077/1077/1077 1080/1080/1080 1079/1079/1079
f 1083/1083/1083 1082/1082/1082 1081/1081/1081
f 1081/1081/1081 1084/1084/1084 1083/1083/1083
f 1087/1087/1087 1086/1086/1086 1085/1085/1085
f 1085/1085/1085 1088/1088/1088 1087/1087/1087
f 1091/1091/1091 1090/1090/1090 1089/1089/1089
f 1089/1089/1089 1092/1092/1092 1091/1091/1091
f 1095/1095/1095 1094/1094/1094 1093/1093/1093
f 1093/1093/1093 1096/1096/1096 1095/1095/1095
f 1099/1099/1099 1098/1098/1098 1097/1097/1097
f 1097/1097/1097 1100/1100/1100 1099/1099/1099
f 1103/1103/1103 1102/1102/1102 1101/1101/1101
f 1101/1101/1101 1104/1104/1104 1103/1103/1103
f 1107/1107/1107 1106/1106/1106 1105/1105/1105
f 1105/1105/1105 1108/1108/1108 1107/1107/1107
f 1111/1111/1111 1110/1110/1110 1109/1109/1109
f 1109/1109/1109 1112/1112/1112 1111/1111/1111
f 1115/1115/1115 1114/1114/1114 1113/1113/1113
f 1113/1113/1113 1116/1116/1116 1115/1115/1115
f 1119/1119/1119 1118/1118/1118 1117/1117/1117
f 1117/1117/1117 1120/1120/1120 1119/1119/1119
f 1123/1123/1123 1122/1122/1122 1121/1121/1121
f 1121/1121/1121 1124/1124/1124 1123/1123/1123
f 1127/1127/1127 1126/1126/1126 1125/1125/1125
f 1125/1125/1125 1128/1128/1128 1127/1127/1127
f 1131/1131/1131 1130/1130/1130 1129/1129/1129
f 1129/1129/1129 1132/1132/1132 1131/1131/1131
f 1135/1135/1135 1134/1134/1134 1133/1133/1133
f 1133/1133/1133 1136/1136/1136 1135/1135/1135
f 1136/1136/1136 1133/1133/1133 1137/1137/1137
f 1137/1137/1137 1138/1138/1138 1136/1136/1136
f 1141/1141/1141 1140/1140/1140 1139/1139/1139
f 1139/1139/1139 1142/1142/1142 1141/1141/1141
f 1144/1144/1144 1142/1142/1142 1143/1143/1143
f 1143/1143/1143 1145/1145/1145 1144/1144/1144
f 1147/1147/1147 1146/1146/1146 1139/1139/1139
f 1139/1139/1139 1148/1148/1148 1147/1147/1147
f 1151/1151/1151 1150/1150/1150 1149/1149/1149
f 1149/1149/1149 1152/1152/1152 1151/1151/1151
f 1154/1154/1154 1152/1152/1152 1153/1153/1153
f 1153/1153/1153 1149/1149/1149 1155/1155/1155
f 1153/1153/1153 1156/1156/1156 1154/1154/1154
f 1155/1155/1155 1156/1156/1156 1153/1153/1153
f 1159/1159/1159 1158/1158/1158 1157/1157/1157
f 1157/1157/1157 1160/1160/1160 1159/1159/1159
f 1162/1162/1162 1160/1160/1160 1161/1161/1161
f 1161/1161/1161 1163/1163/1163 1162/1162/1162
f 1166/1166/1166 1165/1165/1165 1164/1164/1164
f 1164/1164/1164 1167/1167/1167 1166/1166/1166
f 1170/1170/1170 1169/1169/1169 1168/1168/1168
f 1168/1168/1168 1171/1171/1171 1170/1170/1170
f 1171/1171/1171 1173/1173/1173 1172/1172/1172
f 1172/1172/1172 1174/1174/1174 1171/1171/1171
f 1176/1176/1176 1172/1172/1172 1175/1175/1175
f 1175/1175/1175 1177/1177/1177 1176/1176/1176
f 1180/1180/1180 1179/1179/1179 1178/1178/1178
f 1178/1178/1178 1181/1181/1181 1180/1180/1180
f 1181/1181/1181 1183/1183/1183 1182/1182/1182
f 1182/1182/1182 1184/1184/1184 1181/1181/1181
f 1186/1186/1186 1182/1182/1182 1185/1185/1185
f 1185/1185/1185 1187/1187/1187 1186/1186/1186
f 1190/1190/1190 1189/1189/1189 1188/1188/1188
f 1188/1188/1188 1191/1191/1191 1190/1190/1190
f 1194/1194/1194 1193/1193/1193 1192/1192/1192
f 1192/1192/1192 1195/1195/1195 1194/1194/1194
f 1198/1198/1198 1197/1197/1197 1196/1196/1196
f 1196/1196/1196 1199/1199/1199 1198/1198/1198
f 1202/1202/1202 1201/1201/1201 1200/1200/1200
f 1200/1200/1200 1203/1203/1203 1202/1202/1202
f 1206/1206/1206 1205/1205/1205 1204/1204/1204
f 1204/1204/1204 1207/1207/1207 1206/1206/1206
f 1210/1210/1210 1209/1209/1209 1208/1208/1208
f 1208/1208/1208 1211/1211/1211 1210/1210/1210
f 1214/1214/1214 1213/1213/1213 1212/1212/1212
f 1212/1212/1212 1215/1215/1215 1214/1214/1214
f 1218/1218/1218 1217/1217/1217 1216/1216/1216
f 1216/1216/1216 1219/1219/1219 1218/1218/1218
f 1222/1222/1222 1221/1221/1221 1220/1220/1220
f 1220/1220/1220 1223/1223/1223 1222/1222/1222
f 1226/1226/1226 1225/1225/1225 1224/1224/1224
f 1224/1224/1224 1227/1227/1227 1226/1226/1226
f 1230/1230/1230 1229/1229/1229 1228/1228/1228
f 1228/1228/1228 1231/1231/1231 1230/1230/1230
f 1234/1234/1234 1233/1233/1233 1232/1232/1232
f 1232/1232/1232 1235/1235/1235 1234/1234/1234
f 1238/1238/1238 1237/1237/1237 1236/1236/1236
f 1236/1236/1236 1239/1239/1239 1238/1238/1238
f 1242/1242/1242 1241/1241/1241 1240/1240/1240
f 1240/1240/1240 1243/1243/1243 1242/1242/1242
f 1246/1246/1246 1245/1245/1245 1244/1244/1244
f 1244/1244/1244 1247/1247/1247 1246/1246/1246
f 1250/1250/1250 1249/1249/1249 1248/1248/1248
f 1248/1248/1248 1251/1251/1251 1250/1250/1250
f 1254/1254/1254 1253/1253/1253 1252/1252/1252
f 1252/1252/1252 1255/1255/1255 1254/1254/1254
f 1258/1258/1258 1257/1257/1257 1256/1256/1256
f 1256/1256/1256 1259/1259/1259 1258/1258/1258
f 1262/1262/1262 1261/1261/1261 1260/1260/1260
f 1260/1260/1260 1263/1263/1263 1262/1262/1262
f 1266/1266/1266 1265/1265/1265 1264/1264/1264
f 1264/1264/1264 1267/1267/1267 1266/1266/1266
f 1270/1270/1270 1269/1269/1269 1268/1268/1268
f 1268/1268/1268 1271/1271/1271 1270/1270/1270
f 1274/1274/1274 1273/1273/1273 1272/1272/1272
f 1272/1272/1272 1275/1275/1275 1274/1274/1274
f 1278/1278/1278 1277/1277/1277 1276/1276/1276
f 1276/1276/1276 1279/1279/1279 1278/1278/1278
f 1282/1282/1282 1281/1281/1281 1280/1280/1280
f 1280/1280/1280 1283/1283/1283 1282/1282/1282
f 1286/1286/1286 1285/1285/1285 1284/1284/1284
f 1284/1284/1284 1287/1287/1287 1286/1286/1286
f 1290/1290/1290 1289/1289/1289 1288/1288/1288
f 1288/1288/1288 1291/1291/1291 1290/1290/1290
f 1294/1294/1294 1293/1293/1293 1292/1292/1292
f 1292/1292/1292 1295/1295/1295 1294/1294/1294
f 1298/1298/1298 1297/1297/1297 1296/1296/1296
f 1296/1296/1296 1299/1299/1299 1298/1298/1298
f 1302/1302/1302 1301/1301/1301 1300/1300/1300
f 1300/1300/1300 1303/1303/1303 1302/1302/1302
f 1306/1306/1306 1305/1305/1305 1304/1304/1304
f 1304/1304/1304 1307/1307/1307 1306/1306/1306
f 1310/1310/1310 1309/1309/1309 1308/1308/1308
f 1308/1308/1308 1311/1311/1311 1310/1310/1310
f 1314/1314/1314 1313/1313/1313 1312/1312/1312
f 1312/1312/1312 1315/1315/1315 1314/1314/1314
f 1315/1315/1315 1312/1312/1312 1316/1316/1316
f 1316/1316/1316 1317/1317/1317 1315/1315/1315
f 1320/1320/1320 1319/1319/1319 1318/1318/1318
f 1318/1318/1318 1321/1321/1321 1320/1320/1320
f 1323/1323/1323 1321/1321/1321 1322/1322/1322
f 1322/1322/1322 1324/1324/1324 1323/1323/1323
f 1326/1326/1326 1325/1325/1325 1318/1318/1318
f 1318/1318/1318 1327/1327/1327 1326/1326/1326
f 1330/1330/1330 1329/1329/1329 1328/1328/1328
f 1328/1328/1328 1331/1331/1331 1330/1330/1330
f 1333/1333/1333 1331/1331/1331 1332/1332/1332
f 1332/1332/1332 1328/1328/1328 1334/1334/1334
f 1332/1332/1332 1335/1335/1335 1333/1333/1333
f 1334/1334/1334 1335/1335/1335 1332/1332/1332
f 1338/1338/1338 1337/1337/1337 1336/1336/1336
f 1336/1336/1336 1339/1339/1339 1338/1338/1338
f 1341/1341/1341 1339/1339/1339 1340/1340/1340
f 1340/1340/1340 1342/1342/1342 1341/1341/1341
f 1345/1345/1345 1344/1344/1344 1343/1343/1343
f 1343/1343/1343 1346/1346/1346 1345/1345/1345
f 1349/1349/1349 1348/1348/1348 1347/1347/1347
f 1347/1347/1347 1350/1350/1350 1349/1349/1349
f 1350/1350/1350 1352/1352/1352 1351/1351/1351
f 1351/1351/1351 1353/1353/1353 1350/1350/1350
f 1355/1355/1355 1351/1351/1351 1354/1354/1354
f 1354/1354/1354 1356/1356/1356 1355/1355/1355
f 1359/1359/1359 1358/1358/1358 1357/1357/1357
f 1357/1357/1357 1360/1360/1360 1359/1359/1359
f 1360/1360/1360 1362/1362/1362 1361/1361/1361
f 1361/1361/1361 1363/1363/1363 1360/1360/1360
f 1365/1365/1365 1361/1361/1361 1364/1364/1364
f 1364/1364/1364 1366/1366/1366 1365/1365/1365
f 1369/1369/1369 1368/1368/1368 1367/1367/1367
f 1367/1367/1367 1370/1370/1370 1369/1369/1369
f 1373/1373/1373 1372/1372/1372 1371/1371/1371
f 1371/1371/1371 1374/1374/1374 1373/1373/1373
f 1377/1377/1377 1376/1376/1376 1375/1375/1375
f 1375/1375/1375 1378/1378/1378 1377/1377/1377
f 1381/1381/1381 1380/1380/1380 1379/1379/1379
f 1379/1379/1379 1382/1382/1382 1381/1381/1381
f 1385/1385/1385 1384/1384/1384 1383/1383/1383
f 1383/1383/1383 1386/1386/1386 1385/1385/1385
f 1389/1389/1389 1388/1388/1388 1387/1387/1387
f 1387/1387/1387 1390/1390/1390 1389/1389/1389
f 1393/1393/1393 1392/1392/1392 1391/1391/1391
f 1391/1391/1391 1394/1394/1394 1393/1393/1393
f 1397/1397/1397 1396/1396/1396 1395/1395/1395
f 1395/1395/1395 1398/1398/1398 1397/1397/1397
f 1401/1401/1401 1400/1400/1400 1399/1399/1399
f 1399/1399/1399 1402/1402/1402 1401/1401/1401
f 1405/1405/1405 1404/1404/1404 1403/1403/1403
f 1403/1403/1403 1406/1406/1406 1405/1405/1405
f 1409/1409/1409 1408/1408/1408 1407/1407/1407
f 1407/1407/1407 1410/1410/1410 1409/1409/1409
f 1413/1413/1413 1412/1412/1412 1411/1411/1411
f 1411/1411/1411 1414/1414/1414 1413/1413/1413
f 1417/1417/1417 1416/1416/1416 1415/1415/1415
f 1415/1415/1415 1418/1418/1418 1417/1417/1417
f 1421/1421/1421 1420/1420/1420 1419/1419/1419
f 1419/1419/1419 1422/1422/1422 1421/1421/1421
f 1425/1425/1425 1424/1424/1424 1423/1423/1423
f 1423/1423/1423 1426/1426/1426 1425/1425/1425
f 1429/1429/1429 1428/1428/1428 1427/1427/1427
f 1427/1427/1427 1430/1430/1430 1429/1429/1429
f 1433/1433/1433 1432/1432/1432 1431/1431/1431
f 1431/1431/1431 1434/1434/1434 1433/1433/1433
f 1437/1437/1437 1436/1436/1436 1435/1435/1435
f 1435/1435/1435 1438/1438/1438 1437/1437/1437
f 1441/1441/1441 1440/1440/1440 1439/1439/1439
f 1439/1439/1439 1442/1442/1442 1441/1441/1441
f 1445/1445/1445 1444/1444/1444 1443/1443/1443
f 1443/1443/1443 1446/1446/1446 1445/1445/1445
f 1449/1449/1449 1448/1448/1448 1447/1447/1447
f 1447/1447/1447 1450/1450/1450 1449/1449/1449
f 1453/1453/1453 1452/1452/1452 1451/1451/1451
f 1451/1451/1451 1454/1454/1454 1453/1453/1453
f 1457/1457/1457 1456/1456/1456 1455/1455/1455
f 1455/1455/1455 1458/1458/1458 1457/1457/1457
f 1461/1461/1461 1460/1460/1460 1459/1459/1459
f 1459/1459/1459 1462/1462/1462 1461/1461/1461
f 1465/1465/1465 1464/1464/1464 1463/1463/1463
f 1463/1463/1463 1466/1466/1466 1465/1465/1465
f 1469/1469/1469 1468/1468/1468 1467/1467/1467
f 1467/1467/1467 1470/1470/1470 1469/1469/1469
f 1473/1473/1473 1472/1472/1472 1471/1471/1471
f 1471/1471/1471 1474/1474/1474 1473/1473/1473
f 1477/1477/1477 1476/1476/1476 1475/1475/1475
f 1475/1475/1475 1478/1478/1478 1477/1477/1477
f 1481/1481/1481 1480/1480/1480 1479/1479/1479
f 1479/1479/1479 1482/1482/1482 1481/1481/1481
f 1485/1485/1485 1484/1484/1484 1483/1483/1483
f 1483/1483/1483 1486/1486/1486 1485/1485/1485
f 1489/1489/1489 1488/1488/1488 1487/1487/1487
f 1487/1487/1487 1490/1490/1490 1489/1489/1489
f 1493/1493/1493 1492/1492/1492 1491/1491/1491
f 1491/1491/1491 1494/1494/1494 1493/1493/1493
f 1494/1494/1494 1491/1491/1491 1495/1495/1495
f 1495/1495/1495 1496/1496/1496 1494/1494/1494
f 1499/1499/1499 1498/1498/1498 1497/1497/1497
f 1497/1497/1497 1500/1500/1500 1499/1499/1499
f 1502/1502/1502 1500/1500/1500 1501/1501/1501
f 1501/1501/1501 1503/1503/1503 1502/1502/1502
f 1505/1505/1505 1504/1504/1504 1497/1497/1497
f 1497/1497/1497 1506/1506/1506 1505/1505/1505
f 1509/1509/1509 1508/1508/1508 1507/1507/1507
f 1507/1507/1507 1510/1510/1510 1509/1509/1509
f 1512/1512/1512 1510/1510/1510 1511/1511/1511
f 1511/1511/1511 1507/1507/1507 1513/1513/1513
f 1511/1511/1511 1514/1514/1514 1512/1512/1512
f 1513/1513/1513 1514/1514/1514 1511/1511/1511
f 1517/1517/1517 1516/1516/1516 1515/1515/1515
f 1515/1515/1515 1518/1518/1518 1517/1517/1517
f 1520/1520/1520 1518/1518/1518 1519/1519/1519
f 1519/1519/1519 1521/1521/1521 1520/1520/1520
f 1524/1524/1524 1523/1523/1523 1522/1522/1522
f 1522/1522/1522 1525/1525/1525 1524/1524/1524
f 1528/1528/1528 1527/1527/1527 1526/1526/1526
f 1526/1526/1526 1529/1529/1529 1528/1528/1528
f 1529/1529/1529 1531/1531/1531 1530/1530/1530
f 1530/1530/1530 1532/1532/1532 1529/1529/1529
f 1534/1534/1534 1530/1530/1530 1533/1533/1533
f 1533/1533/1533 1535/1535/1535 1534/1534/1534
f 1538/1538/1538 1537/1537/1537 1536/1536/1536
f 1536/1536/1536 1539/1539/1539 1538/1538/1538
f 1539/1539/1539 1541/1541/1541 1540/1540/1540
f 1540/1540/1540 1542/1542/1542 1539/1539/1539
f 1544/1544/1544 1540/1540/1540 1543/1543/1543
f 1543/1543/1543 1545/1545/1545 1544/1544/1544
f 1548/1548/1548 1547/1547/1547 1546/1546/1546
f 1546/1546/1546 1549/1549/1549 1548/1548/1548
f 1552/1552/1552 1551/1551/1551 1550/1550/1550
f 1550/1550/1550 1553/1553/1553 1552/1552/1552
f 1556/1556/1556 1555/1555/1555 1554/1554/1554
f 1554/1554/1554 1557/1557/1557 1556/1556/1556
f 1560/1560/1560 1559/1559/1559 1558/1558/1558
f 1558/1558/1558 1561/1561/1561 1560/1560/1560
f 1564/1564/1564 1563/1563/1563 1562/1562/1562
f 1562/1562/1562 1565/1565/1565 1564/1564/1564
f 1568/1568/1568 1567/1567/1567 1566/1566/1566
f 1566/1566/1566 1569/1569/1569 1568/1568/1568
f 1572/1572/1572 1571/1571/1571 1570/1570/1570
f 1570/1570/1570 1573/1573/1573 1572/1572/1572
f 1576/1576/1576 1575/1575/1575 1574/1574/1574
f 1574/1574/1574 1577/1577/1577 1576/1576/1576
f 1580/1580/1580 1579/1579/1579 1578/1578/1578
f 1578/1578/1578 1581/1581/1581 1580/1580/1580
f 1584/1584/1584 1583/1583/1583 1582/1582/1582
f 1582/1582/1582 1585/1585/1585 1584/1584/1584
f 1588/1588/1588 1587/1587/1587 1586/1586/1586
f 1586/1586/1586 1589/1589/1589 1588/1588/1588
f 1592/1592/1592 1591/1591/1591 1590/1590/1590
f 1590/1590/1590 1593/1593/1593 1592/1592/1592
f 1596/1596/1596 1595/1595/1595 1594/1594/1594
f 1594/1594/1594 1597/1597/1597 1596/1596/1596
f 1600/1600/1600 1599/1599/1599 1598/1598/1598
f 1598/1598/1598 1601/1601/1601 1600/1600/1600
f 1604/1604/1604 1603/1603/1603 1602/1602/1602
f 1602/1602/1602 1605/1605/1605 1604/1604/1604
f 1608/1608/1608 1607/1607/1607 1606/1606/1606
f 1606/1606/1606 1609/1609/1609 1608/1608/1608
f 1612/1612/1612 1611/1611/1611 1610/1610/1610
f 1610/1610/1610 1613/1613/1613 1612/1612/1612
f 1616/1616/1616 1615/1615/1615 1614/1614/1614
f 1614/1614/1614 1617/1617/1617 1616/1616/1616
f 1620/1620/1620 1619/1619/1619 1618/1618/1618
f 1618/1618/1618 1621/1621/1621 1620/1620/1620
f 1624/1624/1624 1623/1623/1623 1622/1622/1622
f 1622/1622/1622 1625/1625/1625 1624/1624/1624
f 1628/1628/1628 1627/1627/1627 1626/1626/1626
f 1626/1626/1626 1629/1629/1629 1628/1628/1628
f 1632/1632/1632 1631/1631/1631 1630/1630/1630
f 1630/1630/1630 1633/1633/1633 1632/1632/1632
f 1636/1636/1636 1635/1635/1635 1634/1634/1634
f 1634/1634/1634 1637/1637/1637 1636/1636/1636
f 1640/1640/1640 1639/1639/1639 1638/1638/1638
f 1638/1638/1638 1641/1641/1641 1640/1640/1640
f 1644/1644/1644 1643/1643/1643 1642/1642/1642
f 1642/1642/1642 1645/1645/1645 1644/1644/1644
f 1648/1648/1648 1647/1647/1647 1646/1646/1646
f 1646/1646/1646 1649/1649/1649 1648/1648/1648
f 1652/1652/1652 1651/1651/1651 1650/1650/1650
f 1650/1650/1650 1653/1653/1653 1652/1652/1652
f 1656/1656/1656 1655/1655/1655 1654/1654/1654
f 1654/1654/1654 1657/1657/1657 1656/1656/1656
f 1660/1660/1660 1659/1659/1659 1658/1658/1658
f 1658/1658/1658 1661/1661/1661 1660/1660/1660
f 1664/1664/1664 1663/1663/1663 1662/1662/1662
f 1662/1662/1662 1665/1665/1665 1664/1664/1664
f 1668/1668/1668 1667/1667/1667 1666/1666/1666
f 1666/1666/1666 1669/1669/1669 1668/1668/1668
f 1672/1672/1672 1671/1671/1671 1670/1670/1670
f 1670/1670/1670 1673/1673/1673 1672/1672/1672
f 1676/1676/1676 1675/1675/1675 1674/1674/1674
f 1674/1674/1674 1677/1677/1677 1676/1676/1676
f 1680/1680/1680 1679/1679/1679 1678/1678/1678
f 1678/1678/1678 1681/1681/1681 1680/1680/1680
f 1684/1684/1684 1683/1683/1683 1682/1682/1682
f 1683/1683/1683 1685/1685/1685 1682/1682/1682
f 1686/1686/1686 1682/1682/1682 1685/1685/1685
f 1685/1685/1685 1687/1687/1687 1686/1686/1686
f 1686/1686/1686 1687/1687/1687 1688/1688/1688
f 1688/1688/1688 1687/1687/1687 1689/1689/1689
f 1690/1690/1690 1688/1688/1688 1689/1689/1689
f 1689/1689/1689 1691/1691/1691 1690/1690/1690
f 1691/1691/1691 1692/1692/1692 1690/1690/1690
f 1691/1691/1691 1693/1693/1693 1692/1692/1692
f 1696/1696/1696 1695/1695/1695 1694/1694/1694
f 1695/1695/1695 1696/1696/1696 1697/1697/1697
f 1697/1697/1697 1696/1696/1696 1698/1698/1698
f 1699/1699/1699 1697/1697/1697 1698/1698/1698
f 1699/1699/1699 1698/1698/1698 1700/1700/1700
f 1700/1700/1700 1701/1701/1701 1699/1699/1699
f 1695/1695/1695 1697/1697/1697 1702/1702/1702
f 1702/1702/1702 1697/1697/1697 1699/1699/1699
f 1702/1702/1702 1703/1703/1703 1695/1695/1695
f 1699/1699/1699 1704/1704/1704 1702/1702/1702
f 1705/1705/1705 1704/1704/1704 1699/1699/1699
f 1701/1701/1701 1706/1706/1706 1699/1699/1699
f 1706/1706/1706 1705/1705/1705 1699/1699/1699
f 1701/1701/1701 1707/1707/1707 1706/1706/1706
f 1707/1707/1707 1708/1708/1708 1706/1706/1706
f 1706/1706/1706 1708/1708/1708 1705/1705/1705
f 1708/1708/1708 1709/1709/1709 1705/1705/1705
f 1712/1712/1712 1711/1711/1711 1710/1710/1710
f 1710/1710/1710 1713/1713/1713 1712/1712/1712
f 1713/1713/1713 1710/1710/1710 1714/1714/1714
f 1714/1714/1714 1715/1715/1715 1713/1713/1713
f 1718/1718/1718 1717/1717/1717 1716/1716/1716
f 1716/1716/1716 1719/1719/1719 1718/1718/1718
f 1722/1722/1722 1721/1721/1721 1720/1720/1720
f 1721/1721/1721 1723/1723/1723 1720/1720/1720
f 1726/1726/1726 1725/1725/1725 1724/1724/1724
f 1724/1724/1724 1725/1725/1725 1727/1727/1727
f 1728/1728/1728 1724/1724/1724 1727/1727/1727
f 1728/1728/1728 1727/1727/1727 1729/1729/1729
f 1728/1728/1728 1729/1729/1729 1730/1730/1730
f 1730/1730/1730 1731/1731/1731 1728/1728/1728
f 1731/1731/1731 1730/1730/1730 1732/1732/1732
f 1732/1732/1732 1733/1733/1733 1731/1731/1731
f 1736/1736/1736 1735/1735/1735 1734/1734/1734
f 1735/1735/1735 1737/1737/1737 1734/1734/1734
f 1740/1740/1740 1739/1739/1739 1738/1738/1738
f 1739/1739/1739 1741/1741/1741 1738/1738/1738
f 1744/1744/1744 1743/1743/1743 1742/1742/1742
f 1743/1743/1743 1745/1745/1745 1742/1742/1742
f 1748/1748/1748 1747/1747/1747 1746/1746/1746
f 1747/1747/1747 1749/1749/1749 1746/1746/1746
f 1752/1752/1752 1751/1751/1751 1750/1750/1750
f 1751/1751/1751 1753/1753/1753 1750/1750/1750
f 1756/1756/1756 1755/1755/1755 1754/1754/1754
f 1757/1757/1757 1754/1754/1754 1755/1755/1755
f 1755/1755/1755 1758/1758/1758 1757/1757/1757
f 1755/1755/1755 1759/1759/1759 1758/1758/1758
f 1755/1755/1755 1760/1760/1760 1759/1759/1759
f 1763/1763/1763 1762/1762/1762 1761/1761/1761
f 1761/1761/1761 1764/1764/1764 1763/1763/1763
f 1764/1764/1764 1761/1761/1761 1765/1765/1765
f 1765/1765/1765 1766/1766/1766 1764/1764/1764
f 1769/1769/1769 1768/1768/1768 1767/1767/1767
f 1767/1767/1767 1770/1770/1770 1769/1769/1769
f 1773/1773/1773 1772/1772/1772 1771/1771/1771
f 1772/1772/1772 1774/1774/1774 1771/1771/1771
f 1777/1777/1777 1776/1776/1776 1775/1775/1775
f 1776/1776/1776 1778/1778/1778 1775/1775/1775
f 1781/1781/1781 1780/1780/1780 1779/1779/1779
f 1780/1780/1780 1782/1782/1782 1779/1779/1779
f 1785/1785/1785 1784/1784/1784 1783/1783/1783
f 1784/1784/1784 1786/1786/1786 1783/1783/1783
f 1789/1789/1789 1788/1788/1788 1787/1787/1787
f 1788/1788/1788 1790/1790/1790 1787/1787/1787
f 1793/1793/1793 1792/1792/1792 1791/1791/1791
f 1792/1792/1792 1794/1794/1794 1791/1791/1791
f 1797/1797/1797 1796/1796/1796 1795/1795/1795
f 1796/1796/1796 1798/1798/1798 1795/1795/1795
f 1801/1801/1801 1800/1800/1800 1799/1799/1799
f 1800/1800/1800 1802/1802/1802 1799/1799/1799
f 1805/1805/1805 1804/1804/1804 1803/1803/1803
f 1803/1803/1803 1806/1806/1806 1805/1805/1805
f 1809/1809/1809 1808/1808/1808 1807/1807/1807
f 1807/1807/1807 1810/1810/1810 1809/1809/1809
f 1813/1813/1813 1812/1812/1812 1811/1811/1811
f 1812/1812/1812 1814/1814/1814 1811/1811/1811
f 1817/1817/1817 1816/1816/1816 1815/1815/1815
f 1816/1816/1816 1818/1818/1818 1815/1815/1815
f 1821/1821/1821 1820/1820/1820 1819/1819/1819
f 1819/1819/1819 1822/1822/1822 1821/1821/1821
f 1825/1825/1825 1824/1824/1824 1823/1823/1823
f 1823/1823/1823 1826/1826/1826 1825/1825/1825
f 1829/1829/1829 1828/1828/1828 1827/1827/1827
f 1827/1827/1827 1830/1830/1830 1829/1829/1829
f 1833/1833/1833 1832/1832/1832 1831/1831/1831
f 1832/1832/1832 1834/1834/1834 1831/1831/1831
f 1837/1837/1837 1836/1836/1836 1835/1835/1835
f 1836/1836/1836 1838/1838/1838 1835/1835/1835
f 1841/1841/1841 1840/1840/1840 1839/1839/1839
f 1840/1840/1840 1842/1842/1842 1839/1839/1839
f 1845/1845/1845 1844/1844/1844 1843/1843/1843
f 1844/1844/1844 1846/1846/1846 1843/1843/1843
f 1849/1849/1849 1848/1848/1848 1847/1847/1847
f 1848/1848/1848 1850/1850/1850 1847/1847/1847
f 1853/1853/1853 1852/1852/1852 1851/1851/1851
f 1852/1852/1852 1854/1854/1854 1851/1851/1851
f 1857/1857/1857 1856/1856/1856 1855/1855/1855
f 1856/1856/1856 1858/1858/1858 1855/1855/1855
f 1861/1861/1861 1860/1860/1860 1859/1859/1859
f 1859/1859/1859 1862/1862/1862 1861/1861/1861
f 1865/1865/1865 1864/1864/1864 1863/1863/1863
f 1863/1863/1863 1866/1866/1866 1865/1865/1865
f 1869/1869/1869 1868/1868/1868 1867/1867/1867
f 1868/1868/1868 1870/1870/1870 1867/1867/1867
f 1873/1873/1873 1872/1872/1872 1871/1871/1871
f 1872/1872/1872 1874/1874/1874 1871/1871/1871
f 1877/1877/1877 1876/1876/1876 1875/1875/1875
f 1876/1876/1876 1878/1878/1878 1875/1875/1875
f 1881/1881/1881 1880/1880/1880 1879/1879/1879
f 1880/1880/1880 1882/1882/1882 1879/1879/1879
f 1885/1885/1885 1884/1884/1884 1883/1883/1883
f 1884/1884/1884 1886/1886/1886 1883/1883/1883
f 1889/1889/1889 1888/1888/1888 1887/1887/1887
f 1888/1888/1888 1890/1890/1890 1887/1887/1887
f 1893/1893/1893 1892/1892/1892 1891/1891/1891
f 1892/1892/1892 1894/1894/1894 1891/1891/1891
f 1891/1891/1891 1894/1894/1894 1895/1895/1895
f 1894/1894/1894 1896/1896/1896 1895/1895/1895
f 1899/1899/1899 1898/1898/1898 1897/1897/1897
f 1898/1898/1898 1900/1900/1900 1897/1897/1897
f 1903/1903/1903 1902/1902/1902 1901/1901/1901
f 1902/1902/1902 1904/1904/1904 1901/1901/1901
f 1901/1901/1901 1904/1904/1904 1905/1905/1905
f 1904/1904/1904 1906/1906/1906 1905/1905/1905
f 1909/1909/1909 1908/1908/1908 1907/1907/1907
f 1907/1907/1907 1910/1910/1910 1909/1909/1909
f 1910/1910/1910 1911/1911/1911 1909/1909/1909
f 1911/1911/1911 1912/1912/1912 1909/1909/1909
f 1913/1913/1913 1909/1909/1909 1912/1912/1912
f 1912/1912/1912 1914/1914/1914 1913/1913/1913
f 1914/1914/1914 1915/1915/1915 1913/1913/1913
f 1914/1914/1914 1916/1916/1916 1915/1915/1915
f 1917/1917/1917 1916/1916/1916 1914/1914/1914
f 1914/1914/1914 1918/1918/1918 1917/1917/1917
f 1919/1919/1919 1917/1917/1917 1918/1918/1918
f 1918/1918/1918 1920/1920/1920 1919/1919/1919
f 1923/1923/1923 1922/1922/1922 1921/1921/1921
f 1921/1921/1921 1924/1924/1924 1923/1923/1923
f 1927/1927/1927 1926/1926/1926 1925/1925/1925
f 1925/1925/1925 1928/1928/1928 1927/1927/1927
f 1931/1931/1931 1930/1930/1930 1929/1929/1929
f 1929/1929/1929 1932/1932/1932 1931/1931/1931
f 1935/1935/1935 1934/1934/1934 1933/1933/1933
f 1933/1933/1933 1936/1936/1936 1935/1935/1935
f 1939/1939/1939 1938/1938/1938 1937/1937/1937
f 1937/1937/1937 1940/1940/1940 1939/1939/1939
f 1943/1943/1943 1942/1942/1942 1941/1941/1941
f 1941/1941/1941 1944/1944/1944 1943/1943/1943
f 1947/1947/1947 1946/1946/1946 1945/1945/1945
f 1945/1945/1945 1948/1948/1948 1947/1947/1947
f 1951/1951/1951 1950/1950/1950 1949/1949/1949
f 1949/1949/1949 1952/1952/1952 1951/1951/1951
f 1953/1953/1953 1952/1952/1952 1949/1949/1949
f 1949/1949/1949 1954/1954/1954 1953/1953/1953
f 1957/1957/1957 1956/1956/1956 1955/1955/1955
f 1955/1955/1955 1958/1958/1958 1957/1957/1957
f 1961/1961/1961 1960/1960/1960 1959/1959/1959
f 1959/1959/1959 1962/1962/1962 1961/1961/1961
f 1965/1965/1965 1964/1964/1964 1963/1963/1963
f 1963/1963/1963 1966/1966/1966 1965/1965/1965
f 1969/1969/1969 1968/1968/1968 1967/1967/1967
f 1967/1967/1967 1970/1970/1970 1969/1969/1969
f 1973/1973/1973 1972/1972/1972 1971/1971/1971
f 1971/1971/1971 1974/1974/1974 1973/1973/1973
f 1977/1977/1977 1976/1976/1976 1975/1975/1975
f 1976/1976/1976 1978/1978/1978 1975/1975/1975
f 1981/1981/1981 1980/1980/1980 1979/1979/1979
f 1980/1980/1980 1982/1982/1982 1979/1979/1979
f 1985/1985/1985 1984/1984/1984 1983/1983/1983
f 1984/1984/1984 1986/1986/1986 1983/1983/1983
f 1989/1989/1989 1988/1988/1988 1987/1987/1987
f 1988/1988/1988 1990/1990/1990 1987/1987/1987
f 1993/1993/1993 1992/1992/1992 1991/1991/1991
f 1992/1992/1992 1994/1994/1994 1991/1991/1991
f 1997/1997/1997 1996/1996/1996 1995/1995/1995
f 1996/1996/1996 1998/1998/1998 1995/1995/1995
f 2001/2001/2001 2000/2000/2000 1999/1999/1999
f 2000/2000/2000 2002/2002/2002 1999/1999/1999
f 2005/2005/2005 2004/2004/2004 2003/2003/2003
f 2004/2004/2004 2006/2006/2006 2003/2003/2003
f 2009/2009/2009 2008/2008/2008 2007/2007/2007
f 2008/2008/2008 2010/2010/2010 2007/2007/2007
f 2013/2013/2013 2012/2012/2012 2011/2011/2011
f 2012/2012/2012 2014/2014/2014 2011/2011/2011
f 2017/2017/2017 2016/2016/2016 2015/2015/2015
f 2016/2016/2016 2018/2018/2018 2015/2015/2015
f 2021/2021/2021 2020/2020/2020 2019/2019/2019
f 2020/2020/2020 2022/2022/2022 2019/2019/2019
f 2025/2025/2025 2024/2024/2024 2023/2023/2023
f 2023/2023/2023 2026/2026/2026 2025/2025/2025
f 2026/2026/2026 2027/2027/2027 2025/2025/2025
f 2027/2027/2027 2028/2028/2028 2025/2025/2025
f 2029/2029/2029 2025/2025/2025 2028/2028/2028
f 2028/2028/2028 2030/2030/2030 2029/2029/2029
f 2030/2030/2030 2031/2031/2031 2029/2029/2029
f 2030/2030/2030 2032/2032/2032 2031/2031/2031
f 2033/2033/2033 2032/2032/2032 2030/2030/2030
f 2030/2030/2030 2034/2034/2034 2033/2033/2033
f 2035/2035/2035 2033/2033/2033 2034/2034/2034
f 2034/2034/2034 2036/2036/2036 2035/2035/2035
f 2039/2039/2039 2038/2038/2038 2037/2037/2037
f 2037/2037/2037 2040/2040/2040 2039/2039/2039
f 2043/2043/2043 2042/2042/2042 2041/2041/2041
f 2041/2041/2041 2044/2044/2044 2043/2043/2043
f 2047/2047/2047 2046/2046/2046 2045/2045/2045
f 2045/2045/2045 2048/2048/2048 2047/2047/2047
f 2051/2051/2051 2050/2050/2050 2049/2049/2049
f 2049/2049/2049 2052/2052/2052 2051/2051/2051
f 2055/2055/2055 2054/2054/2054 2053/2053/2053
f 2053/2053/2053 2056/2056/2056 2055/2055/2055
f 2059/2059/2059 2058/2058/2058 2057/2057/2057
f 2057/2057/2057 2060/2060/2060 2059/2059/2059
f 2063/2063/2063 2062/2062/2062 2061/2061/2061
f 2061/2061/2061 2064/2064/2064 2063/2063/2063
f 2067/2067/2067 2066/2066/2066 2065/2065/2065
f 2065/2065/2065 2068/2068/2068 2067/2067/2067
f 2068/2068/2068 2069/2069/2069 2067/2067/2067
f 2069/2069/2069 2070/2070/2070 2067/2067/2067
f 2071/2071/2071 2067/2067/2067 2070/2070/2070
f 2070/2070/2070 2072/2072/2072 2071/2071/2071
f 2072/2072/2072 2073/2073/2073 2071/2071/2071
f 2072/2072/2072 2074/2074/2074 2073/2073/2073
f 2075/2075/2075 2074/2074/2074 2072/2072/2072
f 2072/2072/2072 2076/2076/2076 2075/2075/2075
f 2077/2077/2077 2075/2075/2075 2076/2076/2076
f 2076/2076/2076 2078/2078/2078 2077/2077/2077
f 2081/2081/2081 2080/2080/2080 2079/2079/2079
f 2079/2079/2079 2082/2082/2082 2081/2081/2081
f 2085/2085/2085 2084/2084/2084 2083/2083/2083
f 2083/2083/2083 2086/2086/2086 2085/2085/2085
f 2089/2089/2089 2088/2088/2088 2087/2087/2087
f 2087/2087/2087 2090/2090/2090 2089/2089/2089
f 2093/2093/2093 2092/2092/2092 2091/2091/2091
f 2091/2091/2091 2094/2094/2094 2093/2093/2093
f 2097/2097/2097 2096/2096/2096 2095/2095/2095
f 2095/2095/2095 2098/2098/2098 2097/2097/2097
f 2101/2101/2101 2100/2100/2100 2099/2099/2099
f 2099/2099/2099 2102/2102/2102 2101/2101/2101
f 2105/2105/2105 2104/2104/2104 2103/2103/2103
f 2103/2103/2103 2106/2106/2106 2105/2105/2105
f 2109/2109/2109 2108/2108/2108 2107/2107/2107
f 2108/2108/2108 2110/2110/2110 2107/2107/2107
f 2113/2113/2113 2112/2112/2112 2111/2111/2111
f 2112/2112/2112 2114/2114/2114 2111/2111/2111
f 2117/2117/2117 2116/2116/2116 2115/2115/2115
f 2116/2116/2116 2118/2118/2118 2115/2115/2115
f 2121/2121/2121 2120/2120/2120 2119/2119/2119
f 2120/2120/2120 2122/2122/2122 2119/2119/2119
f 2125/2125/2125 2124/2124/2124 2123/2123/2123
f 2123/2123/2123 2126/2126/2126 2125/2125/2125
f 2129/2129/2129 2128/2128/2128 2127/2127/2127
f 2128/2128/2128 2130/2130/2130 2127/2127/2127
f 2133/2133/2133 2132/2132/2132 2131/2131/2131
f 2131/2131/2131 2134/2134/2134 2133/2133/2133
f 2137/2137/2137 2136/2136/2136 2135/2135/2135
f 2135/2135/2135 2138/2138/2138 2137/2137/2137
f 2141/2141/2141 2140/2140/2140 2139/2139/2139
f 2140/2140/2140 2142/2142/2142 2139/2139/2139
f 2145/2145/2145 2144/2144/2144 2143/2143/2143
f 2144/2144/2144 2146/2146/2146 2143/2143/2143
f 2149/2149/2149 2148/2148/2148 2147/2147/2147
f 2148/2148/2148 2150/2150/2150 2147/2147/2147
f 2153/2153/2153 2152/2152/2152 2151/2151/2151
f 2152/2152/2152 2154/2154/2154 2151/2151/2151
f 2157/2157/2157 2156/2156/2156 2155/2155/2155
f 2156/2156/2156 2158/2158/2158 2155/2155/2155
f 2161/2161/2161 2160/2160/2160 2159/2159/2159
f 2160/2160/2160 2162/2162/2162 2159/2159/2159
f 2165/2165/2165 2164/2164/2164 2163/2163/2163
f 2164/2164/2164 2166/2166/2166 2163/2163/2163
f 2163/2163/2163 2166/2166/2166 2167/2167/2167
f 2166/2166/2166 2168/2168/2168 2167/2167/2167
f 2171/2171/2171 2170/2170/2170 2169/2169/2169
f 2170/2170/2170 2172/2172/2172 2169/2169/2169
f 2175/2175/2175 2174/2174/2174 2173/2173/2173
f 2174/2174/2174 2176/2176/2176 2173/2173/2173
f 2173/2173/2173 2176/2176/2176 2177/2177/2177
f 2176/2176/2176 2178/2178/2178 2177/2177/2177
f 2181/2181/2181 2180/2180/2180 2179/2179/2179
f 2179/2179/2179 2182/2182/2182 2181/2181/2181
f 2183/2183/2183 2181/2181/2181 2182/2182/2182
f 2182/2182/2182 2184/2184/2184 2183/2183/2183
f 2185/2185/2185 2183/2183/2183 2184/2184/2184
f 2184/2184/2184 2186/2186/2186 2185/2185/2185
f 2189/2189/2189 2188/2188/2188 2187/2187/2187
f 2187/2187/2187 2190/2190/2190 2189/2189/2189
f 2191/2191/2191 2189/2189/2189 2190/2190/2190
f 2191/2191/2191 2190/2190/2190 2192/2192/2192
f 2193/2193/2193 2191/2191/2191 2192/2192/2192
f 2192/2192/2192 2194/2194/2194 2193/2193/2193
f 2197/2197/2197 2196/2196/2196 2195/2195/2195
f 2197/2197/2197 2195/2195/2195 2198/2198/2198
f 2199/2199/2199 2197/2197/2197 2198/2198/2198
f 2198/2198/2198 2200/2200/2200 2199/2199/2199
f 2201/2201/2201 2199/2199/2199 2200/2200/2200
f 2200/2200/2200 2202/2202/2202 2201/2201/2201
f 2205/2205/2205 2204/2204/2204 2203/2203/2203
f 2203/2203/2203 2206/2206/2206 2205/2205/2205
f 2207/2207/2207 2205/2205/2205 2206/2206/2206
f 2206/2206/2206 2208/2208/2208 2207/2207/2207
f 2209/2209/2209 2207/2207/2207 2208/2208/2208
f 2208/2208/2208 2210/2210/2210 2209/2209/2209
f 2213/2213/2213 2212/2212/2212 2211/2211/2211
f 2214/2214/2214 2213/2213/2213 2211/2211/2211
f 2214/2214/2214 2211/2211/2211 2215/2215/2215
f 2216/2216/2216 2214/2214/2214 2215/2215/2215
f 2215/2215/2215 2217/2217/2217 2216/2216/2216
f 2217/2217/2217 2218/2218/2218 2216/2216/2216
f 2221/2221/2221 2220/2220/2220 2219/2219/2219
f 2222/2222/2222 2221/2221/2221 2219/2219/2219
f 2222/2222/2222 2219/2219/2219 2223/2223/2223
f 2224/2224/2224 2222/2222/2222 2223/2223/2223
f 2223/2223/2223 2225/2225/2225 2224/2224/2224
f 2225/2225/2225 2226/2226/2226 2224/2224/2224
f 2229/2229/2229 2228/2228/2228 2227/2227/2227
f 2230/2230/2230 2229/2229/2229 2227/2227/2227
f 2230/2230/2230 2227/2227/2227 2231/2231/2231
f 2232/2232/2232 2230/2230/2230 2231/2231/2231
f 2231/2231/2231 2233/2233/2233 2232/2232/2232
f 2233/2233/2233 2234/2234/2234 2232/2232/2232
f 2237/2237/2237 2236/2236/2236 2235/2235/2235
f 2238/2238/2238 2237/2237/2237 2235/2235/2235
f 2235/2235/2235 2239/2239/2239 2238/2238/2238
f 2239/2239/2239 2240/2240/2240 2238/2238/2238
f 2239/2239/2239 2241/2241/2241 2240/2240/2240
f 2241/2241/2241 2242/2242/2242 2240/2240/2240
f 2245/2245/2245 2244/2244/2244 2243/2243/2243
f 2246/2246/2246 2243/2243/2243 2244/2244/2244
f 2247/2247/2247 2246/2246/2246 2244/2244/2244
f 2248/2248/2248 2247/2247/2247 2244/2244/2244
f 2248/2248/2248 2244/2244/2244 2249/2249/2249
f 2250/2250/2250 2248/2248/2248 2249/2249/2249
f 2249/2249/2249 2251/2251/2251 2250/2250/2250
f 2252/2252/2252 2248/2248/2248 2250/2250/2250
f 2250/2250/2250 2253/2253/2253 2252/2252/2252
f 2254/2254/2254 2252/2252/2252 2253/2253/2253
f 2253/2253/2253 2255/2255/2255 2254/2254/2254
f 2258/2258/2258 2257/2257/2257 2256/2256/2256
f 2258/2258/2258 2256/2256/2256 2259/2259/2259
f 2259/2259/2259 2260/2260/2260 2258/2258/2258
f 2259/2259/2259 2261/2261/2261 2260/2260/2260
f 2264/2264/2264 2263/2263/2263 2262/2262/2262
f 2262/2262/2262 2265/2265/2265 2264/2264/2264
f 2266/2266/2266 2264/2264/2264 2265/2265/2265
f 2265/2265/2265 2267/2267/2267 2266/2266/2266
f 2270/2270/2270 2269/2269/2269 2268/2268/2268
f 2271/2271/2271 2270/2270/2270 2268/2268/2268
f 2268/2268/2268 2272/2272/2272 2271/2271/2271
f 2272/2272/2272 2273/2273/2273 2271/2271/2271
f 2276/2276/2276 2275/2275/2275 2274/2274/2274
f 2277/2277/2277 2276/2276/2276 2274/2274/2274
f 2274/2274/2274 2278/2278/2278 2277/2277/2277
f 2278/2278/2278 2279/2279/2279 2277/2277/2277
f 2282/2282/2282 2281/2281/2281 2280/2280/2280
f 2283/2283/2283 2282/2282/2282 2280/2280/2280
f 2284/2284/2284 2283/2283/2283 2280/2280/2280
f 2280/2280/2280 2285/2285/2285 2284/2284/2284
f 2288/2288/2288 2287/2287/2287 2286/2286/2286
f 2289/2289/2289 2288/2288/2288 2286/2286/2286
f 2286/2286/2286 2290/2290/2290 2289/2289/2289
f 2290/2290/2290 2291/2291/2291 2289/2289/2289
f 2294/2294/2294 2293/2293/2293 2292/2292/2292
f 2295/2295/2295 2294/2294/2294 2292/2292/2292
f 2292/2292/2292 2296/2296/2296 2295/2295/2295
f 2296/2296/2296 2297/2297/2297 2295/2295/2295
f 2300/2300/2300 2299/2299/2299 2298/2298/2298
f 2301/2301/2301 2300/2300/2300 2298/2298/2298
f 2302/2302/2302 2301/2301/2301 2298/2298/2298
f 2298/2298/2298 2303/2303/2303 2302/2302/2302
f 2306/2306/2306 2305/2305/2305 2304/2304/2304
f 2304/2304/2304 2307/2307/2307 2306/2306/2306
f 2308/2308/2308 2306/2306/2306 2307/2307/2307
f 2307/2307/2307 2309/2309/2309 2308/2308/2308
f 2308/2308/2308 2309/2309/2309 2310/2310/2310
f 2310/2310/2310 2311/2311/2311 2308/2308/2308
f 2312/2312/2312 2310/2310/2310 2309/2309/2309
f 2309/2309/2309 2313/2313/2313 2312/2312/2312
f 2313/2313/2313 2314/2314/2314 2312/2312/2312
f 2314/2314/2314 2315/2315/2315 2312/2312/2312
f 2316/2316/2316 2312/2312/2312 2315/2315/2315
f 2315/2315/2315 2317/2317/2317 2316/2316/2316
f 2320/2320/2320 2319/2319/2319 2318/2318/2318
f 2318/2318/2318 2321/2321/2321 2320/2320/2320
f 2321/2321/2321 2322/2322/2322 2320/2320/2320
f 2321/2321/2321 2323/2323/2323 2322/2322/2322
f 2326/2326/2326 2325/2325/2325 2324/2324/2324
f 2324/2324/2324 2327/2327/2327 2326/2326/2326
f 2328/2328/2328 2326/2326/2326 2327/2327/2327
f 2327/2327/2327 2329/2329/2329 2328/2328/2328
f 2328/2328/2328 2329/2329/2329 2330/2330/2330
f 2330/2330/2330 2331/2331/2331 2328/2328/2328
f 2329/2329/2329 2332/2332/2332 2330/2330/2330
f 2329/2329/2329 2333/2333/2333 2332/2332/2332
f 2333/2333/2333 2334/2334/2334 2332/2332/2332
f 2334/2334/2334 2335/2335/2335 2332/2332/2332
f 2336/2336/2336 2332/2332/2332 2335/2335/2335
f 2335/2335/2335 2337/2337/2337 2336/2336/2336
f 2340/2340/2340 2339/2339/2339 2338/2338/2338
f 2341/2341/2341 2340/2340/2340 2338/2338/2338
f 2338/2338/2338 2342/2342/2342 2341/2341/2341
f 2342/2342/2342 2343/2343/2343 2341/2341/2341
f 2342/2342/2342 2344/2344/2344 2343/2343/2343
f 2344/2344/2344 2345/2345/2345 2343/2343/2343
f 2348/2348/2348 2347/2347/2347 2346/2346/2346
f 2349/2349/2349 2348/2348/2348 2346/2346/2346
f 2349/2349/2349 2346/2346/2346 2350/2350/2350
f 2350/2350/2350 2351/2351/2351 2349/2349/2349
f 2350/2350/2350 2352/2352/2352 2351/2351/2351
f 2352/2352/2352 2353/2353/2353 2351/2351/2351
f 2356/2356/2356 2355/2355/2355 2354/2354/2354
f 2357/2357/2357 2356/2356/2356 2354/2354/2354
f 2354/2354/2354 2358/2358/2358 2357/2357/2357
f 2358/2358/2358 2359/2359/2359 2357/2357/2357
f 2358/2358/2358 2360/2360/2360 2359/2359/2359
f 2360/2360/2360 2361/2361/2361 2359/2359/2359
f 2364/2364/2364 2363/2363/2363 2362/2362/2362
f 2365/2365/2365 2364/2364/2364 2362/2362/2362
f 2362/2362/2362 2366/2366/2366 2365/2365/2365
f 2367/2367/2367 2365/2365/2365 2366/2366/2366
f 2366/2366/2366 2368/2368/2368 2367/2367/2367
f 2368/2368/2368 2369/2369/2369 2367/2367/2367
f 2372/2372/2372 2371/2371/2371 2370/2370/2370
f 2372/2372/2372 2370/2370/2370 2373/2373/2373
f 2373/2373/2373 2374/2374/2374 2372/2372/2372
f 2373/2373/2373 2375/2375/2375 2374/2374/2374
f 2375/2375/2375 2376/2376/2376 2374/2374/2374
f 2376/2376/2376 2377/2377/2377 2374/2374/2374
f 2376/2376/2376 2378/2378/2378 2377/2377/2377
f 2378/2378/2378 2379/2379/2379 2377/2377/2377
f 2382/2382/2382 2381/2381/2381 2380/2380/2380
f 2380/2380/2380 2383/2383/2383 2382/2382/2382
f 2384/2384/2384 2382/2382/2382 2383/2383/2383
f 2383/2383/2383 2385/2385/2385 2384/2384/2384
f 2388/2388/2388 2387/2387/2387 2386/2386/2386
f 2386/2386/2386 2389/2389/2389 2388/2388/2388
f 2390/2390/2390 2388/2388/2388 2389/2389/2389
f 2389/2389/2389 2391/2391/2391 2390/2390/2390
f 2394/2394/2394 2393/2393/2393 2392/2392/2392
f 2395/2395/2395 2394/2394/2394 2392/2392/2392
f 2395/2395/2395 2392/2392/2392 2396/2396/2396
f 2397/2397/2397 2395/2395/2395 2396/2396/2396
f 2396/2396/2396 2398/2398/2398 2397/2397/2397
f 2398/2398/2398 2399/2399/2399 2397/2397/2397
f 2398/2398/2398 2400/2400/2400 2399/2399/2399
f 2398/2398/2398 2401/2401/2401 2400/2400/2400
f 2404/2404/2404 2403/2403/2403 2402/2402/2402
f 2402/2402/2402 2405/2405/2405 2404/2404/2404
f 2404/2404/2404 2405/2405/2405 2406/2406/2406
f 2407/2407/2407 2406/2406/2406 2405/2405/2405
f 2410/2410/2410 2409/2409/2409 2408/2408/2408
f 2411/2411/2411 2409/2409/2409 2410/2410/2410
f 2414/2414/2414 2413/2413/2413 2412/2412/2412
f 2415/2415/2415 2413/2413/2413 2414/2414/2414
f 2418/2418/2418 2417/2417/2417 2416/2416/2416
f 2417/2417/2417 2418/2418/2418 2419/2419/2419
f 2422/2422/2422 2421/2421/2421 2420/2420/2420
f 2421/2421/2421 2422/2422/2422 2423/2423/2423
f 2426/2426/2426 2425/2425/2425 2424/2424/2424
f 2424/2424/2424 2427/2427/2427 2426/2426/2426
f 2430/2430/2430 2429/2429/2429 2428/2428/2428
f 2428/2428/2428 2431/2431/2431 2430/2430/2430
f 2434/2434/2434 2433/2433/2433 2432/2432/2432
f 2432/2432/2432 2435/2435/2435 2434/2434/2434
f 2438/2438/2438 2437/2437/2437 2436/2436/2436
f 2436/2436/2436 2439/2439/2439 2438/2438/2438
f 2442/2442/2442 2441/2441/2441 2440/2440/2440
f 2441/2441/2441 2443/2443/2443 2440/2440/2440
f 2444/2444/2444 2440/2440/2440 2443/2443/2443
f 2443/2443/2443 2445/2445/2445 2444/2444/2444
f 2444/2444/2444 2445/2445/2445 2446/2446/2446
f 2446/2446/2446 2445/2445/2445 2447/2447/2447
f 2448/2448/2448 2446/2446/2446 2447/2447/2447
f 2447/2447/2447 2449/2449/2449 2448/2448/2448
f 2449/2449/2449 2450/2450/2450 2448/2448/2448
f 2449/2449/2449 2451/2451/2451 2450/2450/2450
f 2454/2454/2454 2453/2453/2453 2452/2452/2452
f 2453/2453/2453 2454/2454/2454 2455/2455/2455
f 2455/2455/2455 2454/2454/2454 2456/2456/2456
f 2457/2457/2457 2455/2455/2455 2456/2456/2456
f 2457/2457/2457 2456/2456/2456 2458/2458/2458
f 2458/2458/2458 2459/2459/2459 2457/2457/2457
f 2453/2453/2453 2455/2455/2455 2460/2460/2460
f 2460/2460/2460 2455/2455/2455 2457/2457/2457
f 2460/2460/2460 2461/2461/2461 2453/2453/2453
f 2457/2457/2457 2462/2462/2462 2460/2460/2460
f 2463/2463/2463 2462/2462/2462 2457/2457/2457
f 2459/2459/2459 2464/2464/2464 2457/2457/2457
f 2464/2464/2464 2463/2463/2463 2457/2457/2457
f 2459/2459/2459 2465/2465/2465 2464/2464/2464
f 2465/2465/2465 2466/2466/2466 2464/2464/2464
f 2464/2464/2464 2466/2466/2466 2463/2463/2463
f 2466/2466/2466 2467/2467/2467 2463/2463/2463
f 2470/2470/2470 2469/2469/2469 2468/2468/2468
f 2468/2468/2468 2471/2471/2471 2470/2470/2470
f 2471/2471/2471 2468/2468/2468 2472/2472/2472
f 2472/2472/2472 2473/2473/2473 2471/2471/2471
f 2476/2476/2476 2475/2475/2475 2474/2474/2474
f 2474/2474/2474 2477/2477/2477 2476/2476/2476
f 2480/2480/2480 2479/2479/2479 2478/2478/2478
f 2479/2479/2479 2481/2481/2481 2478/2478/2478
f 2484/2484/2484 2483/2483/2483 2482/2482/2482
f 2482/2482/2482 2483/2483/2483 2485/2485/2485
f 2486/2486/2486 2482/2482/2482 2485/2485/2485
f 2486/2486/2486 2485/2485/2485 2487/2487/2487
f 2486/2486/2486 2487/2487/2487 2488/2488/2488
f 2488/2488/2488 2489/2489/2489 2486/2486/2486
f 2489/2489/2489 2488/2488/2488 2490/2490/2490
f 2490/2490/2490 2491/2491/2491 2489/2489/2489
f 2494/2494/2494 2493/2493/2493 2492/2492/2492
f 2493/2493/2493 2495/2495/2495 2492/2492/2492
f 2498/2498/2498 2497/2497/2497 2496/2496/2496
f 2497/2497/2497 2499/2499/2499 2496/2496/2496
f 2502/2502/2502 2501/2501/2501 2500/2500/2500
f 2501/2501/2501 2503/2503/2503 2500/2500/2500
f 2506/2506/2506 2505/2505/2505 2504/2504/2504
f 2505/2505/2505 2507/2507/2507 2504/2504/2504
f 2510/2510/2510 2509/2509/2509 2508/2508/2508
f 2509/2509/2509 2511/2511/2511 2508/2508/2508
f 2514/2514/2514 2513/2513/2513 2512/2512/2512
f 2515/2515/2515 2512/2512/2512 2513/2513/2513
f 2513/2513/2513 2516/2516/2516 2515/2515/2515
f 2513/2513/2513 2517/2517/2517 2516/2516/2516
f 2513/2513/2513 2518/2518/2518 2517/2517/2517
f 2521/2521/2521 2520/2520/2520 2519/2519/2519
f 2519/2519/2519 2522/2522/2522 2521/2521/2521
f 2522/2522/2522 2519/2519/2519 2523/2523/2523
f 2523/2523/2523 2524/2524/2524 2522/2522/2522
f 2527/2527/2527 2526/2526/2526 2525/2525/2525
f 2525/2525/2525 2528/2528/2528 2527/2527/2527
f 2531/2531/2531 2530/2530/2530 2529/2529/2529
f 2530/2530/2530 2532/2532/2532 2529/2529/2529
f 2535/2535/2535 2534/2534/2534 2533/2533/2533
f 2534/2534/2534 2536/2536/2536 2533/2533/2533
f 2539/2539/2539 2538/2538/2538 2537/2537/2537
f 2538/2538/2538 2540/2540/2540 2537/2537/2537
f 2543/2543/2543 2542/2542/2542 2541/2541/2541
f 2542/2542/2542 2544/2544/2544 2541/2541/2541
f 2547/2547/2547 2546/2546/2546 2545/2545/2545
f 2546/2546/2546 2548/2548/2548 2545/2545/2545
f 2551/2551/2551 2550/2550/2550 2549/2549/2549
f 2550/2550/2550 2552/2552/2552 2549/2549/2549
f 2555/2555/2555 2554/2554/2554 2553/2553/2553
f 2554/2554/2554 2556/2556/2556 2553/2553/2553
f 2559/2559/2559 2558/2558/2558 2557/2557/2557
f 2558/2558/2558 2560/2560/2560 2557/2557/2557
f 2563/2563/2563 2562/2562/2562 2561/2561/2561
f 2561/2561/2561 2564/2564/2564 2563/2563/2563
f 2567/2567/2567 2566/2566/2566 2565/2565/2565
f 2565/2565/2565 2568/2568/2568 2567/2567/2567
f 2571/2571/2571 2570/2570/2570 2569/2569/2569
f 2570/2570/2570 2572/2572/2572 2569/2569/2569
f 2575/2575/2575 2574/2574/2574 2573/2573/2573
f 2574/2574/2574 2576/2576/2576 2573/2573/2573
f 2579/2579/2579 2578/2578/2578 2577/2577/2577
f 2577/2577/2577 2580/2580/2580 2579/2579/2579
f 2583/2583/2583 2582/2582/2582 2581/2581/2581
f 2581/2581/2581 2584/2584/2584 2583/2583/2583
f 2587/2587/2587 2586/2586/2586 2585/2585/2585
f 2585/2585/2585 2588/2588/2588 2587/2587/2587
f 2591/2591/2591 2590/2590/2590 2589/2589/2589
f 2590/2590/2590 2592/2592/2592 2589/2589/2589
f 2595/2595/2595 2594/2594/2594 2593/2593/2593
f 2594/2594/2594 2596/2596/2596 2593/2593/2593
f 2599/2599/2599 2598/2598/2598 2597/2597/2597
f 2598/2598/2598 2600/2600/2600 2597/2597/2597
f 2603/2603/2603 2602/2602/2602 2601/2601/2601
f 2602/2602/2602 2604/2604/2604 2601/2601/2601
f 2607/2607/2607 2606/2606/2606 2605/2605/2605
f 2606/2606/2606 2608/2608/2608 2605/2605/2605
f 2611/2611/2611 2610/2610/2610 2609/2609/2609
f 2610/2610/2610 2612/2612/2612 2609/2609/2609
f 2615/2615/2615 2614/2614/2614 2613/2613/2613
f 2614/2614/2614 2616/2616/2616 2613/2613/2613
f 2619/2619/2619 2618/2618/2618 2617/2617/2617
f 2617/2617/2617 2620/2620/2620 2619/2619/2619
f 2623/2623/2623 2622/2622/2622 2621/2621/2621
f 2621/2621/2621 2624/2624/2624 2623/2623/2623
f 2627/2627/2627 2626/2626/2626 2625/2625/2625
f 2626/2626/2626 2628/2628/2628 2625/2625/2625
f 2631/2631/2631 2630/2630/2630 2629/2629/2629
f 2630/2630/2630 2632/2632/2632 2629/2629/2629
f 2635/2635/2635 2634/2634/2634 2633/2633/2633
f 2634/2634/2634 2636/2636/2636 2633/2633/2633
f 2639/2639/2639 2638/2638/2638 2637/2637/2637
f 2638/2638/2638 2640/2640/2640 2637/2637/2637
f 2643/2643/2643 2642/2642/2642 2641/2641/2641
f 2642/2642/2642 2644/2644/2644 2641/2641/2641
f 2647/2647/2647 2646/2646/2646 2645/2645/2645
f 2646/2646/2646 2648/2648/2648 2645/2645/2645
f 2651/2651/2651 2650/2650/2650 2649/2649/2649
f 2650/2650/2650 2652/2652/2652 2649/2649/2649
f 2649/2649/2649 2652/2652/2652 2653/2653/2653
f 2652/2652/2652 2654/2654/2654 2653/2653/2653
f 2657/2657/2657 2656/2656/2656 2655/2655/2655
f 2656/2656/2656 2658/2658/2658 2655/2655/2655
f 2661/2661/2661 2660/2660/2660 2659/2659/2659
f 2660/2660/2660 2662/2662/2662 2659/2659/2659
f 2659/2659/2659 2662/2662/2662 2663/2663/2663
f 2662/2662/2662 2664/2664/2664 2663/2663/2663
f 2667/2667/2667 2666/2666/2666 2665/2665/2665
f 2665/2665/2665 2668/2668/2668 2667/2667/2667
f 2668/2668/2668 2669/2669/2669 2667/2667/2667
f 2669/2669/2669 2670/2670/2670 2667/2667/2667
f 2671/2671/2671 2667/2667/2667 2670/2670/2670
f 2670/2670/2670 2672/2672/2672 2671/2671/2671
f 2672/2672/2672 2673/2673/2673 2671/2671/2671
f 2672/2672/2672 2674/2674/2674 2673/2673/2673
f 2675/2675/2675 2674/2674/2674 2672/2672/2672
f 2672/2672/2672 2676/2676/2676 2675/2675/2675
f 2677/2677/2677 2675/2675/2675 2676/2676/2676
f 2676/2676/2676 2678/2678/2678 2677/2677/2677
f 2681/2681/2681 2680/2680/2680 2679/2679/2679
f 2679/2679/2679 2682/2682/2682 2681/2681/2681
f 2685/2685/2685 2684/2684/2684 2683/2683/2683
f 2683/2683/2683 2686/2686/2686 2685/2685/2685
f 2689/2689/2689 2688/2688/2688 2687/2687/2687
f 2687/2687/2687 2690/2690/2690 2689/2689/2689
f 2693/2693/2693 2692/2692/2692 2691/2691/2691
f 2691/2691/2691 2694/2694/2694 2693/2693/2693
f 2697/2697/2697 2696/2696/2696 2695/2695/2695
f 2695/2695/2695 2698/2698/2698 2697/2697/2697
f 2701/2701/2701 2700/2700/2700 2699/2699/2699
f 2699/2699/2699 2702/2702/2702 2701/2701/2701
f 2705/2705/2705 2704/2704/2704 2703/2703/2703
f 2703/2703/2703 2706/2706/2706 2705/2705/2705
f 2709/2709/2709 2708/2708/2708 2707/2707/2707
f 2707/2707/2707 2710/2710/2710 2709/2709/2709
f 2711/2711/2711 2710/2710/2710 2707/2707/2707
f 2707/2707/2707 2712/2712/2712 2711/2711/2711
f 2715/2715/2715 2714/2714/2714 2713/2713/2713
f 2713/2713/2713 2716/2716/2716 2715/2715/2715
f 2719/2719/2719 2718/2718/2718 2717/2717/2717
f 2717/2717/2717 2720/2720/2720 2719/2719/2719
f 2723/2723/2723 2722/2722/2722 2721/2721/2721
f 2721/2721/2721 2724/2724/2724 2723/2723/2723
f 2727/2727/2727 2726/2726/2726 2725/2725/2725
f 2725/2725/2725 2728/2728/2728 2727/2727/2727
f 2731/2731/2731 2730/2730/2730 2729/2729/2729
f 2729/2729/2729 2732/2732/2732 2731/2731/2731
f 2735/2735/2735 2734/2734/2734 2733/2733/2733
f 2734/2734/2734 2736/2736/2736 2733/2733/2733
f 2739/2739/2739 2738/2738/2738 2737/2737/2737
f 2738/2738/2738 2740/2740/2740 2737/2737/2737
f 2743/2743/2743 2742/2742/2742 2741/2741/2741
f 2742/2742/2742 2744/2744/2744 2741/2741/2741
f 2747/2747/2747 2746/2746/2746 2745/2745/2745
f 2746/2746/2746 2748/2748/2748 2745/2745/2745
f 2751/2751/2751 2750/2750/2750 2749/2749/2749
f 2750/2750/2750 2752/2752/2752 2749/2749/2749
f 2755/2755/2755 2754/2754/2754 2753/2753/2753
f 2754/2754/2754 2756/2756/2756 2753/2753/2753
f 2759/2759/2759 2758/2758/2758 2757/2757/2757
f 2758/2758/2758 2760/2760/2760 2757/2757/2757
f 2763/2763/2763 2762/2762/2762 2761/2761/2761
f 2762/2762/2762 2764/2764/2764 2761/2761/2761
f 2767/2767/2767 2766/2766/2766 2765/2765/2765
f 2766/2766/2766 2768/2768/2768 2765/2765/2765
f 2771/2771/2771 2770/2770/2770 2769/2769/2769
f 2770/2770/2770 2772/2772/2772 2769/2769/2769
f 2775/2775/2775 2774/2774/2774 2773/2773/2773
f 2774/2774/2774 2776/2776/2776 2773/2773/2773
f 2779/2779/2779 2778/2778/2778 2777/2777/2777
f 2778/2778/2778 2780/2780/2780 2777/2777/2777
f 2783/2783/2783 2782/2782/2782 2781/2781/2781
f 2781/2781/2781 2784/2784/2784 2783/2783/2783
f 2784/2784/2784 2785/2785/2785 2783/2783/2783
f 2785/2785/2785 2786/2786/2786 2783/2783/2783
f 2787/2787/2787 2783/2783/2783 2786/2786/2786
f 2786/2786/2786 2788/2788/2788 2787/2787/2787
f 2788/2788/2788 2789/2789/2789 2787/2787/2787
f 2788/2788/2788 2790/2790/2790 2789/2789/2789
f 2791/2791/2791 2790/2790/2790 2788/2788/2788
f 2788/2788/2788 2792/2792/2792 2791/2791/2791
f 2793/2793/2793 2791/2791/2791 2792/2792/2792
f 2792/2792/2792 2794/2794/2794 2793/2793/2793
f 2797/2797/2797 2796/2796/2796 2795/2795/2795
f 2795/2795/2795 2798/2798/2798 2797/2797/2797
f 2801/2801/2801 2800/2800/2800 2799/2799/2799
f 2799/2799/2799 2802/2802/2802 2801/2801/2801
f 2805/2805/2805 2804/2804/2804 2803/2803/2803
f 2803/2803/2803 2806/2806/2806 2805/2805/2805
f 2809/2809/2809 2808/2808/2808 2807/2807/2807
f 2807/2807/2807 2810/2810/2810 2809/2809/2809
f 2813/2813/2813 2812/2812/2812 2811/2811/2811
f 2811/2811/2811 2814/2814/2814 2813/2813/2813
f 2817/2817/2817 2816/2816/2816 2815/2815/2815
f 2815/2815/2815 2818/2818/2818 2817/2817/2817
f 2821/2821/2821 2820/2820/2820 2819/2819/2819
f 2819/2819/2819 2822/2822/2822 2821/2821/2821
f 2825/2825/2825 2824/2824/2824 2823/2823/2823
f 2823/2823/2823 2826/2826/2826 2825/2825/2825
f 2826/2826/2826 2827/2827/2827 2825/2825/2825
f 2827/2827/2827 2828/2828/2828 2825/2825/2825
f 2829/2829/2829 2825/2825/2825 2828/2828/2828
f 2828/2828/2828 2830/2830/2830 2829/2829/2829
f 2830/2830/2830 2831/2831/2831 2829/2829/2829
f 2830/2830/2830 2832/2832/2832 2831/2831/2831
f 2833/2833/2833 2832/2832/2832 2830/2830/2830
f 2830/2830/2830 2834/2834/2834 2833/2833/2833
f 2835/2835/2835 2833/2833/2833 2834/2834/2834
f 2834/2834/2834 2836/2836/2836 2835/2835/2835
f 2839/2839/2839 2838/2838/2838 2837/2837/2837
f 2837/2837/2837 2840/2840/2840 2839/2839/2839
f 2843/2843/2843 2842/2842/2842 2841/2841/2841
f 2841/2841/2841 2844/2844/2844 2843/2843/2843
f 2847/2847/2847 2846/2846/2846 2845/2845/2845
f 2845/2845/2845 2848/2848/2848 2847/2847/2847
f 2851/2851/2851 2850/2850/2850 2849/2849/2849
f 2849/2849/2849 2852/2852/2852 2851/2851/2851
f 2855/2855/2855 2854/2854/2854 2853/2853/2853
f 2853/2853/2853 2856/2856/2856 2855/2855/2855
f 2859/2859/2859 2858/2858/2858 2857/2857/2857
f 2857/2857/2857 2860/2860/2860 2859/2859/2859
f 2863/2863/2863 2862/2862/2862 2861/2861/2861
f 2861/2861/2861 2864/2864/2864 2863/2863/2863
f 2867/2867/2867 2866/2866/2866 2865/2865/2865
f 2866/2866/2866 2868/2868/2868 2865/2865/2865
f 2871/2871/2871 2870/2870/2870 2869/2869/2869
f 2870/2870/2870 2872/2872/2872 2869/2869/2869
f 2875/2875/2875 2874/2874/2874 2873/2873/2873
f 2874/2874/2874 2876/2876/2876 2873/2873/2873
f 2879/2879/2879 2878/2878/2878 2877/2877/2877
f 2878/2878/2878 2880/2880/2880 2877/2877/2877
f 2883/2883/2883 2882/2882/2882 2881/2881/2881
f 2881/2881/2881 2884/2884/2884 2883/2883/2883
f 2887/2887/2887 2886/2886/2886 2885/2885/2885
f 2886/2886/2886 2888/2888/2888 2885/2885/2885
f 2891/2891/2891 2890/2890/2890 2889/2889/2889
f 2889/2889/2889 2892/2892/2892 2891/2891/2891
f 2895/2895/2895 2894/2894/2894 2893/2893/2893
f 2893/2893/2893 2896/2896/2896 2895/2895/2895
f 2899/2899/2899 2898/2898/2898 2897/2897/2897
f 2898/2898/2898 2900/2900/2900 2897/2897/2897
f 2903/2903/2903 2902/2902/2902 2901/2901/2901
f 2902/2902/2902 2904/2904/2904 2901/2901/2901
f 2907/2907/2907 2906/2906/2906 2905/2905/2905
f 2906/2906/2906 2908/2908/2908 2905/2905/2905
f 2911/2911/2911 2910/2910/2910 2909/2909/2909
f 2910/2910/2910 2912/2912/2912 2909/2909/2909
f 2915/2915/2915 2914/2914/2914 2913/2913/2913
f 2914/2914/2914 2916/2916/2916 2913/2913/2913
f 2919/2919/2919 2918/2918/2918 2917/2917/2917
f 2918/2918/2918 2920/2920/2920 2917/2917/2917
f 2923/2923/2923 2922/2922/2922 2921/2921/2921
f 2922/2922/2922 2924/2924/2924 2921/2921/2921
f 2921/2921/2921 2924/2924/2924 2925/2925/2925
f 2924/2924/2924 2926/2926/2926 2925/2925/2925
f 2929/2929/2929 2928/2928/2928 2927/2927/2927
f 2928/2928/2928 2930/2930/2930 2927/2927/2927
f 2933/2933/2933 2932/2932/2932 2931/2931/2931
f 2932/2932/2932 2934/2934/2934 2931/2931/2931
f 2931/2931/2931 2934/2934/2934 2935/2935/2935
f 2934/2934/2934 2936/2936/2936 2935/2935/2935
f 2939/2939/2939 2938/2938/2938 2937/2937/2937
f 2937/2937/2937 2940/2940/2940 2939/2939/2939
f 2941/2941/2941 2939/2939/2939 2940/2940/2940
f 2940/2940/2940 2942/2942/2942 2941/2941/2941
f 2943/2943/2943 2941/2941/2941 2942/2942/2942
f 2942/2942/2942 2944/2944/2944 2943/2943/2943
f 2947/2947/2947 2946/2946/2946 2945/2945/2945
f 2945/2945/2945 2948/2948/2948 2947/2947/2947
f 2949/2949/2949 2947/2947/2947 2948/2948/2948
f 2949/2949/2949 2948/2948/2948 2950/2950/2950
f 2951/2951/2951 2949/2949/2949 2950/2950/2950
f 2950/2950/2950 2952/2952/2952 2951/2951/2951
f 2955/2955/2955 2954/2954/2954 2953/2953/2953
f 2955/2955/2955 2953/2953/2953 2956/2956/2956
f 2957/2957/2957 2955/2955/2955 2956/2956/2956
f 2956/2956/2956 2958/2958/2958 2957/2957/2957
f 2959/2959/2959 2957/2957/2957 2958/2958/2958
f 2958/2958/2958 2960/2960/2960 2959/2959/2959
f 2963/2963/2963 2962/2962/2962 2961/2961/2961
f 2961/2961/2961 2964/2964/2964 2963/2963/2963
f 2965/2965/2965 2963/2963/2963 2964/2964/2964
f 2964/2964/2964 2966/2966/2966 2965/2965/2965
f 2967/2967/2967 2965/2965/2965 2966/2966/2966
f 2966/2966/2966 2968/2968/2968 2967/2967/2967
f 2971/2971/2971 2970/2970/2970 2969/2969/2969
f 2972/2972/2972 2971/2971/2971 2969/2969/2969
f 2972/2972/2972 2969/2969/2969 2973/2973/2973
f 2974/2974/2974 2972/2972/2972 2973/2973/2973
f 2973/2973/2973 2975/2975/2975 2974/2974/2974
f 2975/2975/2975 2976/2976/2976 2974/2974/2974
f 2979/2979/2979 2978/2978/2978 2977/2977/2977
f 2980/2980/2980 2979/2979/2979 2977/2977/2977
f 2980/2980/2980 2977/2977/2977 2981/2981/2981
f 2982/2982/2982 2980/2980/2980 2981/2981/2981
f 2981/2981/2981 2983/2983/2983 2982/2982/2982
f 2983/2983/2983 2984/2984/2984 2982/2982/2982
f 2987/2987/2987 2986/2986/2986 2985/2985/2985
f 2988/2988/2988 2987/2987/2987 2985/2985/2985
f 2988/2988/2988 2985/2985/2985 2989/2989/2989
f 2990/2990/2990 2988/2988/2988 2989/2989/2989
f 2989/2989/2989 2991/2991/2991 2990/2990/2990
f 2991/2991/2991 2992/2992/2992 2990/2990/2990
f 2995/2995/2995 2994/2994/2994 2993/2993/2993
f 2996/2996/2996 2995/2995/2995 2993/2993/2993
f 2993/2993/2993 2997/2997/2997 2996/2996/2996
f 2997/2997/2997 2998/2998/2998 2996/2996/2996
f 2997/2997/2997 2999/2999/2999 2998/2998/2998
f 2999/2999/2999 3000/3000/3000 2998/2998/2998
f 3003/3003/3003 3002/3002/3002 3001/3001/3001
f 3004/3004/3004 3001/3001/3001 3002/3002/3002
f 3005/3005/3005 3004/3004/3004 3002/3002/3002
f 3006/3006/3006 3005/3005/3005 3002/3002/3002
f 3006/3006/3006 3002/3002/3002 3007/3007/3007
f 3008/3008/3008 3006/3006/3006 3007/3007/3007
f 3007/3007/3007 3009/3009/3009 3008/3008/3008
f 3010/3010/3010 3006/3006/3006 3008/3008/3008
f 3008/3008/3008 3011/3011/3011 3010/3010/3010
f 3012/3012/3012 3010/3010/3010 3011/3011/3011
f 3011/3011/3011 3013/3013/3013 3012/3012/3012
f 3016/3016/3016 3015/3015/3015 3014/3014/3014
f 3016/3016/3016 3014/3014/3014 3017/3017/3017
f 3017/3017/3017 3018/3018/3018 3016/3016/3016
f 3017/3017/3017 3019/3019/3019 3018/3018/3018
f 3022/3022/3022 3021/3021/3021 3020/3020/3020
f 3020/3020/3020 3023/3023/3023 3022/3022/3022
f 3024/3024/3024 3022/3022/3022 3023/3023/3023
f 3023/3023/3023 3025/3025/3025 3024/3024/3024
f 3028/3028/3028 3027/3027/3027 3026/3026/3026
f 3029/3029/3029 3028/3028/3028 3026/3026/3026
f 3026/3026/3026 3030/3030/3030 3029/3029/3029
f 3030/3030/3030 3031/3031/3031 3029/3029/3029
f 3034/3034/3034 3033/3033/3033 3032/3032/3032
f 3035/3035/3035 3034/3034/3034 3032/3032/3032
f 3032/3032/3032 3036/3036/3036 3035/3035/3035
f 3036/3036/3036 3037/3037/3037 3035/3035/3035
f 3040/3040/3040 3039/3039/3039 3038/3038/3038
f 3041/3041/3041 3040/3040/3040 3038/3038/3038
f 3042/3042/3042 3041/3041/3041 3038/3038/3038
f 3038/3038/3038 3043/3043/3043 3042/3042/3042
f 3046/3046/3046 3045/3045/3045 3044/3044/3044
f 3047/3047/3047 3046/3046/3046 3044/3044/3044
f 3044/3044/3044 3048/3048/3048 3047/3047/3047
f 3048/3048/3048 3049/3049/3049 3047/3047/3047
f 3052/3052/3052 3051/3051/3051 3050/3050/3050
f 3053/3053/3053 3052/3052/3052 3050/3050/3050
f 3050/3050/3050 3054/3054/3054 3053/3053/3053
f 3054/3054/3054 3055/3055/3055 3053/3053/3053
f 3058/3058/3058 3057/3057/3057 3056/3056/3056
f 3059/3059/3059 3058/3058/3058 3056/3056/3056
f 3060/3060/3060 3059/3059/3059 3056/3056/3056
f 3056/3056/3056 3061/3061/3061 3060/3060/3060
f 3064/3064/3064 3063/3063/3063 3062/3062/3062
f 3062/3062/3062 3065/3065/3065 3064/3064/3064
f 3066/3066/3066 3064/3064/3064 3065/3065/3065
f 3065/3065/3065 3067/3067/3067 3066/3066/3066
f 3066/3066/3066 3067/3067/3067 3068/3068/3068
f 3068/3068/3068 3069/3069/3069 3066/3066/3066
f 3070/3070/3070 3068/3068/3068 3067/3067/3067
f 3067/3067/3067 3071/3071/3071 3070/3070/3070
f 3071/3071/3071 3072/3072/3072 3070/3070/3070
f 3072/3072/3072 3073/3073/3073 3070/3070/3070
f 3074/3074/3074 3070/3070/3070 3073/3073/3073
f 3073/3073/3073 3075/3075/3075 3074/3074/3074
f 3078/3078/3078 3077/3077/3077 3076/3076/3076
f 3076/3076/3076 3079/3079/3079 3078/3078/3078
f 3079/3079/3079 3080/3080/3080 3078/3078/3078
f 3079/3079/3079 3081/3081/3081 3080/3080/3080
f 3084/3084/3084 3083/3083/3083 3082/3082/3082
f 3082/3082/3082 3085/3085/3085 3084/3084/3084
f 3086/3086/3086 3084/3084/3084 3085/3085/3085
f 3085/3085/3085 3087/3087/3087 3086/3086/3086
f 3086/3086/3086 3087/3087/3087 3088/3088/3088
f 3088/3088/3088 3089/3089/3089 3086/3086/3086
f 3087/3087/3087 3090/3090/3090 3088/3088/3088
f 3087/3087/3087 3091/3091/3091 3090/3090/3090
f 3091/3091/3091 3092/3092/3092 3090/3090/3090
f 3092/3092/3092 3093/3093/3093 3090/3090/3090
f 3094/3094/3094 3090/3090/3090 3093/3093/3093
f 3093/3093/3093 3095/3095/3095 3094/3094/3094
f 3098/3098/3098 3097/3097/3097 3096/3096/3096
f 3099/3099/3099 3098/3098/3098 3096/3096/3096
f 3096/3096/3096 3100/3100/3100 3099/3099/3099
f 3100/3100/3100 3101/3101/3101 3099/3099/3099
f 3100/3100/3100 3102/3102/3102 3101/3101/3101
f 3102/3102/3102 3103/3103/3103 3101/3101/3101
f 3106/3106/3106 3105/3105/3105 3104/3104/3104
f 3107/3107/3107 3106/3106/3106 3104/3104/3104
f 3107/3107/3107 3104/3104/3104 3108/3108/3108
f 3108/3108/3108 3109/3109/3109 3107/3107/3107
f 3108/3108/3108 3110/3110/3110 3109/3109/3109
f 3110/3110/3110 3111/3111/3111 3109/3109/3109
f 3114/3114/3114 3113/3113/3113 3112/3112/3112
f 3115/3115/3115 3114/3114/3114 3112/3112/3112
f 3112/3112/3112 3116/3116/3116 3115/3115/3115
f 3116/3116/3116 3117/3117/3117 3115/3115/3115
f 3116/3116/3116 3118/3118/3118 3117/3117/3117
f 3118/3118/3118 3119/3119/3119 3117/3117/3117
f 3122/3122/3122 3121/3121/3121 3120/3120/3120
f 3123/3123/3123 3122/3122/3122 3120/3120/3120
f 3120/3120/3120 3124/3124/3124 3123/3123/3123
f 3125/3125/3125 3123/3123/3123 3124/3124/3124
f 3124/3124/3124 3126/3126/3126 3125/3125/3125
f 3126/3126/3126 3127/3127/3127 3125/3125/3125
f 3130/3130/3130 3129/3129/3129 3128/3128/3128
f 3130/3130/3130 3128/3128/3128 3131/3131/3131
f 3131/3131/3131 3132/3132/3132 3130/3130/3130
f 3131/3131/3131 3133/3133/3133 3132/3132/3132
f 3133/3133/3133 3134/3134/3134 3132/3132/3132
f 3134/3134/3134 3135/3135/3135 3132/3132/3132
f 3134/3134/3134 3136/3136/3136 3135/3135/3135
f 3136/3136/3136 3137/3137/3137 3135/3135/3135
f 3140/3140/3140 3139/3139/3139 3138/3138/3138
f 3138/3138/3138 3141/3141/3141 3140/3140/3140
f 3142/3142/3142 3140/3140/3140 3141/3141/3141
f 3141/3141/3141 3143/3143/3143 3142/3142/3142
f 3146/3146/3146 3145/3145/3145 3144/3144/3144
f 3144/3144/3144 3147/3147/3147 3146/3146/3146
f 3148/3148/3148 3146/3146/3146 3147/3147/3147
f 3147/3147/3147 3149/3149/3149 3148/3148/3148
f 3152/3152/3152 3151/3151/3151 3150/3150/3150
f 3153/3153/3153 3152/3152/3152 3150/3150/3150
f 3153/3153/3153 3150/3150/3150 3154/3154/3154
f 3155/3155/3155 3153/3153/3153 3154/3154/3154
f 3154/3154/3154 3156/3156/3156 3155/3155/3155
f 3156/3156/3156 3157/3157/3157 3155/3155/3155
f 3156/3156/3156 3158/3158/3158 3157/3157/3157
f 3156/3156/3156 3159/3159/3159 3158/3158/3158
f 3162/3162/3162 3161/3161/3161 3160/3160/3160
f 3160/3160/3160 3163/3163/3163 3162/3162/3162
f 3162/3162/3162 3163/3163/3163 3164/3164/3164
f 3165/3165/3165 3164/3164/3164 3163/3163/3163
f 3168/3168/3168 3167/3167/3167 3166/3166/3166
f 3169/3169/3169 3167/3167/3167 3168/3168/3168
f 3172/3172/3172 3171/3171/3171 3170/3170/3170
f 3173/3173/3173 3171/3171/3171 3172/3172/3172
f 3176/3176/3176 3175/3175/3175 3174/3174/3174
f 3175/3175/3175 3176/3176/3176 3177/3177/3177
f 3180/3180/3180 3179/3179/3179 3178/3178/3178
f 3179/3179/3179 3180/3180/3180 3181/3181/3181
f 3184/3184/3184 3183/3183/3183 3182/3182/3182
f 3182/3182/3182 3183/3183/3183 3185/3185/3185
f 3186/3186/3186 3183/3183/3183 3184/3184/3184
f 3183/3183/3183 3187/3187/3187 3185/3185/3185
f 3186/3186/3186 3188/3188/3188 3183/3183/3183
f 3183/3183/3183 3188/3188/3188 3187/3187/3187
f 3191/3191/3191 3190/3190/3190 3189/3189/3189
f 3189/3189/3189 3192/3192/3192 3191/3191/3191
f 3191/3191/3191 3193/3193/3193 3190/3190/3190
f 3191/3191/3191 3192/3192/3192 3194/3194/3194
f 3191/3191/3191 3195/3195/3195 3193/3193/3193
f 3191/3191/3191 3194/3194/3194 3195/3195/3195
f 3198/3198/3198 3197/3197/3197 3196/3196/3196
f 3196/3196/3196 3199/3199/3199 3198/3198/3198
f 3198/3198/3198 3200/3200/3200 3197/3197/3197
f 3198/3198/3198 3199/3199/3199 3201/3201/3201
f 3198/3198/3198 3202/3202/3202 3200/3200/3200
f 3198/3198/3198 3201/3201/3201 3202/3202/3202
f 3205/3205/3205 3204/3204/3204 3203/3203/3203
f 3203/3203/3203 3204/3204/3204 3206/3206/3206
f 3207/3207/3207 3204/3204/3204 3205/3205/3205
f 3204/3204/3204 3208/3208/3208 3206/3206/3206
f 3207/3207/3207 3209/3209/3209 3204/3204/3204
f 3204/3204/3204 3209/3209/3209 3208/3208/3208
f 3212/3212/3212 3211/3211/3211 3210/3210/3210
f 3210/3210/3210 3213/3213/3213 3212/3212/3212
f 3212/3212/3212 3214/3214/3214 3211/3211/3211
f 3212/3212/3212 3213/3213/3213 3215/3215/3215
f 3212/3212/3212 3216/3216/3216 3214/3214/3214
f 3212/3212/3212 3215/3215/3215 3216/3216/3216
f 3219/3219/3219 3218/3218/3218 3217/3217/3217
f 3217/3217/3217 3220/3220/3220 3219/3219/3219
f 3219/3219/3219 3221/3221/3221 3218/3218/3218
f 3219/3219/3219 3220/3220/3220 3222/3222/3222
f 3219/3219/3219 3223/3223/3223 3221/3221/3221
f 3219/3219/3219 3222/3222/3222 3223/3223/3223
f 3226/3226/3226 3225/3225/3225 3224/3224/3224
f 3224/3224/3224 3225/3225/3225 3227/3227/3227
f 3228/3228/3228 3225/3225/3225 3226/3226/3226
f 3225/3225/3225 3229/3229/3229 3227/3227/3227
f 3228/3228/3228 3230/3230/3230 3225/3225/3225
f 3225/3225/3225 3230/3230/3230 3229/3229/3229
f 3233/3233/3233 3232/3232/3232 3231/3231/3231
f 3231/3231/3231 3234/3234/3234 3233/3233/3233
f 3233/3233/3233 3235/3235/3235 3232/3232/3232
f 3233/3233/3233 3234/3234/3234 3236/3236/3236
f 3233/3233/3233 3237/3237/3237 3235/3235/3235
f 3233/3233/3233 3236/3236/3236 3237/3237/3237
f 3240/3240/3240 3239/3239/3239 3238/3238/3238
f 3238/3238/3238 3241/3241/3241 3240/3240/3240
f 3240/3240/3240 3242/3242/3242 3239/3239/3239
f 3240/3240/3240 3241/3241/3241 3243/3243/3243
f 3240/3240/3240 3244/3244/3244 3242/3242/3242
f 3240/3240/3240 3243/3243/3243 3244/3244/3244
f 3247/3247/3247 3246/3246/3246 3245/3245/3245
f 3245/3245/3245 3246/3246/3246 3248/3248/3248
f 3248/3248/3248 3249/3249/3249 3245/3245/3245
f 3249/3249/3249 3248/3248/3248 3250/3250/3250
f 3245/3245/3245 3251/3251/3251 3247/3247/3247
f 3252/3252/3252 3249/3249/3249 3250/3250/3250
f 3247/3247/3247 3251/3251/3251 3253/3253/3253
f 3247/3247/3247 3253/3253/3253 3250/3250/3250
f 3251/3251/3251 3254/3254/3254 3253/3253/3253
f 3253/3253/3253 3255/3255/3255 3250/3250/3250
f 3250/3250/3250 3255/3255/3255 3252/3252/3252
f 3252/3252/3252 3255/3255/3255 3256/3256/3256
f 3257/3257/3257 3253/3253/3253 3254/3254/3254
f 3258/3258/3258 3252/3252/3252 3256/3256/3256
f 3257/3257/3257 3254/3254/3254 3259/3259/3259
f 3257/3257/3257 3259/3259/3259 3256/3256/3256
f 3254/3254/3254 3260/3260/3260 3259/3259/3259
f 3259/3259/3259 3261/3261/3261 3256/3256/3256
f 3256/3256/3256 3261/3261/3261 3258/3258/3258
f 3261/3261/3261 3262/3262/3262 3258/3258/3258
f 3260/3260/3260 3263/3263/3263 3259/3259/3259
f 3264/3264/3264 3258/3258/3258 3262/3262/3262
f 3263/3263/3263 3260/3260/3260 3265/3265/3265
f 3263/3263/3263 3265/3265/3265 3262/3262/3262
f 3260/3260/3260 3266/3266/3266 3265/3265/3265
f 3267/3267/3267 3265/3265/3265 3266/3266/3266
f 3268/3268/3268 3267/3267/3267 3266/3266/3266
f 3269/3269/3269 3268/3268/3268 3266/3266/3266
f 3265/3265/3265 3270/3270/3270 3262/3262/3262
f 3262/3262/3262 3270/3270/3270 3264/3264/3264
f 3268/3268/3268 3269/3269/3269 3270/3270/3270
f 3269/3269/3269 3264/3264/3264 3270/3270/3270
f 3273/3273/3273 3272/3272/3272 3271/3271/3271
f 3271/3271/3271 3272/3272/3272 3274/3274/3274
f 3274/3274/3274 3275/3275/3275 3271/3271/3271
f 3275/3275/3275 3274/3274/3274 3276/3276/3276
f 3271/3271/3271 3277/3277/3277 3273/3273/3273
f 3278/3278/3278 3275/3275/3275 3276/3276/3276
f 3273/3273/3273 3277/3277/3277 3279/3279/3279
f 3273/3273/3273 3279/3279/3279 3276/3276/3276
f 3277/3277/3277 3280/3280/3280 3279/3279/3279
f 3279/3279/3279 3281/3281/3281 3276/3276/3276
f 3276/3276/3276 3281/3281/3281 3278/3278/3278
f 3278/3278/3278 3281/3281/3281 3282/3282/3282
f 3283/3283/3283 3279/3279/3279 3280/3280/3280
f 3284/3284/3284 3278/3278/3278 3282/3282/3282
f 3283/3283/3283 3280/3280/3280 3285/3285/3285
f 3283/3283/3283 3285/3285/3285 3282/3282/3282
f 3280/3280/3280 3286/3286/3286 3285/3285/3285
f 3285/3285/3285 3287/3287/3287 3282/3282/3282
f 3282/3282/3282 3287/3287/3287 3284/3284/3284
f 3287/3287/3287 3288/3288/3288 3284/3284/3284
f 3286/3286/3286 3289/3289/3289 3285/3285/3285
f 3290/3290/3290 3284/3284/3284 3288/3288/3288
f 3289/3289/3289 3286/3286/3286 3291/3291/3291
f 3289/3289/3289 3291/3291/3291 3288/3288/3288
f 3286/3286/3286 3292/3292/3292 3291/3291/3291
f 3293/3293/3293 3291/3291/3291 3292/3292/3292
f 3294/3294/3294 3293/3293/3293 3292/3292/3292
f 3295/3295/3295 3294/3294/3294 3292/3292/3292
f 3291/3291/3291 3296/3296/3296 3288/3288/3288
f 3288/3288/3288 3296/3296/3296 3290/3290/3290
f 3294/3294/3294 3295/3295/3295 3296/3296/3296
f 3295/3295/3295 3290/3290/3290 3296/3296/3296
f 3299/3299/3299 3298/3298/3298 3297/3297/3297
f 3297/3297/3297 3298/3298/3298 3300/3300/3300
f 3300/3300/3300 3301/3301/3301 3297/3297/3297
f 3301/3301/3301 3300/3300/3300 3302/3302/3302
f 3297/3297/3297 3303/3303/3303 3299/3299/3299
f 3304/3304/3304 3301/3301/3301 3302/3302/3302
f 3299/3299/3299 3303/3303/3303 3305/3305/3305
f 3299/3299/3299 3305/3305/3305 3302/3302/3302
f 3303/3303/3303 3306/3306/3306 3305/3305/3305
f 3305/3305/3305 3307/3307/3307 3302/3302/3302
f 3302/3302/3302 3307/3307/3307 3304/3304/3304
f 3304/3304/3304 3307/3307/3307 3308/3308/3308
f 3309/3309/3309 3305/3305/3305 3306/3306/3306
f 3310/3310/3310 3304/3304/3304 3308/3308/3308
f 3309/3309/3309 3306/3306/3306 3311/3311/3311
f 3309/3309/3309 3311/3311/3311 3308/3308/3308
f 3306/3306/3306 3312/3312/3312 3311/3311/3311
f 3311/3311/3311 3313/3313/3313 3308/3308/3308
f 3308/3308/3308 3313/3313/3313 3310/3310/3310
f 3313/3313/3313 3314/3314/3314 3310/3310/3310
f 3312/3312/3312 3315/3315/3315 3311/3311/3311
f 3316/3316/3316 3310/3310/3310 3314/3314/3314
f 3315/3315/3315 3312/3312/3312 3317/3317/3317
f 3315/3315/3315 3317/3317/3317 3314/3314/3314
f 3312/3312/3312 3318/3318/3318 3317/3317/3317
f 3319/3319/3319 3317/3317/3317 3318/3318/3318
f 3320/3320/3320 3319/3319/3319 3318/3318/3318
f 3321/3321/3321 3320/3320/3320 3318/3318/3318
f 3317/3317/3317 3322/3322/3322 3314/3314/3314
f 3314/3314/3314 3322/3322/3322 3316/3316/3316
f 3320/3320/3320 3321/3321/3321 3322/3322/3322
f 3321/3321/3321 3316/3316/3316 3322/3322/3322
g default_1
f 3325/3325/3325 3324/3324/3324 3323/3323/3323
f 3328/3328/3328 3327/3327/3327 3326/3326/3326
f 3331/3331/3331 3330/3330/3330 3329/3329/3329
f 3334/3334/3334 3333/3333/3333 3332/3332/3332
f 3337/3337/3337 3336/3336/3336 3335/3335/3335
f 3340/3340/3340 3339/3339/3339 3338/3338/3338
f 3343/3343/3343 3342/3342/3342 3341/3341/3341
f 3342/3342/3342 3344/3344/3344 3341/3341/3341
f 3344/3344/3344 3345/3345/3345 3341/3341/3341
f 3348/3348/3348 3347/3347/3347 3346/3346/3346
f 3347/3347/3347 3349/3349/3349 3346/3346/3346
f 3352/3352/3352 3351/3351/3351 3350/3350/3350
f 3351/3351/3351 3353/3353/3353 3350/3350/3350
f 3356/3356/3356 3355/3355/3355 3354/3354/3354
f 3355/3355/3355 3357/3357/3357 3354/3354/3354
f 3360/3360/3360 3359/3359/3359 3358/3358/3358
f 3359/3359/3359 3361/3361/3361 3358/3358/3358
f 3364/3364/3364 3363/3363/3363 3362/3362/3362
f 3363/3363/3363 3365/3365/3365 3362/3362/3362
f 3367/3367/3367 3363/3363/3363 3366/3366/3366
f 3368/3368/3368 3367/3367/3367 3366/3366/3366
f 3371/3371/3371 3370/3370/3370 3369/3369/3369
f 3370/3370/3370 3372/3372/3372 3369/3369/3369
f 3375/3375/3375 3374/3374/3374 3373/3373/3373
f 3376/3376/3376 3375/3375/3375 3373/3373/3373
f 3375/3375/3375 3376/3376/3376 3377/3377/3377
f 3376/3376/3376 3378/3378/3378 3377/3377/3377
f 3381/3381/3381 3380/3380/3380 3379/3379/3379
f 3380/3380/3380 3382/3382/3382 3379/3379/3379
f 3385/3385/3385 3384/3384/3384 3383/3383/3383
f 3384/3384/3384 3386/3386/3386 3383/3383/3383
f 3389/3389/3389 3388/3388/3388 3387/3387/3387
f 3388/3388/3388 3390/3390/3390 3387/3387/3387
f 3393/3393/3393 3392/3392/3392 3391/3391/3391
f 3392/3392/3392 3394/3394/3394 3391/3391/3391
f 3397/3397/3397 3396/3396/3396 3395/3395/3395
f 3396/3396/3396 3398/3398/3398 3395/3395/3395
f 3401/3401/3401 3400/3400/3400 3399/3399/3399
f 3400/3400/3400 3402/3402/3402 3399/3399/3399
f 3405/3405/3405 3404/3404/3404 3403/3403/3403
f 3404/3404/3404 3406/3406/3406 3403/3403/3403
f 3409/3409/3409 3408/3408/3408 3407/3407/3407
f 3408/3408/3408 3410/3410/3410 3407/3407/3407
f 3413/3413/3413 3412/3412/3412 3411/3411/3411
f 3412/3412/3412 3414/3414/3414 3411/3411/3411
f 3417/3417/3417 3416/3416/3416 3415/3415/3415
f 3416/3416/3416 3418/3418/3418 3415/3415/3415
f 3421/3421/3421 3420/3420/3420 3419/3419/3419
f 3420/3420/3420 3422/3422/3422 3419/3419/3419
f 3422/3422/3422 3423/3423/3423 3419/3419/3419
f 3426/3426/3426 3425/3425/3425 3424/3424/3424
f 3425/3425/3425 3427/3427/3427 3424/3424/3424
f 3430/3430/3430 3429/3429/3429 3428/3428/3428
f 3429/3429/3429 3431/3431/3431 3428/3428/3428
f 3434/3434/3434 3433/3433/3433 3432/3432/3432
f 3433/3433/3433 3435/3435/3435 3432/3432/3432
f 3438/3438/3438 3437/3437/3437 3436/3436/3436
f 3437/3437/3437 3439/3439/3439 3436/3436/3436
f 3442/3442/3442 3441/3441/3441 3440/3440/3440
f 3441/3441/3441 3443/3443/3443 3440/3440/3440
f 3445/3445/3445 3441/3441/3441 3444/3444/3444
f 3446/3446/3446 3445/3445/3445 3444/3444/3444
f 3449/3449/3449 3448/3448/3448 3447/3447/3447
f 3448/3448/3448 3450/3450/3450 3447/3447/3447
f 3453/3453/3453 3452/3452/3452 3451/3451/3451
f 3454/3454/3454 3453/3453/3453 3451/3451/3451
f 3453/3453/3453 3454/3454/3454 3455/3455/3455
f 3454/3454/3454 3456/3456/3456 3455/3455/3455
f 3459/3459/3459 3458/3458/3458 3457/3457/3457
f 3458/3458/3458 3460/3460/3460 3457/3457/3457
f 3463/3463/3463 3462/3462/3462 3461/3461/3461
f 3462/3462/3462 3464/3464/3464 3461/3461/3461
f 3467/3467/3467 3466/3466/3466 3465/3465/3465
f 3466/3466/3466 3468/3468/3468 3465/3465/3465
f 3471/3471/3471 3470/3470/3470 3469/3469/3469
f 3470/3470/3470 3472/3472/3472 3469/3469/3469
f 3475/3475/3475 3474/3474/3474 3473/3473/3473
f 3474/3474/3474 3476/3476/3476 3473/3473/3473
f 3479/3479/3479 3478/3478/3478 3477/3477/3477
f 3478/3478/3478 3480/3480/3480 3477/3477/3477
f 3483/3483/3483 3482/3482/3482 3481/3481/3481
f 3482/3482/3482 3484/3484/3484 3481/3481/3481
f 3487/3487/3487 3486/3486/3486 3485/3485/3485
f 3486/3486/3486 3488/3488/3488 3485/3485/3485
f 3491/3491/3491 3490/3490/3490 3489/3489/3489
f 3490/3490/3490 3492/3492/3492 3489/3489/3489
f 3495/3495/3495 3494/3494/3494 3493/3493/3493
f 3494/3494/3494 3496/3496/3496 3493/3493/3493
f 3499/3499/3499 3498/3498/3498 3497/3497/3497
f 3498/3498/3498 3499/3499/3499 3500/3500/3500
f 3501/3501/3501 3499/3499/3499 3497/3497/3497
f 3501/3501/3501 3497/3497/3497 3502/3502/3502
f 3497/3497/3497 3503/3503/3503 3502/3502/3502
f 3499/3499/3499 3504/3504/3504 3500/3500/3500
f 3503/3503/3503 3505/3505/3505 3502/3502/3502
f 3503/3503/3503 3500/3500/3500 3505/3505/3505
f 3502/3502/3502 3505/3505/3505 3506/3506/3506
f 3500/3500/3500 3507/3507/3507 3505/3505/3505
f 3500/3500/3500 3504/3504/3504 3507/3507/3507
f 3505/3505/3505 3508/3508/3508 3506/3506/3506
f 3507/3507/3507 3504/3504/3504 3509/3509/3509
f 3508/3508/3508 3509/3509/3509 3506/3506/3506
f 3504/3504/3504 3510/3510/3510 3509/3509/3509
f 3509/3509/3509 3510/3510/3510 3506/3506/3506
f 3513/3513/3513 3512/3512/3512 3511/3511/3511
f 3512/3512/3512 3513/3513/3513 3514/3514/3514
f 3515/3515/3515 3513/3513/3513 3511/3511/3511
f 3515/3515/3515 3511/3511/3511 3516/3516/3516
f 3511/3511/3511 3517/3517/3517 3516/3516/3516
f 3513/3513/3513 3518/3518/3518 3514/3514/3514
f 3517/3517/3517 3519/3519/3519 3516/3516/3516
f 3517/3517/3517 3514/3514/3514 3519/3519/3519
f 3516/3516/3516 3519/3519/3519 3520/3520/3520
f 3514/3514/3514 3521/3521/3521 3519/3519/3519
f 3514/3514/3514 3518/3518/3518 3521/3521/3521
f 3519/3519/3519 3522/3522/3522 3520/3520/3520
f 3521/3521/3521 3518/3518/3518 3523/3523/3523
f 3522/3522/3522 3523/3523/3523 3520/3520/3520
f 3518/3518/3518 3524/3524/3524 3523/3523/3523
f 3523/3523/3523 3524/3524/3524 3520/3520/3520
g default_2
f 3527/3527/3527 3526/3526/3526 3525/3525/3525
f 3530/3530/3530 3529/3529/3529 3528/3528/3528
f 3533/3533/3533 3532/3532/3532 3531/3531/3531
f 3536/3536/3536 3535/3535/3535 3534/3534/3534
f 3539/3539/3539 3538/3538/3538 3537/3537/3537
f 3542/3542/3542 3541/3541/3541 3540/3540/3540
f 3545/3545/3545 3544/3544/3544 3543/3543/3543
f 3548/3548/3548 3547/3547/3547 3546/3546/3546
f 3551/3551/3551 3550/3550/3550 3549/3549/3549
f 3554/3554/3554 3553/3553/3553 3552/3552/3552
f 3557/3557/3557 3556/3556/3556 3555/3555/3555
f 3560/3560/3560 3559/3559/3559 3558/3558/3558
f 3563/3563/3563 3562/3562/3562 3561/3561/3561
f 3566/3566/3566 3565/3565/3565 3564/3564/3564
f 3569/3569/3569 3568/3568/3568 3567/3567/3567
f 3572/3572/3572 3571/3571/3571 3570/3570/3570
f 3575/3575/3575 3574/3574/3574 3573/3573/3573
f 3573/3573/3573 3574/3574/3574 3576/3576/3576
f 3579/3579/3579 3578/3578/3578 3577/3577/3577
f 3577/3577/3577 3578/3578/3578 3580/3580/3580
f 3583/3583/3583 3582/3582/3582 3581/3581/3581
f 3582/3582/3582 3583/3583/3583 3584/3584/3584
f 3587/3587/3587 3586/3586/3586 3585/3585/3585
f 3585/3585/3585 3588/3588/3588 3587/3587/3587
f 3591/3591/3591 3590/3590/3590 3589/3589/3589
f 3591/3591/3591 3592/3592/3592 3590/3590/3590
f 3592/3592/3592 3591/3591/3591 3593/3593/3593
f 3593/3593/3593 3591/3591/3591 3594/3594/3594
f 3594/3594/3594 3591/3591/3591 3595/3595/3595
f 3595/3595/3595 3591/3591/3591 3596/3596/3596
f 3599/3599/3599 3598/3598/3598 3597/3597/3597
f 3600/3600/3600 3598/3598/3598 3599/3599/3599
f 3600/3600/3600 3599/3599/3599 3601/3601/3601
f 3604/3604/3604 3603/3603/3603 3602/3602/3602
f 3604/3604/3604 3602/3602/3602 3605/3605/3605
f 3608/3608/3608 3607/3607/3607 3606/3606/3606
f 3608/3608/3608 3606/3606/3606 3609/3609/3609
f 3612/3612/3612 3611/3611/3611 3610/3610/3610
f 3610/3610/3610 3611/3611/3611 3613/3613/3613
f 3616/3616/3616 3615/3615/3615 3614/3614/3614
f 3616/3616/3616 3617/3617/3617 3615/3615/3615
f 3618/3618/3618 3617/3617/3617 3616/3616/3616
f 3621/3621/3621 3620/3620/3620 3619/3619/3619
f 3620/3620/3620 3622/3622/3622 3619/3619/3619
f 3622/3622/3622 3620/3620/3620 3623/3623/3623
f 3623/3623/3623 3620/3620/3620 3624/3624/3624
f 3624/3624/3624 3620/3620/3620 3625/3625/3625
f 3625/3625/3625 3620/3620/3620 3626/3626/3626
f 3620/3620/3620 3627/3627/3627 3626/3626/3626
f 3630/3630/3630 3629/3629/3629 3628/3628/3628
f 3630/3630/3630 3628/3628/3628 3631/3631/3631
f 3634/3634/3634 3633/3633/3633 3632/3632/3632
f 3635/3635/3635 3634/3634/3634 3632/3632/3632
f 3634/3634/3634 3635/3635/3635 3636/3636/3636
f 3637/3637/3637 3634/3634/3634 3636/3636/3636
f 3638/3638/3638 3634/3634/3634 3637/3637/3637
f 3634/3634/3634 3638/3638/3638 3639/3639/3639
f 3640/3640/3640 3634/3634/3634 3639/3639/3639
f 3643/3643/3643 3642/3642/3642 3641/3641/3641
f 3644/3644/3644 3642/3642/3642 3643/3643/3643
f 3642/3642/3642 3644/3644/3644 3645/3645/3645
f 3645/3645/3645 3644/3644/3644 3646/3646/3646
f 3644/3644/3644 3647/3647/3647 3646/3646/3646
f 3646/3646/3646 3647/3647/3647 3648/3648/3648
f 3651/3651/3651 3650/3650/3650 3649/3649/3649
f 3651/3651/3651 3652/3652/3652 3650/3650/3650
f 3651/3651/3651 3653/3653/3653 3652/3652/3652
f 3652/3652/3652 3653/3653/3653 3654/3654/3654
f 3657/3657/3657 3656/3656/3656 3655/3655/3655
f 3658/3658/3658 3656/3656/3656 3657/3657/3657
f 3658/3658/3658 3657/3657/3657 3659/3659/3659
f 3659/3659/3659 3657/3657/3657 3660/3660/3660
f 3659/3659/3659 3660/3660/3660 3661/3661/3661
f 3659/3659/3659 3661/3661/3661 3662/3662/3662
f 3663/3663/3663 3659/3659/3659 3662/3662/3662
f 3658/3658/3658 3664/3664/3664 3656/3656/3656
f 3664/3664/3664 3658/3658/3658 3659/3659/3659
f 3664/3664/3664 3665/3665/3665 3656/3656/3656
f 3665/3665/3665 3664/3664/3664 3666/3666/3666
f 3667/3667/3667 3664/3664/3664 3659/3659/3659
f 3667/3667/3667 3659/3659/3659 3663/3663/3663
f 3667/3667/3667 3663/3663/3663 3668/3668/3668
f 3669/3669/3669 3668/3668/3668 3663/3663/3663
f 3670/3670/3670 3666/3666/3666 3664/3664/3664
f 3670/3670/3670 3671/3671/3671 3666/3666/3666
f 3670/3670/3670 3668/3668/3668 3671/3671/3671
f 3666/3666/3666 3671/3671/3671 3672/3672/3672
f 3671/3671/3671 3673/3673/3673 3672/3672/3672
f 3671/3671/3671 3674/3674/3674 3673/3673/3673
f 3668/3668/3668 3669/3669/3669 3675/3675/3675
f 3671/3671/3671 3676/3676/3676 3674/3674/3674
f 3676/3676/3676 3675/3675/3675 3677/3677/3677
f 3678/3678/3678 3668/3668/3668 3675/3675/3675
f 3668/3668/3668 3678/3678/3678 3671/3671/3671
f 3678/3678/3678 3675/3675/3675 3676/3676/3676
f 3678/3678/3678 3676/3676/3676 3671/3671/3671
f 3681/3681/3681 3680/3680/3680 3679/3679/3679
f 3681/3681/3681 3679/3679/3679 3682/3682/3682
f 3685/3685/3685 3684/3684/3684 3683/3683/3683
f 3686/3686/3686 3685/3685/3685 3683/3683/3683
f 3689/3689/3689 3688/3688/3688 3687/3687/3687
f 3689/3689/3689 3687/3687/3687 3690/3690/3690
f 3693/3693/3693 3692/3692/3692 3691/3691/3691
f 3693/3693/3693 3691/3691/3691 3694/3694/3694
f 3697/3697/3697 3696/3696/3696 3695/3695/3695
f 3696/3696/3696 3697/3697/3697 3698/3698/3698
f 3701/3701/3701 3700/3700/3700 3699/3699/3699
f 3701/3701/3701 3702/3702/3702 3700/3700/3700
f 3705/3705/3705 3704/3704/3704 3703/3703/3703
f 3704/3704/3704 3706/3706/3706 3703/3703/3703
f 3709/3709/3709 3708/3708/3708 3707/3707/3707
f 3708/3708/3708 3709/3709/3709 3710/3710/3710
f 3710/3710/3710 3711/3711/3711 3708/3708/3708
f 3708/3708/3708 3711/3711/3711 3712/3712/3712
f 3708/3708/3708 3712/3712/3712 3713/3713/3713
f 3716/3716/3716 3715/3715/3715 3714/3714/3714
f 3716/3716/3716 3714/3714/3714 3717/3717/3717
f 3720/3720/3720 3719/3719/3719 3718/3718/3718
f 3720/3720/3720 3718/3718/3718 3721/3721/3721
f 3720/3720/3720 3721/3721/3721 3722/3722/3722
f 3722/3722/3722 3723/3723/3723 3720/3720/3720
f 3720/3720/3720 3723/3723/3723 3724/3724/3724
f 3727/3727/3727 3726/3726/3726 3725/3725/3725
f 3726/3726/3726 3728/3728/3728 3725/3725/3725
f 3731/3731/3731 3730/3730/3730 3729/3729/3729
f 3730/3730/3730 3732/3732/3732 3729/3729/3729
f 3735/3735/3735 3734/3734/3734 3733/3733/3733
f 3734/3734/3734 3736/3736/3736 3733/3733/3733
f 3739/3739/3739 3738/3738/3738 3737/3737/3737
f 3738/3738/3738 3740/3740/3740 3737/3737/3737
f 3743/3743/3743 3742/3742/3742 3741/3741/3741
f 3742/3742/3742 3744/3744/3744 3741/3741/3741
f 3747/3747/3747 3746/3746/3746 3745/3745/3745
f 3746/3746/3746 3748/3748/3748 3745/3745/3745
f 3751/3751/3751 3750/3750/3750 3749/3749/3749
f 3750/3750/3750 3752/3752/3752 3749/3749/3749
f 3755/3755/3755 3754/3754/3754 3753/3753/3753
f 3754/3754/3754 3756/3756/3756 3753/3753/3753
f 3759/3759/3759 3758/3758/3758 3757/3757/3757
f 3758/3758/3758 3760/3760/3760 3757/3757/3757
f 3763/3763/3763 3762/3762/3762 3761/3761/3761
f 3762/3762/3762 3764/3764/3764 3761/3761/3761
f 3767/3767/3767 3766/3766/3766 3765/3765/3765
f 3766/3766/3766 3768/3768/3768 3765/3765/3765
f 3771/3771/3771 3770/3770/3770 3769/3769/3769
f 3770/3770/3770 3772/3772/3772 3769/3769/3769
f 3775/3775/3775 3774/3774/3774 3773/3773/3773
f 3774/3774/3774 3776/3776/3776 3773/3773/3773
f 3779/3779/3779 3778/3778/3778 3777/3777/3777
f 3778/3778/3778 3780/3780/3780 3777/3777/3777
f 3783/3783/3783 3782/3782/3782 3781/3781/3781
f 3783/3783/3783 3784/3784/3784 3782/3782/3782
f 3787/3787/3787 3786/3786/3786 3785/3785/3785
f 3786/3786/3786 3788/3788/3788 3785/3785/3785
f 3791/3791/3791 3790/3790/3790 3789/3789/3789
f 3790/3790/3790 3791/3791/3791 3792/3792/3792
f 3792/3792/3792 3793/3793/3793 3790/3790/3790
f 3790/3790/3790 3793/3793/3793 3794/3794/3794
f 3790/3790/3790 3794/3794/3794 3795/3795/3795
f 3798/3798/3798 3797/3797/3797 3796/3796/3796
f 3798/3798/3798 3796/3796/3796 3799/3799/3799
f 3802/3802/3802 3801/3801/3801 3800/3800/3800
f 3802/3802/3802 3800/3800/3800 3803/3803/3803
f 3802/3802/3802 3803/3803/3803 3804/3804/3804
f 3804/3804/3804 3805/3805/3805 3802/3802/3802
f 3802/3802/3802 3805/3805/3805 3806/3806/3806
f 3809/3809/3809 3808/3808/3808 3807/3807/3807
f 3808/3808/3808 3810/3810/3810 3807/3807/3807
f 3813/3813/3813 3812/3812/3812 3811/3811/3811
f 3812/3812/3812 3814/3814/3814 3811/3811/3811
f 3817/3817/3817 3816/3816/3816 3815/3815/3815
f 3816/3816/3816 3818/3818/3818 3815/3815/3815
f 3821/3821/3821 3820/3820/3820 3819/3819/3819
f 3820/3820/3820 3822/3822/3822 3819/3819/3819
f 3825/3825/3825 3824/3824/3824 3823/3823/3823
f 3824/3824/3824 3826/3826/3826 3823/3823/3823
f 3829/3829/3829 3828/3828/3828 3827/3827/3827
f 3828/3828/3828 3830/3830/3830 3827/3827/3827
f 3833/3833/3833 3832/3832/3832 3831/3831/3831
f 3832/3832/3832 3834/3834/3834 3831/3831/3831
f 3837/3837/3837 3836/3836/3836 3835/3835/3835
f 3836/3836/3836 3838/3838/3838 3835/3835/3835
f 3841/3841/3841 3840/3840/3840 3839/3839/3839
f 3840/3840/3840 3842/3842/3842 3839/3839/3839
f 3845/3845/3845 3844/3844/3844 3843/3843/3843
f 3844/3844/3844 3846/3846/3846 3843/3843/3843
f 3849/3849/3849 3848/3848/3848 3847/3847/3847
f 3848/3848/3848 3850/3850/3850 3847/3847/3847
f 3853/3853/3853 3852/3852/3852 3851/3851/3851
f 3852/3852/3852 3854/3854/3854 3851/3851/3851
f 3857/3857/3857 3856/3856/3856 3855/3855/3855
f 3856/3856/3856 3858/3858/3858 3855/3855/3855
f 3861/3861/3861 3860/3860/3860 3859/3859/3859
f 3860/3860/3860 3862/3862/3862 3859/3859/3859
f 3865/3865/3865 3864/3864/3864 3863/3863/3863
f 3863/3863/3863 3864/3864/3864 3866/3866/3866
f 3869/3869/3869 3868/3868/3868 3867/3867/3867
f 3867/3867/3867 3868/3868/3868 3870/3870/3870
f 3873/3873/3873 3872/3872/3872 3871/3871/3871
f 3872/3872/3872 3873/3873/3873 3874/3874/3874
f 3877/3877/3877 3876/3876/3876 3875/3875/3875
f 3875/3875/3875 3878/3878/3878 3877/3877/3877
f 3881/3881/3881 3880/3880/3880 3879/3879/3879
f 3881/3881/3881 3882/3882/3882 3880/3880/3880
f 3882/3882/3882 3881/3881/3881 3883/3883/3883
f 3883/3883/3883 3881/3881/3881 3884/3884/3884
f 3884/3884/3884 3881/3881/3881 3885/3885/3885
f 3885/3885/3885 3881/3881/3881 3886/3886/3886
f 3889/3889/3889 3888/3888/3888 3887/3887/3887
f 3890/3890/3890 3888/3888/3888 3889/3889/3889
f 3890/3890/3890 3889/3889/3889 3891/3891/3891
f 3894/3894/3894 3893/3893/3893 3892/3892/3892
f 3894/3894/3894 3892/3892/3892 3895/3895/3895
f 3898/3898/3898 3897/3897/3897 3896/3896/3896
f 3898/3898/3898 3896/3896/3896 3899/3899/3899
f 3902/3902/3902 3901/3901/3901 3900/3900/3900
f 3900/3900/3900 3901/3901/3901 3903/3903/3903
f 3906/3906/3906 3905/3905/3905 3904/3904/3904
f 3906/3906/3906 3907/3907/3907 3905/3905/3905
f 3908/3908/3908 3907/3907/3907 3906/3906/3906
f 3911/3911/3911 3910/3910/3910 3909/3909/3909
f 3910/3910/3910 3912/3912/3912 3909/3909/3909
f 3912/3912/3912 3910/3910/3910 3913/3913/3913
f 3913/3913/3913 3910/3910/3910 3914/3914/3914
f 3914/3914/3914 3910/3910/3910 3915/3915/3915
f 3915/3915/3915 3910/3910/3910 3916/3916/3916
f 3910/3910/3910 3917/3917/3917 3916/3916/3916
f 3920/3920/3920 3919/3919/3919 3918/3918/3918
f 3920/3920/3920 3918/3918/3918 3921/3921/3921
f 3924/3924/3924 3923/3923/3923 3922/3922/3922
f 3925/3925/3925 3924/3924/3924 3922/3922/3922
f 3924/3924/3924 3925/3925/3925 3926/3926/3926
f 3927/3927/3927 3924/3924/3924 3926/3926/3926
f 3928/3928/3928 3924/3924/3924 3927/3927/3927
f 3924/3924/3924 3928/3928/3928 3929/3929/3929
f 3930/3930/3930 3924/3924/3924 3929/3929/3929
f 3933/3933/3933 3932/3932/3932 3931/3931/3931
f 3934/3934/3934 3932/3932/3932 3933/3933/3933
f 3932/3932/3932 3934/3934/3934 3935/3935/3935
f 3935/3935/3935 3934/3934/3934 3936/3936/3936
f 3934/3934/3934 3937/3937/3937 3936/3936/3936
f 3936/3936/3936 3937/3937/3937 3938/3938/3938
f 3941/3941/3941 3940/3940/3940 3939/3939/3939
f 3941/3941/3941 3942/3942/3942 3940/3940/3940
f 3941/3941/3941 3943/3943/3943 3942/3942/3942
f 3942/3942/3942 3943/3943/3943 3944/3944/3944
f 3947/3947/3947 3946/3946/3946 3945/3945/3945
f 3948/3948/3948 3946/3946/3946 3947/3947/3947
f 3948/3948/3948 3947/3947/3947 3949/3949/3949
f 3949/3949/3949 3947/3947/3947 3950/3950/3950
f 3949/3949/3949 3950/3950/3950 3951/3951/3951
f 3949/3949/3949 3951/3951/3951 3952/3952/3952
f 3953/3953/3953 3949/3949/3949 3952/3952/3952
f 3948/3948/3948 3954/3954/3954 3946/3946/3946
f 3954/3954/3954 3948/3948/3948 3949/3949/3949
f 3954/3954/3954 3955/3955/3955 3946/3946/3946
f 3955/3955/3955 3954/3954/3954 3956/3956/3956
f 3957/3957/3957 3954/3954/3954 3949/3949/3949
f 3957/3957/3957 3949/3949/3949 3953/3953/3953
f 3957/3957/3957 3953/3953/3953 3958/3958/3958
f 3959/3959/3959 3958/3958/3958 3953/3953/3953
f 3960/3960/3960 3956/3956/3956 3954/3954/3954
f 3960/3960/3960 3961/3961/3961 3956/3956/3956
f 3960/3960/3960 3958/3958/3958 3961/3961/3961
f 3956/3956/3956 3961/3961/3961 3962/3962/3962
f 3961/3961/3961 3963/3963/3963 3962/3962/3962
f 3961/3961/3961 3964/3964/3964 3963/3963/3963
f 3958/3958/3958 3959/3959/3959 3965/3965/3965
f 3961/3961/3961 3966/3966/3966 3964/3964/3964
f 3966/3966/3966 3965/3965/3965 3967/3967/3967
f 3968/3968/3968 3958/3958/3958 3965/3965/3965
f 3958/3958/3958 3968/3968/3968 3961/3961/3961
f 3968/3968/3968 3965/3965/3965 3966/3966/3966
f 3968/3968/3968 3966/3966/3966 3961/3961/3961
f 3971/3971/3971 3970/3970/3970 3969/3969/3969
f 3971/3971/3971 3969/3969/3969 3972/3972/3972
f 3975/3975/3975 3974/3974/3974 3973/3973/3973
f 3976/3976/3976 3975/3975/3975 3973/3973/3973
f 3979/3979/3979 3978/3978/3978 3977/3977/3977
f 3979/3979/3979 3977/3977/3977 3980/3980/3980
f 3983/3983/3983 3982/3982/3982 3981/3981/3981
f 3983/3983/3983 3981/3981/3981 3984/3984/3984
f 3987/3987/3987 3986/3986/3986 3985/3985/3985
f 3986/3986/3986 3987/3987/3987 3988/3988/3988
f 3991/3991/3991 3990/3990/3990 3989/3989/3989
f 3990/3990/3990 3992/3992/3992 3989/3989/3989
f 3990/3990/3990 3991/3991/3991 3993/3993/3993
f 3992/3992/3992 3990/3990/3990 3994/3994/3994
f 3995/3995/3995 3990/3990/3990 3993/3993/3993
f 3990/3990/3990 3996/3996/3996 3994/3994/3994
f 3990/3990/3990 3995/3995/3995 3997/3997/3997
f 3996/3996/3996 3990/3990/3990 3997/3997/3997
f 4000/4000/4000 3999/3999/3999 3998/3998/3998
f 3999/3999/3999 4001/4001/4001 3998/3998/3998
f 4000/4000/4000 3998/3998/3998 4002/4002/4002
f 4003/4003/4003 4000/4000/4000 4002/4002/4002
f 4004/4004/4004 4003/4003/4003 4002/4002/4002
f 4001/4001/4001 4005/4005/4005 3998/3998/3998
f 4001/4001/4001 4006/4006/4006 4005/4005/4005
f 4006/4006/4006 4007/4007/4007 4005/4005/4005
f 4004/4004/4004 4002/4002/4002 4008/4008/4008
f 4007/4007/4007 4008/4008/4008 4005/4005/4005
f 4009/4009/4009 4004/4004/4004 4008/4008/4008
f 4007/4007/4007 4009/4009/4009 4008/4008/4008
f 4012/4012/4012 4011/4011/4011 4010/4010/4010
f 4011/4011/4011 4013/4013/4013 4010/4010/4010
f 4011/4011/4011 4012/4012/4012 4014/4014/4014
f 4013/4013/4013 4011/4011/4011 4015/4015/4015
f 4016/4016/4016 4011/4011/4011 4014/4014/4014
f 4011/4011/4011 4017/4017/4017 4015/4015/4015
f 4011/4011/4011 4016/4016/4016 4018/4018/4018
f 4017/4017/4017 4011/4011/4011 4018/4018/4018
f 4021/4021/4021 4020/4020/4020 4019/4019/4019
f 4020/4020/4020 4022/4022/4022 4019/4019/4019
f 4021/4021/4021 4019/4019/4019 4023/4023/4023
f 4024/4024/4024 4021/4021/4021 4023/4023/4023
f 4025/4025/4025 4024/4024/4024 4023/4023/4023
f 4022/4022/4022 4026/4026/4026 4019/4019/4019
f 4022/4022/4022 4027/4027/4027 4026/4026/4026
f 4027/4027/4027 4028/4028/4028 4026/4026/4026
f 4025/4025/4025 4023/4023/4023 4029/4029/4029
f 4028/4028/4028 4029/4029/4029 4026/4026/4026
f 4030/4030/4030 4025/4025/4025 4029/4029/4029
f 4028/4028/4028 4030/4030/4030 4029/4029/4029
g default_3
f 4033/4033/4033 4032/4032/4032 4031/4031/4031
f 4036/4036/4036 4035/4035/4035 4034/4034/4034
f 4039/4039/4039 4038/4038/4038 4037/4037/4037
f 4038/4038/4038 4040/4040/4040 4037/4037/4037
f 4043/4043/4043 4042/4042/4042 4041/4041/4041
f 4042/4042/4042 4044/4044/4044 4041/4041/4041
f 4047/4047/4047 4046/4046/4046 4045/4045/4045
f 4046/4046/4046 4048/4048/4048 4045/4045/4045
f 4051/4051/4051 4050/4050/4050 4049/4049/4049
f 4050/4050/4050 4052/4052/4052 4049/4049/4049
f 4055/4055/4055 4054/4054/4054 4053/4053/4053
f 4054/4054/4054 4056/4056/4056 4053/4053/4053
f 4059/4059/4059 4058/4058/4058 4057/4057/4057
f 4058/4058/4058 4060/4060/4060 4057/4057/4057
f 4063/4063/4063 4062/4062/4062 4061/4061/4061
f 4062/4062/4062 4064/4064/4064 4061/4061/4061
f 4067/4067/4067 4066/4066/4066 4065/4065/4065
f 4066/4066/4066 4068/4068/4068 4065/4065/4065
f 4071/4071/4071 4070/4070/4070 4069/4069/4069
f 4070/4070/4070 4072/4072/4072 4069/4069/4069
f 4075/4075/4075 4074/4074/4074 4073/4073/4073
f 4074/4074/4074 4076/4076/4076 4073/4073/4073
f 4079/4079/4079 4078/4078/4078 4077/4077/4077
f 4078/4078/4078 4080/4080/4080 4077/4077/4077
f 4083/4083/4083 4082/4082/4082 4081/4081/4081
f 4082/4082/4082 4084/4084/4084 4081/4081/4081
f 4087/4087/4087 4086/4086/4086 4085/4085/4085
f 4086/4086/4086 4088/4088/4088 4085/4085/4085
f 4091/4091/4091 4090/4090/4090 4089/4089/4089
f 4090/4090/4090 4092/4092/4092 4089/4089/4089
f 4092/4092/4092 4093/4093/4093 4089/4089/4089
f 4093/4093/4093 4094/4094/4094 4089/4089/4089
f 4097/4097/4097 4096/4096/4096 4095/4095/4095
f 4096/4096/4096 4098/4098/4098 4095/4095/4095
f 4101/4101/4101 4100/4100/4100 4099/4099/4099
f 4102/4102/4102 4100/4100/4100 4101/4101/4101
f 4103/4103/4103 4102/4102/4102 4101/4101/4101
f 4102/4102/4102 4103/4103/4103 4104/4104/4104
f 4105/4105/4105 4101/4101/4101 4104/4104/4104
f 4103/4103/4103 4106/4106/4106 4104/4104/4104
f 4107/4107/4107 4105/4105/4105 4104/4104/4104
f 4106/4106/4106 4108/4108/4108 4104/4104/4104
f 4108/4108/4108 4107/4107/4107 4104/4104/4104
f 4109/4109/4109 4107/4107/4107 4108/4108/4108
f 4110/4110/4110 4109/4109/4109 4108/4108/4108
f 4109/4109/4109 4110/4110/4110 4111/4111/4111
f 4113/4113/4113 4112/4112/4112 4111/4111/4111
f 4112/4112/4112 4114/4114/4114 4111/4111/4111
f 4117/4117/4117 4116/4116/4116 4115/4115/4115
f 4116/4116/4116 4118/4118/4118 4115/4115/4115
f 4121/4121/4121 4120/4120/4120 4119/4119/4119
f 4120/4120/4120 4122/4122/4122 4119/4119/4119
f 4120/4120/4120 4123/4123/4123 4122/4122/4122
f 4123/4123/4123 4124/4124/4124 4122/4122/4122
f 4127/4127/4127 4126/4126/4126 4125/4125/4125
f 4126/4126/4126 4128/4128/4128 4125/4125/4125
f 4131/4131/4131 4130/4130/4130 4129/4129/4129
f 4130/4130/4130 4132/4132/4132 4129/4129/4129
f 4130/4130/4130 4133/4133/4133 4132/4132/4132
f 4133/4133/4133 4134/4134/4134 4132/4132/4132
f 4137/4137/4137 4136/4136/4136 4135/4135/4135
f 4136/4136/4136 4138/4138/4138 4135/4135/4135
f 4141/4141/4141 4140/4140/4140 4139/4139/4139
f 4140/4140/4140 4142/4142/4142 4139/4139/4139
f 4145/4145/4145 4144/4144/4144 4143/4143/4143
f 4144/4144/4144 4146/4146/4146 4143/4143/4143
f 4149/4149/4149 4148/4148/4148 4147/4147/4147
f 4148/4148/4148 4150/4150/4150 4147/4147/4147
f 4153/4153/4153 4152/4152/4152 4151/4151/4151
f 4152/4152/4152 4154/4154/4154 4151/4151/4151
f 4157/4157/4157 4156/4156/4156 4155/4155/4155
f 4156/4156/4156 4158/4158/4158 4155/4155/4155
f 4161/4161/4161 4160/4160/4160 4159/4159/4159
f 4160/4160/4160 4162/4162/4162 4159/4159/4159
f 4165/4165/4165 4164/4164/4164 4163/4163/4163
f 4164/4164/4164 4166/4166/4166 4163/4163/4163
f 4169/4169/4169 4168/4168/4168 4167/4167/4167
f 4168/4168/4168 4170/4170/4170 4167/4167/4167
f 4173/4173/4173 4172/4172/4172 4171/4171/4171
f 4172/4172/4172 4174/4174/4174 4171/4171/4171
f 4177/4177/4177 4176/4176/4176 4175/4175/4175
f 4176/4176/4176 4178/4178/4178 4175/4175/4175
f 4181/4181/4181 4180/4180/4180 4179/4179/4179
f 4180/4180/4180 4182/4182/4182 4179/4179/4179
f 4185/4185/4185 4184/4184/4184 4183/4183/4183
f 4184/4184/4184 4186/4186/4186 4183/4183/4183
f 4189/4189/4189 4188/4188/4188 4187/4187/4187
f 4188/4188/4188 4190/4190/4190 4187/4187/4187
f 4193/4193/4193 4192/4192/4192 4191/4191/4191
f 4192/4192/4192 4194/4194/4194 4191/4191/4191
f 4197/4197/4197 4196/4196/4196 4195/4195/4195
f 4196/4196/4196 4198/4198/4198 4195/4195/4195
f 4201/4201/4201 4200/4200/4200 4199/4199/4199
f 4200/4200/4200 4202/4202/4202 4199/4199/4199
f 4205/4205/4205 4204/4204/4204 4203/4203/4203
f 4204/4204/4204 4206/4206/4206 4203/4203/4203
f 4209/4209/4209 4208/4208/4208 4207/4207/4207
f 4208/4208/4208 4210/4210/4210 4207/4207/4207
f 4213/4213/4213 4212/4212/4212 4211/4211/4211
f 4212/4212/4212 4214/4214/4214 4211/4211/4211
f 4217/4217/4217 4216/4216/4216 4215/4215/4215
f 4216/4216/4216 4218/4218/4218 4215/4215/4215
f 4219/4219/4219 4216/4216/4216 4217/4217/4217
f 4215/4215/4215 4218/4218/4218 4220/4220/4220
f 4221/4221/4221 4219/4219/4219 4217/4217/4217
f 4218/4218/4218 4222/4222/4222 4220/4220/4220
f 4222/4222/4222 4219/4219/4219 4221/4221/4221
f 4220/4220/4220 4222/4222/4222 4221/4221/4221
g default_4
f 4225/4225/4225 4224/4224/4224 4223/4223/4223
f 4228/4228/4228 4227/4227/4227 4226/4226/4226
f 4231/4231/4231 4230/4230/4230 4229/4229/4229
f 4234/4234/4234 4233/4233/4233 4232/4232/4232
f 4237/4237/4237 4236/4236/4236 4235/4235/4235
f 4240/4240/4240 4239/4239/4239 4238/4238/4238
f 4243/4243/4243 4242/4242/4242 4241/4241/4241
f 4246/4246/4246 4245/4245/4245 4244/4244/4244
f 4249/4249/4249 4248/4248/4248 4247/4247/4247
f 4252/4252/4252 4251/4251/4251 4250/4250/4250
f 4255/4255/4255 4254/4254/4254 4253/4253/4253
f 4258/4258/4258 4257/4257/4257 4256/4256/4256
f 4261/4261/4261 4260/4260/4260 4259/4259/4259
f 4264/4264/4264 4263/4263/4263 4262/4262/4262
f 4267/4267/4267 4266/4266/4266 4265/4265/4265
f 4270/4270/4270 4269/4269/4269 4268/4268/4268
f 4273/4273/4273 4272/4272/4272 4271/4271/4271
f 4276/4276/4276 4275/4275/4275 4274/4274/4274
f 4279/4279/4279 4278/4278/4278 4277/4277/4277
f 4282/4282/4282 4281/4281/4281 4280/4280/4280
f 4285/4285/4285 4284/4284/4284 4283/4283/4283
f 4288/4288/4288 4287/4287/4287 4286/4286/4286
f 4291/4291/4291 4290/4290/4290 4289/4289/4289
f 4294/4294/4294 4293/4293/4293 4292/4292/4292
f 4297/4297/4297 4296/4296/4296 4295/4295/4295
f 4300/4300/4300 4299/4299/4299 4298/4298/4298
f 4303/4303/4303 4302/4302/4302 4301/4301/4301
f 4306/4306/4306 4305/4305/4305 4304/4304/4304
f 4309/4309/4309 4308/4308/4308 4307/4307/4307
f 4312/4312/4312 4311/4311/4311 4310/4310/4310
f 4315/4315/4315 4314/4314/4314 4313/4313/4313
f 4318/4318/4318 4317/4317/4317 4316/4316/4316
f 4321/4321/4321 4320/4320/4320 4319/4319/4319
f 4324/4324/4324 4323/4323/4323 4322/4322/4322
f 4327/4327/4327 4326/4326/4326 4325/4325/4325
f 4330/4330/4330 4329/4329/4329 4328/4328/4328
f 4333/4333/4333 4332/4332/4332 4331/4331/4331
f 4336/4336/4336 4335/4335/4335 4334/4334/4334
f 4339/4339/4339 4338/4338/4338 4337/4337/4337
f 4342/4342/4342 4341/4341/4341 4340/4340/4340
f 4345/4345/4345 4344/4344/4344 4343/4343/4343
f 4348/4348/4348 4347/4347/4347 4346/4346/4346
f 4351/4351/4351 4350/4350/4350 4349/4349/4349
f 4354/4354/4354 4353/4353/4353 4352/4352/4352
f 4357/4357/4357 4356/4356/4356 4355/4355/4355
f 4360/4360/4360 4359/4359/4359 4358/4358/4358
f 4363/4363/4363 4362/4362/4362 4361/4361/4361
f 4366/4366/4366 4365/4365/4365 4364/4364/4364
f 4369/4369/4369 4368/4368/4368 4367/4367/4367
f 4372/4372/4372 4371/4371/4371 4370/4370/4370
f 4375/4375/4375 4374/4374/4374 4373/4373/4373
f 4378/4378/4378 4377/4377/4377 4376/4376/4376
f 4381/4381/4381 4380/4380/4380 4379/4379/4379
f 4384/4384/4384 4383/4383/4383 4382/4382/4382
f 4387/4387/4387 4386/4386/4386 4385/4385/4385
f 4390/4390/4390 4389/4389/4389 4388/4388/4388
f 4393/4393/4393 4392/4392/4392 4391/4391/4391
f 4396/4396/4396 4395/4395/4395 4394/4394/4394
f 4399/4399/4399 4398/4398/4398 4397/4397/4397
f 4402/4402/4402 4401/4401/4401 4400/4400/4400
f 4405/4405/4405 4404/4404/4404 4403/4403/4403
f 4408/4408/4408 4407/4407/4407 4406/4406/4406
f 4411/4411/4411 4410/4410/4410 4409/4409/4409
f 4414/4414/4414 4413/4413/4413 4412/4412/4412
f 4417/4417/4417 4416/4416/4416 4415/4415/4415
f 4417/4417/4417 4418/4418/4418 4416/4416/4416
f 4419/4419/4419 4416/4416/4416 4418/4418/4418
f 4419/4419/4419 4418/4418/4418 4420/4420/4420
f 4421/4421/4421 4419/4419/4419 4420/4420/4420
f 4421/4421/4421 4420/4420/4420 4422/4422/4422
f 4423/4423/4423 4421/4421/4421 4422/4422/4422
f 4423/4423/4423 4422/4422/4422 4424/4424/4424
f 4427/4427/4427 4426/4426/4426 4425/4425/4425
f 4427/4427/4427 4428/4428/4428 4426/4426/4426
f 4431/4431/4431 4430/4430/4430 4429/4429/4429
f 4431/4431/4431 4432/4432/4432 4430/4430/4430
f 4435/4435/4435 4434/4434/4434 4433/4433/4433
f 4435/4435/4435 4436/4436/4436 4434/4434/4434
f 4439/4439/4439 4438/4438/4438 4437/4437/4437
f 4439/4439/4439 4440/4440/4440 4438/4438/4438
f 4443/4443/4443 4442/4442/4442 4441/4441/4441
f 4443/4443/4443 4444/4444/4444 4442/4442/4442
f 4447/4447/4447 4446/4446/4446 4445/4445/4445
f 4447/4447/4447 4448/4448/4448 4446/4446/4446
f 4451/4451/4451 4450/4450/4450 4449/4449/4449
f 4451/4451/4451 4452/4452/4452 4450/4450/4450
f 4455/4455/4455 4454/4454/4454 4453/4453/4453
f 4455/4455/4455 4456/4456/4456 4454/4454/4454
f 4459/4459/4459 4458/4458/4458 4457/4457/4457
f 4459/4459/4459 4460/4460/4460 4458/4458/4458
f 4463/4463/4463 4462/4462/4462 4461/4461/4461
f 4463/4463/4463 4464/4464/4464 4462/4462/4462
f 4467/4467/4467 4466/4466/4466 4465/4465/4465
f 4467/4467/4467 4468/4468/4468 4466/4466/4466
f 4471/4471/4471 4470/4470/4470 4469/4469/4469
f 4471/4471/4471 4472/4472/4472 4470/4470/4470
f 4475/4475/4475 4474/4474/4474 4473/4473/4473
f 4475/4475/4475 4476/4476/4476 4474/4474/4474
f 4479/4479/4479 4478/4478/4478 4477/4477/4477
f 4479/4479/4479 4480/4480/4480 4478/4478/4478
f 4483/4483/4483 4482/4482/4482 4481/4481/4481
f 4483/4483/4483 4484/4484/4484 4482/4482/4482
f 4487/4487/4487 4486/4486/4486 4485/4485/4485
f 4487/4487/4487 4488/4488/4488 4486/4486/4486
f 4491/4491/4491 4490/4490/4490 4489/4489/4489
f 4491/4491/4491 4492/4492/4492 4490/4490/4490
f 4495/4495/4495 4494/4494/4494 4493/4493/4493
f 4495/4495/4495 4496/4496/4496 4494/4494/4494
f 4499/4499/4499 4498/4498/4498 4497/4497/4497
f 4499/4499/4499 4500/4500/4500 4498/4498/4498
f 4503/4503/4503 4502/4502/4502 4501/4501/4501
f 4503/4503/4503 4504/4504/4504 4502/4502/4502
f 4507/4507/4507 4506/4506/4506 4505/4505/4505
f 4507/4507/4507 4508/4508/4508 4506/4506/4506
f 4511/4511/4511 4510/4510/4510 4509/4509/4509
f 4511/4511/4511 4512/4512/4512 4510/4510/4510
f 4515/4515/4515 4514/4514/4514 4513/4513/4513
f 4515/4515/4515 4516/4516/4516 4514/4514/4514
f 4519/4519/4519 4518/4518/4518 4517/4517/4517
f 4519/4519/4519 4520/4520/4520 4518/4518/4518
f 4523/4523/4523 4522/4522/4522 4521/4521/4521
f 4523/4523/4523 4524/4524/4524 4522/4522/4522
f 4527/4527/4527 4526/4526/4526 4525/4525/4525
f 4527/4527/4527 4528/4528/4528 4526/4526/4526
f 4531/4531/4531 4530/4530/4530 4529/4529/4529
f 4531/4531/4531 4532/4532/4532 4530/4530/4530
f 4535/4535/4535 4534/4534/4534 4533/4533/4533
f 4535/4535/4535 4536/4536/4536 4534/4534/4534
f 4539/4539/4539 4538/4538/4538 4537/4537/4537
f 4539/4539/4539 4540/4540/4540 4538/4538/4538
f 4543/4543/4543 4542/4542/4542 4541/4541/4541
f 4543/4543/4543 4544/4544/4544 4542/4542/4542
f 4547/4547/4547 4546/4546/4546 4545/4545/4545
f 4547/4547/4547 4548/4548/4548 4546/4546/4546
f 4551/4551/4551 4550/4550/4550 4549/4549/4549
f 4551/4551/4551 4552/4552/4552 4550/4550/4550
f 4555/4555/4555 4554/4554/4554 4553/4553/4553
f 4555/4555/4555 4556/4556/4556 4554/4554/4554
f 4559/4559/4559 4558/4558/4558 4557/4557/4557
f 4559/4559/4559 4560/4560/4560 4558/4558/4558
f 4563/4563/4563 4562/4562/4562 4561/4561/4561
f 4563/4563/4563 4564/4564/4564 4562/4562/4562
f 4565/4565/4565 4562/4562/4562 4564/4564/4564
f 4565/4565/4565 4564/4564/4564 4566/4566/4566
f 4565/4565/4565 4566/4566/4566 4567/4567/4567
f 4565/4565/4565 4567/4567/4567 4568/4568/4568
f 4571/4571/4571 4570/4570/4570 4569/4569/4569
f 4571/4571/4571 4572/4572/4572 4570/4570/4570
f 4572/4572/4572 4571/4571/4571 4573/4573/4573
f 4572/4572/4572 4573/4573/4573 4574/4574/4574
f 4575/4575/4575 4574/4574/4574 4573/4573/4573
f 4575/4575/4575 4573/4573/4573 4576/4576/4576
f 4579/4579/4579 4578/4578/4578 4577/4577/4577
f 4579/4579/4579 4580/4580/4580 4578/4578/4578
f 4583/4583/4583 4582/4582/4582 4581/4581/4581
f 4583/4583/4583 4584/4584/4584 4582/4582/4582
f 4587/4587/4587 4586/4586/4586 4585/4585/4585
f 4587/4587/4587 4588/4588/4588 4586/4586/4586
f 4591/4591/4591 4590/4590/4590 4589/4589/4589
f 4591/4591/4591 4592/4592/4592 4590/4590/4590
f 4595/4595/4595 4594/4594/4594 4593/4593/4593
f 4595/4595/4595 4596/4596/4596 4594/4594/4594
f 4599/4599/4599 4598/4598/4598 4597/4597/4597
f 4599/4599/4599 4600/4600/4600 4598/4598/4598
f 4603/4603/4603 4602/4602/4602 4601/4601/4601
f 4603/4603/4603 4604/4604/4604 4602/4602/4602
f 4607/4607/4607 4606/4606/4606 4605/4605/4605
f 4607/4607/4607 4608/4608/4608 4606/4606/4606
f 4611/4611/4611 4610/4610/4610 4609/4609/4609
f 4611/4611/4611 4612/4612/4612 4610/4610/4610
f 4615/4615/4615 4614/4614/4614 4613/4613/4613
f 4615/4615/4615 4616/4616/4616 4614/4614/4614
f 4619/4619/4619 4618/4618/4618 4617/4617/4617
f 4619/4619/4619 4620/4620/4620 4618/4618/4618
f 4623/4623/4623 4622/4622/4622 4621/4621/4621
f 4623/4623/4623 4624/4624/4624 4622/4622/4622
f 4627/4627/4627 4626/4626/4626 4625/4625/4625
f 4627/4627/4627 4628/4628/4628 4626/4626/4626
f 4631/4631/4631 4630/4630/4630 4629/4629/4629
f 4631/4631/4631 4632/4632/4632 4630/4630/4630
f 4635/4635/4635 4634/4634/4634 4633/4633/4633
f 4635/4635/4635 4636/4636/4636 4634/4634/4634
f 4639/4639/4639 4638/4638/4638 4637/4637/4637
f 4639/4639/4639 4640/4640/4640 4638/4638/4638
f 4643/4643/4643 4642/4642/4642 4641/4641/4641
f 4643/4643/4643 4644/4644/4644 4642/4642/4642
f 4647/4647/4647 4646/4646/4646 4645/4645/4645
f 4647/4647/4647 4648/4648/4648 4646/4646/4646
f 4651/4651/4651 4650/4650/4650 4649/4649/4649
f 4651/4651/4651 4652/4652/4652 4650/4650/4650
f 4655/4655/4655 4654/4654/4654 4653/4653/4653
f 4655/4655/4655 4656/4656/4656 4654/4654/4654
f 4659/4659/4659 4658/4658/4658 4657/4657/4657
f 4659/4659/4659 4660/4660/4660 4658/4658/4658
f 4663/4663/4663 4662/4662/4662 4661/4661/4661
f 4663/4663/4663 4664/4664/4664 4662/4662/4662
f 4667/4667/4667 4666/4666/4666 4665/4665/4665
f 4667/4667/4667 4668/4668/4668 4666/4666/4666
f 4671/4671/4671 4670/4670/4670 4669/4669/4669
f 4671/4671/4671 4672/4672/4672 4670/4670/4670
f 4675/4675/4675 4674/4674/4674 4673/4673/4673
f 4675/4675/4675 4676/4676/4676 4674/4674/4674
f 4679/4679/4679 4678/4678/4678 4677/4677/4677
f 4679/4679/4679 4680/4680/4680 4678/4678/4678
f 4683/4683/4683 4682/4682/4682 4681/4681/4681
f 4683/4683/4683 4684/4684/4684 4682/4682/4682
f 4687/4687/4687 4686/4686/4686 4685/4685/4685
f 4687/4687/4687 4688/4688/4688 4686/4686/4686
f 4691/4691/4691 4690/4690/4690 4689/4689/4689
f 4691/4691/4691 4692/4692/4692 4690/4690/4690
f 4695/4695/4695 4694/4694/4694 4693/4693/4693
f 4695/4695/4695 4696/4696/4696 4694/4694/4694
f 4699/4699/4699 4698/4698/4698 4697/4697/4697
f 4700/4700/4700 4698/4698/4698 4699/4699/4699
f 4700/4700/4700 4701/4701/4701 4698/4698/4698
f 4704/4704/4704 4703/4703/4703 4702/4702/4702
f 4704/4704/4704 4705/4705/4705 4703/4703/4703
f 4708/4708/4708 4707/4707/4707 4706/4706/4706
f 4708/4708/4708 4709/4709/4709 4707/4707/4707
f 4712/4712/4712 4711/4711/4711 4710/4710/4710
f 4712/4712/4712 4713/4713/4713 4711/4711/4711
f 4716/4716/4716 4715/4715/4715 4714/4714/4714
f 4716/4716/4716 4717/4717/4717 4715/4715/4715
f 4720/4720/4720 4719/4719/4719 4718/4718/4718
f 4718/4718/4718 4721/4721/4721 4720/4720/4720
f 4724/4724/4724 4723/4723/4723 4722/4722/4722
f 4724/4724/4724 4725/4725/4725 4723/4723/4723
f 4728/4728/4728 4727/4727/4727 4726/4726/4726
f 4728/4728/4728 4729/4729/4729 4727/4727/4727
f 4732/4732/4732 4731/4731/4731 4730/4730/4730
f 4732/4732/4732 4733/4733/4733 4731/4731/4731
f 4736/4736/4736 4735/4735/4735 4734/4734/4734
f 4734/4734/4734 4737/4737/4737 4736/4736/4736
f 4734/4734/4734 4738/4738/4738 4737/4737/4737
f 4741/4741/4741 4740/4740/4740 4739/4739/4739
f 4741/4741/4741 4742/4742/4742 4740/4740/4740
f 4745/4745/4745 4744/4744/4744 4743/4743/4743
f 4745/4745/4745 4746/4746/4746 4744/4744/4744
f 4749/4749/4749 4748/4748/4748 4747/4747/4747
f 4749/4749/4749 4750/4750/4750 4748/4748/4748
f 4753/4753/4753 4752/4752/4752 4751/4751/4751
f 4753/4753/4753 4754/4754/4754 4752/4752/4752
f 4757/4757/4757 4756/4756/4756 4755/4755/4755
f 4757/4757/4757 4758/4758/4758 4756/4756/4756
f 4761/4761/4761 4760/4760/4760 4759/4759/4759
f 4761/4761/4761 4762/4762/4762 4760/4760/4760
f 4765/4765/4765 4764/4764/4764 4763/4763/4763
f 4765/4765/4765 4766/4766/4766 4764/4764/4764
f 4769/4769/4769 4768/4768/4768 4767/4767/4767
f 4769/4769/4769 4770/4770/4770 4768/4768/4768
f 4773/4773/4773 4772/4772/4772 4771/4771/4771
f 4773/4773/4773 4774/4774/4774 4772/4772/4772
f 4777/4777/4777 4776/4776/4776 4775/4775/4775
f 4777/4777/4777 4778/4778/4778 4776/4776/4776
f 4781/4781/4781 4780/4780/4780 4779/4779/4779
f 4781/4781/4781 4782/4782/4782 4780/4780/4780
f 4785/4785/4785 4784/4784/4784 4783/4783/4783
f 4785/4785/4785 4786/4786/4786 4784/4784/4784
f 4789/4789/4789 4788/4788/4788 4787/4787/4787
f 4789/4789/4789 4790/4790/4790 4788/4788/4788
f 4793/4793/4793 4792/4792/4792 4791/4791/4791
f 4793/4793/4793 4794/4794/4794 4792/4792/4792
f 4797/4797/4797 4796/4796/4796 4795/4795/4795
f 4797/4797/4797 4798/4798/4798 4796/4796/4796
f 4801/4801/4801 4800/4800/4800 4799/4799/4799
f 4801/4801/4801 4802/4802/4802 4800/4800/4800
f 4805/4805/4805 4804/4804/4804 4803/4803/4803
f 4805/4805/4805 4806/4806/4806 4804/4804/4804
f 4809/4809/4809 4808/4808/4808 4807/4807/4807
f 4809/4809/4809 4810/4810/4810 4808/4808/4808
f 4813/4813/4813 4812/4812/4812 4811/4811/4811
f 4813/4813/4813 4814/4814/4814 4812/4812/4812
f 4817/4817/4817 4816/4816/4816 4815/4815/4815
f 4817/4817/4817 4818/4818/4818 4816/4816/4816
f 4821/4821/4821 4820/4820/4820 4819/4819/4819
f 4821/4821/4821 4822/4822/4822 4820/4820/4820
f 4825/4825/4825 4824/4824/4824 4823/4823/4823
f 4825/4825/4825 4826/4826/4826 4824/4824/4824
f 4829/4829/4829 4828/4828/4828 4827/4827/4827
f 4829/4829/4829 4830/4830/4830 4828/4828/4828
f 4833/4833/4833 4832/4832/4832 4831/4831/4831
f 4833/4833/4833 4834/4834/4834 4832/4832/4832
f 4837/4837/4837 4836/4836/4836 4835/4835/4835
f 4837/4837/4837 4838/4838/4838 4836/4836/4836
f 4841/4841/4841 4840/4840/4840 4839/4839/4839
f 4841/4841/4841 4842/4842/4842 4840/4840/4840
g default_5
f 4845/4845/4845 4844/4844/4844 4843/4843/4843
f 4845/4845/4845 4843/4843/4843 4846/4846/4846
f 4849/4849/4849 4848/4848/4848 4847/4847/4847
f 4849/4849/4849 4847/4847/4847 4850/4850/4850
f 4853/4853/4853 4852/4852/4852 4851/4851/4851
f 4853/4853/4853 4851/4851/4851 4854/4854/4854
g default_6
f 4857/4857/4857 4856/4856/4856 4855/4855/4855
f 4857/4857/4857 4855/4855/4855 4858/4858/4858
f 4861/4861/4861 4860/4860/4860 4859/4859/4859
f 4861/4861/4861 4859/4859/4859 4862/4862/4862
f 4865/4865/4865 4864/4864/4864 4863/4863/4863
f 4865/4865/4865 4863/4863/4863 4866/4866/4866
f 4869/4869/4869 4868/4868/4868 4867/4867/4867
f 4869/4869/4869 4867/4867/4867 4870/4870/4870
f 4873/4873/4873 4872/4872/4872 4871/4871/4871
f 4873/4873/4873 4874/4874/4874 4872/4872/4872
f 4874/4874/4874 4875/4875/4875 4872/4872/4872
f 4874/4874/4874 4876/4876/4876 4875/4875/4875
f 4879/4879/4879 4878/4878/4878 4877/4877/4877
f 4879/4879/4879 4877/4877/4877 4880/4880/4880
f 4883/4883/4883 4882/4882/4882 4881/4881/4881
f 4883/4883/4883 4881/4881/4881 4884/4884/4884
f 4887/4887/4887 4886/4886/4886 4885/4885/4885
f 4887/4887/4887 4885/4885/4885 4888/4888/4888
g default_7
f 4891/4891/4891 4890/4890/4890 4889/4889/4889
f 4891/4891/4891 4889/4889/4889 4892/4892/4892
f 4895/4895/4895 4894/4894/4894 4893/4893/4893
f 4895/4895/4895 4893/4893/4893 4896/4896/4896
f 4899/4899/4899 4898/4898/4898 4897/4897/4897
f 4899/4899/4899 4897/4897/4897 4900/4900/4900
f 4903/4903/4903 4902/4902/4902 4901/4901/4901
f 4903/4903/4903 4901/4901/4901 4904/4904/4904
f 4907/4907/4907 4906/4906/4906 4905/4905/4905
f 4907/4907/4907 4905/4905/4905 4908/4908/4908
f 4911/4911/4911 4910/4910/4910 4909/4909/4909
f 4911/4911/4911 4909/4909/4909 4912/4912/4912
f 4915/4915/4915 4914/4914/4914 4913/4913/4913
f 4915/4915/4915 4913/4913/4913 4916/4916/4916
f 4919/4919/4919 4918/4918/4918 4917/4917/4917
f 4919/4919/4919 4917/4917/4917 4920/4920/4920
f 4923/4923/4923 4922/4922/4922 4921/4921/4921
f 4923/4923/4923 4921/4921/4921 4924/4924/4924
f 4927/4927/4927 4926/4926/4926 4925/4925/4925
f 4927/4927/4927 4925/4925/4925 4928/4928/4928
f 4931/4931/4931 4930/4930/4930 4929/4929/4929
f 4931/4931/4931 4929/4929/4929 4932/4932/4932
f 4935/4935/4935 4934/4934/4934 4933/4933/4933
f 4935/4935/4935 4933/4933/4933 4936/4936/4936
f 4939/4939/4939 4938/4938/4938 4937/4937/4937
f 4939/4939/4939 4937/4937/4937 4940/4940/4940
f 4943/4943/4943 4942/4942/4942 4941/4941/4941
f 4943/4943/4943 4941/4941/4941 4944/4944/4944
f 4947/4947/4947 4946/4946/4946 4945/4945/4945
f 4947/4947/4947 4945/4945/4945 4948/4948/4948
f 4951/4951/4951 4950/4950/4950 4949/4949/4949
f 4951/4951/4951 4949/4949/4949 4952/4952/4952
f 4955/4955/4955 4954/4954/4954 4953/4953/4953
f 4955/4955/4955 4953/4953/4953 4956/4956/4956
f 4959/4959/4959 4958/4958/4958 4957/4957/4957
f 4959/4959/4959 4957/4957/4957 4960/4960/4960
f 4963/4963/4963 4962/4962/4962 4961/4961/4961
f 4963/4963/4963 4961/4961/4961 4964/4964/4964
f 4967/4967/4967 4966/4966/4966 4965/4965/4965
f 4967/4967/4967 4965/4965/4965 4968/4968/4968
f 4971/4971/4971 4970/4970/4970 4969/4969/4969
f 4971/4971/4971 4969/4969/4969 4972/4972/4972
f 4975/4975/4975 4974/4974/4974 4973/4973/4973
f 4975/4975/4975 4973/4973/4973 4976/4976/4976
f 4979/4979/4979 4978/4978/4978 4977/4977/4977
f 4979/4979/4979 4977/4977/4977 4980/4980/4980
f 4983/4983/4983 4982/4982/4982 4981/4981/4981
f 4983/4983/4983 4981/4981/4981 4984/4984/4984
f 4987/4987/4987 4986/4986/4986 4985/4985/4985
f 4987/4987/4987 4985/4985/4985 4988/4988/4988
f 4991/4991/4991 4990/4990/4990 4989/4989/4989
f 4991/4991/4991 4989/4989/4989 4992/4992/4992
f 4995/4995/4995 4994/4994/4994 4993/4993/4993
f 4995/4995/4995 4993/4993/4993 4996/4996/4996
f 4999/4999/4999 4998/4998/4998 4997/4997/4997
f 4999/4999/4999 4997/4997/4997 5000/5000/5000
f 5003/5003/5003 5002/5002/5002 5001/5001/5001
f 5003/5003/5003 5001/5001/5001 5004/5004/5004
f 5007/5007/5007 5006/5006/5006 5005/5005/5005
f 5007/5007/5007 5005/5005/5005 5008/5008/5008
f 5011/5011/5011 5010/5010/5010 5009/5009/5009
f 5011/5011/5011 5009/5009/5009 5012/5012/5012
f 5015/5015/5015 5014/5014/5014 5013/5013/5013
f 5015/5015/5015 5013/5013/5013 5016/5016/5016
f 5019/5019/5019 5018/5018/5018 5017/5017/5017
f 5019/5019/5019 5017/5017/5017 5020/5020/5020
f 5023/5023/5023 5022/5022/5022 5021/5021/5021
f 5023/5023/5023 5021/5021/5021 5024/5024/5024
f 5027/5027/5027 5026/5026/5026 5025/5025/5025
f 5027/5027/5027 5025/5025/5025 5028/5028/5028
f 5031/5031/5031 5030/5030/5030 5029/5029/5029
f 5031/5031/5031 5029/5029/5029 5032/5032/5032
f 5035/5035/5035 5034/5034/5034 5033/5033/5033
f 5035/5035/5035 5033/5033/5033 5036/5036/5036
f 5039/5039/5039 5038/5038/5038 5037/5037/5037
f 5039/5039/5039 5037/5037/5037 5040/5040/5040
f 5043/5043/5043 5042/5042/5042 5041/5041/5041
f 5043/5043/5043 5041/5041/5041 5044/5044/5044
f 5047/5047/5047 5046/5046/5046 5045/5045/5045
f 5047/5047/5047 5045/5045/5045 5048/5048/5048
f 5051/5051/5051 5050/5050/5050 5049/5049/5049
f 5051/5051/5051 5049/5049/5049 5052/5052/5052
f 5055/5055/5055 5054/5054/5054 5053/5053/5053
f 5055/5055/5055 5053/5053/5053 5056/5056/5056
f 5059/5059/5059 5058/5058/5058 5057/5057/5057
f 5059/5059/5059 5057/5057/5057 5060/5060/5060
f 5063/5063/5063 5062/5062/5062 5061/5061/5061
f 5063/5063/5063 5061/5061/5061 5064/5064/5064
f 5067/5067/5067 5066/5066/5066 5065/5065/5065
f 5067/5067/5067 5065/5065/5065 5068/5068/5068
f 5071/5071/5071 5070/5070/5070 5069/5069/5069
f 5071/5071/5071 5069/5069/5069 5072/5072/5072
f 5075/5075/5075 5074/5074/5074 5073/5073/5073
f 5075/5075/5075 5073/5073/5073 5076/5076/5076
f 5079/5079/5079 5078/5078/5078 5077/5077/5077
f 5079/5079/5079 5077/5077/5077 5080/5080/5080
f 5083/5083/5083 5082/5082/5082 5081/5081/5081
f 5083/5083/5083 5081/5081/5081 5084/5084/5084
f 5087/5087/5087 5086/5086/5086 5085/5085/5085
f 5087/5087/5087 5085/5085/5085 5088/5088/5088
f 5091/5091/5091 5090/5090/5090 5089/5089/5089
f 5091/5091/5091 5089/5089/5089 5092/5092/5092
f 5095/5095/5095 5094/5094/5094 5093/5093/5093
f 5095/5095/5095 5093/5093/5093 5096/5096/5096
f 5099/5099/5099 5098/5098/5098 5097/5097/5097
f 5099/5099/5099 5097/5097/5097 5100/5100/5100
f 5103/5103/5103 5102/5102/5102 5101/5101/5101
f 5103/5103/5103 5101/5101/5101 5104/5104/5104
f 5107/5107/5107 5106/5106/5106 5105/5105/5105
f 5107/5107/5107 5105/5105/5105 5108/5108/5108
f 5111/5111/5111 5110/5110/5110 5109/5109/5109
f 5111/5111/5111 5109/5109/5109 5112/5112/5112
f 5115/5115/5115 5114/5114/5114 5113/5113/5113
f 5115/5115/5115 5113/5113/5113 5116/5116/5116
f 5119/5119/5119 5118/5118/5118 5117/5117/5117
f 5119/5119/5119 5117/5117/5117 5120/5120/5120
f 5123/5123/5123 5122/5122/5122 5121/5121/5121
f 5123/5123/5123 5121/5121/5121 5124/5124/5124
f 5127/5127/5127 5126/5126/5126 5125/5125/5125
f 5127/5127/5127 5125/5125/5125 5128/5128/5128
f 5131/5131/5131 5130/5130/5130 5129/5129/5129
f 5131/5131/5131 5129/5129/5129 5132/5132/5132
f 5135/5135/5135 5134/5134/5134 5133/5133/5133
f 5135/5135/5135 5133/5133/5133 5136/5136/5136
f 5139/5139/5139 5138/5138/5138 5137/5137/5137
f 5139/5139/5139 5137/5137/5137 5140/5140/5140
f 5143/5143/5143 5142/5142/5142 5141/5141/5141
f 5143/5143/5143 5141/5141/5141 5144/5144/5144
f 5147/5147/5147 5146/5146/5146 5145/5145/5145
f 5147/5147/5147 5145/5145/5145 5148/5148/5148
f 5151/5151/5151 5150/5150/5150 5149/5149/5149
f 5151/5151/5151 5149/5149/5149 5152/5152/5152
f 5155/5155/5155 5154/5154/5154 5153/5153/5153
f 5155/5155/5155 5153/5153/5153 5156/5156/5156
f 5159/5159/5159 5158/5158/5158 5157/5157/5157
f 5159/5159/5159 5157/5157/5157 5160/5160/5160
f 5163/5163/5163 5162/5162/5162 5161/5161/5161
f 5163/5163/5163 5161/5161/5161 5164/5164/5164
f 5167/5167/5167 5166/5166/5166 5165/5165/5165
f 5167/5167/5167 5165/5165/5165 5168/5168/5168
f 5171/5171/5171 5170/5170/5170 5169/5169/5169
f 5171/5171/5171 5169/5169/5169 5172/5172/5172
f 5175/5175/5175 5174/5174/5174 5173/5173/5173
f 5175/5175/5175 5173/5173/5173 5176/5176/5176
f 5179/5179/5179 5178/5178/5178 5177/5177/5177
f 5179/5179/5179 5177/5177/5177 5180/5180/5180
f 5183/5183/5183 5182/5182/5182 5181/5181/5181
f 5183/5183/5183 5181/5181/5181 5184/5184/5184
f 5187/5187/5187 5186/5186/5186 5185/5185/5185
f 5187/5187/5187 5185/5185/5185 5188/5188/5188
f 5191/5191/5191 5190/5190/5190 5189/5189/5189
f 5191/5191/5191 5189/5189/5189 5192/5192/5192
f 5195/5195/5195 5194/5194/5194 5193/5193/5193
f 5195/5195/5195 5193/5193/5193 5196/5196/5196
f 5199/5199/5199 5198/5198/5198 5197/5197/5197
f 5199/5199/5199 5197/5197/5197 5200/5200/5200
f 5203/5203/5203 5202/5202/5202 5201/5201/5201
f 5203/5203/5203 5201/5201/5201 5204/5204/5204
f 5207/5207/5207 5206/5206/5206 5205/5205/5205
f 5207/5207/5207 5205/5205/5205 5208/5208/5208
f 5211/5211/5211 5210/5210/5210 5209/5209/5209
f 5211/5211/5211 5209/5209/5209 5212/5212/5212
f 5215/5215/5215 5214/5214/5214 5213/5213/5213
f 5215/5215/5215 5213/5213/5213 5216/5216/5216
f 5219/5219/5219 5218/5218/5218 5217/5217/5217
f 5219/5219/5219 5217/5217/5217 5220/5220/5220
f 5223/5223/5223 5222/5222/5222 5221/5221/5221
f 5223/5223/5223 5221/5221/5221 5224/5224/5224
f 5227/5227/5227 5226/5226/5226 5225/5225/5225
f 5227/5227/5227 5225/5225/5225 5228/5228/5228
f 5231/5231/5231 5230/5230/5230 5229/5229/5229
f 5231/5231/5231 5229/5229/5229 5232/5232/5232
f 5235/5235/5235 5234/5234/5234 5233/5233/5233
f 5235/5235/5235 5233/5233/5233 5236/5236/5236
f 5239/5239/5239 5238/5238/5238 5237/5237/5237
f 5239/5239/5239 5237/5237/5237 5240/5240/5240
f 5243/5243/5243 5242/5242/5242 5241/5241/5241
f 5243/5243/5243 5241/5241/5241 5244/5244/5244
f 5247/5247/5247 5246/5246/5246 5245/5245/5245
f 5247/5247/5247 5245/5245/5245 5248/5248/5248
f 5251/5251/5251 5250/5250/5250 5249/5249/5249
f 5251/5251/5251 5249/5249/5249 5252/5252/5252
f 5255/5255/5255 5254/5254/5254 5253/5253/5253
f 5255/5255/5255 5253/5253/5253 5256/5256/5256
f 5259/5259/5259 5258/5258/5258 5257/5257/5257
f 5259/5259/5259 5257/5257/5257 5260/5260/5260
f 5263/5263/5263 5262/5262/5262 5261/5261/5261
f 5263/5263/5263 5261/5261/5261 5264/5264/5264
f 5267/5267/5267 5266/5266/5266 5265/5265/5265
f 5267/5267/5267 5265/5265/5265 5268/5268/5268
f 5271/5271/5271 5270/5270/5270 5269/5269/5269
f 5271/5271/5271 5269/5269/5269 5272/5272/5272
f 5275/5275/5275 5274/5274/5274 5273/5273/5273
f 5275/5275/5275 5273/5273/5273 5276/5276/5276
f 5279/5279/5279 5278/5278/5278 5277/5277/5277
f 5279/5279/5279 5277/5277/5277 5280/5280/5280
f 5283/5283/5283 5282/5282/5282 5281/5281/5281
f 5283/5283/5283 5281/5281/5281 5284/5284/5284
f 5287/5287/5287 5286/5286/5286 5285/5285/5285
f 5287/5287/5287 5285/5285/5285 5288/5288/5288
f 5291/5291/5291 5290/5290/5290 5289/5289/5289
f 5291/5291/5291 5289/5289/5289 5292/5292/5292
f 5295/5295/5295 5294/5294/5294 5293/5293/5293
f 5295/5295/5295 5293/5293/5293 5296/5296/5296
f 5299/5299/5299 5298/5298/5298 5297/5297/5297
f 5299/5299/5299 5297/5297/5297 5300/5300/5300
f 5303/5303/5303 5302/5302/5302 5301/5301/5301
f 5303/5303/5303 5301/5301/5301 5304/5304/5304
f 5307/5307/5307 5306/5306/5306 5305/5305/5305
f 5307/5307/5307 5305/5305/5305 5308/5308/5308
f 5311/5311/5311 5310/5310/5310 5309/5309/5309
f 5311/5311/5311 5309/5309/5309 5312/5312/5312
f 5315/5315/5315 5314/5314/5314 5313/5313/5313
f 5315/5315/5315 5313/5313/5313 5316/5316/5316
f 5319/5319/5319 5318/5318/5318 5317/5317/5317
f 5319/5319/5319 5317/5317/5317 5320/5320/5320
f 5323/5323/5323 5322/5322/5322 5321/5321/5321
f 5323/5323/5323 5321/5321/5321 5324/5324/5324
f 5327/5327/5327 5326/5326/5326 5325/5325/5325
f 5327/5327/5327 5325/5325/5325 5328/5328/5328
f 5331/5331/5331 5330/5330/5330 5329/5329/5329
f 5331/5331/5331 5329/5329/5329 5332/5332/5332
f 5335/5335/5335 5334/5334/5334 5333/5333/5333
f 5335/5335/5335 5333/5333/5333 5336/5336/5336
f 5339/5339/5339 5338/5338/5338 5337/5337/5337
f 5339/5339/5339 5337/5337/5337 5340/5340/5340
f 5343/5343/5343 5342/5342/5342 5341/5341/5341
f 5343/5343/5343 5341/5341/5341 5344/5344/5344
f 5347/5347/5347 5346/5346/5346 5345/5345/5345
f 5347/5347/5347 5345/5345/5345 5348/5348/5348
f 5351/5351/5351 5350/5350/5350 5349/5349/5349
f 5351/5351/5351 5349/5349/5349 5352/5352/5352
f 5355/5355/5355 5354/5354/5354 5353/5353/5353
f 5355/5355/5355 5353/5353/5353 5356/5356/5356
f 5359/5359/5359 5358/5358/5358 5357/5357/5357
f 5359/5359/5359 5357/5357/5357 5360/5360/5360
f 5363/5363/5363 5362/5362/5362 5361/5361/5361
f 5363/5363/5363 5361/5361/5361 5364/5364/5364
f 5367/5367/5367 5366/5366/5366 5365/5365/5365
f 5367/5367/5367 5365/5365/5365 5368/5368/5368
f 5371/5371/5371 5370/5370/5370 5369/5369/5369
f 5371/5371/5371 5369/5369/5369 5372/5372/5372
f 5375/5375/5375 5374/5374/5374 5373/5373/5373
f 5375/5375/5375 5373/5373/5373 5376/5376/5376
f 5379/5379/5379 5378/5378/5378 5377/5377/5377
f 5379/5379/5379 5377/5377/5377 5380/5380/5380
f 5383/5383/5383 5382/5382/5382 5381/5381/5381
f 5383/5383/5383 5381/5381/5381 5384/5384/5384
f 5387/5387/5387 5386/5386/5386 5385/5385/5385
f 5387/5387/5387 5385/5385/5385 5388/5388/5388
f 5391/5391/5391 5390/5390/5390 5389/5389/5389
f 5391/5391/5391 5389/5389/5389 5392/5392/5392
f 5395/5395/5395 5394/5394/5394 5393/5393/5393
f 5395/5395/5395 5393/5393/5393 5396/5396/5396
f 5399/5399/5399 5398/5398/5398 5397/5397/5397
f 5399/5399/5399 5397/5397/5397 5400/5400/5400
f 5403/5403/5403 5402/5402/5402 5401/5401/5401
f 5403/5403/5403 5401/5401/5401 5404/5404/5404
f 5407/5407/5407 5406/5406/5406 5405/5405/5405
f 5407/5407/5407 5405/5405/5405 5408/5408/5408
f 5411/5411/5411 5410/5410/5410 5409/5409/5409
f 5411/5411/5411 5409/5409/5409 5412/5412/5412
f 5415/5415/5415 5414/5414/5414 5413/5413/5413
f 5415/5415/5415 5413/5413/5413 5416/5416/5416
f 5419/5419/5419 5418/5418/5418 5417/5417/5417
f 5419/5419/5419 5417/5417/5417 5420/5420/5420
f 5423/5423/5423 5422/5422/5422 5421/5421/5421
f 5423/5423/5423 5421/5421/5421 5424/5424/5424
f 5427/5427/5427 5426/5426/5426 5425/5425/5425
f 5427/5427/5427 5425/5425/5425 5428/5428/5428
f 5431/5431/5431 5430/5430/5430 5429/5429/5429
f 5431/5431/5431 5429/5429/5429 5432/5432/5432
f 5435/5435/5435 5434/5434/5434 5433/5433/5433
f 5435/5435/5435 5433/5433/5433 5436/5436/5436
f 5439/5439/5439 5438/5438/5438 5437/5437/5437
f 5439/5439/5439 5437/5437/5437 5440/5440/5440
f 5443/5443/5443 5442/5442/5442 5441/5441/5441
f 5443/5443/5443 5441/5441/5441 5444/5444/5444
f 5447/5447/5447 5446/5446/5446 5445/5445/5445
f 5447/5447/5447 5445/5445/5445 5448/5448/5448
f 5451/5451/5451 5450/5450/5450 5449/5449/5449
f 5451/5451/5451 5449/5449/5449 5452/5452/5452
f 5455/5455/5455 5454/5454/5454 5453/5453/5453
f 5455/5455/5455 5453/5453/5453 5456/5456/5456
f 5459/5459/5459 5458/5458/5458 5457/5457/5457
f 5459/5459/5459 5457/5457/5457 5460/5460/5460
f 5463/5463/5463 5462/5462/5462 5461/5461/5461
f 5463/5463/5463 5461/5461/5461 5464/5464/5464
f 5467/5467/5467 5466/5466/5466 5465/5465/5465
f 5467/5467/5467 5465/5465/5465 5468/5468/5468
f 5471/5471/5471 5470/5470/5470 5469/5469/5469
f 5471/5471/5471 5469/5469/5469 5472/5472/5472
f 5475/5475/5475 5474/5474/5474 5473/5473/5473
f 5475/5475/5475 5473/5473/5473 5476/5476/5476
f 5479/5479/5479 5478/5478/5478 5477/5477/5477
f 5479/5479/5479 5477/5477/5477 5480/5480/5480
f 5483/5483/5483 5482/5482/5482 5481/5481/5481
f 5483/5483/5483 5481/5481/5481 5484/5484/5484
f 5487/5487/5487 5486/5486/5486 5485/5485/5485
f 5487/5487/5487 5485/5485/5485 5488/5488/5488
f 5491/5491/5491 5490/5490/5490 5489/5489/5489
f 5491/5491/5491 5489/5489/5489 5492/5492/5492
f 5495/5495/5495 5494/5494/5494 5493/5493/5493
f 5495/5495/5495 5493/5493/5493 5496/5496/5496
f 5499/5499/5499 5498/5498/5498 5497/5497/5497
f 5499/5499/5499 5497/5497/5497 5500/5500/5500
f 5503/5503/5503 5502/5502/5502 5501/5501/5501
f 5503/5503/5503 5501/5501/5501 5504/5504/5504
f 5507/5507/5507 5506/5506/5506 5505/5505/5505
f 5507/5507/5507 5505/5505/5505 5508/5508/5508
f 5511/5511/5511 5510/5510/5510 5509/5509/5509
f 5511/5511/5511 5509/5509/5509 5512/5512/5512
f 5515/5515/5515 5514/5514/5514 5513/5513/5513
f 5515/5515/5515 5513/5513/5513 5516/5516/5516
f 5519/5519/5519 5518/5518/5518 5517/5517/5517
f 5519/5519/5519 5517/5517/5517 5520/5520/5520
f 5523/5523/5523 5522/5522/5522 5521/5521/5521
f 5523/5523/5523 5521/5521/5521 5524/5524/5524
f 5527/5527/5527 5526/5526/5526 5525/5525/5525
f 5527/5527/5527 5525/5525/5525 5528/5528/5528
f 5531/5531/5531 5530/5530/5530 5529/5529/5529
f 5531/5531/5531 5529/5529/5529 5532/5532/5532
f 5535/5535/5535 5534/5534/5534 5533/5533/5533
f 5535/5535/5535 5533/5533/5533 5536/5536/5536
f 5539/5539/5539 5538/5538/5538 5537/5537/5537
f 5539/5539/5539 5537/5537/5537 5540/5540/5540
f 5543/5543/5543 5542/5542/5542 5541/5541/5541
f 5543/5543/5543 5541/5541/5541 5544/5544/5544
f 5547/5547/5547 5546/5546/5546 5545/5545/5545
f 5547/5547/5547 5545/5545/5545 5548/5548/5548
f 5551/5551/5551 5550/5550/5550 5549/5549/5549
f 5551/5551/5551 5549/5549/5549 5552/5552/5552
f 5555/5555/5555 5554/5554/5554 5553/5553/5553
f 5555/5555/5555 5553/5553/5553 5556/5556/5556
f 5559/5559/5559 5558/5558/5558 5557/5557/5557
f 5559/5559/5559 5557/5557/5557 5560/5560/5560
f 5563/5563/5563 5562/5562/5562 5561/5561/5561
f 5563/5563/5563 5561/5561/5561 5564/5564/5564
f 5567/5567/5567 5566/5566/5566 5565/5565/5565
f 5567/5567/5567 5565/5565/5565 5568/5568/5568
f 5571/5571/5571 5570/5570/5570 5569/5569/5569
f 5571/5571/5571 5569/5569/5569 5572/5572/5572
f 5575/5575/5575 5574/5574/5574 5573/5573/5573
f 5575/5575/5575 5573/5573/5573 5576/5576/5576
f 5579/5579/5579 5578/5578/5578 5577/5577/5577
f 5579/5579/5579 5577/5577/5577 5580/5580/5580
f 5583/5583/5583 5582/5582/5582 5581/5581/5581
f 5583/5583/5583 5581/5581/5581 5584/5584/5584
f 5587/5587/5587 5586/5586/5586 5585/5585/5585
f 5587/5587/5587 5585/5585/5585 5588/5588/5588
f 5590/5590/5590 5588/5588/5588 5589/5589/5589
f 5590/5590/5590 5591/5591/5591 5588/5588/5588
f 5593/5593/5593 5592/5592/5592 5591/5591/5591
f 5593/5593/5593 5594/5594/5594 5592/5592/5592
f 5597/5597/5597 5596/5596/5596 5595/5595/5595
f 5597/5597/5597 5595/5595/5595 5598/5598/5598
f 5600/5600/5600 5598/5598/5598 5599/5599/5599
f 5600/5600/5600 5599/5599/5599 5601/5601/5601
f 5603/5603/5603 5595/5595/5595 5602/5602/5602
f 5603/5603/5603 5602/5602/5602 5604/5604/5604
f 5602/5602/5602 5605/5605/5605 5600/5600/5600
f 5602/5602/5602 5606/5606/5606 5605/5605/5605
f 5609/5609/5609 5608/5608/5608 5607/5607/5607
f 5609/5609/5609 5607/5607/5607 5610/5610/5610
f 5612/5612/5612 5611/5611/5611 5610/5610/5610
f 5612/5612/5612 5613/5613/5613 5611/5611/5611
f 5615/5615/5615 5614/5614/5614 5612/5612/5612
f 5615/5615/5615 5616/5616/5616 5614/5614/5614
f 5619/5619/5619 5618/5618/5618 5617/5617/5617
f 5619/5619/5619 5620/5620/5620 5618/5618/5618
f 5621/5621/5621 5618/5618/5618 5620/5620/5620
f 5621/5621/5621 5622/5622/5622 5618/5618/5618
f 5621/5621/5621 5623/5623/5623 5622/5622/5622
f 5621/5621/5621 5624/5624/5624 5623/5623/5623
f 5627/5627/5627 5626/5626/5626 5625/5625/5625
f 5627/5627/5627 5625/5625/5625 5628/5628/5628
f 5631/5631/5631 5630/5630/5630 5629/5629/5629
f 5631/5631/5631 5629/5629/5629 5632/5632/5632
f 5635/5635/5635 5634/5634/5634 5633/5633/5633
f 5635/5635/5635 5633/5633/5633 5636/5636/5636
f 5639/5639/5639 5638/5638/5638 5637/5637/5637
f 5639/5639/5639 5637/5637/5637 5640/5640/5640
f 5643/5643/5643 5642/5642/5642 5641/5641/5641
f 5643/5643/5643 5641/5641/5641 5644/5644/5644
f 5647/5647/5647 5646/5646/5646 5645/5645/5645
f 5647/5647/5647 5645/5645/5645 5648/5648/5648
f 5651/5651/5651 5650/5650/5650 5649/5649/5649
f 5651/5651/5651 5649/5649/5649 5652/5652/5652
f 5655/5655/5655 5654/5654/5654 5653/5653/5653
f 5655/5655/5655 5653/5653/5653 5656/5656/5656
f 5659/5659/5659 5658/5658/5658 5657/5657/5657
f 5659/5659/5659 5657/5657/5657 5660/5660/5660
f 5663/5663/5663 5662/5662/5662 5661/5661/5661
f 5663/5663/5663 5661/5661/5661 5664/5664/5664
g default_8
f 5667/5667/5667 5666/5666/5666 5665/5665/5665
f 5667/5667/5667 5665/5665/5665 5668/5668/5668
f 5671/5671/5671 5670/5670/5670 5669/5669/5669
f 5671/5671/5671 5669/5669/5669 5672/5672/5672
f 5675/5675/5675 5674/5674/5674 5673/5673/5673
f 5675/5675/5675 5673/5673/5673 5676/5676/5676
f 5679/5679/5679 5678/5678/5678 5677/5677/5677
f 5679/5679/5679 5677/5677/5677 5680/5680/5680
f 5683/5683/5683 5682/5682/5682 5681/5681/5681
f 5683/5683/5683 5681/5681/5681 5684/5684/5684
f 5687/5687/5687 5686/5686/5686 5685/5685/5685
f 5687/5687/5687 5685/5685/5685 5688/5688/5688
f 5691/5691/5691 5690/5690/5690 5689/5689/5689
f 5691/5691/5691 5689/5689/5689 5692/5692/5692
f 5695/5695/5695 5694/5694/5694 5693/5693/5693
f 5695/5695/5695 5693/5693/5693 5696/5696/5696
f 5699/5699/5699 5698/5698/5698 5697/5697/5697
f 5699/5699/5699 5697/5697/5697 5700/5700/5700
f 5703/5703/5703 5702/5702/5702 5701/5701/5701
f 5703/5703/5703 5701/5701/5701 5704/5704/5704
f 5707/5707/5707 5706/5706/5706 5705/5705/5705
f 5707/5707/5707 5705/5705/5705 5708/5708/5708
f 5711/5711/5711 5710/5710/5710 5709/5709/5709
f 5711/5711/5711 5709/5709/5709 5712/5712/5712
f 5715/5715/5715 5714/5714/5714 5713/5713/5713
f 5715/5715/5715 5713/5713/5713 5716/5716/5716
f 5719/5719/5719 5718/5718/5718 5717/5717/5717
f 5719/5719/5719 5717/5717/5717 5720/5720/5720
f 5723/5723/5723 5722/5722/5722 5721/5721/5721
f 5723/5723/5723 5721/5721/5721 5724/5724/5724
f 5727/5727/5727 5726/5726/5726 5725/5725/5725
f 5727/5727/5727 5725/5725/5725 5728/5728/5728
f 5731/5731/5731 5730/5730/5730 5729/5729/5729
f 5731/5731/5731 5729/5729/5729 5732/5732/5732
f 5735/5735/5735 5734/5734/5734 5733/5733/5733
f 5735/5735/5735 5733/5733/5733 5736/5736/5736
f 5739/5739/5739 5738/5738/5738 5737/5737/5737
f 5739/5739/5739 5737/5737/5737 5740/5740/5740
f 5743/5743/5743 5742/5742/5742 5741/5741/5741
f 5743/5743/5743 5741/5741/5741 5744/5744/5744
f 5747/5747/5747 5746/5746/5746 5745/5745/5745
f 5747/5747/5747 5745/5745/5745 5748/5748/5748
f 5751/5751/5751 5750/5750/5750 5749/5749/5749
f 5751/5751/5751 5749/5749/5749 5752/5752/5752
f 5755/5755/5755 5754/5754/5754 5753/5753/5753
f 5755/5755/5755 5753/5753/5753 5756/5756/5756
f 5759/5759/5759 5758/5758/5758 5757/5757/5757
f 5759/5759/5759 5757/5757/5757 5760/5760/5760
g default_9
f 5763/5763/5763 5762/5762/5762 5761/5761/5761
f 5763/5763/5763 5761/5761/5761 5764/5764/5764
f 5767/5767/5767 5766/5766/5766 5765/5765/5765
f 5767/5767/5767 5765/5765/5765 5768/5768/5768
f 5771/5771/5771 5770/5770/5770 5769/5769/5769
f 5771/5771/5771 5769/5769/5769 5772/5772/5772
f 5775/5775/5775 5774/5774/5774 5773/5773/5773
f 5775/5775/5775 5773/5773/5773 5776/5776/5776
g default_10
f 5779/5779/5779 5778/5778/5778 5777/5777/5777
f 5779/5779/5779 5777/5777/5777 5780/5780/5780
f 5783/5783/5783 5782/5782/5782 5781/5781/5781
f 5783/5783/5783 5781/5781/5781 5784/5784/5784
f 5787/5787/5787 5786/5786/5786 5785/5785/5785
f 5787/5787/5787 5785/5785/5785 5788/5788/5788
f 5791/5791/5791 5790/5790/5790 5789/5789/5789
f 5791/5791/5791 5789/5789/5789 5792/5792/5792
f 5795/5795/5795 5794/5794/5794 5793/5793/5793
f 5795/5795/5795 5793/5793/5793 5796/5796/5796
f 5799/5799/5799 5798/5798/5798 5797/5797/5797
f 5799/5799/5799 5797/5797/5797 5800/5800/5800
f 5803/5803/5803 5802/5802/5802 5801/5801/5801
f 5803/5803/5803 5801/5801/5801 5804/5804/5804
f 5807/5807/5807 5806/5806/5806 5805/5805/5805
f 5807/5807/5807 5805/5805/5805 5808/5808/5808
f 5811/5811/5811 5810/5810/5810 5809/5809/5809
f 5811/5811/5811 5809/5809/5809 5812/5812/5812
f 5815/5815/5815 5814/5814/5814 5813/5813/5813
f 5815/5815/5815 5813/5813/5813 5816/5816/5816
f 5819/5819/5819 5818/5818/5818 5817/5817/5817
f 5819/5819/5819 5817/5817/5817 5820/5820/5820
f 5823/5823/5823 5822/5822/5822 5821/5821/5821
f 5823/5823/5823 5821/5821/5821 5824/5824/5824
g default_11
f 5827/5827/5827 5826/5826/5826 5825/5825/5825
f 5827/5827/5827 5825/5825/5825 5828/5828/5828
f 5831/5831/5831 5830/5830/5830 5829/5829/5829
f 5831/5831/5831 5829/5829/5829 5832/5832/5832
f 5835/5835/5835 5834/5834/5834 5833/5833/5833
f 5835/5835/5835 5833/5833/5833 5836/5836/5836
f 5839/5839/5839 5838/5838/5838 5837/5837/5837
f 5839/5839/5839 5837/5837/5837 5840/5840/5840
f 5843/5843/5843 5842/5842/5842 5841/5841/5841
f 5843/5843/5843 5841/5841/5841 5844/5844/5844
f 5847/5847/5847 5846/5846/5846 5845/5845/5845
f 5847/5847/5847 5845/5845/5845 5848/5848/5848
f 5851/5851/5851 5850/5850/5850 5849/5849/5849
f 5851/5851/5851 5849/5849/5849 5852/5852/5852
f 5855/5855/5855 5854/5854/5854 5853/5853/5853
f 5855/5855/5855 5853/5853/5853 5856/5856/5856
f 5859/5859/5859 5858/5858/5858 5857/5857/5857
f 5859/5859/5859 5857/5857/5857 5860/5860/5860
f 5863/5863/5863 5862/5862/5862 5861/5861/5861
f 5863/5863/5863 5861/5861/5861 5864/5864/5864
f 5867/5867/5867 5866/5866/5866 5865/5865/5865
f 5867/5867/5867 5865/5865/5865 5868/5868/5868
f 5871/5871/5871 5870/5870/5870 5869/5869/5869
f 5871/5871/5871 5869/5869/5869 5872/5872/5872
f 5875/5875/5875 5874/5874/5874 5873/5873/5873
f 5875/5875/5875 5873/5873/5873 5876/5876/5876
f 5879/5879/5879 5878/5878/5878 5877/5877/5877
f 5879/5879/5879 5877/5877/5877 5880/5880/5880
g default_12
f 5883/5883/5883 5882/5882/5882 5881/5881/5881
f 5883/5883/5883 5881/5881/5881 5884/5884/5884
f 5887/5887/5887 5886/5886/5886 5885/5885/5885
f 5887/5887/5887 5885/5885/5885 5888/5888/5888
f 5889/5889/5889 5888/5888/5888 5885/5885/5885
f 5889/5889/5889 5885/5885/5885 5890/5890/5890
f 5890/5890/5890 5891/5891/5891 5889/5889/5889
f 5890/5890/5890 5892/5892/5892 5891/5891/5891
f 5895/5895/5895 5894/5894/5894 5893/5893/5893
f 5895/5895/5895 5893/5893/5893 5896/5896/5896
f 5899/5899/5899 5898/5898/5898 5897/5897/5897
f 5899/5899/5899 5897/5897/5897 5900/5900/5900
f 5900/5900/5900 5902/5902/5902 5901/5901/5901
f 5900/5900/5900 5901/5901/5901 5903/5903/5903
f 5901/5901/5901 5899/5899/5899 5903/5903/5903
f 5901/5901/5901 5904/5904/5904 5899/5899/5899
f 5905/5905/5905 5904/5904/5904 5902/5902/5902
f 5905/5905/5905 5906/5906/5906 5904/5904/5904
f 5909/5909/5909 5908/5908/5908 5907/5907/5907
f 5909/5909/5909 5910/5910/5910 5908/5908/5908
f 5912/5912/5912 5911/5911/5911 5908/5908/5908
f 5912/5912/5912 5910/5910/5910 5913/5913/5913
f 5912/5912/5912 5914/5914/5914 5911/5911/5911
f 5912/5912/5912 5913/5913/5913 5914/5914/5914
f 5913/5913/5913 5915/5915/5915 5911/5911/5911
f 5913/5913/5913 5916/5916/5916 5915/5915/5915
f 5919/5919/5919 5918/5918/5918 5917/5917/5917
f 5919/5919/5919 5917/5917/5917 5920/5920/5920
f 5923/5923/5923 5922/5922/5922 5921/5921/5921
f 5923/5923/5923 5921/5921/5921 5924/5924/5924
f 5927/5927/5927 5926/5926/5926 5925/5925/5925
f 5927/5927/5927 5925/5925/5925 5928/5928/5928
f 5931/5931/5931 5930/5930/5930 5929/5929/5929
f 5931/5931/5931 5929/5929/5929 5932/5932/5932
f 5935/5935/5935 5934/5934/5934 5933/5933/5933
f 5935/5935/5935 5933/5933/5933 5936/5936/5936
f 5936/5936/5936 5938/5938/5938 5937/5937/5937
f 5936/5936/5936 5937/5937/5937 5939/5939/5939
f 5941/5941/5941 5933/5933/5933 5940/5940/5940
f 5941/5941/5941 5940/5940/5940 5942/5942/5942
f 5945/5945/5945 5944/5944/5944 5943/5943/5943
f 5945/5945/5945 5946/5946/5946 5944/5944/5944
f 5948/5948/5948 5944/5944/5944 5947/5947/5947
f 5948/5948/5948 5947/5947/5947 5949/5949/5949
f 5951/5951/5951 5946/5946/5946 5950/5950/5950
f 5951/5951/5951 5950/5950/5950 5952/5952/5952
f 5955/5955/5955 5954/5954/5954 5953/5953/5953
f 5955/5955/5955 5953/5953/5953 5956/5956/5956
f 5959/5959/5959 5958/5958/5958 5957/5957/5957
f 5959/5959/5959 5957/5957/5957 5960/5960/5960
f 5963/5963/5963 5962/5962/5962 5961/5961/5961
f 5963/5963/5963 5961/5961/5961 5964/5964/5964
f 5967/5967/5967 5966/5966/5966 5965/5965/5965
f 5967/5967/5967 5965/5965/5965 5968/5968/5968
f 5971/5971/5971 5970/5970/5970 5969/5969/5969
f 5971/5971/5971 5969/5969/5969 5972/5972/5972
f 5975/5975/5975 5974/5974/5974 5973/5973/5973
f 5975/5975/5975 5973/5973/5973 5976/5976/5976
f 5979/5979/5979 5978/5978/5978 5977/5977/5977
f 5979/5979/5979 5977/5977/5977 5980/5980/5980
f 5983/5983/5983 5982/5982/5982 5981/5981/5981
f 5983/5983/5983 5981/5981/5981 5984/5984/5984
f 5987/5987/5987 5986/5986/5986 5985/5985/5985
f 5987/5987/5987 5985/5985/5985 5988/5988/5988
f 5989/5989/5989 5988/5988/5988 5985/5985/5985
f 5989/5989/5989 5985/5985/5985 5990/5990/5990
f 5990/5990/5990 5991/5991/5991 5989/5989/5989
f 5990/5990/5990 5992/5992/5992 5991/5991/5991
f 5995/5995/5995 5994/5994/5994 5993/5993/5993
f 5995/5995/5995 5993/5993/5993 5996/5996/5996
f 5999/5999/5999 5998/5998/5998 5997/5997/5997
f 5999/5999/5999 5997/5997/5997 6000/6000/6000
f 6000/6000/6000 6002/6002/6002 6001/6001/6001
f 6000/6000/6000 6001/6001/6001 6003/6003/6003
f 6001/6001/6001 5999/5999/5999 6003/6003/6003
f 6001/6001/6001 6004/6004/6004 5999/5999/5999
f 6005/6005/6005 6004/6004/6004 6002/6002/6002
f 6005/6005/6005 6006/6006/6006 6004/6004/6004
f 6009/6009/6009 6008/6008/6008 6007/6007/6007
f 6009/6009/6009 6010/6010/6010 6008/6008/6008
f 6012/6012/6012 6011/6011/6011 6008/6008/6008
f 6012/6012/6012 6010/6010/6010 6013/6013/6013
f 6012/6012/6012 6014/6014/6014 6011/6011/6011
f 6012/6012/6012 6013/6013/6013 6014/6014/6014
f 6013/6013/6013 6015/6015/6015 6011/6011/6011
f 6013/6013/6013 6016/6016/6016 6015/6015/6015
f 6019/6019/6019 6018/6018/6018 6017/6017/6017
f 6019/6019/6019 6017/6017/6017 6020/6020/6020
f 6023/6023/6023 6022/6022/6022 6021/6021/6021
f 6023/6023/6023 6021/6021/6021 6024/6024/6024
f 6027/6027/6027 6026/6026/6026 6025/6025/6025
f 6027/6027/6027 6025/6025/6025 6028/6028/6028
f 6031/6031/6031 6030/6030/6030 6029/6029/6029
f 6031/6031/6031 6029/6029/6029 6032/6032/6032
f 6035/6035/6035 6034/6034/6034 6033/6033/6033
f 6035/6035/6035 6033/6033/6033 6036/6036/6036
f 6036/6036/6036 6038/6038/6038 6037/6037/6037
f 6036/6036/6036 6037/6037/6037 6039/6039/6039
f 6041/6041/6041 6033/6033/6033 6040/6040/6040
f 6041/6041/6041 6040/6040/6040 6042/6042/6042
f 6045/6045/6045 6044/6044/6044 6043/6043/6043
f 6045/6045/6045 6046/6046/6046 6044/6044/6044
f 6048/6048/6048 6044/6044/6044 6047/6047/6047
f 6048/6048/6048 6047/6047/6047 6049/6049/6049
f 6051/6051/6051 6046/6046/6046 6050/6050/6050
f 6051/6051/6051 6050/6050/6050 6052/6052/6052
f 6055/6055/6055 6054/6054/6054 6053/6053/6053
f 6055/6055/6055 6053/6053/6053 6056/6056/6056
f 6059/6059/6059 6058/6058/6058 6057/6057/6057
f 6059/6059/6059 6057/6057/6057 6060/6060/6060
f 6063/6063/6063 6062/6062/6062 6061/6061/6061
f 6063/6063/6063 6061/6061/6061 6064/6064/6064
f 6067/6067/6067 6066/6066/6066 6065/6065/6065
f 6067/6067/6067 6065/6065/6065 6068/6068/6068
f 6071/6071/6071 6070/6070/6070 6069/6069/6069
f 6071/6071/6071 6069/6069/6069 6072/6072/6072
f 6075/6075/6075 6074/6074/6074 6073/6073/6073
f 6075/6075/6075 6073/6073/6073 6076/6076/6076
f 6079/6079/6079 6078/6078/6078 6077/6077/6077
f 6079/6079/6079 6077/6077/6077 6080/6080/6080
f 6083/6083/6083 6082/6082/6082 6081/6081/6081
f 6083/6083/6083 6081/6081/6081 6084/6084/6084
f 6087/6087/6087 6086/6086/6086 6085/6085/6085
f 6087/6087/6087 6085/6085/6085 6088/6088/6088
f 6089/6089/6089 6088/6088/6088 6085/6085/6085
f 6089/6089/6089 6085/6085/6085 6090/6090/6090
f 6090/6090/6090 6091/6091/6091 6089/6089/6089
f 6090/6090/6090 6092/6092/6092 6091/6091/6091
f 6095/6095/6095 6094/6094/6094 6093/6093/6093
f 6095/6095/6095 6093/6093/6093 6096/6096/6096
f 6099/6099/6099 6098/6098/6098 6097/6097/6097
f 6099/6099/6099 6097/6097/6097 6100/6100/6100
f 6100/6100/6100 6102/6102/6102 6101/6101/6101
f 6100/6100/6100 6101/6101/6101 6103/6103/6103
f 6101/6101/6101 6099/6099/6099 6103/6103/6103
f 6101/6101/6101 6104/6104/6104 6099/6099/6099
f 6105/6105/6105 6104/6104/6104 6102/6102/6102
f 6105/6105/6105 6106/6106/6106 6104/6104/6104
f 6109/6109/6109 6108/6108/6108 6107/6107/6107
f 6109/6109/6109 6110/6110/6110 6108/6108/6108
f 6112/6112/6112 6111/6111/6111 6108/6108/6108
f 6112/6112/6112 6110/6110/6110 6113/6113/6113
f 6112/6112/6112 6114/6114/6114 6111/6111/6111
f 6112/6112/6112 6113/6113/6113 6114/6114/6114
f 6113/6113/6113 6115/6115/6115 6111/6111/6111
f 6113/6113/6113 6116/6116/6116 6115/6115/6115
f 6119/6119/6119 6118/6118/6118 6117/6117/6117
f 6119/6119/6119 6117/6117/6117 6120/6120/6120
f 6123/6123/6123 6122/6122/6122 6121/6121/6121
f 6123/6123/6123 6121/6121/6121 6124/6124/6124
f 6127/6127/6127 6126/6126/6126 6125/6125/6125
f 6127/6127/6127 6125/6125/6125 6128/6128/6128
f 6131/6131/6131 6130/6130/6130 6129/6129/6129
f 6131/6131/6131 6129/6129/6129 6132/6132/6132
f 6135/6135/6135 6134/6134/6134 6133/6133/6133
f 6135/6135/6135 6133/6133/6133 6136/6136/6136
f 6136/6136/6136 6138/6138/6138 6137/6137/6137
f 6136/6136/6136 6137/6137/6137 6139/6139/6139
f 6141/6141/6141 6133/6133/6133 6140/6140/6140
f 6141/6141/6141 6140/6140/6140 6142/6142/6142
f 6145/6145/6145 6144/6144/6144 6143/6143/6143
f 6145/6145/6145 6146/6146/6146 6144/6144/6144
f 6148/6148/6148 6144/6144/6144 6147/6147/6147
f 6148/6148/6148 6147/6147/6147 6149/6149/6149
f 6151/6151/6151 6146/6146/6146 6150/6150/6150
f 6151/6151/6151 6150/6150/6150 6152/6152/6152
f 6155/6155/6155 6154/6154/6154 6153/6153/6153
f 6155/6155/6155 6153/6153/6153 6156/6156/6156
f 6159/6159/6159 6158/6158/6158 6157/6157/6157
f 6159/6159/6159 6157/6157/6157 6160/6160/6160
f 6163/6163/6163 6162/6162/6162 6161/6161/6161
f 6163/6163/6163 6161/6161/6161 6164/6164/6164
f 6167/6167/6167 6166/6166/6166 6165/6165/6165
f 6167/6167/6167 6165/6165/6165 6168/6168/6168
f 6171/6171/6171 6170/6170/6170 6169/6169/6169
f 6171/6171/6171 6169/6169/6169 6172/6172/6172
f 6175/6175/6175 6174/6174/6174 6173/6173/6173
f 6175/6175/6175 6173/6173/6173 6176/6176/6176
f 6179/6179/6179 6178/6178/6178 6177/6177/6177
f 6179/6179/6179 6177/6177/6177 6180/6180/6180
g default_13
f 6183/6183/6183 6182/6182/6182 6181/6181/6181
f 6183/6183/6183 6181/6181/6181 6184/6184/6184
f 6187/6187/6187 6186/6186/6186 6185/6185/6185
f 6187/6187/6187 6185/6185/6185 6188/6188/6188
f 6191/6191/6191 6190/6190/6190 6189/6189/6189
f 6191/6191/6191 6189/6189/6189 6192/6192/6192
f 6195/6195/6195 6194/6194/6194 6193/6193/6193
f 6195/6195/6195 6193/6193/6193 6196/6196/6196
f 6199/6199/6199 6198/6198/6198 6197/6197/6197
f 6199/6199/6199 6197/6197/6197 6200/6200/6200
f 6203/6203/6203 6202/6202/6202 6201/6201/6201
f 6203/6203/6203 6201/6201/6201 6204/6204/6204
f 6207/6207/6207 6206/6206/6206 6205/6205/6205
f 6207/6207/6207 6205/6205/6205 6208/6208/6208
f 6211/6211/6211 6210/6210/6210 6209/6209/6209
f 6211/6211/6211 6209/6209/6209 6212/6212/6212
f 6215/6215/6215 6214/6214/6214 6213/6213/6213
f 6215/6215/6215 6213/6213/6213 6216/6216/6216
f 6219/6219/6219 6218/6218/6218 6217/6217/6217
f 6219/6219/6219 6217/6217/6217 6220/6220/6220
f 6223/6223/6223 6222/6222/6222 6221/6221/6221
f 6223/6223/6223 6221/6221/6221 6224/6224/6224
f 6227/6227/6227 6226/6226/6226 6225/6225/6225
f 6227/6227/6227 6225/6225/6225 6228/6228/6228
f 6231/6231/6231 6230/6230/6230 6229/6229/6229
f 6231/6231/6231 6229/6229/6229 6232/6232/6232
f 6235/6235/6235 6234/6234/6234 6233/6233/6233
f 6235/6235/6235 6233/6233/6233 6236/6236/6236
f 6239/6239/6239 6238/6238/6238 6237/6237/6237
f 6239/6239/6239 6237/6237/6237 6240/6240/6240
f 6243/6243/6243 6242/6242/6242 6241/6241/6241
f 6243/6243/6243 6241/6241/6241 6244/6244/6244
f 6247/6247/6247 6246/6246/6246 6245/6245/6245
f 6247/6247/6247 6245/6245/6245 6248/6248/6248
f 6251/6251/6251 6250/6250/6250 6249/6249/6249
f 6251/6251/6251 6249/6249/6249 6252/6252/6252
g default_14
f 6255/6255/6255 6254/6254/6254 6253/6253/6253
f 6255/6255/6255 6253/6253/6253 6256/6256/6256
f 6259/6259/6259 6258/6258/6258 6257/6257/6257
f 6259/6259/6259 6257/6257/6257 6260/6260/6260
f 6263/6263/6263 6262/6262/6262 6261/6261/6261
f 6263/6263/6263 6261/6261/6261 6264/6264/6264
f 6267/6267/6267 6266/6266/6266 6265/6265/6265
f 6267/6267/6267 6265/6265/6265 6268/6268/6268
f 6271/6271/6271 6270/6270/6270 6269/6269/6269
f 6271/6271/6271 6269/6269/6269 6272/6272/6272
f 6275/6275/6275 6274/6274/6274 6273/6273/6273
f 6275/6275/6275 6273/6273/6273 6276/6276/6276
f 6279/6279/6279 6278/6278/6278 6277/6277/6277
f 6279/6279/6279 6277/6277/6277 6280/6280/6280
f 6283/6283/6283 6282/6282/6282 6281/6281/6281
f 6283/6283/6283 6281/6281/6281 6284/6284/6284
f 6287/6287/6287 6286/6286/6286 6285/6285/6285
f 6287/6287/6287 6285/6285/6285 6288/6288/6288
f 6291/6291/6291 6290/6290/6290 6289/6289/6289
f 6291/6291/6291 6289/6289/6289 6292/6292/6292
f 6295/6295/6295 6294/6294/6294 6293/6293/6293
f 6295/6295/6295 6293/6293/6293 6296/6296/6296
f 6299/6299/6299 6298/6298/6298 6297/6297/6297
f 6299/6299/6299 6297/6297/6297 6300/6300/6300
g default_15
f 6303/6303/6303 6302/6302/6302 6301/6301/6301
f 6303/6303/6303 6301/6301/6301 6304/6304/6304
f 6307/6307/6307 6306/6306/6306 6305/6305/6305
f 6307/6307/6307 6305/6305/6305 6308/6308/6308
f 6311/6311/6311 6310/6310/6310 6309/6309/6309
f 6311/6311/6311 6309/6309/6309 6312/6312/6312
f 6315/6315/6315 6314/6314/6314 6313/6313/6313
f 6315/6315/6315 6313/6313/6313 6316/6316/6316
f 6319/6319/6319 6318/6318/6318 6317/6317/6317
f 6319/6319/6319 6317/6317/6317 6320/6320/6320
f 6323/6323/6323 6322/6322/6322 6321/6321/6321
f 6323/6323/6323 6321/6321/6321 6324/6324/6324
g default_16
f 6327/6327/6327 6326/6326/6326 6325/6325/6325
f 6327/6327/6327 6325/6325/6325 6328/6328/6328
f 6331/6331/6331 6330/6330/6330 6329/6329/6329
f 6331/6331/6331 6329/6329/6329 6332/6332/6332
f 6335/6335/6335 6334/6334/6334 6333/6333/6333
f 6335/6335/6335 6333/6333/6333 6336/6336/6336
f 6339/6339/6339 6338/6338/6338 6337/6337/6337
f 6339/6339/6339 6337/6337/6337 6340/6340/6340
f 6343/6343/6343 6342/6342/6342 6341/6341/6341
f 6343/6343/6343 6341/6341/6341 6344/6344/6344
f 6347/6347/6347 6346/6346/6346 6345/6345/6345
f 6347/6347/6347 6345/6345/6345 6348/6348/6348
f 6351/6351/6351 6350/6350/6350 6349/6349/6349
f 6351/6351/6351 6349/6349/6349 6352/6352/6352
f 6351/6351/6351 6352/6352/6352 6353/6353/6353
f 6356/6356/6356 6355/6355/6355 6354/6354/6354
f 6356/6356/6356 6354/6354/6354 6357/6357/6357
f 6356/6356/6356 6357/6357/6357 6358/6358/6358
f 6361/6361/6361 6360/6360/6360 6359/6359/6359
f 6361/6361/6361 6359/6359/6359 6362/6362/6362
f 6365/6365/6365 6364/6364/6364 6363/6363/6363
f 6365/6365/6365 6363/6363/6363 6366/6366/6366
f 6369/6369/6369 6368/6368/6368 6367/6367/6367
f 6369/6369/6369 6367/6367/6367 6370/6370/6370
f 6373/6373/6373 6372/6372/6372 6371/6371/6371
f 6373/6373/6373 6371/6371/6371 6374/6374/6374
f 6377/6377/6377 6376/6376/6376 6375/6375/6375
f 6377/6377/6377 6375/6375/6375 6378/6378/6378
f 6379/6379/6379 6377/6377/6377 6378/6378/6378
f 6379/6379/6379 6378/6378/6378 6380/6380/6380
f 6381/6381/6381 6379/6379/6379 6380/6380/6380
f 6381/6381/6381 6380/6380/6380 6382/6382/6382
f 6383/6383/6383 6381/6381/6381 6382/6382/6382
f 6383/6383/6383 6382/6382/6382 6384/6384/6384
f 6385/6385/6385 6383/6383/6383 6384/6384/6384
f 6385/6385/6385 6384/6384/6384 6386/6386/6386
f 6389/6389/6389 6388/6388/6388 6387/6387/6387
f 6389/6389/6389 6387/6387/6387 6390/6390/6390
f 6392/6392/6392 6389/6389/6389 6391/6391/6391
f 6392/6392/6392 6391/6391/6391 6393/6393/6393
f 6395/6395/6395 6394/6394/6394 6391/6391/6391
f 6395/6395/6395 6396/6396/6396 6394/6394/6394
f 6398/6398/6398 6397/6397/6397 6395/6395/6395
f 6398/6398/6398 6399/6399/6399 6397/6397/6397
f 6401/6401/6401 6400/6400/6400 6398/6398/6398
f 6401/6401/6401 6402/6402/6402 6400/6400/6400
f 6405/6405/6405 6404/6404/6404 6403/6403/6403
f 6405/6405/6405 6403/6403/6403 6406/6406/6406
f 6408/6408/6408 6405/6405/6405 6407/6407/6407
f 6408/6408/6408 6407/6407/6407 6409/6409/6409
f 6411/6411/6411 6408/6408/6408 6410/6410/6410
f 6411/6411/6411 6410/6410/6410 6412/6412/6412
f 6414/6414/6414 6411/6411/6411 6413/6413/6413
f 6414/6414/6414 6413/6413/6413 6415/6415/6415
f 6417/6417/6417 6414/6414/6414 6416/6416/6416
f 6417/6417/6417 6416/6416/6416 6418/6418/6418
f 6421/6421/6421 6420/6420/6420 6419/6419/6419
f 6421/6421/6421 6419/6419/6419 6422/6422/6422
f 6425/6425/6425 6424/6424/6424 6423/6423/6423
f 6425/6425/6425 6423/6423/6423 6426/6426/6426
f 6429/6429/6429 6428/6428/6428 6427/6427/6427
f 6429/6429/6429 6427/6427/6427 6430/6430/6430
f 6433/6433/6433 6432/6432/6432 6431/6431/6431
f 6433/6433/6433 6431/6431/6431 6434/6434/6434
f 6437/6437/6437 6436/6436/6436 6435/6435/6435
f 6437/6437/6437 6435/6435/6435 6438/6438/6438
f 6441/6441/6441 6440/6440/6440 6439/6439/6439
f 6441/6441/6441 6439/6439/6439 6442/6442/6442
f 6445/6445/6445 6444/6444/6444 6443/6443/6443
f 6445/6445/6445 6443/6443/6443 6446/6446/6446
f 6449/6449/6449 6448/6448/6448 6447/6447/6447
f 6449/6449/6449 6447/6447/6447 6450/6450/6450
f 6453/6453/6453 6452/6452/6452 6451/6451/6451
f 6453/6453/6453 6451/6451/6451 6454/6454/6454
f 6457/6457/6457 6456/6456/6456 6455/6455/6455
f 6457/6457/6457 6455/6455/6455 6458/6458/6458
f 6461/6461/6461 6460/6460/6460 6459/6459/6459
f 6461/6461/6461 6459/6459/6459 6462/6462/6462
f 6465/6465/6465 6464/6464/6464 6463/6463/6463
f 6465/6465/6465 6463/6463/6463 6466/6466/6466
f 6469/6469/6469 6468/6468/6468 6467/6467/6467
f 6469/6469/6469 6467/6467/6467 6470/6470/6470
f 6473/6473/6473 6472/6472/6472 6471/6471/6471
f 6473/6473/6473 6471/6471/6471 6474/6474/6474
f 6477/6477/6477 6476/6476/6476 6475/6475/6475
f 6477/6477/6477 6475/6475/6475 6478/6478/6478
f 6481/6481/6481 6480/6480/6480 6479/6479/6479
f 6481/6481/6481 6479/6479/6479 6482/6482/6482
f 6483/6483/6483 6481/6481/6481 6482/6482/6482
f 6483/6483/6483 6482/6482/6482 6484/6484/6484
f 6485/6485/6485 6483/6483/6483 6484/6484/6484
f 6485/6485/6485 6484/6484/6484 6486/6486/6486
f 6487/6487/6487 6485/6485/6485 6486/6486/6486
f 6487/6487/6487 6486/6486/6486 6488/6488/6488
f 6489/6489/6489 6487/6487/6487 6488/6488/6488
f 6489/6489/6489 6488/6488/6488 6490/6490/6490
f 6493/6493/6493 6492/6492/6492 6491/6491/6491
f 6493/6493/6493 6491/6491/6491 6494/6494/6494
f 6496/6496/6496 6493/6493/6493 6495/6495/6495
f 6496/6496/6496 6495/6495/6495 6497/6497/6497
f 6499/6499/6499 6498/6498/6498 6495/6495/6495
f 6499/6499/6499 6500/6500/6500 6498/6498/6498
f 6502/6502/6502 6501/6501/6501 6499/6499/6499
f 6502/6502/6502 6503/6503/6503 6501/6501/6501
f 6505/6505/6505 6502/6502/6502 6504/6504/6504
f 6505/6505/6505 6506/6506/6506 6502/6502/6502
f 6505/6505/6505 6507/6507/6507 6506/6506/6506
f 6509/6509/6509 6508/6508/6508 6505/6505/6505
f 6509/6509/6509 6510/6510/6510 6508/6508/6508
f 6512/6512/6512 6511/6511/6511 6509/6509/6509
f 6512/6512/6512 6513/6513/6513 6511/6511/6511
f 6516/6516/6516 6515/6515/6515 6514/6514/6514
f 6516/6516/6516 6514/6514/6514 6517/6517/6517
f 6519/6519/6519 6516/6516/6516 6518/6518/6518
f 6519/6519/6519 6518/6518/6518 6520/6520/6520
f 6522/6522/6522 6519/6519/6519 6521/6521/6521
f 6522/6522/6522 6521/6521/6521 6523/6523/6523
f 6525/6525/6525 6522/6522/6522 6524/6524/6524
f 6525/6525/6525 6524/6524/6524 6526/6526/6526
f 6528/6528/6528 6525/6525/6525 6527/6527/6527
f 6528/6528/6528 6527/6527/6527 6529/6529/6529
f 6528/6528/6528 6529/6529/6529 6530/6530/6530
f 6532/6532/6532 6530/6530/6530 6531/6531/6531
f 6532/6532/6532 6531/6531/6531 6533/6533/6533
f 6535/6535/6535 6532/6532/6532 6534/6534/6534
f 6535/6535/6535 6534/6534/6534 6536/6536/6536
f 6539/6539/6539 6538/6538/6538 6537/6537/6537
f 6539/6539/6539 6537/6537/6537 6540/6540/6540
f 6543/6543/6543 6542/6542/6542 6541/6541/6541
f 6543/6543/6543 6541/6541/6541 6544/6544/6544
f 6547/6547/6547 6546/6546/6546 6545/6545/6545
f 6547/6547/6547 6545/6545/6545 6548/6548/6548
f 6551/6551/6551 6550/6550/6550 6549/6549/6549
f 6551/6551/6551 6549/6549/6549 6552/6552/6552
f 6555/6555/6555 6554/6554/6554 6553/6553/6553
f 6555/6555/6555 6553/6553/6553 6556/6556/6556
f 6559/6559/6559 6558/6558/6558 6557/6557/6557
f 6559/6559/6559 6557/6557/6557 6560/6560/6560
f 6563/6563/6563 6562/6562/6562 6561/6561/6561
f 6563/6563/6563 6561/6561/6561 6564/6564/6564
f 6567/6567/6567 6566/6566/6566 6565/6565/6565
f 6567/6567/6567 6565/6565/6565 6568/6568/6568
f 6571/6571/6571 6570/6570/6570 6569/6569/6569
f 6571/6571/6571 6569/6569/6569 6572/6572/6572
f 6575/6575/6575 6574/6574/6574 6573/6573/6573
f 6575/6575/6575 6573/6573/6573 6576/6576/6576
f 6579/6579/6579 6578/6578/6578 6577/6577/6577
f 6579/6579/6579 6577/6577/6577 6580/6580/6580
f 6583/6583/6583 6582/6582/6582 6581/6581/6581
f 6583/6583/6583 6581/6581/6581 6584/6584/6584
f 6587/6587/6587 6586/6586/6586 6585/6585/6585
f 6587/6587/6587 6588/6588/6588 6586/6586/6586
f 6589/6589/6589 6588/6588/6588 6587/6587/6587
f 6589/6589/6589 6590/6590/6590 6588/6588/6588
f 6590/6590/6590 6589/6589/6589 6591/6591/6591
f 6590/6590/6590 6591/6591/6591 6592/6592/6592
f 6595/6595/6595 6594/6594/6594 6593/6593/6593
f 6595/6595/6595 6593/6593/6593 6596/6596/6596
f 6599/6599/6599 6598/6598/6598 6597/6597/6597
f 6599/6599/6599 6597/6597/6597 6600/6600/6600
f 6603/6603/6603 6602/6602/6602 6601/6601/6601
f 6603/6603/6603 6601/6601/6601 6604/6604/6604
f 6607/6607/6607 6606/6606/6606 6605/6605/6605
f 6607/6607/6607 6605/6605/6605 6608/6608/6608
f 6611/6611/6611 6610/6610/6610 6609/6609/6609
f 6611/6611/6611 6609/6609/6609 6612/6612/6612
f 6615/6615/6615 6614/6614/6614 6613/6613/6613
f 6615/6615/6615 6613/6613/6613 6616/6616/6616
f 6619/6619/6619 6618/6618/6618 6617/6617/6617
f 6619/6619/6619 6617/6617/6617 6620/6620/6620
f 6623/6623/6623 6622/6622/6622 6621/6621/6621
f 6623/6623/6623 6621/6621/6621 6624/6624/6624
f 6627/6627/6627 6626/6626/6626 6625/6625/6625
f 6627/6627/6627 6625/6625/6625 6628/6628/6628
f 6631/6631/6631 6630/6630/6630 6629/6629/6629
f 6631/6631/6631 6629/6629/6629 6632/6632/6632
f 6634/6634/6634 6633/6633/6633 6631/6631/6631
f 6634/6634/6634 6635/6635/6635 6633/6633/6633
f 6637/6637/6637 6636/6636/6636 6634/6634/6634
f 6637/6637/6637 6638/6638/6638 6636/6636/6636
f 6640/6640/6640 6639/6639/6639 6637/6637/6637
f 6640/6640/6640 6641/6641/6641 6639/6639/6639
f 6643/6643/6643 6640/6640/6640 6642/6642/6642
f 6643/6643/6643 6642/6642/6642 6644/6644/6644
f 6646/6646/6646 6645/6645/6645 6642/6642/6642
f 6646/6646/6646 6647/6647/6647 6645/6645/6645
f 6649/6649/6649 6646/6646/6646 6648/6648/6648
f 6649/6649/6649 6650/6650/6650 6646/6646/6646
f 6649/6649/6649 6651/6651/6651 6650/6650/6650
f 6654/6654/6654 6653/6653/6653 6652/6652/6652
f 6654/6654/6654 6652/6652/6652 6655/6655/6655
f 6657/6657/6657 6654/6654/6654 6656/6656/6656
f 6657/6657/6657 6656/6656/6656 6658/6658/6658
f 6660/6660/6660 6657/6657/6657 6659/6659/6659
f 6660/6660/6660 6659/6659/6659 6661/6661/6661
f 6663/6663/6663 6660/6660/6660 6662/6662/6662
f 6663/6663/6663 6662/6662/6662 6664/6664/6664
f 6666/6666/6666 6663/6663/6663 6665/6665/6665
f 6666/6666/6666 6665/6665/6665 6667/6667/6667
f 6669/6669/6669 6666/6666/6666 6668/6668/6668
f 6669/6669/6669 6668/6668/6668 6670/6670/6670
f 6672/6672/6672 6669/6669/6669 6671/6671/6671
f 6672/6672/6672 6671/6671/6671 6673/6673/6673
f 6672/6672/6672 6673/6673/6673 6674/6674/6674
f 6677/6677/6677 6676/6676/6676 6675/6675/6675
f 6677/6677/6677 6675/6675/6675 6678/6678/6678
f 6679/6679/6679 6677/6677/6677 6678/6678/6678
f 6679/6679/6679 6678/6678/6678 6680/6680/6680
f 6681/6681/6681 6679/6679/6679 6680/6680/6680
f 6681/6681/6681 6680/6680/6680 6682/6682/6682
f 6683/6683/6683 6681/6681/6681 6682/6682/6682
f 6683/6683/6683 6682/6682/6682 6684/6684/6684
f 6685/6685/6685 6683/6683/6683 6684/6684/6684
f 6685/6685/6685 6684/6684/6684 6686/6686/6686
f 6687/6687/6687 6685/6685/6685 6686/6686/6686
f 6687/6687/6687 6686/6686/6686 6688/6688/6688
f 6689/6689/6689 6687/6687/6687 6688/6688/6688
f 6689/6689/6689 6688/6688/6688 6690/6690/6690
f 6693/6693/6693 6692/6692/6692 6691/6691/6691
f 6693/6693/6693 6691/6691/6691 6694/6694/6694
f 6697/6697/6697 6696/6696/6696 6695/6695/6695
f 6697/6697/6697 6695/6695/6695 6698/6698/6698
f 6701/6701/6701 6700/6700/6700 6699/6699/6699
f 6701/6701/6701 6699/6699/6699 6702/6702/6702
f 6705/6705/6705 6704/6704/6704 6703/6703/6703
f 6705/6705/6705 6703/6703/6703 6706/6706/6706
f 6709/6709/6709 6708/6708/6708 6707/6707/6707
f 6709/6709/6709 6707/6707/6707 6710/6710/6710
f 6713/6713/6713 6712/6712/6712 6711/6711/6711
f 6713/6713/6713 6711/6711/6711 6714/6714/6714
f 6717/6717/6717 6716/6716/6716 6715/6715/6715
f 6717/6717/6717 6715/6715/6715 6718/6718/6718
f 6721/6721/6721 6720/6720/6720 6719/6719/6719
f 6721/6721/6721 6719/6719/6719 6722/6722/6722
f 6725/6725/6725 6724/6724/6724 6723/6723/6723
f 6725/6725/6725 6723/6723/6723 6726/6726/6726
f 6729/6729/6729 6728/6728/6728 6727/6727/6727
f 6729/6729/6729 6727/6727/6727 6730/6730/6730
f 6733/6733/6733 6732/6732/6732 6731/6731/6731
f 6733/6733/6733 6731/6731/6731 6734/6734/6734
f 6737/6737/6737 6736/6736/6736 6735/6735/6735
f 6737/6737/6737 6735/6735/6735 6738/6738/6738
f 6741/6741/6741 6740/6740/6740 6739/6739/6739
f 6741/6741/6741 6739/6739/6739 6742/6742/6742
f 6745/6745/6745 6744/6744/6744 6743/6743/6743
f 6745/6745/6745 6743/6743/6743 6746/6746/6746
f 6749/6749/6749 6748/6748/6748 6747/6747/6747
f 6749/6749/6749 6747/6747/6747 6750/6750/6750
f 6753/6753/6753 6752/6752/6752 6751/6751/6751
f 6753/6753/6753 6751/6751/6751 6754/6754/6754
f 6757/6757/6757 6756/6756/6756 6755/6755/6755
f 6757/6757/6757 6755/6755/6755 6758/6758/6758
f 6761/6761/6761 6760/6760/6760 6759/6759/6759
f 6761/6761/6761 6759/6759/6759 6762/6762/6762
f 6765/6765/6765 6764/6764/6764 6763/6763/6763
f 6765/6765/6765 6763/6763/6763 6766/6766/6766
f 6769/6769/6769 6768/6768/6768 6767/6767/6767
f 6769/6769/6769 6767/6767/6767 6770/6770/6770
f 6773/6773/6773 6772/6772/6772 6771/6771/6771
f 6773/6773/6773 6771/6771/6771 6774/6774/6774
f 6777/6777/6777 6776/6776/6776 6775/6775/6775
f 6777/6777/6777 6775/6775/6775 6778/6778/6778
f 6781/6781/6781 6780/6780/6780 6779/6779/6779
f 6781/6781/6781 6779/6779/6779 6782/6782/6782
f 6784/6784/6784 6783/6783/6783 6781/6781/6781
f 6784/6784/6784 6785/6785/6785 6783/6783/6783
f 6787/6787/6787 6786/6786/6786 6784/6784/6784
f 6787/6787/6787 6788/6788/6788 6786/6786/6786
f 6790/6790/6790 6789/6789/6789 6787/6787/6787
f 6790/6790/6790 6791/6791/6791 6789/6789/6789
f 6793/6793/6793 6792/6792/6792 6790/6790/6790
f 6793/6793/6793 6794/6794/6794 6792/6792/6792
f 6796/6796/6796 6795/6795/6795 6793/6793/6793
f 6796/6796/6796 6797/6797/6797 6795/6795/6795
f 6799/6799/6799 6798/6798/6798 6796/6796/6796
f 6799/6799/6799 6800/6800/6800 6798/6798/6798
f 6803/6803/6803 6802/6802/6802 6801/6801/6801
f 6803/6803/6803 6801/6801/6801 6804/6804/6804
f 6806/6806/6806 6803/6803/6803 6805/6805/6805
f 6806/6806/6806 6805/6805/6805 6807/6807/6807
f 6809/6809/6809 6806/6806/6806 6808/6808/6808
f 6809/6809/6809 6808/6808/6808 6810/6810/6810
f 6812/6812/6812 6809/6809/6809 6811/6811/6811
f 6812/6812/6812 6811/6811/6811 6813/6813/6813
f 6815/6815/6815 6812/6812/6812 6814/6814/6814
f 6815/6815/6815 6814/6814/6814 6816/6816/6816
f 6818/6818/6818 6815/6815/6815 6817/6817/6817
f 6818/6818/6818 6817/6817/6817 6819/6819/6819
f 6821/6821/6821 6818/6818/6818 6820/6820/6820
f 6821/6821/6821 6820/6820/6820 6822/6822/6822
f 6825/6825/6825 6824/6824/6824 6823/6823/6823
f 6825/6825/6825 6823/6823/6823 6826/6826/6826
f 6827/6827/6827 6826/6826/6826 6823/6823/6823
f 6827/6827/6827 6823/6823/6823 6828/6828/6828
f 6829/6829/6829 6827/6827/6827 6828/6828/6828
f 6829/6829/6829 6828/6828/6828 6830/6830/6830
f 6831/6831/6831 6829/6829/6829 6830/6830/6830
f 6831/6831/6831 6830/6830/6830 6832/6832/6832
f 6833/6833/6833 6831/6831/6831 6832/6832/6832
f 6833/6833/6833 6832/6832/6832 6834/6834/6834
f 6835/6835/6835 6833/6833/6833 6834/6834/6834
f 6835/6835/6835 6834/6834/6834 6836/6836/6836
f 6837/6837/6837 6835/6835/6835 6836/6836/6836
f 6837/6837/6837 6836/6836/6836 6838/6838/6838
f 6841/6841/6841 6840/6840/6840 6839/6839/6839
f 6841/6841/6841 6839/6839/6839 6842/6842/6842
f 6845/6845/6845 6844/6844/6844 6843/6843/6843
f 6845/6845/6845 6843/6843/6843 6846/6846/6846
f 6849/6849/6849 6848/6848/6848 6847/6847/6847
f 6849/6849/6849 6847/6847/6847 6850/6850/6850
f 6853/6853/6853 6852/6852/6852 6851/6851/6851
f 6853/6853/6853 6851/6851/6851 6854/6854/6854
f 6857/6857/6857 6856/6856/6856 6855/6855/6855
f 6857/6857/6857 6855/6855/6855 6858/6858/6858
f 6861/6861/6861 6860/6860/6860 6859/6859/6859
f 6861/6861/6861 6859/6859/6859 6862/6862/6862
f 6865/6865/6865 6864/6864/6864 6863/6863/6863
f 6865/6865/6865 6863/6863/6863 6866/6866/6866
f 6869/6869/6869 6868/6868/6868 6867/6867/6867
f 6869/6869/6869 6867/6867/6867 6870/6870/6870
f 6873/6873/6873 6872/6872/6872 6871/6871/6871
f 6873/6873/6873 6871/6871/6871 6874/6874/6874
f 6877/6877/6877 6876/6876/6876 6875/6875/6875
f 6877/6877/6877 6875/6875/6875 6878/6878/6878
f 6881/6881/6881 6880/6880/6880 6879/6879/6879
f 6881/6881/6881 6879/6879/6879 6882/6882/6882
f 6885/6885/6885 6884/6884/6884 6883/6883/6883
f 6885/6885/6885 6883/6883/6883 6886/6886/6886
f 6889/6889/6889 6888/6888/6888 6887/6887/6887
f 6889/6889/6889 6887/6887/6887 6890/6890/6890
f 6893/6893/6893 6892/6892/6892 6891/6891/6891
f 6893/6893/6893 6891/6891/6891 6894/6894/6894
f 6897/6897/6897 6896/6896/6896 6895/6895/6895
f 6897/6897/6897 6895/6895/6895 6898/6898/6898
f 6901/6901/6901 6900/6900/6900 6899/6899/6899
f 6901/6901/6901 6899/6899/6899 6902/6902/6902
f 6905/6905/6905 6904/6904/6904 6903/6903/6903
f 6905/6905/6905 6903/6903/6903 6906/6906/6906
f 6909/6909/6909 6908/6908/6908 6907/6907/6907
f 6909/6909/6909 6907/6907/6907 6910/6910/6910
f 6913/6913/6913 6912/6912/6912 6911/6911/6911
f 6913/6913/6913 6911/6911/6911 6914/6914/6914
f 6917/6917/6917 6916/6916/6916 6915/6915/6915
f 6917/6917/6917 6915/6915/6915 6918/6918/6918
f 6921/6921/6921 6920/6920/6920 6919/6919/6919
f 6921/6921/6921 6919/6919/6919 6922/6922/6922
f 6925/6925/6925 6924/6924/6924 6923/6923/6923
f 6925/6925/6925 6923/6923/6923 6926/6926/6926
f 6929/6929/6929 6928/6928/6928 6927/6927/6927
f 6929/6929/6929 6927/6927/6927 6930/6930/6930
f 6933/6933/6933 6932/6932/6932 6931/6931/6931
f 6933/6933/6933 6931/6931/6931 6934/6934/6934
f 6937/6937/6937 6936/6936/6936 6935/6935/6935
f 6937/6937/6937 6935/6935/6935 6938/6938/6938
f 6941/6941/6941 6940/6940/6940 6939/6939/6939
f 6941/6941/6941 6939/6939/6939 6942/6942/6942
f 6945/6945/6945 6944/6944/6944 6943/6943/6943
f 6945/6945/6945 6943/6943/6943 6946/6946/6946
f 6949/6949/6949 6948/6948/6948 6947/6947/6947
f 6949/6949/6949 6947/6947/6947 6950/6950/6950
f 6953/6953/6953 6952/6952/6952 6951/6951/6951
f 6953/6953/6953 6951/6951/6951 6954/6954/6954
f 6957/6957/6957 6956/6956/6956 6955/6955/6955
f 6957/6957/6957 6955/6955/6955 6958/6958/6958
f 6961/6961/6961 6960/6960/6960 6959/6959/6959
f 6961/6961/6961 6959/6959/6959 6962/6962/6962
f 6965/6965/6965 6964/6964/6964 6963/6963/6963
f 6965/6965/6965 6963/6963/6963 6966/6966/6966
f 6969/6969/6969 6968/6968/6968 6967/6967/6967
f 6969/6969/6969 6967/6967/6967 6970/6970/6970
f 6973/6973/6973 6972/6972/6972 6971/6971/6971
f 6973/6973/6973 6971/6971/6971 6974/6974/6974
f 6977/6977/6977 6976/6976/6976 6975/6975/6975
f 6977/6977/6977 6975/6975/6975 6978/6978/6978
f 6981/6981/6981 6980/6980/6980 6979/6979/6979
f 6981/6981/6981 6979/6979/6979 6982/6982/6982
f 6985/6985/6985 6984/6984/6984 6983/6983/6983
f 6985/6985/6985 6983/6983/6983 6986/6986/6986
f 6989/6989/6989 6988/6988/6988 6987/6987/6987
f 6989/6989/6989 6987/6987/6987 6990/6990/6990
f 6993/6993/6993 6992/6992/6992 6991/6991/6991
f 6993/6993/6993 6991/6991/6991 6994/6994/6994
f 6997/6997/6997 6996/6996/6996 6995/6995/6995
f 6997/6997/6997 6995/6995/6995 6998/6998/6998
f 6997/6997/6997 6998/6998/6998 6999/6999/6999
f 7002/7002/7002 7001/7001/7001 7000/7000/7000
f 7002/7002/7002 7000/7000/7000 7003/7003/7003
f 7002/7002/7002 7003/7003/7003 7004/7004/7004
f 7007/7007/7007 7006/7006/7006 7005/7005/7005
f 7007/7007/7007 7005/7005/7005 7008/7008/7008
f 7011/7011/7011 7010/7010/7010 7009/7009/7009
f 7011/7011/7011 7009/7009/7009 7012/7012/7012
f 7015/7015/7015 7014/7014/7014 7013/7013/7013
f 7015/7015/7015 7013/7013/7013 7016/7016/7016
f 7019/7019/7019 7018/7018/7018 7017/7017/7017
f 7019/7019/7019 7017/7017/7017 7020/7020/7020
f 7023/7023/7023 7022/7022/7022 7021/7021/7021
f 7023/7023/7023 7021/7021/7021 7024/7024/7024
g default_17
f 7027/7027/7027 7026/7026/7026 7025/7025/7025
f 7026/7026/7026 7029/7029/7029 7028/7028/7028
f 7029/7029/7029 7031/7031/7031 7030/7030/7030
f 7031/7031/7031 7033/7033/7033 7032/7032/7032
f 7033/7033/7033 7035/7035/7035 7034/7034/7034
f 7033/7033/7033 7036/7036/7036 7035/7035/7035
f 7038/7038/7038 7037/7037/7037 7036/7036/7036
f 7038/7038/7038 7039/7039/7039 7037/7037/7037
f 7038/7038/7038 7040/7040/7040 7039/7039/7039
f 7038/7038/7038 7041/7041/7041 7040/7040/7040
f 7038/7038/7038 7042/7042/7042 7041/7041/7041
f 7038/7038/7038 7043/7043/7043 7042/7042/7042
f 7035/7035/7035 7045/7045/7045 7044/7044/7044
f 7035/7035/7035 7044/7044/7044 7046/7046/7046
f 7048/7048/7048 7047/7047/7047 7038/7038/7038
f 7048/7048/7048 7038/7038/7038 7049/7049/7049
f 7044/7044/7044 7051/7051/7051 7050/7050/7050
f 7044/7044/7044 7050/7050/7050 7052/7052/7052
f 7054/7054/7054 7053/7053/7053 7048/7048/7048
f 7054/7054/7054 7048/7048/7048 7055/7055/7055
f 7050/7050/7050 7057/7057/7057 7056/7056/7056
f 7050/7050/7050 7056/7056/7056 7058/7058/7058
f 7060/7060/7060 7059/7059/7059 7054/7054/7054
f 7060/7060/7060 7054/7054/7054 7061/7061/7061
f 7056/7056/7056 7063/7063/7063 7062/7062/7062
f 7056/7056/7056 7062/7062/7062 7064/7064/7064
f 7066/7066/7066 7065/7065/7065 7060/7060/7060
f 7066/7066/7066 7060/7060/7060 7067/7067/7067
f 7062/7062/7062 7069/7069/7069 7068/7068/7068
f 7062/7062/7062 7068/7068/7068 7070/7070/7070
f 7072/7072/7072 7071/7071/7071 7066/7066/7066
f 7072/7072/7072 7066/7066/7066 7073/7073/7073
f 7068/7068/7068 7075/7075/7075 7074/7074/7074
f 7068/7068/7068 7074/7074/7074 7076/7076/7076
f 7078/7078/7078 7077/7077/7077 7072/7072/7072
f 7078/7078/7078 7072/7072/7072 7079/7079/7079
f 7074/7074/7074 7081/7081/7081 7080/7080/7080
f 7074/7074/7074 7080/7080/7080 7082/7082/7082
f 7084/7084/7084 7083/7083/7083 7078/7078/7078
f 7084/7084/7084 7078/7078/7078 7085/7085/7085
f 7080/7080/7080 7087/7087/7087 7086/7086/7086
f 7080/7080/7080 7086/7086/7086 7088/7088/7088
f 7090/7090/7090 7089/7089/7089 7084/7084/7084
f 7090/7090/7090 7084/7084/7084 7091/7091/7091
f 7086/7086/7086 7093/7093/7093 7092/7092/7092
f 7086/7086/7086 7092/7092/7092 7094/7094/7094
f 7096/7096/7096 7095/7095/7095 7090/7090/7090
f 7096/7096/7096 7090/7090/7090 7097/7097/7097
f 7092/7092/7092 7099/7099/7099 7098/7098/7098
f 7092/7092/7092 7098/7098/7098 7100/7100/7100
f 7102/7102/7102 7101/7101/7101 7096/7096/7096
f 7102/7102/7102 7096/7096/7096 7103/7103/7103
f 7098/7098/7098 7105/7105/7105 7104/7104/7104
f 7098/7098/7098 7104/7104/7104 7106/7106/7106
f 7108/7108/7108 7107/7107/7107 7102/7102/7102
f 7108/7108/7108 7102/7102/7102 7109/7109/7109
f 7104/7104/7104 7111/7111/7111 7110/7110/7110
f 7104/7104/7104 7110/7110/7110 7112/7112/7112
f 7114/7114/7114 7113/7113/7113 7108/7108/7108
f 7114/7114/7114 7108/7108/7108 7115/7115/7115
f 7110/7110/7110 7117/7117/7117 7116/7116/7116
f 7110/7110/7110 7116/7116/7116 7118/7118/7118
f 7116/7116/7116 7119/7119/7119 7114/7114/7114
f 7116/7116/7116 7114/7114/7114 7120/7120/7120
f 7123/7123/7123 7122/7122/7122 7121/7121/7121
f 7125/7125/7125 7124/7124/7124 7122/7122/7122
f 7127/7127/7127 7126/7126/7126 7124/7124/7124
f 7129/7129/7129 7128/7128/7128 7126/7126/7126
f 7131/7131/7131 7130/7130/7130 7128/7128/7128
f 7131/7131/7131 7132/7132/7132 7130/7130/7130
f 7134/7134/7134 7133/7133/7133 7132/7132/7132
f 7134/7134/7134 7135/7135/7135 7133/7133/7133
f 7137/7137/7137 7136/7136/7136 7135/7135/7135
f 7137/7137/7137 7138/7138/7138 7136/7136/7136
f 7140/7140/7140 7138/7138/7138 7139/7139/7139
f 7140/7140/7140 7139/7139/7139 7141/7141/7141
f 7143/7143/7143 7142/7142/7142 7141/7141/7141
f 7143/7143/7143 7144/7144/7144 7142/7142/7142
f 7146/7146/7146 7145/7145/7145 7144/7144/7144
f 7146/7146/7146 7147/7147/7147 7145/7145/7145
f 7149/7149/7149 7148/7148/7148 7147/7147/7147
f 7149/7149/7149 7150/7150/7150 7148/7148/7148
f 7152/7152/7152 7151/7151/7151 7150/7150/7150
f 7152/7152/7152 7153/7153/7153 7151/7151/7151
f 7155/7155/7155 7154/7154/7154 7153/7153/7153
f 7155/7155/7155 7156/7156/7156 7154/7154/7154
f 7158/7158/7158 7157/7157/7157 7156/7156/7156
f 7158/7158/7158 7159/7159/7159 7157/7157/7157
f 7161/7161/7161 7160/7160/7160 7159/7159/7159
f 7161/7161/7161 7162/7162/7162 7160/7160/7160
f 7164/7164/7164 7163/7163/7163 7162/7162/7162
f 7164/7164/7164 7165/7165/7165 7163/7163/7163
f 7167/7167/7167 7166/7166/7166 7165/7165/7165
f 7167/7167/7167 7168/7168/7168 7166/7166/7166
f 7170/7170/7170 7169/7169/7169 7168/7168/7168
f 7170/7170/7170 7171/7171/7171 7169/7169/7169
f 7173/7173/7173 7172/7172/7172 7171/7171/7171
f 7173/7173/7173 7174/7174/7174 7172/7172/7172
f 7176/7176/7176 7175/7175/7175 7174/7174/7174
f 7176/7176/7176 7177/7177/7177 7175/7175/7175
f 7179/7179/7179 7178/7178/7178 7177/7177/7177
f 7179/7179/7179 7180/7180/7180 7178/7178/7178
f 7182/7182/7182 7180/7180/7180 7181/7181/7181
f 7182/7182/7182 7181/7181/7181 7183/7183/7183
f 7185/7185/7185 7184/7184/7184 7183/7183/7183
f 7185/7185/7185 7186/7186/7186 7184/7184/7184
f 7188/7188/7188 7187/7187/7187 7186/7186/7186
f 7188/7188/7188 7189/7189/7189 7187/7187/7187
f 7191/7191/7191 7190/7190/7190 7189/7189/7189
f 7191/7191/7191 7192/7192/7192 7190/7190/7190
f 7194/7194/7194 7193/7193/7193 7192/7192/7192
f 7194/7194/7194 7195/7195/7195 7193/7193/7193
f 7197/7197/7197 7196/7196/7196 7195/7195/7195
f 7197/7197/7197 7198/7198/7198 7196/7196/7196
f 7200/7200/7200 7199/7199/7199 7198/7198/7198
f 7200/7200/7200 7201/7201/7201 7199/7199/7199
f 7203/7203/7203 7202/7202/7202 7201/7201/7201
f 7203/7203/7203 7204/7204/7204 7202/7202/7202
f 7206/7206/7206 7205/7205/7205 7204/7204/7204
f 7206/7206/7206 7207/7207/7207 7205/7205/7205
f 7209/7209/7209 7208/7208/7208 7207/7207/7207
f 7209/7209/7209 7210/7210/7210 7208/7208/7208
f 7130/7130/7130 7211/7211/7211 7210/7210/7210
f 7130/7130/7130 7212/7212/7212 7211/7211/7211
f 7130/7130/7130 7213/7213/7213 7212/7212/7212
f 7130/7130/7130 7214/7214/7214 7213/7213/7213
f 7130/7130/7130 7215/7215/7215 7214/7214/7214
f 7130/7130/7130 7216/7216/7216 7215/7215/7215
f 7219/7219/7219 7218/7218/7218 7217/7217/7217
f 7219/7219/7219 7217/7217/7217 7220/7220/7220
f 7219/7219/7219 7220/7220/7220 7221/7221/7221
f 7219/7219/7219 7221/7221/7221 7222/7222/7222
f 7219/7219/7219 7222/7222/7222 7223/7223/7223
f 7219/7219/7219 7223/7223/7223 7224/7224/7224
f 7219/7219/7219 7224/7224/7224 7225/7225/7225
f 7219/7219/7219 7225/7225/7225 7226/7226/7226
f 7219/7219/7219 7226/7226/7226 7227/7227/7227
f 7219/7219/7219 7227/7227/7227 7228/7228/7228
f 7219/7219/7219 7228/7228/7228 7229/7229/7229
f 7219/7219/7219 7229/7229/7229 7230/7230/7230
f 7219/7219/7219 7230/7230/7230 7231/7231/7231
f 7219/7219/7219 7231/7231/7231 7232/7232/7232
f 7219/7219/7219 7232/7232/7232 7233/7233/7233
f 7219/7219/7219 7233/7233/7233 7234/7234/7234
f 7219/7219/7219 7234/7234/7234 7235/7235/7235
f 7219/7219/7219 7235/7235/7235 7236/7236/7236
f 7219/7219/7219 7236/7236/7236 7237/7237/7237
f 7219/7219/7219 7237/7237/7237 7238/7238/7238
f 7219/7219/7219 7238/7238/7238 7239/7239/7239
f 7219/7219/7219 7239/7239/7239 7240/7240/7240
f 7219/7219/7219 7240/7240/7240 7241/7241/7241
f 7219/7219/7219 7241/7241/7241 7242/7242/7242
f 7219/7219/7219 7242/7242/7242 7243/7243/7243
f 7219/7219/7219 7243/7243/7243 7244/7244/7244
f 7219/7219/7219 7244/7244/7244 7245/7245/7245
f 7219/7219/7219 7245/7245/7245 7246/7246/7246
f 7219/7219/7219 7246/7246/7246 7247/7247/7247
f 7219/7219/7219 7247/7247/7247 7248/7248/7248
f 7251/7251/7251 7250/7250/7250 7249/7249/7249
f 7251/7251/7251 7249/7249/7249 7252/7252/7252
f 7251/7251/7251 7252/7252/7252 7253/7253/7253
f 7251/7251/7251 7253/7253/7253 7254/7254/7254
f 7251/7251/7251 7254/7254/7254 7255/7255/7255
f 7251/7251/7251 7255/7255/7255 7256/7256/7256
f 7251/7251/7251 7256/7256/7256 7257/7257/7257
f 7251/7251/7251 7257/7257/7257 7258/7258/7258
f 7251/7251/7251 7258/7258/7258 7259/7259/7259
f 7251/7251/7251 7259/7259/7259 7260/7260/7260
f 7251/7251/7251 7260/7260/7260 7261/7261/7261
f 7251/7251/7251 7261/7261/7261 7262/7262/7262
f 7251/7251/7251 7262/7262/7262 7263/7263/7263
f 7251/7251/7251 7263/7263/7263 7264/7264/7264
f 7251/7251/7251 7264/7264/7264 7265/7265/7265
f 7251/7251/7251 7265/7265/7265 7266/7266/7266
f 7251/7251/7251 7266/7266/7266 7267/7267/7267
f 7251/7251/7251 7267/7267/7267 7268/7268/7268
f 7251/7251/7251 7268/7268/7268 7269/7269/7269
f 7251/7251/7251 7269/7269/7269 7270/7270/7270
f 7251/7251/7251 7270/7270/7270 7271/7271/7271
f 7251/7251/7251 7271/7271/7271 7272/7272/7272
f 7251/7251/7251 7272/7272/7272 7273/7273/7273
f 7251/7251/7251 7273/7273/7273 7274/7274/7274
f 7251/7251/7251 7274/7274/7274 7275/7275/7275
f 7251/7251/7251 7275/7275/7275 7276/7276/7276
f 7251/7251/7251 7276/7276/7276 7277/7277/7277
f 7251/7251/7251 7277/7277/7277 7278/7278/7278
f 7251/7251/7251 7278/7278/7278 7279/7279/7279
f 7251/7251/7251 7279/7279/7279 7280/7280/7280
f 7283/7283/7283 7282/7282/7282 7281/7281/7281
f 7283/7283/7283 7281/7281/7281 7284/7284/7284
f 7287/7287/7287 7286/7286/7286 7285/7285/7285
f 7287/7287/7287 7285/7285/7285 7288/7288/7288
f 7291/7291/7291 7290/7290/7290 7289/7289/7289
f 7291/7291/7291 7289/7289/7289 7292/7292/7292
f 7295/7295/7295 7294/7294/7294 7293/7293/7293
f 7295/7295/7295 7293/7293/7293 7296/7296/7296
f 7299/7299/7299 7298/7298/7298 7297/7297/7297
f 7299/7299/7299 7297/7297/7297 7300/7300/7300
f 7303/7303/7303 7302/7302/7302 7301/7301/7301
f 7303/7303/7303 7301/7301/7301 7304/7304/7304
f 7307/7307/7307 7306/7306/7306 7305/7305/7305
f 7307/7307/7307 7305/7305/7305 7308/7308/7308
f 7311/7311/7311 7310/7310/7310 7309/7309/7309
f 7311/7311/7311 7309/7309/7309 7312/7312/7312
f 7315/7315/7315 7314/7314/7314 7313/7313/7313
f 7315/7315/7315 7313/7313/7313 7316/7316/7316
f 7319/7319/7319 7318/7318/7318 7317/7317/7317
f 7319/7319/7319 7317/7317/7317 7320/7320/7320
f 7323/7323/7323 7322/7322/7322 7321/7321/7321
f 7323/7323/7323 7321/7321/7321 7324/7324/7324
f 7327/7327/7327 7326/7326/7326 7325/7325/7325
f 7327/7327/7327 7325/7325/7325 7328/7328/7328
f 7331/7331/7331 7330/7330/7330 7329/7329/7329
f 7331/7331/7331 7329/7329/7329 7332/7332/7332
f 7335/7335/7335 7334/7334/7334 7333/7333/7333
f 7335/7335/7335 7333/7333/7333 7336/7336/7336
f 7339/7339/7339 7338/7338/7338 7337/7337/7337
f 7339/7339/7339 7337/7337/7337 7340/7340/7340
f 7343/7343/7343 7342/7342/7342 7341/7341/7341
f 7343/7343/7343 7341/7341/7341 7344/7344/7344
f 7347/7347/7347 7346/7346/7346 7345/7345/7345
f 7347/7347/7347 7345/7345/7345 7348/7348/7348
f 7351/7351/7351 7350/7350/7350 7349/7349/7349
f 7351/7351/7351 7349/7349/7349 7352/7352/7352
f 7355/7355/7355 7354/7354/7354 7353/7353/7353
f 7355/7355/7355 7353/7353/7353 7356/7356/7356
f 7359/7359/7359 7358/7358/7358 7357/7357/7357
f 7359/7359/7359 7357/7357/7357 7360/7360/7360
f 7363/7363/7363 7362/7362/7362 7361/7361/7361
f 7363/7363/7363 7361/7361/7361 7364/7364/7364
f 7367/7367/7367 7366/7366/7366 7365/7365/7365
f 7367/7367/7367 7365/7365/7365 7368/7368/7368
f 7371/7371/7371 7370/7370/7370 7369/7369/7369
f 7371/7371/7371 7369/7369/7369 7372/7372/7372
f 7375/7375/7375 7374/7374/7374 7373/7373/7373
f 7375/7375/7375 7373/7373/7373 7376/7376/7376
f 7379/7379/7379 7378/7378/7378 7377/7377/7377
f 7379/7379/7379 7377/7377/7377 7380/7380/7380
f 7383/7383/7383 7382/7382/7382 7381/7381/7381
f 7383/7383/7383 7381/7381/7381 7384/7384/7384
f 7387/7387/7387 7386/7386/7386 7385/7385/7385
f 7387/7387/7387 7385/7385/7385 7388/7388/7388
f 7391/7391/7391 7390/7390/7390 7389/7389/7389
f 7391/7391/7391 7389/7389/7389 7392/7392/7392
f 7395/7395/7395 7394/7394/7394 7393/7393/7393
f 7395/7395/7395 7393/7393/7393 7396/7396/7396
f 7399/7399/7399 7398/7398/7398 7397/7397/7397
f 7399/7399/7399 7397/7397/7397 7400/7400/7400
f 7403/7403/7403 7402/7402/7402 7401/7401/7401
f 7403/7403/7403 7401/7401/7401 7404/7404/7404
f 7407/7407/7407 7406/7406/7406 7405/7405/7405
f 7407/7407/7407 7405/7405/7405 7408/7408/7408
f 7411/7411/7411 7410/7410/7410 7409/7409/7409
f 7411/7411/7411 7409/7409/7409 7412/7412/7412
f 7411/7411/7411 7412/7412/7412 7413/7413/7413
f 7411/7411/7411 7413/7413/7413 7414/7414/7414
f 7411/7411/7411 7414/7414/7414 7415/7415/7415
f 7411/7411/7411 7415/7415/7415 7416/7416/7416
f 7411/7411/7411 7416/7416/7416 7417/7417/7417
f 7411/7411/7411 7417/7417/7417 7418/7418/7418
f 7411/7411/7411 7418/7418/7418 7419/7419/7419
f 7411/7411/7411 7419/7419/7419 7420/7420/7420
f 7411/7411/7411 7420/7420/7420 7421/7421/7421
f 7411/7411/7411 7421/7421/7421 7422/7422/7422
f 7411/7411/7411 7422/7422/7422 7423/7423/7423
f 7411/7411/7411 7423/7423/7423 7424/7424/7424
f 7411/7411/7411 7424/7424/7424 7425/7425/7425
f 7411/7411/7411 7425/7425/7425 7426/7426/7426
f 7411/7411/7411 7426/7426/7426 7427/7427/7427
f 7411/7411/7411 7427/7427/7427 7428/7428/7428
f 7411/7411/7411 7428/7428/7428 7429/7429/7429
f 7411/7411/7411 7429/7429/7429 7430/7430/7430
f 7411/7411/7411 7430/7430/7430 7431/7431/7431
f 7411/7411/7411 7431/7431/7431 7432/7432/7432
f 7411/7411/7411 7432/7432/7432 7433/7433/7433
f 7411/7411/7411 7433/7433/7433 7434/7434/7434
f 7411/7411/7411 7434/7434/7434 7435/7435/7435
f 7411/7411/7411 7435/7435/7435 7436/7436/7436
f 7411/7411/7411 7436/7436/7436 7437/7437/7437
f 7411/7411/7411 7437/7437/7437 7438/7438/7438
f 7411/7411/7411 7438/7438/7438 7439/7439/7439
f 7411/7411/7411 7439/7439/7439 7440/7440/7440
f 7443/7443/7443 7442/7442/7442 7441/7441/7441
f 7443/7443/7443 7441/7441/7441 7444/7444/7444
f 7445/7445/7445 7443/7443/7443 7444/7444/7444
f 7445/7445/7445 7446/7446/7446 7443/7443/7443
f 7447/7447/7447 7446/7446/7446 7445/7445/7445
f 7447/7447/7447 7448/7448/7448 7446/7446/7446
f 7451/7451/7451 7450/7450/7450 7449/7449/7449
f 7451/7451/7451 7449/7449/7449 7452/7452/7452
f 7453/7453/7453 7451/7451/7451 7452/7452/7452
f 7453/7453/7453 7454/7454/7454 7451/7451/7451
f 7455/7455/7455 7454/7454/7454 7453/7453/7453
f 7455/7455/7455 7456/7456/7456 7454/7454/7454
f 7459/7459/7459 7458/7458/7458 7457/7457/7457
f 7459/7459/7459 7457/7457/7457 7460/7460/7460
f 7461/7461/7461 7459/7459/7459 7460/7460/7460
f 7461/7461/7461 7462/7462/7462 7459/7459/7459
f 7463/7463/7463 7462/7462/7462 7461/7461/7461
f 7463/7463/7463 7464/7464/7464 7462/7462/7462
f 7467/7467/7467 7466/7466/7466 7465/7465/7465
f 7467/7467/7467 7465/7465/7465 7468/7468/7468
f 7468/7468/7468 7470/7470/7470 7469/7469/7469
f 7468/7468/7468 7469/7469/7469 7471/7471/7471
f 7469/7469/7469 7467/7467/7467 7471/7471/7471
f 7469/7469/7469 7472/7472/7472 7467/7467/7467
f 7473/7473/7473 7472/7472/7472 7470/7470/7470
f 7473/7473/7473 7474/7474/7474 7472/7472/7472
f 7477/7477/7477 7476/7476/7476 7475/7475/7475
f 7477/7477/7477 7475/7475/7475 7478/7478/7478
f 7480/7480/7480 7479/7479/7479 7477/7477/7477
f 7480/7480/7480 7477/7477/7477 7481/7481/7481
f 7481/7481/7481 7482/7482/7482 7480/7480/7480
f 7481/7481/7481 7483/7483/7483 7482/7482/7482
f 7485/7485/7485 7484/7484/7484 7479/7479/7479
f 7485/7485/7485 7479/7479/7479 7486/7486/7486
f 7489/7489/7489 7488/7488/7488 7487/7487/7487
f 7489/7489/7489 7487/7487/7487 7490/7490/7490
f 7492/7492/7492 7491/7491/7491 7490/7490/7490
f 7492/7492/7492 7490/7490/7490 7493/7493/7493
f 7494/7494/7494 7491/7491/7491 7492/7492/7492
f 7494/7494/7494 7492/7492/7492 7495/7495/7495
f 7497/7497/7497 7496/7496/7496 7493/7493/7493
f 7497/7497/7497 7498/7498/7498 7496/7496/7496
f 7501/7501/7501 7500/7500/7500 7499/7499/7499
f 7501/7501/7501 7499/7499/7499 7502/7502/7502
f 7504/7504/7504 7501/7501/7501 7503/7503/7503
f 7505/7505/7505 7503/7503/7503 7502/7502/7502
f 7504/7504/7504 7503/7503/7503 7505/7505/7505
f 7505/7505/7505 7502/7502/7502 7506/7506/7506
f 7507/7507/7507 7504/7504/7504 7506/7506/7506
f 7507/7507/7507 7508/7508/7508 7504/7504/7504
f 7511/7511/7511 7510/7510/7510 7509/7509/7509
f 7511/7511/7511 7509/7509/7509 7512/7512/7512
f 7512/7512/7512 7514/7514/7514 7513/7513/7513
f 7512/7512/7512 7513/7513/7513 7515/7515/7515
f 7513/7513/7513 7511/7511/7511 7515/7515/7515
f 7513/7513/7513 7516/7516/7516 7511/7511/7511
f 7517/7517/7517 7516/7516/7516 7514/7514/7514
f 7517/7517/7517 7518/7518/7518 7516/7516/7516
f 7521/7521/7521 7520/7520/7520 7519/7519/7519
f 7521/7521/7521 7519/7519/7519 7522/7522/7522
f 7524/7524/7524 7522/7522/7522 7523/7523/7523
f 7525/7525/7525 7521/7521/7521 7524/7524/7524
f 7524/7524/7524 7523/7523/7523 7525/7525/7525
f 7525/7525/7525 7526/7526/7526 7521/7521/7521
f 7527/7527/7527 7526/7526/7526 7523/7523/7523
f 7527/7527/7527 7528/7528/7528 7526/7526/7526
f 7531/7531/7531 7530/7530/7530 7529/7529/7529
f 7531/7531/7531 7529/7529/7529 7532/7532/7532
f 7534/7534/7534 7533/7533/7533 7532/7532/7532
f 7531/7531/7531 7533/7533/7533 7534/7534/7534
f 7534/7534/7534 7532/7532/7532 7535/7535/7535
f 7531/7531/7531 7534/7534/7534 7536/7536/7536
f 7537/7537/7537 7536/7536/7536 7535/7535/7535
f 7537/7537/7537 7538/7538/7538 7536/7536/7536
f 7541/7541/7541 7540/7540/7540 7539/7539/7539
f 7541/7541/7541 7539/7539/7539 7542/7542/7542
f 7544/7544/7544 7541/7541/7541 7543/7543/7543
f 7545/7545/7545 7543/7543/7543 7542/7542/7542
f 7544/7544/7544 7543/7543/7543 7545/7545/7545
f 7545/7545/7545 7542/7542/7542 7546/7546/7546
f 7547/7547/7547 7544/7544/7544 7546/7546/7546
f 7547/7547/7547 7548/7548/7548 7544/7544/7544
f 7551/7551/7551 7550/7550/7550 7549/7549/7549
f 7551/7551/7551 7549/7549/7549 7552/7552/7552
f 7552/7552/7552 7554/7554/7554 7553/7553/7553
f 7552/7552/7552 7553/7553/7553 7555/7555/7555
f 7553/7553/7553 7551/7551/7551 7555/7555/7555
f 7553/7553/7553 7556/7556/7556 7551/7551/7551
f 7557/7557/7557 7556/7556/7556 7554/7554/7554
f 7557/7557/7557 7558/7558/7558 7556/7556/7556
f 7561/7561/7561 7560/7560/7560 7559/7559/7559
f 7561/7561/7561 7559/7559/7559 7562/7562/7562
f 7564/7564/7564 7562/7562/7562 7563/7563/7563
f 7565/7565/7565 7561/7561/7561 7564/7564/7564
f 7564/7564/7564 7563/7563/7563 7565/7565/7565
f 7565/7565/7565 7566/7566/7566 7561/7561/7561
f 7567/7567/7567 7566/7566/7566 7563/7563/7563
f 7567/7567/7567 7568/7568/7568 7566/7566/7566
f 7571/7571/7571 7570/7570/7570 7569/7569/7569
f 7571/7571/7571 7569/7569/7569 7572/7572/7572
f 7574/7574/7574 7573/7573/7573 7572/7572/7572
f 7571/7571/7571 7573/7573/7573 7574/7574/7574
f 7574/7574/7574 7572/7572/7572 7575/7575/7575
f 7571/7571/7571 7574/7574/7574 7576/7576/7576
f 7577/7577/7577 7576/7576/7576 7575/7575/7575
f 7577/7577/7577 7578/7578/7578 7576/7576/7576
f 7581/7581/7581 7580/7580/7580 7579/7579/7579
f 7581/7581/7581 7579/7579/7579 7582/7582/7582
f 7584/7584/7584 7581/7581/7581 7583/7583/7583
f 7585/7585/7585 7583/7583/7583 7582/7582/7582
f 7584/7584/7584 7583/7583/7583 7585/7585/7585
f 7585/7585/7585 7582/7582/7582 7586/7586/7586
f 7587/7587/7587 7584/7584/7584 7586/7586/7586
f 7587/7587/7587 7588/7588/7588 7584/7584/7584
f 7591/7591/7591 7590/7590/7590 7589/7589/7589
f 7591/7591/7591 7589/7589/7589 7592/7592/7592
f 7592/7592/7592 7594/7594/7594 7593/7593/7593
f 7592/7592/7592 7593/7593/7593 7595/7595/7595
f 7593/7593/7593 7591/7591/7591 7595/7595/7595
f 7593/7593/7593 7596/7596/7596 7591/7591/7591
f 7597/7597/7597 7596/7596/7596 7594/7594/7594
f 7597/7597/7597 7598/7598/7598 7596/7596/7596
f 7601/7601/7601 7600/7600/7600 7599/7599/7599
f 7601/7601/7601 7599/7599/7599 7602/7602/7602
f 7604/7604/7604 7602/7602/7602 7603/7603/7603
f 7605/7605/7605 7601/7601/7601 7604/7604/7604
f 7604/7604/7604 7603/7603/7603 7605/7605/7605
f 7605/7605/7605 7606/7606/7606 7601/7601/7601
f 7607/7607/7607 7606/7606/7606 7603/7603/7603
f 7607/7607/7607 7608/7608/7608 7606/7606/7606
f 7611/7611/7611 7610/7610/7610 7609/7609/7609
f 7611/7611/7611 7609/7609/7609 7612/7612/7612
f 7614/7614/7614 7613/7613/7613 7612/7612/7612
f 7611/7611/7611 7613/7613/7613 7614/7614/7614
f 7614/7614/7614 7612/7612/7612 7615/7615/7615
f 7611/7611/7611 7614/7614/7614 7616/7616/7616
f 7617/7617/7617 7616/7616/7616 7615/7615/7615
f 7617/7617/7617 7618/7618/7618 7616/7616/7616
f 7621/7621/7621 7620/7620/7620 7619/7619/7619
f 7621/7621/7621 7619/7619/7619 7622/7622/7622
f 7624/7624/7624 7621/7621/7621 7623/7623/7623
f 7625/7625/7625 7623/7623/7623 7622/7622/7622
f 7624/7624/7624 7623/7623/7623 7625/7625/7625
f 7625/7625/7625 7622/7622/7622 7626/7626/7626
f 7627/7627/7627 7624/7624/7624 7626/7626/7626
f 7627/7627/7627 7628/7628/7628 7624/7624/7624
f 7631/7631/7631 7630/7630/7630 7629/7629/7629
f 7631/7631/7631 7629/7629/7629 7632/7632/7632
f 7632/7632/7632 7634/7634/7634 7633/7633/7633
f 7632/7632/7632 7633/7633/7633 7635/7635/7635
f 7633/7633/7633 7631/7631/7631 7635/7635/7635
f 7633/7633/7633 7636/7636/7636 7631/7631/7631
f 7637/7637/7637 7636/7636/7636 7634/7634/7634
f 7637/7637/7637 7638/7638/7638 7636/7636/7636
f 7641/7641/7641 7640/7640/7640 7639/7639/7639
f 7641/7641/7641 7639/7639/7639 7642/7642/7642
f 7644/7644/7644 7642/7642/7642 7643/7643/7643
f 7645/7645/7645 7641/7641/7641 7644/7644/7644
f 7644/7644/7644 7643/7643/7643 7645/7645/7645
f 7645/7645/7645 7646/7646/7646 7641/7641/7641
f 7647/7647/7647 7646/7646/7646 7643/7643/7643
f 7647/7647/7647 7648/7648/7648 7646/7646/7646
f 7651/7651/7651 7650/7650/7650 7649/7649/7649
f 7651/7651/7651 7649/7649/7649 7652/7652/7652
f 7654/7654/7654 7653/7653/7653 7652/7652/7652
f 7651/7651/7651 7653/7653/7653 7654/7654/7654
f 7654/7654/7654 7652/7652/7652 7655/7655/7655
f 7651/7651/7651 7654/7654/7654 7656/7656/7656
f 7657/7657/7657 7656/7656/7656 7655/7655/7655
f 7657/7657/7657 7658/7658/7658 7656/7656/7656
f 7661/7661/7661 7660/7660/7660 7659/7659/7659
f 7661/7661/7661 7659/7659/7659 7662/7662/7662
f 7664/7664/7664 7661/7661/7661 7663/7663/7663
f 7665/7665/7665 7663/7663/7663 7662/7662/7662
f 7664/7664/7664 7663/7663/7663 7665/7665/7665
f 7665/7665/7665 7662/7662/7662 7666/7666/7666
f 7667/7667/7667 7664/7664/7664 7666/7666/7666
f 7667/7667/7667 7668/7668/7668 7664/7664/7664
f 7671/7671/7671 7670/7670/7670 7669/7669/7669
f 7671/7671/7671 7669/7669/7669 7672/7672/7672
f 7672/7672/7672 7674/7674/7674 7673/7673/7673
f 7672/7672/7672 7673/7673/7673 7675/7675/7675
f 7673/7673/7673 7671/7671/7671 7675/7675/7675
f 7673/7673/7673 7676/7676/7676 7671/7671/7671
f 7677/7677/7677 7676/7676/7676 7674/7674/7674
f 7677/7677/7677 7678/7678/7678 7676/7676/7676
f 7681/7681/7681 7680/7680/7680 7679/7679/7679
f 7681/7681/7681 7679/7679/7679 7682/7682/7682
f 7684/7684/7684 7682/7682/7682 7683/7683/7683
f 7685/7685/7685 7681/7681/7681 7684/7684/7684
f 7684/7684/7684 7683/7683/7683 7685/7685/7685
f 7685/7685/7685 7686/7686/7686 7681/7681/7681
f 7687/7687/7687 7686/7686/7686 7683/7683/7683
f 7687/7687/7687 7688/7688/7688 7686/7686/7686
f 7691/7691/7691 7690/7690/7690 7689/7689/7689
f 7691/7691/7691 7689/7689/7689 7692/7692/7692
f 7694/7694/7694 7693/7693/7693 7692/7692/7692
f 7691/7691/7691 7693/7693/7693 7694/7694/7694
f 7694/7694/7694 7692/7692/7692 7695/7695/7695
f 7691/7691/7691 7694/7694/7694 7696/7696/7696
f 7697/7697/7697 7696/7696/7696 7695/7695/7695
f 7697/7697/7697 7698/7698/7698 7696/7696/7696
f 7701/7701/7701 7700/7700/7700 7699/7699/7699
f 7701/7701/7701 7699/7699/7699 7702/7702/7702
f 7704/7704/7704 7701/7701/7701 7703/7703/7703
f 7705/7705/7705 7703/7703/7703 7702/7702/7702
f 7704/7704/7704 7703/7703/7703 7705/7705/7705
f 7705/7705/7705 7702/7702/7702 7706/7706/7706
f 7707/7707/7707 7704/7704/7704 7706/7706/7706
f 7707/7707/7707 7708/7708/7708 7704/7704/7704
f 7711/7711/7711 7710/7710/7710 7709/7709/7709
f 7711/7711/7711 7709/7709/7709 7712/7712/7712
f 7712/7712/7712 7714/7714/7714 7713/7713/7713
f 7712/7712/7712 7713/7713/7713 7715/7715/7715
f 7713/7713/7713 7711/7711/7711 7715/7715/7715
f 7713/7713/7713 7716/7716/7716 7711/7711/7711
f 7717/7717/7717 7716/7716/7716 7714/7714/7714
f 7717/7717/7717 7718/7718/7718 7716/7716/7716
f 7721/7721/7721 7720/7720/7720 7719/7719/7719
f 7721/7721/7721 7719/7719/7719 7722/7722/7722
f 7724/7724/7724 7722/7722/7722 7723/7723/7723
f 7725/7725/7725 7721/7721/7721 7724/7724/7724
f 7724/7724/7724 7723/7723/7723 7725/7725/7725
f 7725/7725/7725 7726/7726/7726 7721/7721/7721
f 7727/7727/7727 7726/7726/7726 7723/7723/7723
f 7727/7727/7727 7728/7728/7728 7726/7726/7726
f 7731/7731/7731 7730/7730/7730 7729/7729/7729
f 7731/7731/7731 7729/7729/7729 7732/7732/7732
f 7734/7734/7734 7733/7733/7733 7732/7732/7732
f 7734/7734/7734 7735/7735/7735 7733/7733/7733
f 7736/7736/7736 7733/7733/7733 7735/7735/7735
f 7736/7736/7736 7737/7737/7737 7733/7733/7733
f 7731/7731/7731 7737/7737/7737 7736/7736/7736
f 7731/7731/7731 7736/7736/7736 7738/7738/7738
f 7739/7739/7739 7738/7738/7738 7734/7734/7734
f 7739/7739/7739 7740/7740/7740 7738/7738/7738
f 7743/7743/7743 7742/7742/7742 7741/7741/7741
f 7743/7743/7743 7741/7741/7741 7744/7744/7744
f 7745/7745/7745 7743/7743/7743 7744/7744/7744
f 7745/7745/7745 7746/7746/7746 7743/7743/7743
f 7747/7747/7747 7746/7746/7746 7745/7745/7745
f 7747/7747/7747 7748/7748/7748 7746/7746/7746
f 7751/7751/7751 7750/7750/7750 7749/7749/7749
f 7751/7751/7751 7749/7749/7749 7752/7752/7752
f 7753/7753/7753 7751/7751/7751 7752/7752/7752
f 7753/7753/7753 7754/7754/7754 7751/7751/7751
f 7755/7755/7755 7754/7754/7754 7753/7753/7753
f 7755/7755/7755 7756/7756/7756 7754/7754/7754
f 7759/7759/7759 7758/7758/7758 7757/7757/7757
f 7759/7759/7759 7757/7757/7757 7760/7760/7760
f 7759/7759/7759 7760/7760/7760 7761/7761/7761
f 7759/7759/7759 7761/7761/7761 7762/7762/7762
f 7759/7759/7759 7762/7762/7762 7763/7763/7763
f 7759/7759/7759 7763/7763/7763 7764/7764/7764
f 7759/7759/7759 7764/7764/7764 7765/7765/7765
f 7759/7759/7759 7765/7765/7765 7766/7766/7766
f 7759/7759/7759 7766/7766/7766 7767/7767/7767
f 7759/7759/7759 7767/7767/7767 7768/7768/7768
f 7759/7759/7759 7768/7768/7768 7769/7769/7769
f 7759/7759/7759 7769/7769/7769 7770/7770/7770
f 7759/7759/7759 7770/7770/7770 7771/7771/7771
f 7759/7759/7759 7771/7771/7771 7772/7772/7772
f 7759/7759/7759 7772/7772/7772 7773/7773/7773
f 7759/7759/7759 7773/7773/7773 7774/7774/7774
f 7759/7759/7759 7774/7774/7774 7775/7775/7775
f 7759/7759/7759 7775/7775/7775 7776/7776/7776
f 7759/7759/7759 7776/7776/7776 7777/7777/7777
f 7759/7759/7759 7777/7777/7777 7778/7778/7778
f 7759/7759/7759 7778/7778/7778 7779/7779/7779
f 7759/7759/7759 7779/7779/7779 7780/7780/7780
f 7759/7759/7759 7780/7780/7780 7781/7781/7781
f 7759/7759/7759 7781/7781/7781 7782/7782/7782
f 7759/7759/7759 7782/7782/7782 7783/7783/7783
f 7759/7759/7759 7783/7783/7783 7784/7784/7784
f 7759/7759/7759 7784/7784/7784 7785/7785/7785
f 7759/7759/7759 7785/7785/7785 7786/7786/7786
f 7759/7759/7759 7786/7786/7786 7787/7787/7787
f 7759/7759/7759 7787/7787/7787 7788/7788/7788
f 7791/7791/7791 7790/7790/7790 7789/7789/7789
f 7791/7791/7791 7789/7789/7789 7792/7792/7792
f 7795/7795/7795 7794/7794/7794 7793/7793/7793
f 7795/7795/7795 7793/7793/7793 7796/7796/7796
f 7799/7799/7799 7798/7798/7798 7797/7797/7797
f 7799/7799/7799 7797/7797/7797 7800/7800/7800
f 7803/7803/7803 7802/7802/7802 7801/7801/7801
f 7803/7803/7803 7801/7801/7801 7804/7804/7804
f 7807/7807/7807 7806/7806/7806 7805/7805/7805
f 7807/7807/7807 7805/7805/7805 7808/7808/7808
f 7811/7811/7811 7810/7810/7810 7809/7809/7809
f 7811/7811/7811 7809/7809/7809 7812/7812/7812
f 7815/7815/7815 7814/7814/7814 7813/7813/7813
f 7815/7815/7815 7813/7813/7813 7816/7816/7816
f 7819/7819/7819 7818/7818/7818 7817/7817/7817
f 7819/7819/7819 7817/7817/7817 7820/7820/7820
f 7823/7823/7823 7822/7822/7822 7821/7821/7821
f 7823/7823/7823 7821/7821/7821 7824/7824/7824
f 7827/7827/7827 7826/7826/7826 7825/7825/7825
f 7827/7827/7827 7825/7825/7825 7828/7828/7828
f 7831/7831/7831 7830/7830/7830 7829/7829/7829
f 7831/7831/7831 7829/7829/7829 7832/7832/7832
f 7835/7835/7835 7834/7834/7834 7833/7833/7833
f 7835/7835/7835 7833/7833/7833 7836/7836/7836
f 7839/7839/7839 7838/7838/7838 7837/7837/7837
f 7839/7839/7839 7837/7837/7837 7840/7840/7840
f 7843/7843/7843 7842/7842/7842 7841/7841/7841
f 7843/7843/7843 7841/7841/7841 7844/7844/7844
f 7847/7847/7847 7846/7846/7846 7845/7845/7845
f 7847/7847/7847 7845/7845/7845 7848/7848/7848
f 7851/7851/7851 7850/7850/7850 7849/7849/7849
f 7851/7851/7851 7849/7849/7849 7852/7852/7852
f 7855/7855/7855 7854/7854/7854 7853/7853/7853
f 7855/7855/7855 7853/7853/7853 7856/7856/7856
f 7859/7859/7859 7858/7858/7858 7857/7857/7857
f 7859/7859/7859 7857/7857/7857 7860/7860/7860
f 7863/7863/7863 7862/7862/7862 7861/7861/7861
f 7863/7863/7863 7861/7861/7861 7864/7864/7864
f 7867/7867/7867 7866/7866/7866 7865/7865/7865
f 7867/7867/7867 7865/7865/7865 7868/7868/7868
f 7871/7871/7871 7870/7870/7870 7869/7869/7869
f 7871/7871/7871 7869/7869/7869 7872/7872/7872
f 7875/7875/7875 7874/7874/7874 7873/7873/7873
f 7875/7875/7875 7873/7873/7873 7876/7876/7876
f 7879/7879/7879 7878/7878/7878 7877/7877/7877
f 7879/7879/7879 7877/7877/7877 7880/7880/7880
f 7883/7883/7883 7882/7882/7882 7881/7881/7881
f 7883/7883/7883 7881/7881/7881 7884/7884/7884
f 7887/7887/7887 7886/7886/7886 7885/7885/7885
f 7887/7887/7887 7885/7885/7885 7888/7888/7888
f 7891/7891/7891 7890/7890/7890 7889/7889/7889
f 7891/7891/7891 7889/7889/7889 7892/7892/7892
f 7895/7895/7895 7894/7894/7894 7893/7893/7893
f 7895/7895/7895 7893/7893/7893 7896/7896/7896
f 7899/7899/7899 7898/7898/7898 7897/7897/7897
f 7899/7899/7899 7897/7897/7897 7900/7900/7900
f 7903/7903/7903 7902/7902/7902 7901/7901/7901
f 7903/7903/7903 7901/7901/7901 7904/7904/7904
f 7907/7907/7907 7906/7906/7906 7905/7905/7905
f 7907/7907/7907 7905/7905/7905 7908/7908/7908
f 7911/7911/7911 7910/7910/7910 7909/7909/7909
f 7911/7911/7911 7909/7909/7909 7912/7912/7912
f 7915/7915/7915 7914/7914/7914 7913/7913/7913
f 7915/7915/7915 7913/7913/7913 7916/7916/7916
f 7919/7919/7919 7918/7918/7918 7917/7917/7917
f 7919/7919/7919 7917/7917/7917 7920/7920/7920
f 7923/7923/7923 7922/7922/7922 7921/7921/7921
f 7923/7923/7923 7921/7921/7921 7924/7924/7924
f 7927/7927/7927 7926/7926/7926 7925/7925/7925
f 7927/7927/7927 7925/7925/7925 7928/7928/7928
f 7931/7931/7931 7930/7930/7930 7929/7929/7929
f 7931/7931/7931 7929/7929/7929 7932/7932/7932
f 7935/7935/7935 7934/7934/7934 7933/7933/7933
f 7935/7935/7935 7933/7933/7933 7936/7936/7936
f 7939/7939/7939 7938/7938/7938 7937/7937/7937
f 7939/7939/7939 7937/7937/7937 7940/7940/7940
f 7943/7943/7943 7942/7942/7942 7941/7941/7941
f 7943/7943/7943 7941/7941/7941 7944/7944/7944
f 7947/7947/7947 7946/7946/7946 7945/7945/7945
f 7947/7947/7947 7945/7945/7945 7948/7948/7948
f 7951/7951/7951 7950/7950/7950 7949/7949/7949
f 7951/7951/7951 7949/7949/7949 7952/7952/7952
f 7955/7955/7955 7954/7954/7954 7953/7953/7953
f 7955/7955/7955 7953/7953/7953 7956/7956/7956
f 7959/7959/7959 7958/7958/7958 7957/7957/7957
f 7959/7959/7959 7957/7957/7957 7960/7960/7960
f 7963/7963/7963 7962/7962/7962 7961/7961/7961
f 7963/7963/7963 7961/7961/7961 7964/7964/7964
f 7967/7967/7967 7966/7966/7966 7965/7965/7965
f 7967/7967/7967 7965/7965/7965 7968/7968/7968
f 7971/7971/7971 7970/7970/7970 7969/7969/7969
f 7971/7971/7971 7969/7969/7969 7972/7972/7972
f 7975/7975/7975 7974/7974/7974 7973/7973/7973
f 7975/7975/7975 7973/7973/7973 7976/7976/7976
f 7979/7979/7979 7978/7978/7978 7977/7977/7977
f 7979/7979/7979 7977/7977/7977 7980/7980/7980
f 7983/7983/7983 7982/7982/7982 7981/7981/7981
f 7983/7983/7983 7981/7981/7981 7984/7984/7984
f 7987/7987/7987 7986/7986/7986 7985/7985/7985
f 7987/7987/7987 7985/7985/7985 7988/7988/7988
f 7991/7991/7991 7990/7990/7990 7989/7989/7989
f 7991/7991/7991 7989/7989/7989 7992/7992/7992
f 7995/7995/7995 7994/7994/7994 7993/7993/7993
f 7995/7995/7995 7993/7993/7993 7996/7996/7996
f 7999/7999/7999 7998/7998/7998 7997/7997/7997
f 7999/7999/7999 7997/7997/7997 8000/8000/8000
f 8003/8003/8003 8002/8002/8002 8001/8001/8001
f 8003/8003/8003 8001/8001/8001 8004/8004/8004
f 8004/8004/8004 8005/8005/8005 8003/8003/8003
f 8004/8004/8004 8006/8006/8006 8005/8005/8005
f 8005/8005/8005 8006/8006/8006 8007/8007/8007
f 8005/8005/8005 8007/8007/8007 8008/8008/8008
f 8008/8008/8008 8007/8007/8007 8009/8009/8009
f 8008/8008/8008 8009/8009/8009 8010/8010/8010
f 8010/8010/8010 8009/8009/8009 8011/8011/8011
f 8010/8010/8010 8011/8011/8011 8012/8012/8012
f 8015/8015/8015 8014/8014/8014 8013/8013/8013
f 8015/8015/8015 8013/8013/8013 8016/8016/8016
f 8019/8019/8019 8018/8018/8018 8017/8017/8017
f 8019/8019/8019 8017/8017/8017 8020/8020/8020
f 8023/8023/8023 8022/8022/8022 8021/8021/8021
f 8023/8023/8023 8021/8021/8021 8024/8024/8024
f 8027/8027/8027 8026/8026/8026 8025/8025/8025
f 8027/8027/8027 8025/8025/8025 8028/8028/8028
f 8031/8031/8031 8030/8030/8030 8029/8029/8029
f 8031/8031/8031 8029/8029/8029 8032/8032/8032
f 8035/8035/8035 8034/8034/8034 8033/8033/8033
f 8035/8035/8035 8033/8033/8033 8036/8036/8036
f 8039/8039/8039 8038/8038/8038 8037/8037/8037
f 8039/8039/8039 8037/8037/8037 8040/8040/8040
f 8043/8043/8043 8042/8042/8042 8041/8041/8041
f 8043/8043/8043 8041/8041/8041 8044/8044/8044
f 8047/8047/8047 8046/8046/8046 8045/8045/8045
f 8047/8047/8047 8045/8045/8045 8048/8048/8048
f 8051/8051/8051 8050/8050/8050 8049/8049/8049
f 8051/8051/8051 8049/8049/8049 8052/8052/8052
f 8055/8055/8055 8054/8054/8054 8053/8053/8053
f 8055/8055/8055 8053/8053/8053 8056/8056/8056
f 8059/8059/8059 8058/8058/8058 8057/8057/8057
f 8059/8059/8059 8057/8057/8057 8060/8060/8060
f 8063/8063/8063 8062/8062/8062 8061/8061/8061
f 8063/8063/8063 8061/8061/8061 8064/8064/8064
f 8067/8067/8067 8066/8066/8066 8065/8065/8065
f 8067/8067/8067 8065/8065/8065 8068/8068/8068
f 8071/8071/8071 8070/8070/8070 8069/8069/8069
f 8071/8071/8071 8069/8069/8069 8072/8072/8072
f 8075/8075/8075 8074/8074/8074 8073/8073/8073
f 8075/8075/8075 8073/8073/8073 8076/8076/8076
f 8079/8079/8079 8078/8078/8078 8077/8077/8077
f 8079/8079/8079 8077/8077/8077 8080/8080/8080
f 8083/8083/8083 8082/8082/8082 8081/8081/8081
f 8083/8083/8083 8081/8081/8081 8084/8084/8084
f 8087/8087/8087 8086/8086/8086 8085/8085/8085
f 8087/8087/8087 8085/8085/8085 8088/8088/8088
f 8091/8091/8091 8090/8090/8090 8089/8089/8089
f 8091/8091/8091 8089/8089/8089 8092/8092/8092
f 8095/8095/8095 8094/8094/8094 8093/8093/8093
f 8095/8095/8095 8093/8093/8093 8096/8096/8096
f 8099/8099/8099 8098/8098/8098 8097/8097/8097
f 8099/8099/8099 8097/8097/8097 8100/8100/8100
f 8103/8103/8103 8102/8102/8102 8101/8101/8101
f 8103/8103/8103 8101/8101/8101 8104/8104/8104
f 8107/8107/8107 8106/8106/8106 8105/8105/8105
f 8107/8107/8107 8105/8105/8105 8108/8108/8108
f 8111/8111/8111 8110/8110/8110 8109/8109/8109
f 8111/8111/8111 8109/8109/8109 8112/8112/8112
f 8115/8115/8115 8114/8114/8114 8113/8113/8113
f 8115/8115/8115 8113/8113/8113 8116/8116/8116
f 8119/8119/8119 8118/8118/8118 8117/8117/8117
f 8119/8119/8119 8117/8117/8117 8120/8120/8120
f 8123/8123/8123 8122/8122/8122 8121/8121/8121
f 8123/8123/8123 8121/8121/8121 8124/8124/8124
f 8127/8127/8127 8126/8126/8126 8125/8125/8125
f 8127/8127/8127 8125/8125/8125 8128/8128/8128
f 8131/8131/8131 8130/8130/8130 8129/8129/8129
f 8131/8131/8131 8129/8129/8129 8132/8132/8132
f 8135/8135/8135 8134/8134/8134 8133/8133/8133
f 8135/8135/8135 8133/8133/8133 8136/8136/8136
f 8139/8139/8139 8138/8138/8138 8137/8137/8137
f 8139/8139/8139 8137/8137/8137 8140/8140/8140
f 8143/8143/8143 8142/8142/8142 8141/8141/8141
f 8143/8143/8143 8141/8141/8141 8144/8144/8144
f 8147/8147/8147 8146/8146/8146 8145/8145/8145
f 8147/8147/8147 8145/8145/8145 8148/8148/8148
g default_18
f 8151/8151/8151 8150/8150/8150 8149/8149/8149
f 8153/8153/8153 8151/8151/8151 8152/8152/8152
f 8153/8153/8153 8152/8152/8152 8154/8154/8154
f 8157/8157/8157 8156/8156/8156 8155/8155/8155
f 8160/8160/8160 8159/8159/8159 8158/8158/8158
f 8160/8160/8160 8158/8158/8158 8161/8161/8161
f 8160/8160/8160 8161/8161/8161 8162/8162/8162
f 8165/8165/8165 8164/8164/8164 8163/8163/8163
f 8165/8165/8165 8163/8163/8163 8166/8166/8166
f 8165/8165/8165 8166/8166/8166 8167/8167/8167
f 8170/8170/8170 8169/8169/8169 8168/8168/8168
f 8170/8170/8170 8168/8168/8168 8171/8171/8171
f 8173/8173/8173 8168/8168/8168 8172/8172/8172
f 8173/8173/8173 8174/8174/8174 8168/8168/8168
f 8174/8174/8174 8173/8173/8173 8175/8175/8175
f 8174/8174/8174 8175/8175/8175 8176/8176/8176
f 8177/8177/8177 8176/8176/8176 8175/8175/8175
f 8177/8177/8177 8175/8175/8175 8178/8178/8178
f 8176/8176/8176 8177/8177/8177 8179/8179/8179
f 8176/8176/8176 8179/8179/8179 8180/8180/8180
f 8182/8182/8182 8181/8181/8181 8170/8170/8170
f 8182/8182/8182 8183/8183/8183 8181/8181/8181
f 8183/8183/8183 8182/8182/8182 8179/8179/8179
f 8183/8183/8183 8179/8179/8179 8184/8184/8184
f 8187/8187/8187 8186/8186/8186 8185/8185/8185
f 8187/8187/8187 8185/8185/8185 8188/8188/8188
f 8191/8191/8191 8190/8190/8190 8189/8189/8189
f 8191/8191/8191 8192/8192/8192 8190/8190/8190
f 8191/8191/8191 8193/8193/8193 8192/8192/8192
f 8191/8191/8191 8194/8194/8194 8193/8193/8193
f 8197/8197/8197 8196/8196/8196 8195/8195/8195
f 8197/8197/8197 8195/8195/8195 8198/8198/8198
f 8199/8199/8199 8197/8197/8197 8198/8198/8198
f 8199/8199/8199 8198/8198/8198 8200/8200/8200
f 8203/8203/8203 8202/8202/8202 8201/8201/8201
f 8203/8203/8203 8201/8201/8201 8204/8204/8204
f 8203/8203/8203 8204/8204/8204 8205/8205/8205
f 8208/8208/8208 8207/8207/8207 8206/8206/8206
f 8208/8208/8208 8206/8206/8206 8209/8209/8209
f 8208/8208/8208 8209/8209/8209 8210/8210/8210
f 8213/8213/8213 8212/8212/8212 8211/8211/8211
f 8213/8213/8213 8214/8214/8214 8212/8212/8212
f 8216/8216/8216 8212/8212/8212 8215/8215/8215
f 8216/8216/8216 8215/8215/8215 8217/8217/8217
f 8219/8219/8219 8218/8218/8218 8214/8214/8214
f 8219/8219/8219 8220/8220/8220 8218/8218/8218
f 8221/8221/8221 8217/8217/8217 8220/8220/8220
f 8221/8221/8221 8220/8220/8220 8222/8222/8222
f 8225/8225/8225 8224/8224/8224 8223/8223/8223
f 8225/8225/8225 8226/8226/8226 8224/8224/8224
f 8227/8227/8227 8224/8224/8224 8226/8226/8226
f 8227/8227/8227 8226/8226/8226 8228/8228/8228
f 8231/8231/8231 8230/8230/8230 8229/8229/8229
f 8231/8231/8231 8229/8229/8229 8232/8232/8232
f 8233/8233/8233 8232/8232/8232 8229/8229/8229
f 8233/8233/8233 8229/8229/8229 8234/8234/8234
f 8237/8237/8237 8236/8236/8236 8235/8235/8235
f 8237/8237/8237 8235/8235/8235 8238/8238/8238
f 8237/8237/8237 8238/8238/8238 8239/8239/8239
f 8242/8242/8242 8241/8241/8241 8240/8240/8240
f 8242/8242/8242 8240/8240/8240 8243/8243/8243
f 8242/8242/8242 8243/8243/8243 8244/8244/8244
f 8247/8247/8247 8246/8246/8246 8245/8245/8245
f 8247/8247/8247 8248/8248/8248 8246/8246/8246
f 8249/8249/8249 8246/8246/8246 8248/8248/8248
f 8249/8249/8249 8248/8248/8248 8250/8250/8250
f 8253/8253/8253 8252/8252/8252 8251/8251/8251
f 8253/8253/8253 8251/8251/8251 8254/8254/8254
f 8253/8253/8253 8254/8254/8254 8255/8255/8255
f 8258/8258/8258 8257/8257/8257 8256/8256/8256
f 8258/8258/8258 8256/8256/8256 8259/8259/8259
f 8258/8258/8258 8259/8259/8259 8260/8260/8260
f 8263/8263/8263 8262/8262/8262 8261/8261/8261
f 8263/8263/8263 8264/8264/8264 8262/8262/8262
f 8264/8264/8264 8265/8265/8265 8262/8262/8262
f 8268/8268/8268 8267/8267/8267 8266/8266/8266
f 8268/8268/8268 8269/8269/8269 8267/8267/8267
f 8270/8270/8270 8267/8267/8267 8269/8269/8269
f 8270/8270/8270 8269/8269/8269 8271/8271/8271
f 8272/8272/8272 8270/8270/8270 8271/8271/8271
f 8272/8272/8272 8273/8273/8273 8270/8270/8270
f 8272/8272/8272 8274/8274/8274 8273/8273/8273
f 8277/8277/8277 8276/8276/8276 8275/8275/8275
f 8277/8277/8277 8278/8278/8278 8276/8276/8276
f 8279/8279/8279 8276/8276/8276 8278/8278/8278
f 8279/8279/8279 8280/8280/8280 8276/8276/8276
f 8279/8279/8279 8281/8281/8281 8280/8280/8280
f 8279/8279/8279 8282/8282/8282 8281/8281/8281
f 8285/8285/8285 8284/8284/8284 8283/8283/8283
f 8285/8285/8285 8283/8283/8283 8286/8286/8286
f 8285/8285/8285 8286/8286/8286 8287/8287/8287
f 8290/8290/8290 8289/8289/8289 8288/8288/8288
f 8290/8290/8290 8291/8291/8291 8289/8289/8289
f 8292/8292/8292 8289/8289/8289 8291/8291/8291
f 8292/8292/8292 8293/8293/8293 8289/8289/8289
f 8292/8292/8292 8294/8294/8294 8293/8293/8293
f 8292/8292/8292 8295/8295/8295 8294/8294/8294
f 8298/8298/8298 8297/8297/8297 8296/8296/8296
f 8298/8298/8298 8296/8296/8296 8299/8299/8299
f 8302/8302/8302 8301/8301/8301 8300/8300/8300
f 8303/8303/8303 8302/8302/8302 8300/8300/8300
f 8303/8303/8303 8300/8300/8300 8304/8304/8304
f 8305/8305/8305 8303/8303/8303 8304/8304/8304
f 8305/8305/8305 8304/8304/8304 8306/8306/8306
f 8309/8309/8309 8308/8308/8308 8307/8307/8307
f 8309/8309/8309 8307/8307/8307 8310/8310/8310
f 8309/8309/8309 8310/8310/8310 8311/8311/8311
f 8314/8314/8314 8313/8313/8313 8312/8312/8312
f 8314/8314/8314 8312/8312/8312 8315/8315/8315
f 8318/8318/8318 8317/8317/8317 8316/8316/8316
f 8318/8318/8318 8316/8316/8316 8319/8319/8319
f 8322/8322/8322 8321/8321/8321 8320/8320/8320
f 8322/8322/8322 8320/8320/8320 8323/8323/8323
f 8326/8326/8326 8325/8325/8325 8324/8324/8324
f 8326/8326/8326 8324/8324/8324 8327/8327/8327
f 8326/8326/8326 8327/8327/8327 8328/8328/8328
f 8331/8331/8331 8330/8330/8330 8329/8329/8329
f 8331/8331/8331 8329/8329/8329 8332/8332/8332
f 8335/8335/8335 8334/8334/8334 8333/8333/8333
f 8335/8335/8335 8333/8333/8333 8336/8336/8336
g default_19
f 8339/8339/8339 8338/8338/8338 8337/8337/8337
f 8339/8339/8339 8337/8337/8337 8340/8340/8340
f 8343/8343/8343 8342/8342/8342 8341/8341/8341
f 8343/8343/8343 8341/8341/8341 8344/8344/8344
f 8347/8347/8347 8346/8346/8346 8345/8345/8345
f 8347/8347/8347 8348/8348/8348 8346/8346/8346
f 8348/8348/8348 8350/8350/8350 8349/8349/8349
f 8348/8348/8348 8351/8351/8351 8350/8350/8350
f 8351/8351/8351 8353/8353/8353 8352/8352/8352
f 8351/8351/8351 8352/8352/8352 8354/8354/8354
f 8357/8357/8357 8356/8356/8356 8355/8355/8355
f 8357/8357/8357 8355/8355/8355 8358/8358/8358
f 8361/8361/8361 8360/8360/8360 8359/8359/8359
f 8361/8361/8361 8359/8359/8359 8362/8362/8362
f 8365/8365/8365 8364/8364/8364 8363/8363/8363
f 8365/8365/8365 8363/8363/8363 8366/8366/8366
f 8369/8369/8369 8368/8368/8368 8367/8367/8367
f 8369/8369/8369 8367/8367/8367 8370/8370/8370
f 8373/8373/8373 8372/8372/8372 8371/8371/8371
f 8373/8373/8373 8371/8371/8371 8374/8374/8374
g default_20
f 8377/8377/8377 8376/8376/8376 8375/8375/8375
f 8377/8377/8377 8375/8375/8375 8378/8378/8378
f 8381/8381/8381 8380/8380/8380 8379/8379/8379
f 8381/8381/8381 8379/8379/8379 8382/8382/8382
f 8385/8385/8385 8384/8384/8384 8383/8383/8383
f 8385/8385/8385 8383/8383/8383 8386/8386/8386
f 8389/8389/8389 8388/8388/8388 8387/8387/8387
f 8389/8389/8389 8387/8387/8387 8390/8390/8390
f 8393/8393/8393 8392/8392/8392 8391/8391/8391
f 8393/8393/8393 8391/8391/8391 8394/8394/8394
f 8397/8397/8397 8396/8396/8396 8395/8395/8395
f 8397/8397/8397 8395/8395/8395 8398/8398/8398
f 8401/8401/8401 8400/8400/8400 8399/8399/8399
f 8401/8401/8401 8399/8399/8399 8402/8402/8402
f 8405/8405/8405 8404/8404/8404 8403/8403/8403
f 8405/8405/8405 8403/8403/8403 8406/8406/8406
f 8409/8409/8409 8408/8408/8408 8407/8407/8407
f 8409/8409/8409 8407/8407/8407 8410/8410/8410
f 8413/8413/8413 8412/8412/8412 8411/8411/8411
f 8413/8413/8413 8411/8411/8411 8414/8414/8414
f 8417/8417/8417 8416/8416/8416 8415/8415/8415
f 8417/8417/8417 8415/8415/8415 8418/8418/8418
f 8421/8421/8421 8420/8420/8420 8419/8419/8419
f 8421/8421/8421 8419/8419/8419 8422/8422/8422
f 8425/8425/8425 8424/8424/8424 8423/8423/8423
f 8425/8425/8425 8423/8423/8423 8426/8426/8426
f 8429/8429/8429 8428/8428/8428 8427/8427/8427
f 8429/8429/8429 8427/8427/8427 8430/8430/8430
f 8433/8433/8433 8432/8432/8432 8431/8431/8431
f 8433/8433/8433 8431/8431/8431 8434/8434/8434
f 8437/8437/8437 8436/8436/8436 8435/8435/8435
f 8437/8437/8437 8435/8435/8435 8438/8438/8438
f 8441/8441/8441 8440/8440/8440 8439/8439/8439
f 8441/8441/8441 8439/8439/8439 8442/8442/8442
f 8445/8445/8445 8444/8444/8444 8443/8443/8443
f 8445/8445/8445 8443/8443/8443 8446/8446/8446
f 8449/8449/8449 8448/8448/8448 8447/8447/8447
f 8449/8449/8449 8447/8447/8447 8450/8450/8450
f 8452/8452/8452 8447/8447/8447 8451/8451/8451
f 8452/8452/8452 8451/8451/8451 8453/8453/8453
f 8455/8455/8455 8453/8453/8453 8454/8454/8454
f 8455/8455/8455 8456/8456/8456 8453/8453/8453
f 8458/8458/8458 8456/8456/8456 8457/8457/8457
f 8458/8458/8458 8459/8459/8459 8456/8456/8456
f 8460/8460/8460 8452/8452/8452 8459/8459/8459
f 8460/8460/8460 8459/8459/8459 8461/8461/8461
f 8464/8464/8464 8463/8463/8463 8462/8462/8462
f 8464/8464/8464 8462/8462/8462 8465/8465/8465
f 8468/8468/8468 8467/8467/8467 8466/8466/8466
f 8468/8468/8468 8466/8466/8466 8469/8469/8469
f 8472/8472/8472 8471/8471/8471 8470/8470/8470
f 8472/8472/8472 8470/8470/8470 8473/8473/8473
f 8476/8476/8476 8475/8475/8475 8474/8474/8474
f 8476/8476/8476 8477/8477/8477 8475/8475/8475
f 8479/8479/8479 8478/8478/8478 8477/8477/8477
f 8479/8479/8479 8477/8477/8477 8480/8480/8480
f 8483/8483/8483 8482/8482/8482 8481/8481/8481
f 8483/8483/8483 8481/8481/8481 8484/8484/8484
f 8484/8484/8484 8481/8481/8481 8485/8485/8485
f 8484/8484/8484 8485/8485/8485 8486/8486/8486
f 8489/8489/8489 8488/8488/8488 8487/8487/8487
f 8489/8489/8489 8487/8487/8487 8490/8490/8490
f 8493/8493/8493 8492/8492/8492 8491/8491/8491
f 8493/8493/8493 8491/8491/8491 8494/8494/8494
f 8497/8497/8497 8496/8496/8496 8495/8495/8495
f 8497/8497/8497 8495/8495/8495 8498/8498/8498
f 8501/8501/8501 8500/8500/8500 8499/8499/8499
f 8501/8501/8501 8499/8499/8499 8502/8502/8502
f 8505/8505/8505 8504/8504/8504 8503/8503/8503
f 8505/8505/8505 8503/8503/8503 8506/8506/8506
f 8509/8509/8509 8508/8508/8508 8507/8507/8507
f 8509/8509/8509 8507/8507/8507 8510/8510/8510
f 8513/8513/8513 8512/8512/8512 8511/8511/8511
f 8513/8513/8513 8511/8511/8511 8514/8514/8514
f 8517/8517/8517 8516/8516/8516 8515/8515/8515
f 8517/8517/8517 8515/8515/8515 8518/8518/8518
f 8521/8521/8521 8520/8520/8520 8519/8519/8519
f 8521/8521/8521 8519/8519/8519 8522/8522/8522
f 8525/8525/8525 8524/8524/8524 8523/8523/8523
f 8525/8525/8525 8523/8523/8523 8526/8526/8526
f 8529/8529/8529 8528/8528/8528 8527/8527/8527
f 8529/8529/8529 8527/8527/8527 8530/8530/8530
f 8533/8533/8533 8532/8532/8532 8531/8531/8531
f 8533/8533/8533 8531/8531/8531 8534/8534/8534
f 8537/8537/8537 8536/8536/8536 8535/8535/8535
f 8537/8537/8537 8535/8535/8535 8538/8538/8538
f 8541/8541/8541 8540/8540/8540 8539/8539/8539
f 8541/8541/8541 8542/8542/8542 8540/8540/8540
f 8544/8544/8544 8543/8543/8543 8542/8542/8542
f 8544/8544/8544 8542/8542/8542 8545/8545/8545
f 8547/8547/8547 8546/8546/8546 8545/8545/8545
f 8547/8547/8547 8545/8545/8545 8548/8548/8548
f 8551/8551/8551 8550/8550/8550 8549/8549/8549
f 8551/8551/8551 8549/8549/8549 8552/8552/8552
f 8555/8555/8555 8554/8554/8554 8553/8553/8553
f 8555/8555/8555 8553/8553/8553 8556/8556/8556
f 8559/8559/8559 8558/8558/8558 8557/8557/8557
f 8559/8559/8559 8560/8560/8560 8558/8558/8558
f 8561/8561/8561 8560/8560/8560 8559/8559/8559
f 8561/8561/8561 8562/8562/8562 8560/8560/8560
f 8565/8565/8565 8564/8564/8564 8563/8563/8563
f 8565/8565/8565 8563/8563/8563 8566/8566/8566
f 8569/8569/8569 8568/8568/8568 8567/8567/8567
f 8569/8569/8569 8567/8567/8567 8570/8570/8570
f 8573/8573/8573 8572/8572/8572 8571/8571/8571
f 8573/8573/8573 8571/8571/8571 8574/8574/8574
f 8577/8577/8577 8576/8576/8576 8575/8575/8575
f 8577/8577/8577 8575/8575/8575 8578/8578/8578
f 8581/8581/8581 8580/8580/8580 8579/8579/8579
f 8581/8581/8581 8579/8579/8579 8582/8582/8582
f 8585/8585/8585 8584/8584/8584 8583/8583/8583
f 8585/8585/8585 8583/8583/8583 8586/8586/8586
f 8589/8589/8589 8588/8588/8588 8587/8587/8587
f 8589/8589/8589 8587/8587/8587 8590/8590/8590
f 8593/8593/8593 8592/8592/8592 8591/8591/8591
f 8593/8593/8593 8591/8591/8591 8594/8594/8594
f 8597/8597/8597 8596/8596/8596 8595/8595/8595
f 8597/8597/8597 8595/8595/8595 8598/8598/8598
f 8601/8601/8601 8600/8600/8600 8599/8599/8599
f 8601/8601/8601 8599/8599/8599 8602/8602/8602
f 8605/8605/8605 8604/8604/8604 8603/8603/8603
f 8605/8605/8605 8603/8603/8603 8606/8606/8606
f 8609/8609/8609 8608/8608/8608 8607/8607/8607
f 8609/8609/8609 8607/8607/8607 8610/8610/8610
f 8613/8613/8613 8612/8612/8612 8611/8611/8611
f 8613/8613/8613 8611/8611/8611 8614/8614/8614
f 8617/8617/8617 8616/8616/8616 8615/8615/8615
f 8617/8617/8617 8615/8615/8615 8618/8618/8618
f 8615/8615/8615 8620/8620/8620 8619/8619/8619
f 8615/8615/8615 8619/8619/8619 8621/8621/8621
f 8624/8624/8624 8623/8623/8623 8622/8622/8622
f 8624/8624/8624 8622/8622/8622 8625/8625/8625
f 8628/8628/8628 8627/8627/8627 8626/8626/8626
f 8628/8628/8628 8626/8626/8626 8629/8629/8629
f 8632/8632/8632 8631/8631/8631 8630/8630/8630
f 8632/8632/8632 8630/8630/8630 8633/8633/8633
f 8636/8636/8636 8635/8635/8635 8634/8634/8634
f 8636/8636/8636 8634/8634/8634 8637/8637/8637
f 8640/8640/8640 8639/8639/8639 8638/8638/8638
f 8640/8640/8640 8638/8638/8638 8641/8641/8641
f 8644/8644/8644 8643/8643/8643 8642/8642/8642
f 8644/8644/8644 8642/8642/8642 8645/8645/8645
f 8648/8648/8648 8647/8647/8647 8646/8646/8646
f 8648/8648/8648 8646/8646/8646 8649/8649/8649
f 8652/8652/8652 8651/8651/8651 8650/8650/8650
f 8652/8652/8652 8650/8650/8650 8653/8653/8653
f 8656/8656/8656 8655/8655/8655 8654/8654/8654
f 8656/8656/8656 8654/8654/8654 8657/8657/8657
f 8660/8660/8660 8659/8659/8659 8658/8658/8658
f 8660/8660/8660 8658/8658/8658 8661/8661/8661
f 8664/8664/8664 8663/8663/8663 8662/8662/8662
f 8664/8664/8664 8662/8662/8662 8665/8665/8665
f 8668/8668/8668 8667/8667/8667 8666/8666/8666
f 8668/8668/8668 8666/8666/8666 8669/8669/8669
f 8672/8672/8672 8671/8671/8671 8670/8670/8670
f 8672/8672/8672 8670/8670/8670 8673/8673/8673
f 8676/8676/8676 8675/8675/8675 8674/8674/8674
f 8676/8676/8676 8674/8674/8674 8677/8677/8677
f 8680/8680/8680 8679/8679/8679 8678/8678/8678
f 8680/8680/8680 8678/8678/8678 8681/8681/8681
f 8684/8684/8684 8683/8683/8683 8682/8682/8682
f 8684/8684/8684 8682/8682/8682 8685/8685/8685
f 8688/8688/8688 8687/8687/8687 8686/8686/8686
f 8688/8688/8688 8686/8686/8686 8689/8689/8689
f 8692/8692/8692 8691/8691/8691 8690/8690/8690
f 8692/8692/8692 8690/8690/8690 8693/8693/8693
f 8696/8696/8696 8695/8695/8695 8694/8694/8694
f 8696/8696/8696 8697/8697/8697 8695/8695/8695
f 8697/8697/8697 8699/8699/8699 8698/8698/8698
f 8697/8697/8697 8700/8700/8700 8699/8699/8699
f 8700/8700/8700 8702/8702/8702 8701/8701/8701
f 8700/8700/8700 8701/8701/8701 8703/8703/8703
f 8706/8706/8706 8705/8705/8705 8704/8704/8704
f 8706/8706/8706 8704/8704/8704 8707/8707/8707
f 8710/8710/8710 8709/8709/8709 8708/8708/8708
f 8710/8710/8710 8708/8708/8708 8711/8711/8711
f 8714/8714/8714 8713/8713/8713 8712/8712/8712
f 8714/8714/8714 8712/8712/8712 8715/8715/8715
f 8718/8718/8718 8717/8717/8717 8716/8716/8716
f 8718/8718/8718 8716/8716/8716 8719/8719/8719
f 8722/8722/8722 8721/8721/8721 8720/8720/8720
f 8722/8722/8722 8720/8720/8720 8723/8723/8723
f 8726/8726/8726 8725/8725/8725 8724/8724/8724
f 8726/8726/8726 8724/8724/8724 8727/8727/8727
f 8730/8730/8730 8729/8729/8729 8728/8728/8728
f 8730/8730/8730 8728/8728/8728 8731/8731/8731
f 8734/8734/8734 8733/8733/8733 8732/8732/8732
f 8734/8734/8734 8732/8732/8732 8735/8735/8735
f 8738/8738/8738 8737/8737/8737 8736/8736/8736
f 8738/8738/8738 8736/8736/8736 8739/8739/8739
f 8742/8742/8742 8741/8741/8741 8740/8740/8740
f 8742/8742/8742 8740/8740/8740 8743/8743/8743
f 8746/8746/8746 8745/8745/8745 8744/8744/8744
f 8746/8746/8746 8744/8744/8744 8747/8747/8747
f 8750/8750/8750 8749/8749/8749 8748/8748/8748
f 8750/8750/8750 8748/8748/8748 8751/8751/8751
f 8754/8754/8754 8753/8753/8753 8752/8752/8752
f 8754/8754/8754 8752/8752/8752 8755/8755/8755
f 8758/8758/8758 8757/8757/8757 8756/8756/8756
f 8758/8758/8758 8756/8756/8756 8759/8759/8759
f 8762/8762/8762 8761/8761/8761 8760/8760/8760
f 8762/8762/8762 8760/8760/8760 8763/8763/8763
f 8766/8766/8766 8765/8765/8765 8764/8764/8764
f 8766/8766/8766 8764/8764/8764 8767/8767/8767
f 8770/8770/8770 8769/8769/8769 8768/8768/8768
f 8770/8770/8770 8768/8768/8768 8771/8771/8771
f 8774/8774/8774 8773/8773/8773 8772/8772/8772
f 8774/8774/8774 8772/8772/8772 8775/8775/8775
f 8778/8778/8778 8777/8777/8777 8776/8776/8776
f 8778/8778/8778 8776/8776/8776 8779/8779/8779
f 8782/8782/8782 8781/8781/8781 8780/8780/8780
f 8782/8782/8782 8780/8780/8780 8783/8783/8783
f 8786/8786/8786 8785/8785/8785 8784/8784/8784
f 8786/8786/8786 8784/8784/8784 8787/8787/8787
f 8790/8790/8790 8789/8789/8789 8788/8788/8788
f 8790/8790/8790 8788/8788/8788 8791/8791/8791
f 8794/8794/8794 8793/8793/8793 8792/8792/8792
f 8794/8794/8794 8792/8792/8792 8795/8795/8795
f 8798/8798/8798 8797/8797/8797 8796/8796/8796
f 8798/8798/8798 8796/8796/8796 8799/8799/8799
f 8802/8802/8802 8801/8801/8801 8800/8800/8800
f 8802/8802/8802 8800/8800/8800 8803/8803/8803
f 8806/8806/8806 8805/8805/8805 8804/8804/8804
f 8806/8806/8806 8804/8804/8804 8807/8807/8807
f 8810/8810/8810 8809/8809/8809 8808/8808/8808
f 8810/8810/8810 8808/8808/8808 8811/8811/8811
f 8814/8814/8814 8813/8813/8813 8812/8812/8812
f 8814/8814/8814 8812/8812/8812 8815/8815/8815
f 8818/8818/8818 8817/8817/8817 8816/8816/8816
f 8818/8818/8818 8816/8816/8816 8819/8819/8819
f 8822/8822/8822 8821/8821/8821 8820/8820/8820
f 8822/8822/8822 8820/8820/8820 8823/8823/8823
f 8826/8826/8826 8825/8825/8825 8824/8824/8824
f 8826/8826/8826 8824/8824/8824 8827/8827/8827
f 8830/8830/8830 8829/8829/8829 8828/8828/8828
f 8830/8830/8830 8828/8828/8828 8831/8831/8831
f 8834/8834/8834 8833/8833/8833 8832/8832/8832
f 8834/8834/8834 8832/8832/8832 8835/8835/8835
f 8838/8838/8838 8837/8837/8837 8836/8836/8836
f 8838/8838/8838 8839/8839/8839 8837/8837/8837
f 8840/8840/8840 8838/8838/8838 8839/8839/8839
f 8840/8840/8840 8841/8841/8841 8838/8838/8838
f 8844/8844/8844 8843/8843/8843 8842/8842/8842
f 8844/8844/8844 8842/8842/8842 8845/8845/8845
f 8848/8848/8848 8847/8847/8847 8846/8846/8846
f 8848/8848/8848 8846/8846/8846 8849/8849/8849
f 8852/8852/8852 8851/8851/8851 8850/8850/8850
f 8852/8852/8852 8850/8850/8850 8853/8853/8853
f 8856/8856/8856 8855/8855/8855 8854/8854/8854
f 8856/8856/8856 8854/8854/8854 8857/8857/8857
f 8860/8860/8860 8859/8859/8859 8858/8858/8858
f 8860/8860/8860 8858/8858/8858 8861/8861/8861
f 8864/8864/8864 8863/8863/8863 8862/8862/8862
f 8864/8864/8864 8862/8862/8862 8865/8865/8865
f 8868/8868/8868 8867/8867/8867 8866/8866/8866
f 8868/8868/8868 8866/8866/8866 8869/8869/8869
f 8872/8872/8872 8871/8871/8871 8870/8870/8870
f 8872/8872/8872 8870/8870/8870 8873/8873/8873
f 8876/8876/8876 8875/8875/8875 8874/8874/8874
f 8876/8876/8876 8874/8874/8874 8877/8877/8877
f 8880/8880/8880 8879/8879/8879 8878/8878/8878
f 8880/8880/8880 8878/8878/8878 8881/8881/8881
f 8884/8884/8884 8883/8883/8883 8882/8882/8882
f 8884/8884/8884 8882/8882/8882 8885/8885/8885
f 8888/8888/8888 8887/8887/8887 8886/8886/8886
f 8888/8888/8888 8886/8886/8886 8889/8889/8889
f 8892/8892/8892 8891/8891/8891 8890/8890/8890
f 8892/8892/8892 8890/8890/8890 8893/8893/8893
f 8896/8896/8896 8895/8895/8895 8894/8894/8894
f 8896/8896/8896 8894/8894/8894 8897/8897/8897
f 8900/8900/8900 8899/8899/8899 8898/8898/8898
f 8900/8900/8900 8898/8898/8898 8901/8901/8901
f 8904/8904/8904 8903/8903/8903 8902/8902/8902
f 8904/8904/8904 8902/8902/8902 8905/8905/8905
f 8908/8908/8908 8907/8907/8907 8906/8906/8906
f 8908/8908/8908 8906/8906/8906 8909/8909/8909
f 8912/8912/8912 8911/8911/8911 8910/8910/8910
f 8912/8912/8912 8910/8910/8910 8913/8913/8913
f 8916/8916/8916 8915/8915/8915 8914/8914/8914
f 8916/8916/8916 8914/8914/8914 8917/8917/8917
f 8920/8920/8920 8919/8919/8919 8918/8918/8918
f 8920/8920/8920 8918/8918/8918 8921/8921/8921
f 8924/8924/8924 8923/8923/8923 8922/8922/8922
f 8924/8924/8924 8922/8922/8922 8925/8925/8925
f 8928/8928/8928 8927/8927/8927 8926/8926/8926
f 8928/8928/8928 8926/8926/8926 8929/8929/8929
f 8932/8932/8932 8931/8931/8931 8930/8930/8930
f 8932/8932/8932 8930/8930/8930 8933/8933/8933
f 8936/8936/8936 8935/8935/8935 8934/8934/8934
f 8936/8936/8936 8934/8934/8934 8937/8937/8937
f 8940/8940/8940 8939/8939/8939 8938/8938/8938
f 8940/8940/8940 8938/8938/8938 8941/8941/8941
f 8944/8944/8944 8943/8943/8943 8942/8942/8942
f 8944/8944/8944 8942/8942/8942 8945/8945/8945
f 8948/8948/8948 8947/8947/8947 8946/8946/8946
f 8948/8948/8948 8946/8946/8946 8949/8949/8949
f 8952/8952/8952 8951/8951/8951 8950/8950/8950
f 8952/8952/8952 8950/8950/8950 8953/8953/8953
f 8956/8956/8956 8955/8955/8955 8954/8954/8954
f 8956/8956/8956 8954/8954/8954 8957/8957/8957
g default_21
f 8960/8960/8960 8959/8959/8959 8958/8958/8958
f 8960/8960/8960 8958/8958/8958 8961/8961/8961
f 8964/8964/8964 8963/8963/8963 8962/8962/8962
f 8964/8964/8964 8965/8965/8965 8963/8963/8963
f 8965/8965/8965 8966/8966/8966 8963/8963/8963
f 8965/8965/8965 8967/8967/8967 8966/8966/8966
f 8970/8970/8970 8969/8969/8969 8968/8968/8968
f 8970/8970/8970 8968/8968/8968 8971/8971/8971
f 8974/8974/8974 8973/8973/8973 8972/8972/8972
f 8974/8974/8974 8972/8972/8972 8975/8975/8975
f 8978/8978/8978 8977/8977/8977 8976/8976/8976
f 8978/8978/8978 8979/8979/8979 8977/8977/8977
f 8979/8979/8979 8980/8980/8980 8977/8977/8977
f 8979/8979/8979 8981/8981/8981 8980/8980/8980
f 8984/8984/8984 8983/8983/8983 8982/8982/8982
f 8984/8984/8984 8982/8982/8982 8985/8985/8985
f 8988/8988/8988 8987/8987/8987 8986/8986/8986
f 8988/8988/8988 8986/8986/8986 8989/8989/8989
f 8992/8992/8992 8991/8991/8991 8990/8990/8990
f 8992/8992/8992 8990/8990/8990 8993/8993/8993
f 8996/8996/8996 8995/8995/8995 8994/8994/8994
f 8996/8996/8996 8994/8994/8994 8997/8997/8997
f 9000/9000/9000 8999/8999/8999 8998/8998/8998
f 9000/9000/9000 8998/8998/8998 9001/9001/9001
f 9004/9004/9004 9003/9003/9003 9002/9002/9002
f 9004/9004/9004 9005/9005/9005 9003/9003/9003
f 9005/9005/9005 9007/9007/9007 9006/9006/9006
f 9005/9005/9005 9006/9006/9006 9008/9008/9008
f 9011/9011/9011 9010/9010/9010 9009/9009/9009
f 9011/9011/9011 9009/9009/9009 9012/9012/9012
f 9015/9015/9015 9014/9014/9014 9013/9013/9013
f 9015/9015/9015 9013/9013/9013 9016/9016/9016
f 9019/9019/9019 9018/9018/9018 9017/9017/9017
f 9019/9019/9019 9017/9017/9017 9020/9020/9020
f 9023/9023/9023 9022/9022/9022 9021/9021/9021
f 9023/9023/9023 9021/9021/9021 9024/9024/9024
f 9027/9027/9027 9026/9026/9026 9025/9025/9025
f 9027/9027/9027 9025/9025/9025 9028/9028/9028
f 9031/9031/9031 9030/9030/9030 9029/9029/9029
f 9031/9031/9031 9029/9029/9029 9032/9032/9032
f 9035/9035/9035 9034/9034/9034 9033/9033/9033
f 9035/9035/9035 9033/9033/9033 9036/9036/9036
f 9039/9039/9039 9038/9038/9038 9037/9037/9037
f 9039/9039/9039 9037/9037/9037 9040/9040/9040
f 9043/9043/9043 9042/9042/9042 9041/9041/9041
f 9043/9043/9043 9041/9041/9041 9044/9044/9044
f 9047/9047/9047 9046/9046/9046 9045/9045/9045
f 9047/9047/9047 9045/9045/9045 9048/9048/9048
f 9051/9051/9051 9050/9050/9050 9049/9049/9049
f 9051/9051/9051 9049/9049/9049 9052/9052/9052
f 9055/9055/9055 9054/9054/9054 9053/9053/9053
f 9055/9055/9055 9053/9053/9053 9056/9056/9056
f 9059/9059/9059 9058/9058/9058 9057/9057/9057
f 9059/9059/9059 9057/9057/9057 9060/9060/9060
g default_22
f 9063/9063/9063 9062/9062/9062 9061/9061/9061
f 9063/9063/9063 9061/9061/9061 9064/9064/9064
f 9067/9067/9067 9066/9066/9066 9065/9065/9065
f 9067/9067/9067 9065/9065/9065 9068/9068/9068
f 9071/9071/9071 9070/9070/9070 9069/9069/9069
f 9071/9071/9071 9069/9069/9069 9072/9072/9072
f 9075/9075/9075 9074/9074/9074 9073/9073/9073
f 9075/9075/9075 9073/9073/9073 9076/9076/9076
f 9079/9079/9079 9078/9078/9078 9077/9077/9077
f 9079/9079/9079 9077/9077/9077 9080/9080/9080
f 9083/9083/9083 9082/9082/9082 9081/9081/9081
f 9083/9083/9083 9081/9081/9081 9084/9084/9084
f 9087/9087/9087 9086/9086/9086 9085/9085/9085
f 9087/9087/9087 9085/9085/9085 9088/9088/9088
f 9091/9091/9091 9090/9090/9090 9089/9089/9089
f 9091/9091/9091 9089/9089/9089 9092/9092/9092
f 9095/9095/9095 9094/9094/9094 9093/9093/9093
f 9095/9095/9095 9093/9093/9093 9096/9096/9096
f 9099/9099/9099 9098/9098/9098 9097/9097/9097
f 9099/9099/9099 9097/9097/9097 9100/9100/9100
f 9103/9103/9103 9102/9102/9102 9101/9101/9101
f 9103/9103/9103 9101/9101/9101 9104/9104/9104
f 9107/9107/9107 9106/9106/9106 9105/9105/9105
f 9107/9107/9107 9105/9105/9105 9108/9108/9108
f 9111/9111/9111 9110/9110/9110 9109/9109/9109
f 9111/9111/9111 9109/9109/9109 9112/9112/9112
f 9115/9115/9115 9114/9114/9114 9113/9113/9113
f 9115/9115/9115 9113/9113/9113 9116/9116/9116
f 9119/9119/9119 9118/9118/9118 9117/9117/9117
f 9119/9119/9119 9117/9117/9117 9120/9120/9120
g default_23
f 9123/9123/9123 9122/9122/9122 9121/9121/9121
f 9123/9123/9123 9121/9121/9121 9124/9124/9124
f 9127/9127/9127 9126/9126/9126 9125/9125/9125
f 9127/9127/9127 9125/9125/9125 9128/9128/9128
f 9131/9131/9131 9130/9130/9130 9129/9129/9129
f 9131/9131/9131 9129/9129/9129 9132/9132/9132
f 9135/9135/9135 9134/9134/9134 9133/9133/9133
f 9135/9135/9135 9133/9133/9133 9136/9136/9136
f 9139/9139/9139 9138/9138/9138 9137/9137/9137
f 9139/9139/9139 9137/9137/9137 9140/9140/9140
f 9143/9143/9143 9142/9142/9142 9141/9141/9141
f 9143/9143/9143 9141/9141/9141 9144/9144/9144
f 9147/9147/9147 9146/9146/9146 9145/9145/9145
f 9147/9147/9147 9145/9145/9145 9148/9148/9148
f 9151/9151/9151 9150/9150/9150 9149/9149/9149
f 9151/9151/9151 9149/9149/9149 9152/9152/9152
f 9155/9155/9155 9154/9154/9154 9153/9153/9153
f 9155/9155/9155 9153/9153/9153 9156/9156/9156
f 9159/9159/9159 9158/9158/9158 9157/9157/9157
f 9159/9159/9159 9157/9157/9157 9160/9160/9160
f 9163/9163/9163 9162/9162/9162 9161/9161/9161
f 9163/9163/9163 9161/9161/9161 9164/9164/9164
f 9167/9167/9167 9166/9166/9166 9165/9165/9165
f 9167/9167/9167 9165/9165/9165 9168/9168/9168
f 9171/9171/9171 9170/9170/9170 9169/9169/9169
f 9171/9171/9171 9169/9169/9169 9172/9172/9172
f 9175/9175/9175 9174/9174/9174 9173/9173/9173
f 9175/9175/9175 9173/9173/9173 9176/9176/9176
f 9179/9179/9179 9178/9178/9178 9177/9177/9177
f 9179/9179/9179 9177/9177/9177 9180/9180/9180
f 9183/9183/9183 9182/9182/9182 9181/9181/9181
f 9183/9183/9183 9181/9181/9181 9184/9184/9184
f 9187/9187/9187 9186/9186/9186 9185/9185/9185
f 9187/9187/9187 9185/9185/9185 9188/9188/9188
f 9191/9191/9191 9190/9190/9190 9189/9189/9189
f 9191/9191/9191 9189/9189/9189 9192/9192/9192
f 9195/9195/9195 9194/9194/9194 9193/9193/9193
f 9195/9195/9195 9193/9193/9193 9196/9196/9196
f 9199/9199/9199 9198/9198/9198 9197/9197/9197
f 9199/9199/9199 9197/9197/9197 9200/9200/9200
f 9203/9203/9203 9202/9202/9202 9201/9201/9201
f 9203/9203/9203 9201/9201/9201 9204/9204/9204
f 9207/9207/9207 9206/9206/9206 9205/9205/9205
f 9207/9207/9207 9205/9205/9205 9208/9208/9208
f 9211/9211/9211 9210/9210/9210 9209/9209/9209
f 9211/9211/9211 9209/9209/9209 9212/9212/9212
f 9215/9215/9215 9214/9214/9214 9213/9213/9213
f 9215/9215/9215 9213/9213/9213 9216/9216/9216
f 9219/9219/9219 9218/9218/9218 9217/9217/9217
f 9219/9219/9219 9217/9217/9217 9220/9220/9220
f 9223/9223/9223 9222/9222/9222 9221/9221/9221
f 9223/9223/9223 9221/9221/9221 9224/9224/9224
f 9227/9227/9227 9226/9226/9226 9225/9225/9225
f 9227/9227/9227 9225/9225/9225 9228/9228/9228
f 9231/9231/9231 9230/9230/9230 9229/9229/9229
f 9231/9231/9231 9229/9229/9229 9232/9232/9232
f 9235/9235/9235 9234/9234/9234 9233/9233/9233
f 9235/9235/9235 9233/9233/9233 9236/9236/9236
f 9239/9239/9239 9238/9238/9238 9237/9237/9237
f 9239/9239/9239 9237/9237/9237 9240/9240/9240
f 9243/9243/9243 9242/9242/9242 9241/9241/9241
f 9243/9243/9243 9241/9241/9241 9244/9244/9244
f 9247/9247/9247 9246/9246/9246 9245/9245/9245
f 9247/9247/9247 9245/9245/9245 9248/9248/9248
f 9251/9251/9251 9250/9250/9250 9249/9249/9249
f 9251/9251/9251 9249/9249/9249 9252/9252/9252
f 9255/9255/9255 9254/9254/9254 9253/9253/9253
f 9255/9255/9255 9253/9253/9253 9256/9256/9256
f 9259/9259/9259 9258/9258/9258 9257/9257/9257
f 9259/9259/9259 9257/9257/9257 9260/9260/9260
f 9263/9263/9263 9262/9262/9262 9261/9261/9261
f 9263/9263/9263 9261/9261/9261 9264/9264/9264
g default_24
f 9267/9267/9267 9266/9266/9266 9265/9265/9265
f 9267/9267/9267 9265/9265/9265 9268/9268/9268
f 9271/9271/9271 9270/9270/9270 9269/9269/9269
f 9271/9271/9271 9269/9269/9269 9272/9272/9272
f 9275/9275/9275 9274/9274/9274 9273/9273/9273
f 9275/9275/9275 9273/9273/9273 9276/9276/9276
f 9279/9279/9279 9278/9278/9278 9277/9277/9277
f 9279/9279/9279 9277/9277/9277 9280/9280/9280
f 9283/9283/9283 9282/9282/9282 9281/9281/9281
f 9283/9283/9283 9281/9281/9281 9284/9284/9284
f 9286/9286/9286 9285/9285/9285 9281/9281/9281
f 9286/9286/9286 9281/9281/9281 9287/9287/9287
f 9290/9290/9290 9289/9289/9289 9288/9288/9288
f 9290/9290/9290 9291/9291/9291 9289/9289/9289
f 9293/9293/9293 9291/9291/9291 9292/9292/9292
f 9293/9293/9293 9292/9292/9292 9294/9294/9294
f 9297/9297/9297 9296/9296/9296 9295/9295/9295
f 9297/9297/9297 9295/9295/9295 9298/9298/9298
f 9301/9301/9301 9300/9300/9300 9299/9299/9299
f 9301/9301/9301 9299/9299/9299 9302/9302/9302
f 9305/9305/9305 9304/9304/9304 9303/9303/9303
f 9305/9305/9305 9303/9303/9303 9306/9306/9306
f 9309/9309/9309 9308/9308/9308 9307/9307/9307
f 9309/9309/9309 9307/9307/9307 9310/9310/9310
f 9313/9313/9313 9312/9312/9312 9311/9311/9311
f 9313/9313/9313 9311/9311/9311 9314/9314/9314
f 9316/9316/9316 9315/9315/9315 9311/9311/9311
f 9316/9316/9316 9311/9311/9311 9317/9317/9317
f 9320/9320/9320 9319/9319/9319 9318/9318/9318
f 9320/9320/9320 9321/9321/9321 9319/9319/9319
f 9323/9323/9323 9321/9321/9321 9322/9322/9322
f 9323/9323/9323 9322/9322/9322 9324/9324/9324
f 9327/9327/9327 9326/9326/9326 9325/9325/9325
f 9327/9327/9327 9325/9325/9325 9328/9328/9328
f 9331/9331/9331 9330/9330/9330 9329/9329/9329
f 9331/9331/9331 9329/9329/9329 9332/9332/9332
f 9335/9335/9335 9334/9334/9334 9333/9333/9333
f 9335/9335/9335 9333/9333/9333 9336/9336/9336
f 9339/9339/9339 9338/9338/9338 9337/9337/9337
f 9339/9339/9339 9337/9337/9337 9340/9340/9340
f 9343/9343/9343 9342/9342/9342 9341/9341/9341
f 9343/9343/9343 9341/9341/9341 9344/9344/9344
f 9347/9347/9347 9346/9346/9346 9345/9345/9345
f 9347/9347/9347 9345/9345/9345 9348/9348/9348
f 9351/9351/9351 9350/9350/9350 9349/9349/9349
f 9351/9351/9351 9349/9349/9349 9352/9352/9352
f 9355/9355/9355 9354/9354/9354 9353/9353/9353
f 9355/9355/9355 9353/9353/9353 9356/9356/9356
f 9359/9359/9359 9358/9358/9358 9357/9357/9357
f 9359/9359/9359 9357/9357/9357 9360/9360/9360
f 9363/9363/9363 9362/9362/9362 9361/9361/9361
f 9363/9363/9363 9361/9361/9361 9364/9364/9364
f 9367/9367/9367 9366/9366/9366 9365/9365/9365
f 9367/9367/9367 9365/9365/9365 9368/9368/9368
f 9371/9371/9371 9370/9370/9370 9369/9369/9369
f 9371/9371/9371 9369/9369/9369 9372/9372/9372
f 9375/9375/9375 9374/9374/9374 9373/9373/9373
f 9375/9375/9375 9373/9373/9373 9376/9376/9376
f 9379/9379/9379 9378/9378/9378 9377/9377/9377
f 9379/9379/9379 9377/9377/9377 9380/9380/9380
f 9383/9383/9383 9382/9382/9382 9381/9381/9381
f 9383/9383/9383 9381/9381/9381 9384/9384/9384
f 9387/9387/9387 9386/9386/9386 9385/9385/9385
f 9387/9387/9387 9385/9385/9385 9388/9388/9388
f 9391/9391/9391 9390/9390/9390 9389/9389/9389
f 9391/9391/9391 9389/9389/9389 9392/9392/9392
f 9395/9395/9395 9394/9394/9394 9393/9393/9393
f 9395/9395/9395 9393/9393/9393 9396/9396/9396
f 9399/9399/9399 9398/9398/9398 9397/9397/9397
f 9399/9399/9399 9397/9397/9397 9400/9400/9400
f 9403/9403/9403 9402/9402/9402 9401/9401/9401
f 9403/9403/9403 9401/9401/9401 9404/9404/9404
f 9407/9407/9407 9406/9406/9406 9405/9405/9405
f 9407/9407/9407 9405/9405/9405 9408/9408/9408
f 9411/9411/9411 9410/9410/9410 9409/9409/9409
f 9411/9411/9411 9409/9409/9409 9412/9412/9412
f 9415/9415/9415 9414/9414/9414 9413/9413/9413
f 9415/9415/9415 9413/9413/9413 9416/9416/9416
f 9419/9419/9419 9418/9418/9418 9417/9417/9417
f 9419/9419/9419 9417/9417/9417 9420/9420/9420
f 9423/9423/9423 9422/9422/9422 9421/9421/9421
f 9423/9423/9423 9421/9421/9421 9424/9424/9424
f 9427/9427/9427 9426/9426/9426 9425/9425/9425
f 9427/9427/9427 9425/9425/9425 9428/9428/9428
f 9431/9431/9431 9430/9430/9430 9429/9429/9429
f 9431/9431/9431 9429/9429/9429 9432/9432/9432
f 9435/9435/9435 9434/9434/9434 9433/9433/9433
f 9435/9435/9435 9433/9433/9433 9436/9436/9436
f 9439/9439/9439 9438/9438/9438 9437/9437/9437
f 9439/9439/9439 9437/9437/9437 9440/9440/9440
f 9443/9443/9443 9442/9442/9442 9441/9441/9441
f 9443/9443/9443 9441/9441/9441 9444/9444/9444
f 9447/9447/9447 9446/9446/9446 9445/9445/9445
f 9447/9447/9447 9445/9445/9445 9448/9448/9448
f 9451/9451/9451 9450/9450/9450 9449/9449/9449
f 9451/9451/9451 9449/9449/9449 9452/9452/9452
f 9455/9455/9455 9454/9454/9454 9453/9453/9453
f 9455/9455/9455 9453/9453/9453 9456/9456/9456
f 9459/9459/9459 9458/9458/9458 9457/9457/9457
f 9459/9459/9459 9457/9457/9457 9460/9460/9460
f 9463/9463/9463 9462/9462/9462 9461/9461/9461
f 9463/9463/9463 9461/9461/9461 9464/9464/9464
f 9467/9467/9467 9466/9466/9466 9465/9465/9465
f 9467/9467/9467 9465/9465/9465 9468/9468/9468
f 9471/9471/9471 9470/9470/9470 9469/9469/9469
f 9471/9471/9471 9469/9469/9469 9472/9472/9472
f 9475/9475/9475 9474/9474/9474 9473/9473/9473
f 9475/9475/9475 9473/9473/9473 9476/9476/9476
f 9479/9479/9479 9478/9478/9478 9477/9477/9477
f 9479/9479/9479 9477/9477/9477 9480/9480/9480
f 9483/9483/9483 9482/9482/9482 9481/9481/9481
f 9483/9483/9483 9481/9481/9481 9484/9484/9484
f 9487/9487/9487 9486/9486/9486 9485/9485/9485
f 9487/9487/9487 9485/9485/9485 9488/9488/9488
f 9491/9491/9491 9490/9490/9490 9489/9489/9489
f 9491/9491/9491 9489/9489/9489 9492/9492/9492
f 9495/9495/9495 9494/9494/9494 9493/9493/9493
f 9495/9495/9495 9493/9493/9493 9496/9496/9496
f 9499/9499/9499 9498/9498/9498 9497/9497/9497
f 9499/9499/9499 9497/9497/9497 9500/9500/9500
f 9503/9503/9503 9502/9502/9502 9501/9501/9501
f 9503/9503/9503 9501/9501/9501 9504/9504/9504
f 9507/9507/9507 9506/9506/9506 9505/9505/9505
f 9507/9507/9507 9505/9505/9505 9508/9508/9508
f 9511/9511/9511 9510/9510/9510 9509/9509/9509
f 9511/9511/9511 9509/9509/9509 9512/9512/9512
f 9515/9515/9515 9514/9514/9514 9513/9513/9513
f 9515/9515/9515 9513/9513/9513 9516/9516/9516
f 9519/9519/9519 9518/9518/9518 9517/9517/9517
f 9519/9519/9519 9517/9517/9517 9520/9520/9520
f 9522/9522/9522 9521/9521/9521 9517/9517/9517
f 9522/9522/9522 9517/9517/9517 9523/9523/9523
f 9526/9526/9526 9525/9525/9525 9524/9524/9524
f 9526/9526/9526 9527/9527/9527 9525/9525/9525
f 9529/9529/9529 9527/9527/9527 9528/9528/9528
f 9529/9529/9529 9528/9528/9528 9530/9530/9530
f 9533/9533/9533 9532/9532/9532 9531/9531/9531
f 9533/9533/9533 9531/9531/9531 9534/9534/9534
f 9537/9537/9537 9536/9536/9536 9535/9535/9535
f 9537/9537/9537 9535/9535/9535 9538/9538/9538
f 9541/9541/9541 9540/9540/9540 9539/9539/9539
f 9541/9541/9541 9539/9539/9539 9542/9542/9542
f 9545/9545/9545 9544/9544/9544 9543/9543/9543
f 9545/9545/9545 9543/9543/9543 9546/9546/9546
f 9549/9549/9549 9548/9548/9548 9547/9547/9547
f 9549/9549/9549 9547/9547/9547 9550/9550/9550
f 9552/9552/9552 9551/9551/9551 9547/9547/9547
f 9552/9552/9552 9547/9547/9547 9553/9553/9553
f 9556/9556/9556 9555/9555/9555 9554/9554/9554
f 9556/9556/9556 9557/9557/9557 9555/9555/9555
f 9559/9559/9559 9557/9557/9557 9558/9558/9558
f 9559/9559/9559 9558/9558/9558 9560/9560/9560
f 9563/9563/9563 9562/9562/9562 9561/9561/9561
f 9563/9563/9563 9561/9561/9561 9564/9564/9564
f 9567/9567/9567 9566/9566/9566 9565/9565/9565
f 9567/9567/9567 9565/9565/9565 9568/9568/9568
f 9571/9571/9571 9570/9570/9570 9569/9569/9569
f 9571/9571/9571 9569/9569/9569 9572/9572/9572
f 9575/9575/9575 9574/9574/9574 9573/9573/9573
f 9575/9575/9575 9573/9573/9573 9576/9576/9576
f 9579/9579/9579 9578/9578/9578 9577/9577/9577
f 9579/9579/9579 9577/9577/9577 9580/9580/9580
f 9583/9583/9583 9582/9582/9582 9581/9581/9581
f 9583/9583/9583 9581/9581/9581 9584/9584/9584
f 9587/9587/9587 9586/9586/9586 9585/9585/9585
f 9587/9587/9587 9585/9585/9585 9588/9588/9588
f 9591/9591/9591 9590/9590/9590 9589/9589/9589
f 9591/9591/9591 9589/9589/9589 9592/9592/9592
f 9595/9595/9595 9594/9594/9594 9593/9593/9593
f 9595/9595/9595 9593/9593/9593 9596/9596/9596
f 9599/9599/9599 9598/9598/9598 9597/9597/9597
f 9599/9599/9599 9597/9597/9597 9600/9600/9600
f 9603/9603/9603 9602/9602/9602 9601/9601/9601
f 9603/9603/9603 9601/9601/9601 9604/9604/9604
f 9607/9607/9607 9606/9606/9606 9605/9605/9605
f 9607/9607/9607 9605/9605/9605 9608/9608/9608
f 9611/9611/9611 9610/9610/9610 9609/9609/9609
f 9611/9611/9611 9609/9609/9609 9612/9612/9612
f 9615/9615/9615 9614/9614/9614 9613/9613/9613
f 9615/9615/9615 9613/9613/9613 9616/9616/9616
f 9619/9619/9619 9618/9618/9618 9617/9617/9617
f 9619/9619/9619 9617/9617/9617 9620/9620/9620
f 9623/9623/9623 9622/9622/9622 9621/9621/9621
f 9623/9623/9623 9621/9621/9621 9624/9624/9624
f 9627/9627/9627 9626/9626/9626 9625/9625/9625
f 9627/9627/9627 9625/9625/9625 9628/9628/9628
f 9631/9631/9631 9630/9630/9630 9629/9629/9629
f 9631/9631/9631 9629/9629/9629 9632/9632/9632
f 9635/9635/9635 9634/9634/9634 9633/9633/9633
f 9635/9635/9635 9633/9633/9633 9636/9636/9636
f 9639/9639/9639 9638/9638/9638 9637/9637/9637
f 9639/9639/9639 9637/9637/9637 9640/9640/9640
f 9643/9643/9643 9642/9642/9642 9641/9641/9641
f 9643/9643/9643 9641/9641/9641 9644/9644/9644
f 9647/9647/9647 9646/9646/9646 9645/9645/9645
f 9647/9647/9647 9645/9645/9645 9648/9648/9648
f 9651/9651/9651 9650/9650/9650 9649/9649/9649
f 9651/9651/9651 9649/9649/9649 9652/9652/9652
f 9655/9655/9655 9654/9654/9654 9653/9653/9653
f 9655/9655/9655 9653/9653/9653 9656/9656/9656
f 9659/9659/9659 9658/9658/9658 9657/9657/9657
f 9659/9659/9659 9657/9657/9657 9660/9660/9660
f 9663/9663/9663 9662/9662/9662 9661/9661/9661
f 9663/9663/9663 9661/9661/9661 9664/9664/9664
f 9667/9667/9667 9666/9666/9666 9665/9665/9665
f 9667/9667/9667 9665/9665/9665 9668/9668/9668
f 9671/9671/9671 9670/9670/9670 9669/9669/9669
f 9671/9671/9671 9669/9669/9669 9672/9672/9672
f 9675/9675/9675 9674/9674/9674 9673/9673/9673
f 9675/9675/9675 9673/9673/9673 9676/9676/9676
f 9679/9679/9679 9678/9678/9678 9677/9677/9677
f 9679/9679/9679 9677/9677/9677 9680/9680/9680
f 9683/9683/9683 9682/9682/9682 9681/9681/9681
f 9683/9683/9683 9681/9681/9681 9684/9684/9684
f 9687/9687/9687 9686/9686/9686 9685/9685/9685
f 9687/9687/9687 9685/9685/9685 9688/9688/9688
f 9691/9691/9691 9690/9690/9690 9689/9689/9689
f 9691/9691/9691 9689/9689/9689 9692/9692/9692
f 9695/9695/9695 9694/9694/9694 9693/9693/9693
f 9695/9695/9695 9693/9693/9693 9696/9696/9696
f 9699/9699/9699 9698/9698/9698 9697/9697/9697
f 9699/9699/9699 9697/9697/9697 9700/9700/9700
f 9703/9703/9703 9702/9702/9702 9701/9701/9701
f 9703/9703/9703 9701/9701/9701 9704/9704/9704
f 9707/9707/9707 9706/9706/9706 9705/9705/9705
f 9707/9707/9707 9705/9705/9705 9708/9708/9708
f 9711/9711/9711 9710/9710/9710 9709/9709/9709
f 9711/9711/9711 9709/9709/9709 9712/9712/9712
f 9715/9715/9715 9714/9714/9714 9713/9713/9713
f 9715/9715/9715 9713/9713/9713 9716/9716/9716
f 9719/9719/9719 9718/9718/9718 9717/9717/9717
f 9719/9719/9719 9717/9717/9717 9720/9720/9720
f 9723/9723/9723 9722/9722/9722 9721/9721/9721
f 9723/9723/9723 9721/9721/9721 9724/9724/9724
f 9727/9727/9727 9726/9726/9726 9725/9725/9725
f 9727/9727/9727 9725/9725/9725 9728/9728/9728
f 9731/9731/9731 9730/9730/9730 9729/9729/9729
f 9731/9731/9731 9729/9729/9729 9732/9732/9732
f 9735/9735/9735 9734/9734/9734 9733/9733/9733
f 9735/9735/9735 9733/9733/9733 9736/9736/9736
g default_25
f 9739/9739/9739 9738/9738/9738 9737/9737/9737
f 9739/9739/9739 9737/9737/9737 9740/9740/9740
f 9743/9743/9743 9742/9742/9742 9741/9741/9741
f 9743/9743/9743 9741/9741/9741 9744/9744/9744
f 9747/9747/9747 9746/9746/9746 9745/9745/9745
f 9747/9747/9747 9745/9745/9745 9748/9748/9748
f 9751/9751/9751 9750/9750/9750 9749/9749/9749
f 9751/9751/9751 9749/9749/9749 9752/9752/9752
f 9755/9755/9755 9754/9754/9754 9753/9753/9753
f 9755/9755/9755 9753/9753/9753 9756/9756/9756
f 9759/9759/9759 9758/9758/9758 9757/9757/9757
f 9759/9759/9759 9757/9757/9757 9760/9760/9760
f 9763/9763/9763 9762/9762/9762 9761/9761/9761
f 9763/9763/9763 9761/9761/9761 9764/9764/9764
f 9767/9767/9767 9766/9766/9766 9765/9765/9765
f 9767/9767/9767 9765/9765/9765 9768/9768/9768
f 9771/9771/9771 9770/9770/9770 9769/9769/9769
f 9771/9771/9771 9769/9769/9769 9772/9772/9772
f 9775/9775/9775 9774/9774/9774 9773/9773/9773
f 9775/9775/9775 9773/9773/9773 9776/9776/9776
f 9779/9779/9779 9778/9778/9778 9777/9777/9777
f 9779/9779/9779 9777/9777/9777 9780/9780/9780
f 9783/9783/9783 9782/9782/9782 9781/9781/9781
f 9783/9783/9783 9781/9781/9781 9784/9784/9784
f 9787/9787/9787 9786/9786/9786 9785/9785/9785
f 9787/9787/9787 9785/9785/9785 9788/9788/9788
f 9791/9791/9791 9790/9790/9790 9789/9789/9789
f 9791/9791/9791 9789/9789/9789 9792/9792/9792
f 9795/9795/9795 9794/9794/9794 9793/9793/9793
f 9795/9795/9795 9793/9793/9793 9796/9796/9796
f 9799/9799/9799 9798/9798/9798 9797/9797/9797
f 9799/9799/9799 9797/9797/9797 9800/9800/9800
f 9803/9803/9803 9802/9802/9802 9801/9801/9801
f 9803/9803/9803 9801/9801/9801 9804/9804/9804
f 9807/9807/9807 9806/9806/9806 9805/9805/9805
f 9807/9807/9807 9805/9805/9805 9808/9808/9808
f 9811/9811/9811 9810/9810/9810 9809/9809/9809
f 9811/9811/9811 9809/9809/9809 9812/9812/9812
f 9815/9815/9815 9814/9814/9814 9813/9813/9813
f 9815/9815/9815 9813/9813/9813 9816/9816/9816
f 9819/9819/9819 9818/9818/9818 9817/9817/9817
f 9819/9819/9819 9817/9817/9817 9820/9820/9820
f 9823/9823/9823 9822/9822/9822 9821/9821/9821
f 9823/9823/9823 9821/9821/9821 9824/9824/9824
f 9827/9827/9827 9826/9826/9826 9825/9825/9825
f 9827/9827/9827 9825/9825/9825 9828/9828/9828
f 9831/9831/9831 9830/9830/9830 9829/9829/9829
f 9831/9831/9831 9829/9829/9829 9832/9832/9832
f 9835/9835/9835 9834/9834/9834 9833/9833/9833
f 9835/9835/9835 9833/9833/9833 9836/9836/9836
f 9839/9839/9839 9838/9838/9838 9837/9837/9837
f 9839/9839/9839 9837/9837/9837 9840/9840/9840
f 9843/9843/9843 9842/9842/9842 9841/9841/9841
f 9843/9843/9843 9841/9841/9841 9844/9844/9844
f 9847/9847/9847 9846/9846/9846 9845/9845/9845
f 9847/9847/9847 9845/9845/9845 9848/9848/9848
f 9851/9851/9851 9850/9850/9850 9849/9849/9849
f 9851/9851/9851 9849/9849/9849 9852/9852/9852
f 9855/9855/9855 9854/9854/9854 9853/9853/9853
f 9855/9855/9855 9853/9853/9853 9856/9856/9856
f 9859/9859/9859 9858/9858/9858 9857/9857/9857
f 9859/9859/9859 9857/9857/9857 9860/9860/9860
f 9863/9863/9863 9862/9862/9862 9861/9861/9861
f 9863/9863/9863 9861/9861/9861 9864/9864/9864
f 9867/9867/9867 9866/9866/9866 9865/9865/9865
f 9867/9867/9867 9865/9865/9865 9868/9868/9868
f 9871/9871/9871 9870/9870/9870 9869/9869/9869
f 9871/9871/9871 9869/9869/9869 9872/9872/9872
f 9875/9875/9875 9874/9874/9874 9873/9873/9873
f 9875/9875/9875 9873/9873/9873 9876/9876/9876
f 9879/9879/9879 9878/9878/9878 9877/9877/9877
f 9879/9879/9879 9877/9877/9877 9880/9880/9880
f 9883/9883/9883 9882/9882/9882 9881/9881/9881
f 9883/9883/9883 9881/9881/9881 9884/9884/9884
f 9887/9887/9887 9886/9886/9886 9885/9885/9885
f 9887/9887/9887 9885/9885/9885 9888/9888/9888
f 9891/9891/9891 9890/9890/9890 9889/9889/9889
f 9891/9891/9891 9889/9889/9889 9892/9892/9892
f 9895/9895/9895 9894/9894/9894 9893/9893/9893
f 9895/9895/9895 9893/9893/9893 9896/9896/9896
f 9899/9899/9899 9898/9898/9898 9897/9897/9897
f 9899/9899/9899 9897/9897/9897 9900/9900/9900
f 9903/9903/9903 9902/9902/9902 9901/9901/9901
f 9903/9903/9903 9901/9901/9901 9904/9904/9904
f 9907/9907/9907 9906/9906/9906 9905/9905/9905
f 9907/9907/9907 9905/9905/9905 9908/9908/9908
f 9911/9911/9911 9910/9910/9910 9909/9909/9909
f 9911/9911/9911 9909/9909/9909 9912/9912/9912
f 9915/9915/9915 9914/9914/9914 9913/9913/9913
f 9915/9915/9915 9913/9913/9913 9916/9916/9916
f 9919/9919/9919 9918/9918/9918 9917/9917/9917
f 9919/9919/9919 9917/9917/9917 9920/9920/9920
f 9923/9923/9923 9922/9922/9922 9921/9921/9921
f 9923/9923/9923 9921/9921/9921 9924/9924/9924
f 9927/9927/9927 9926/9926/9926 9925/9925/9925
f 9927/9927/9927 9925/9925/9925 9928/9928/9928
f 9931/9931/9931 9930/9930/9930 9929/9929/9929
f 9931/9931/9931 9929/9929/9929 9932/9932/9932
f 9935/9935/9935 9934/9934/9934 9933/9933/9933
f 9935/9935/9935 9933/9933/9933 9936/9936/9936
f 9939/9939/9939 9938/9938/9938 9937/9937/9937
f 9939/9939/9939 9937/9937/9937 9940/9940/9940
f 9943/9943/9943 9942/9942/9942 9941/9941/9941
f 9943/9943/9943 9941/9941/9941 9944/9944/9944
f 9947/9947/9947 9946/9946/9946 9945/9945/9945
f 9947/9947/9947 9945/9945/9945 9948/9948/9948
f 9951/9951/9951 9950/9950/9950 9949/9949/9949
f 9951/9951/9951 9949/9949/9949 9952/9952/9952
f 9955/9955/9955 9954/9954/9954 9953/9953/9953
f 9955/9955/9955 9953/9953/9953 9956/9956/9956
f 9959/9959/9959 9958/9958/9958 9957/9957/9957
f 9959/9959/9959 9957/9957/9957 9960/9960/9960
f 9963/9963/9963 9962/9962/9962 9961/9961/9961
f 9963/9963/9963 9961/9961/9961 9964/9964/9964
f 9967/9967/9967 9966/9966/9966 9965/9965/9965
f 9967/9967/9967 9965/9965/9965 9968/9968/9968
f 9971/9971/9971 9970/9970/9970 9969/9969/9969
f 9971/9971/9971 9969/9969/9969 9972/9972/9972
f 9975/9975/9975 9974/9974/9974 9973/9973/9973
f 9975/9975/9975 9973/9973/9973 9976/9976/9976
f 9979/9979/9979 9978/9978/9978 9977/9977/9977
f 9979/9979/9979 9977/9977/9977 9980/9980/9980
f 9983/9983/9983 9982/9982/9982 9981/9981/9981
f 9983/9983/9983 9981/9981/9981 9984/9984/9984
f 9987/9987/9987 9986/9986/9986 9985/9985/9985
f 9987/9987/9987 9985/9985/9985 9988/9988/9988
f 9991/9991/9991 9990/9990/9990 9989/9989/9989
f 9991/9991/9991 9989/9989/9989 9992/9992/9992
f 9995/9995/9995 9994/9994/9994 9993/9993/9993
f 9995/9995/9995 9993/9993/9993 9996/9996/9996
f 9999/9999/9999 9998/9998/9998 9997/9997/9997
f 9999/9999/9999 9997/9997/9997 10000/10000/10000
f 10003/10003/10003 10002/10002/10002 10001/10001/10001
f 10003/10003/10003 10001/10001/10001 10004/10004/10004
f 10007/10007/10007 10006/10006/10006 10005/10005/10005
f 10007/10007/10007 10005/10005/10005 10008/10008/10008
f 10011/10011/10011 10010/10010/10010 10009/10009/10009
f 10011/10011/10011 10009/10009/10009 10012/10012/10012
f 10015/10015/10015 10014/10014/10014 10013/10013/10013
f 10015/10015/10015 10013/10013/10013 10016/10016/10016
f 10019/10019/10019 10018/10018/10018 10017/10017/10017
f 10019/10019/10019 10017/10017/10017 10020/10020/10020
f 10023/10023/10023 10022/10022/10022 10021/10021/10021
f 10023/10023/10023 10021/10021/10021 10024/10024/10024
f 10027/10027/10027 10026/10026/10026 10025/10025/10025
f 10027/10027/10027 10025/10025/10025 10028/10028/10028
f 10031/10031/10031 10030/10030/10030 10029/10029/10029
f 10031/10031/10031 10029/10029/10029 10032/10032/10032
f 10035/10035/10035 10034/10034/10034 10033/10033/10033
f 10035/10035/10035 10033/10033/10033 10036/10036/10036
f 10039/10039/10039 10038/10038/10038 10037/10037/10037
f 10039/10039/10039 10037/10037/10037 10040/10040/10040
f 10043/10043/10043 10042/10042/10042 10041/10041/10041
f 10043/10043/10043 10041/10041/10041 10044/10044/10044
f 10047/10047/10047 10046/10046/10046 10045/10045/10045
f 10047/10047/10047 10045/10045/10045 10048/10048/10048
f 10051/10051/10051 10050/10050/10050 10049/10049/10049
f 10051/10051/10051 10049/10049/10049 10052/10052/10052
f 10055/10055/10055 10054/10054/10054 10053/10053/10053
f 10055/10055/10055 10053/10053/10053 10056/10056/10056
f 10059/10059/10059 10058/10058/10058 10057/10057/10057
f 10059/10059/10059 10057/10057/10057 10060/10060/10060
f 10063/10063/10063 10062/10062/10062 10061/10061/10061
f 10063/10063/10063 10061/10061/10061 10064/10064/10064
f 10067/10067/10067 10066/10066/10066 10065/10065/10065
f 10067/10067/10067 10065/10065/10065 10068/10068/10068
f 10071/10071/10071 10070/10070/10070 10069/10069/10069
f 10071/10071/10071 10069/10069/10069 10072/10072/10072
f 10075/10075/10075 10074/10074/10074 10073/10073/10073
f 10075/10075/10075 10073/10073/10073 10076/10076/10076
f 10079/10079/10079 10078/10078/10078 10077/10077/10077
f 10079/10079/10079 10077/10077/10077 10080/10080/10080
f 10083/10083/10083 10082/10082/10082 10081/10081/10081
f 10083/10083/10083 10081/10081/10081 10084/10084/10084
f 10087/10087/10087 10086/10086/10086 10085/10085/10085
f 10087/10087/10087 10085/10085/10085 10088/10088/10088
f 10091/10091/10091 10090/10090/10090 10089/10089/10089
f 10091/10091/10091 10089/10089/10089 10092/10092/10092
f 10095/10095/10095 10094/10094/10094 10093/10093/10093
f 10095/10095/10095 10093/10093/10093 10096/10096/10096
f 10099/10099/10099 10098/10098/10098 10097/10097/10097
f 10099/10099/10099 10097/10097/10097 10100/10100/10100
f 10103/10103/10103 10102/10102/10102 10101/10101/10101
f 10103/10103/10103 10101/10101/10101 10104/10104/10104
f 10107/10107/10107 10106/10106/10106 10105/10105/10105
f 10107/10107/10107 10105/10105/10105 10108/10108/10108
f 10111/10111/10111 10110/10110/10110 10109/10109/10109
f 10111/10111/10111 10109/10109/10109 10112/10112/10112
f 10115/10115/10115 10114/10114/10114 10113/10113/10113
f 10115/10115/10115 10113/10113/10113 10116/10116/10116
f 10119/10119/10119 10118/10118/10118 10117/10117/10117
f 10119/10119/10119 10117/10117/10117 10120/10120/10120
f 10123/10123/10123 10122/10122/10122 10121/10121/10121
f 10123/10123/10123 10121/10121/10121 10124/10124/10124
f 10127/10127/10127 10126/10126/10126 10125/10125/10125
f 10127/10127/10127 10125/10125/10125 10128/10128/10128
f 10131/10131/10131 10130/10130/10130 10129/10129/10129
f 10131/10131/10131 10129/10129/10129 10132/10132/10132
f 10135/10135/10135 10134/10134/10134 10133/10133/10133
f 10135/10135/10135 10133/10133/10133 10136/10136/10136
f 10139/10139/10139 10138/10138/10138 10137/10137/10137
f 10139/10139/10139 10137/10137/10137 10140/10140/10140
f 10143/10143/10143 10142/10142/10142 10141/10141/10141
f 10143/10143/10143 10141/10141/10141 10144/10144/10144
f 10147/10147/10147 10146/10146/10146 10145/10145/10145
f 10147/10147/10147 10145/10145/10145 10148/10148/10148
f 10151/10151/10151 10150/10150/10150 10149/10149/10149
f 10151/10151/10151 10149/10149/10149 10152/10152/10152
f 10155/10155/10155 10154/10154/10154 10153/10153/10153
f 10155/10155/10155 10153/10153/10153 10156/10156/10156
f 10159/10159/10159 10158/10158/10158 10157/10157/10157
f 10159/10159/10159 10157/10157/10157 10160/10160/10160
f 10163/10163/10163 10162/10162/10162 10161/10161/10161
f 10163/10163/10163 10161/10161/10161 10164/10164/10164
f 10167/10167/10167 10166/10166/10166 10165/10165/10165
f 10167/10167/10167 10165/10165/10165 10168/10168/10168
g default_26
f 10171/10171/10171 10170/10170/10170 10169/10169/10169
f 10171/10171/10171 10169/10169/10169 10172/10172/10172
f 10175/10175/10175 10174/10174/10174 10173/10173/10173
f 10175/10175/10175 10173/10173/10173 10176/10176/10176
f 10179/10179/10179 10178/10178/10178 10177/10177/10177
f 10179/10179/10179 10177/10177/10177 10180/10180/10180
f 10183/10183/10183 10182/10182/10182 10181/10181/10181
f 10183/10183/10183 10181/10181/10181 10184/10184/10184
f 10187/10187/10187 10186/10186/10186 10185/10185/10185
f 10187/10187/10187 10185/10185/10185 10188/10188/10188
f 10191/10191/10191 10190/10190/10190 10189/10189/10189
f 10191/10191/10191 10189/10189/10189 10192/10192/10192
f 10195/10195/10195 10194/10194/10194 10193/10193/10193
f 10195/10195/10195 10193/10193/10193 10196/10196/10196
f 10199/10199/10199 10198/10198/10198 10197/10197/10197
f 10199/10199/10199 10200/10200/10200 10198/10198/10198
f 10198/10198/10198 10200/10200/10200 10201/10201/10201
f 10198/10198/10198 10201/10201/10201 10202/10202/10202
f 10205/10205/10205 10204/10204/10204 10203/10203/10203
f 10205/10205/10205 10203/10203/10203 10206/10206/10206
f 10209/10209/10209 10208/10208/10208 10207/10207/10207
f 10209/10209/10209 10207/10207/10207 10210/10210/10210
f 10210/10210/10210 10212/10212/10212 10211/10211/10211
f 10210/10210/10210 10211/10211/10211 10213/10213/10213
f 10216/10216/10216 10215/10215/10215 10214/10214/10214
f 10216/10216/10216 10214/10214/10214 10217/10217/10217
f 10219/10219/10219 10214/10214/10214 10218/10218/10218
f 10219/10219/10219 10218/10218/10218 10220/10220/10220
f 10223/10223/10223 10222/10222/10222 10221/10221/10221
f 10223/10223/10223 10221/10221/10221 10224/10224/10224
f 10227/10227/10227 10226/10226/10226 10225/10225/10225
f 10227/10227/10227 10225/10225/10225 10228/10228/10228
f 10231/10231/10231 10230/10230/10230 10229/10229/10229
f 10231/10231/10231 10229/10229/10229 10232/10232/10232
f 10235/10235/10235 10234/10234/10234 10233/10233/10233
f 10235/10235/10235 10233/10233/10233 10236/10236/10236
f 10239/10239/10239 10238/10238/10238 10237/10237/10237
f 10239/10239/10239 10237/10237/10237 10240/10240/10240
f 10243/10243/10243 10242/10242/10242 10241/10241/10241
f 10243/10243/10243 10241/10241/10241 10244/10244/10244
f 10247/10247/10247 10246/10246/10246 10245/10245/10245
f 10247/10247/10247 10245/10245/10245 10248/10248/10248
f 10251/10251/10251 10250/10250/10250 10249/10249/10249
f 10251/10251/10251 10249/10249/10249 10252/10252/10252
f 10255/10255/10255 10254/10254/10254 10253/10253/10253
f 10255/10255/10255 10253/10253/10253 10256/10256/10256
f 10259/10259/10259 10258/10258/10258 10257/10257/10257
f 10259/10259/10259 10257/10257/10257 10260/10260/10260
f 10263/10263/10263 10262/10262/10262 10261/10261/10261
f 10263/10263/10263 10261/10261/10261 10264/10264/10264
f 10267/10267/10267 10266/10266/10266 10265/10265/10265
f 10267/10267/10267 10268/10268/10268 10266/10266/10266
f 10266/10266/10266 10268/10268/10268 10269/10269/10269
f 10266/10266/10266 10269/10269/10269 10270/10270/10270
f 10273/10273/10273 10272/10272/10272 10271/10271/10271
f 10273/10273/10273 10271/10271/10271 10274/10274/10274
f 10277/10277/10277 10276/10276/10276 10275/10275/10275
f 10277/10277/10277 10275/10275/10275 10278/10278/10278
f 10278/10278/10278 10280/10280/10280 10279/10279/10279
f 10278/10278/10278 10279/10279/10279 10281/10281/10281
f 10284/10284/10284 10283/10283/10283 10282/10282/10282
f 10284/10284/10284 10282/10282/10282 10285/10285/10285
f 10287/10287/10287 10282/10282/10282 10286/10286/10286
f 10287/10287/10287 10286/10286/10286 10288/10288/10288
f 10291/10291/10291 10290/10290/10290 10289/10289/10289
f 10291/10291/10291 10289/10289/10289 10292/10292/10292
f 10295/10295/10295 10294/10294/10294 10293/10293/10293
f 10295/10295/10295 10293/10293/10293 10296/10296/10296
f 10299/10299/10299 10298/10298/10298 10297/10297/10297
f 10299/10299/10299 10297/10297/10297 10300/10300/10300
f 10303/10303/10303 10302/10302/10302 10301/10301/10301
f 10303/10303/10303 10301/10301/10301 10304/10304/10304
f 10307/10307/10307 10306/10306/10306 10305/10305/10305
f 10307/10307/10307 10305/10305/10305 10308/10308/10308
f 10311/10311/10311 10310/10310/10310 10309/10309/10309
f 10311/10311/10311 10309/10309/10309 10312/10312/10312
f 10315/10315/10315 10314/10314/10314 10313/10313/10313
f 10315/10315/10315 10313/10313/10313 10316/10316/10316
f 10319/10319/10319 10318/10318/10318 10317/10317/10317
f 10319/10319/10319 10317/10317/10317 10320/10320/10320
f 10323/10323/10323 10322/10322/10322 10321/10321/10321
f 10323/10323/10323 10321/10321/10321 10324/10324/10324
f 10327/10327/10327 10326/10326/10326 10325/10325/10325
f 10327/10327/10327 10325/10325/10325 10328/10328/10328
g default_27
f 10331/10331/10331 10330/10330/10330 10329/10329/10329
f 10331/10331/10331 10329/10329/10329 10332/10332/10332
f 10335/10335/10335 10334/10334/10334 10333/10333/10333
f 10335/10335/10335 10333/10333/10333 10336/10336/10336
f 10339/10339/10339 10338/10338/10338 10337/10337/10337
f 10339/10339/10339 10337/10337/10337 10340/10340/10340
f 10343/10343/10343 10342/10342/10342 10341/10341/10341
f 10343/10343/10343 10341/10341/10341 10344/10344/10344
f 10347/10347/10347 10346/10346/10346 10345/10345/10345
f 10347/10347/10347 10345/10345/10345 10348/10348/10348
f 10351/10351/10351 10350/10350/10350 10349/10349/10349
f 10351/10351/10351 10349/10349/10349 10352/10352/10352
f 10355/10355/10355 10354/10354/10354 10353/10353/10353
f 10355/10355/10355 10353/10353/10353 10356/10356/10356
f 10359/10359/10359 10358/10358/10358 10357/10357/10357
f 10359/10359/10359 10357/10357/10357 10360/10360/10360
f 10363/10363/10363 10362/10362/10362 10361/10361/10361
f 10363/10363/10363 10361/10361/10361 10364/10364/10364
f 10367/10367/10367 10366/10366/10366 10365/10365/10365
f 10367/10367/10367 10365/10365/10365 10368/10368/10368
f 10371/10371/10371 10370/10370/10370 10369/10369/10369
f 10371/10371/10371 10369/10369/10369 10372/10372/10372
f 10375/10375/10375 10374/10374/10374 10373/10373/10373
f 10375/10375/10375 10373/10373/10373 10376/10376/10376
g default_28
f 10379/10379/10379 10378/10378/10378 10377/10377/10377
f 10379/10379/10379 10377/10377/10377 10380/10380/10380
f 10383/10383/10383 10382/10382/10382 10381/10381/10381
f 10383/10383/10383 10381/10381/10381 10384/10384/10384
f 10387/10387/10387 10386/10386/10386 10385/10385/10385
f 10387/10387/10387 10385/10385/10385 10388/10388/10388
f 10391/10391/10391 10390/10390/10390 10389/10389/10389
f 10391/10391/10391 10389/10389/10389 10392/10392/10392
f 10395/10395/10395 10394/10394/10394 10393/10393/10393
f 10395/10395/10395 10393/10393/10393 10396/10396/10396
f 10399/10399/10399 10398/10398/10398 10397/10397/10397
f 10399/10399/10399 10397/10397/10397 10400/10400/10400
f 10403/10403/10403 10402/10402/10402 10401/10401/10401
f 10403/10403/10403 10401/10401/10401 10404/10404/10404
f 10407/10407/10407 10406/10406/10406 10405/10405/10405
f 10407/10407/10407 10405/10405/10405 10408/10408/10408
f 10411/10411/10411 10410/10410/10410 10409/10409/10409
f 10411/10411/10411 10409/10409/10409 10412/10412/10412
f 10415/10415/10415 10414/10414/10414 10413/10413/10413
f 10415/10415/10415 10413/10413/10413 10416/10416/10416
f 10419/10419/10419 10418/10418/10418 10417/10417/10417
f 10419/10419/10419 10417/10417/10417 10420/10420/10420
f 10423/10423/10423 10422/10422/10422 10421/10421/10421
f 10423/10423/10423 10421/10421/10421 10424/10424/10424
f 10427/10427/10427 10426/10426/10426 10425/10425/10425
f 10427/10427/10427 10425/10425/10425 10428/10428/10428
f 10431/10431/10431 10430/10430/10430 10429/10429/10429
f 10431/10431/10431 10429/10429/10429 10432/10432/10432
f 10435/10435/10435 10434/10434/10434 10433/10433/10433
f 10435/10435/10435 10433/10433/10433 10436/10436/10436
