g Furniture_006
v -2.750353 9.727478E-05 1.360347
v -2.750353 9.727478E-05 0.1091061
v -2.750353 3.49986 0.1091061
v -2.750353 3.49986 1.360347
v -2.750353 9.727478E-05 1.428993
v -2.750353 3.49986 1.428993
v -2.750353 9.727478E-05 0.1091061
v -1.750421 9.727478E-05 0.1091061
v -1.750421 3.49986 0.1091061
v -2.750353 3.49986 0.1091061
v -1.750421 9.727478E-05 1.360347
v -1.750421 9.727478E-05 1.428993
v -1.750421 3.49986 1.428993
v -1.750421 3.49986 1.360347
v -1.750421 9.727478E-05 0.1091061
v -1.750421 3.49986 0.1091061
v -1.750421 3.49986 1.360347
v -1.750421 3.49986 1.428993
v -2.750353 3.49986 1.428993
v -2.750353 3.49986 1.360347
v -1.750421 3.49986 0.1091061
v -2.750353 3.49986 0.1091061
v -1.750421 9.727478E-05 3.67781
v -1.750421 9.727478E-05 4.92905
v -1.750421 3.49986 4.92905
v -1.750421 3.49986 3.67781
v -1.750421 9.727478E-05 3.608869
v -1.750421 3.49986 3.608869
v -1.750421 9.727478E-05 4.92905
v -2.750353 9.727478E-05 4.92905
v -2.750353 3.49986 4.92905
v -1.750421 3.49986 4.92905
v -2.750353 9.727478E-05 3.67781
v -2.750353 9.727478E-05 3.608869
v -2.750353 3.49986 3.608869
v -2.750353 3.49986 3.67781
v -2.750353 9.727478E-05 4.92905
v -2.750353 3.49986 4.92905
v -2.750353 3.49986 3.67781
v -2.750353 3.49986 3.608869
v -1.750421 3.49986 3.608869
v -1.750421 3.49986 3.67781
v -2.750353 3.49986 4.92905
v -1.750421 3.49986 4.92905
v -4.050501 9.727478E-05 1.360347
v -4.050501 9.727478E-05 0.1091061
v -4.050501 3.49986 0.1091061
v -4.050501 3.49986 1.360347
v -4.050501 9.727478E-05 1.428993
v -4.050501 3.49986 1.428993
v -4.050501 9.727478E-05 0.1091061
v -3.050569 9.727478E-05 0.1091061
v -3.050569 3.49986 0.1091061
v -4.050501 3.49986 0.1091061
v -3.050569 9.727478E-05 1.360347
v -3.050569 9.727478E-05 1.428993
v -3.050569 3.49986 1.428993
v -3.050569 3.49986 1.360347
v -3.050569 9.727478E-05 0.1091061
v -3.050569 3.49986 0.1091061
v -3.050569 3.49986 1.360347
v -3.050569 3.49986 1.428993
v -4.050501 3.49986 1.428993
v -4.050501 3.49986 1.360347
v -3.050569 3.49986 0.1091061
v -4.050501 3.49986 0.1091061
v -3.050569 9.727478E-05 3.67781
v -3.050569 9.727478E-05 4.92905
v -3.050569 3.49986 4.92905
v -3.050569 3.49986 3.67781
v -3.050569 9.727478E-05 3.608869
v -3.050569 3.49986 3.608869
v -3.050569 9.727478E-05 4.92905
v -4.050501 9.727478E-05 4.92905
v -4.050501 3.49986 4.92905
v -3.050569 3.49986 4.92905
v -4.050501 9.727478E-05 3.67781
v -4.050501 9.727478E-05 3.608869
v -4.050501 3.49986 3.608869
v -4.050501 3.49986 3.67781
v -4.050501 9.727478E-05 4.92905
v -4.050501 3.49986 4.92905
v -4.050501 3.49986 3.67781
v -4.050501 3.49986 3.608869
v -3.050569 3.49986 3.608869
v -3.050569 3.49986 3.67781
v -4.050501 3.49986 4.92905
v -3.050569 3.49986 4.92905
v -5.350353 9.727478E-05 1.360347
v -5.350353 9.727478E-05 0.1091061
v -5.350353 3.49986 0.1091061
v -5.350353 3.49986 1.360347
v -5.350353 9.727478E-05 1.428993
v -5.350353 3.49986 1.428993
v -5.350353 9.727478E-05 0.1091061
v -4.350421 9.727478E-05 0.1091061
v -4.350421 3.49986 0.1091061
v -5.350353 3.49986 0.1091061
v -4.350421 9.727478E-05 1.360347
v -4.350421 9.727478E-05 1.428993
v -4.350421 3.49986 1.428993
v -4.350421 3.49986 1.360347
v -4.350421 9.727478E-05 0.1091061
v -4.350421 3.49986 0.1091061
v -4.350421 3.49986 1.360347
v -4.350421 3.49986 1.428993
v -5.350353 3.49986 1.428993
v -5.350353 3.49986 1.360347
v -4.350421 3.49986 0.1091061
v -5.350353 3.49986 0.1091061
v -4.350421 9.727478E-05 3.67781
v -4.350421 9.727478E-05 4.92905
v -4.350421 3.49986 4.92905
v -4.350421 3.49986 3.67781
v -4.350421 9.727478E-05 3.608869
v -4.350421 3.49986 3.608869
v -4.350421 9.727478E-05 4.92905
v -5.350353 9.727478E-05 4.92905
v -5.350353 3.49986 4.92905
v -4.350421 3.49986 4.92905
v -5.350353 9.727478E-05 3.67781
v -5.350353 9.727478E-05 3.608869
v -5.350353 3.49986 3.608869
v -5.350353 3.49986 3.67781
v -5.350353 9.727478E-05 4.92905
v -5.350353 3.49986 4.92905
v -5.350353 3.49986 3.67781
v -5.350353 3.49986 3.608869
v -4.350421 3.49986 3.608869
v -4.350421 3.49986 3.67781
v -5.350353 3.49986 4.92905
v -4.350421 3.49986 4.92905
v 5.249399 9.727478E-05 1.360347
v 5.249399 9.727478E-05 0.1091061
v 5.249399 3.49986 0.1091061
v 5.249399 3.49986 1.360347
v 5.249399 9.727478E-05 1.428993
v 5.249399 3.49986 1.428993
v 5.249399 9.727478E-05 0.1091061
v 6.249626 9.727478E-05 0.1091061
v 6.249626 3.49986 0.1091061
v 5.249399 3.49986 0.1091061
v 6.249626 9.727478E-05 1.360347
v 6.249626 9.727478E-05 1.428993
v 6.249626 3.49986 1.428993
v 6.249626 3.49986 1.360347
v 6.249626 9.727478E-05 0.1091061
v 6.249626 3.49986 0.1091061
v 6.249626 3.49986 1.360347
v 6.249626 3.49986 1.428993
v 5.249399 3.49986 1.428993
v 5.249399 3.49986 1.360347
v 6.249626 3.49986 0.1091061
v 5.249399 3.49986 0.1091061
v 6.249626 9.727478E-05 3.67781
v 6.249626 9.727478E-05 4.92905
v 6.249626 3.49986 4.92905
v 6.249626 3.49986 3.67781
v 6.249626 9.727478E-05 3.608869
v 6.249626 3.49986 3.608869
v 6.249626 9.727478E-05 4.92905
v 5.249399 9.727478E-05 4.92905
v 5.249399 3.49986 4.92905
v 6.249626 3.49986 4.92905
v 5.249399 9.727478E-05 3.67781
v 5.249399 9.727478E-05 3.608869
v 5.249399 3.49986 3.608869
v 5.249399 3.49986 3.67781
v 5.249399 9.727478E-05 4.92905
v 5.249399 3.49986 4.92905
v 5.249399 3.49986 3.67781
v 5.249399 3.49986 3.608869
v 6.249626 3.49986 3.608869
v 6.249626 3.49986 3.67781
v 5.249399 3.49986 4.92905
v 6.249626 3.49986 4.92905
v 3.949546 9.727478E-05 1.360347
v 3.949546 9.727478E-05 0.1091061
v 3.949546 3.49986 0.1091061
v 3.949546 3.49986 1.360347
v 3.949546 9.727478E-05 1.428993
v 3.949546 3.49986 1.428993
v 3.949546 9.727478E-05 0.1091061
v 4.949478 9.727478E-05 0.1091061
v 4.949478 3.49986 0.1091061
v 3.949546 3.49986 0.1091061
v 4.949478 9.727478E-05 1.360347
v 4.949478 9.727478E-05 1.428993
v 4.949478 3.49986 1.428993
v 4.949478 3.49986 1.360347
v 4.949478 9.727478E-05 0.1091061
v 4.949478 3.49986 0.1091061
v 4.949478 3.49986 1.360347
v 4.949478 3.49986 1.428993
v 3.949546 3.49986 1.428993
v 3.949546 3.49986 1.360347
v 4.949478 3.49986 0.1091061
v 3.949546 3.49986 0.1091061
v 4.949478 9.727478E-05 3.67781
v 4.949478 9.727478E-05 4.92905
v 4.949478 3.49986 4.92905
v 4.949478 3.49986 3.67781
v 4.949478 9.727478E-05 3.608869
v 4.949478 3.49986 3.608869
v 4.949478 9.727478E-05 4.92905
v 3.949546 9.727478E-05 4.92905
v 3.949546 3.49986 4.92905
v 4.949478 3.49986 4.92905
v 3.949546 9.727478E-05 3.67781
v 3.949546 9.727478E-05 3.608869
v 3.949546 3.49986 3.608869
v 3.949546 3.49986 3.67781
v 3.949546 9.727478E-05 4.92905
v 3.949546 3.49986 4.92905
v 3.949546 3.49986 3.67781
v 3.949546 3.49986 3.608869
v 4.949478 3.49986 3.608869
v 4.949478 3.49986 3.67781
v 3.949546 3.49986 4.92905
v 4.949478 3.49986 4.92905
v 2.649398 9.727478E-05 1.360347
v 2.649398 9.727478E-05 0.1091061
v 2.649398 3.49986 0.1091061
v 2.649398 3.49986 1.360347
v 2.649398 9.727478E-05 1.428993
v 2.649398 3.49986 1.428993
v 2.649398 9.727478E-05 0.1091061
v 3.649625 9.727478E-05 0.1091061
v 3.649625 3.49986 0.1091061
v 2.649398 3.49986 0.1091061
v 3.649625 9.727478E-05 1.360347
v 3.649625 9.727478E-05 1.428993
v 3.649625 3.49986 1.428993
v 3.649625 3.49986 1.360347
v 3.649625 9.727478E-05 0.1091061
v 3.649625 3.49986 0.1091061
v 3.649625 3.49986 1.360347
v 3.649625 3.49986 1.428993
v 2.649398 3.49986 1.428993
v 2.649398 3.49986 1.360347
v 3.649625 3.49986 0.1091061
v 2.649398 3.49986 0.1091061
v 3.649625 9.727478E-05 3.67781
v 3.649625 9.727478E-05 4.92905
v 3.649625 3.49986 4.92905
v 3.649625 3.49986 3.67781
v 3.649625 9.727478E-05 3.608869
v 3.649625 3.49986 3.608869
v 3.649625 9.727478E-05 4.92905
v 2.649398 9.727478E-05 4.92905
v 2.649398 3.49986 4.92905
v 3.649625 3.49986 4.92905
v 2.649398 9.727478E-05 3.67781
v 2.649398 9.727478E-05 3.608869
v 2.649398 3.49986 3.608869
v 2.649398 3.49986 3.67781
v 2.649398 9.727478E-05 4.92905
v 2.649398 3.49986 4.92905
v 2.649398 3.49986 3.67781
v 2.649398 3.49986 3.608869
v 3.649625 3.49986 3.608869
v 3.649625 3.49986 3.67781
v 2.649398 3.49986 4.92905
v 3.649625 3.49986 4.92905
v -2.750353 -7.999949 6.360303
v -2.750353 -7.999949 5.109061
v -2.750353 -4.499892 5.109061
v -2.750353 -4.499892 6.360303
v -2.750353 -7.999949 6.429243
v -2.750353 -4.499892 6.429243
v -2.750353 -7.999949 5.109061
v -1.750421 -7.999949 5.109061
v -1.750421 -4.499892 5.109061
v -2.750353 -4.499892 5.109061
v -1.750421 -7.999949 6.360303
v -1.750421 -7.999949 6.429243
v -1.750421 -4.499892 6.429243
v -1.750421 -4.499892 6.360303
v -1.750421 -7.999949 5.109061
v -1.750421 -4.499892 5.109061
v -1.750421 -4.499892 6.360303
v -1.750421 -4.499892 6.429243
v -2.750353 -4.499892 6.429243
v -2.750353 -4.499892 6.360303
v -1.750421 -4.499892 5.109061
v -2.750353 -4.499892 5.109061
v -1.750421 -7.999949 8.677765
v -1.750421 -7.999949 9.929007
v -1.750421 -4.499892 9.929007
v -1.750421 -4.499892 8.677765
v -1.750421 -7.999949 8.609119
v -1.750421 -4.499892 8.609119
v -1.750421 -7.999949 9.929007
v -2.750353 -7.999949 9.929007
v -2.750353 -4.499892 9.929007
v -1.750421 -4.499892 9.929007
v -2.750353 -7.999949 8.677765
v -2.750353 -7.999949 8.609119
v -2.750353 -4.499892 8.609119
v -2.750353 -4.499892 8.677765
v -2.750353 -7.999949 9.929007
v -2.750353 -4.499892 9.929007
v -2.750353 -4.499892 8.677765
v -2.750353 -4.499892 8.609119
v -1.750421 -4.499892 8.609119
v -1.750421 -4.499892 8.677765
v -2.750353 -4.499892 9.929007
v -1.750421 -4.499892 9.929007
v -4.050501 -7.999949 6.360303
v -4.050501 -7.999949 5.109061
v -4.050501 -4.499892 5.109061
v -4.050501 -4.499892 6.360303
v -4.050501 -7.999949 6.429243
v -4.050501 -4.499892 6.429243
v -4.050501 -7.999949 5.109061
v -3.050569 -7.999949 5.109061
v -3.050569 -4.499892 5.109061
v -4.050501 -4.499892 5.109061
v -3.050569 -7.999949 6.360303
v -3.050569 -7.999949 6.429243
v -3.050569 -4.499892 6.429243
v -3.050569 -4.499892 6.360303
v -3.050569 -7.999949 5.109061
v -3.050569 -4.499892 5.109061
v -3.050569 -4.499892 6.360303
v -3.050569 -4.499892 6.429243
v -4.050501 -4.499892 6.429243
v -4.050501 -4.499892 6.360303
v -3.050569 -4.499892 5.109061
v -4.050501 -4.499892 5.109061
v -3.050569 -7.999949 8.677765
v -3.050569 -7.999949 9.929007
v -3.050569 -4.499892 9.929007
v -3.050569 -4.499892 8.677765
v -3.050569 -7.999949 8.609119
v -3.050569 -4.499892 8.609119
v -3.050569 -7.999949 9.929007
v -4.050501 -7.999949 9.929007
v -4.050501 -4.499892 9.929007
v -3.050569 -4.499892 9.929007
v -4.050501 -7.999949 8.677765
v -4.050501 -7.999949 8.609119
v -4.050501 -4.499892 8.609119
v -4.050501 -4.499892 8.677765
v -4.050501 -7.999949 9.929007
v -4.050501 -4.499892 9.929007
v -4.050501 -4.499892 8.677765
v -4.050501 -4.499892 8.609119
v -3.050569 -4.499892 8.609119
v -3.050569 -4.499892 8.677765
v -4.050501 -4.499892 9.929007
v -3.050569 -4.499892 9.929007
v -5.350353 -7.999949 6.360303
v -5.350353 -7.999949 5.109061
v -5.350353 -4.499892 5.109061
v -5.350353 -4.499892 6.360303
v -5.350353 -7.999949 6.429243
v -5.350353 -4.499892 6.429243
v -5.350353 -7.999949 5.109061
v -4.350421 -7.999949 5.109061
v -4.350421 -4.499892 5.109061
v -5.350353 -4.499892 5.109061
v -4.350421 -7.999949 6.360303
v -4.350421 -7.999949 6.429243
v -4.350421 -4.499892 6.429243
v -4.350421 -4.499892 6.360303
v -4.350421 -7.999949 5.109061
v -4.350421 -4.499892 5.109061
v -4.350421 -4.499892 6.360303
v -4.350421 -4.499892 6.429243
v -5.350353 -4.499892 6.429243
v -5.350353 -4.499892 6.360303
v -4.350421 -4.499892 5.109061
v -5.350353 -4.499892 5.109061
v -4.350421 -7.999949 8.677765
v -4.350421 -7.999949 9.929007
v -4.350421 -4.499892 9.929007
v -4.350421 -4.499892 8.677765
v -4.350421 -7.999949 8.609119
v -4.350421 -4.499892 8.609119
v -4.350421 -7.999949 9.929007
v -5.350353 -7.999949 9.929007
v -5.350353 -4.499892 9.929007
v -4.350421 -4.499892 9.929007
v -5.350353 -7.999949 8.677765
v -5.350353 -7.999949 8.609119
v -5.350353 -4.499892 8.609119
v -5.350353 -4.499892 8.677765
v -5.350353 -7.999949 9.929007
v -5.350353 -4.499892 9.929007
v -5.350353 -4.499892 8.677765
v -5.350353 -4.499892 8.609119
v -4.350421 -4.499892 8.609119
v -4.350421 -4.499892 8.677765
v -5.350353 -4.499892 9.929007
v -4.350421 -4.499892 9.929007
v -2.750353 -7.999949 1.360347
v -2.750353 -7.999949 0.1091061
v -2.750353 -4.499892 0.1091061
v -2.750353 -4.499892 1.360347
v -2.750353 -7.999949 1.428993
v -2.750353 -4.499892 1.428993
v -2.750353 -7.999949 0.1091061
v -1.750421 -7.999949 0.1091061
v -1.750421 -4.499892 0.1091061
v -2.750353 -4.499892 0.1091061
v -1.750421 -7.999949 1.360347
v -1.750421 -7.999949 1.428993
v -1.750421 -4.499892 1.428993
v -1.750421 -4.499892 1.360347
v -1.750421 -7.999949 0.1091061
v -1.750421 -4.499892 0.1091061
v -1.750421 -4.499892 1.360347
v -1.750421 -4.499892 1.428993
v -2.750353 -4.499892 1.428993
v -2.750353 -4.499892 1.360347
v -1.750421 -4.499892 0.1091061
v -2.750353 -4.499892 0.1091061
v -1.750421 -7.999949 3.67781
v -1.750421 -7.999949 4.92905
v -1.750421 -4.499892 4.92905
v -1.750421 -4.499892 3.67781
v -1.750421 -7.999949 3.608869
v -1.750421 -4.499892 3.608869
v -1.750421 -7.999949 4.92905
v -2.750353 -7.999949 4.92905
v -2.750353 -4.499892 4.92905
v -1.750421 -4.499892 4.92905
v -2.750353 -7.999949 3.67781
v -2.750353 -7.999949 3.608869
v -2.750353 -4.499892 3.608869
v -2.750353 -4.499892 3.67781
v -2.750353 -7.999949 4.92905
v -2.750353 -4.499892 4.92905
v -2.750353 -4.499892 3.67781
v -2.750353 -4.499892 3.608869
v -1.750421 -4.499892 3.608869
v -1.750421 -4.499892 3.67781
v -2.750353 -4.499892 4.92905
v -1.750421 -4.499892 4.92905
v -4.050501 -7.999949 1.360347
v -4.050501 -7.999949 0.1091061
v -4.050501 -4.499892 0.1091061
v -4.050501 -4.499892 1.360347
v -4.050501 -7.999949 1.428993
v -4.050501 -4.499892 1.428993
v -4.050501 -7.999949 0.1091061
v -3.050569 -7.999949 0.1091061
v -3.050569 -4.499892 0.1091061
v -4.050501 -4.499892 0.1091061
v -3.050569 -7.999949 1.360347
v -3.050569 -7.999949 1.428993
v -3.050569 -4.499892 1.428993
v -3.050569 -4.499892 1.360347
v -3.050569 -7.999949 0.1091061
v -3.050569 -4.499892 0.1091061
v -3.050569 -4.499892 1.360347
v -3.050569 -4.499892 1.428993
v -4.050501 -4.499892 1.428993
v -4.050501 -4.499892 1.360347
v -3.050569 -4.499892 0.1091061
v -4.050501 -4.499892 0.1091061
v -3.050569 -7.999949 3.67781
v -3.050569 -7.999949 4.92905
v -3.050569 -4.499892 4.92905
v -3.050569 -4.499892 3.67781
v -3.050569 -7.999949 3.608869
v -3.050569 -4.499892 3.608869
v -3.050569 -7.999949 4.92905
v -4.050501 -7.999949 4.92905
v -4.050501 -4.499892 4.92905
v -3.050569 -4.499892 4.92905
v -4.050501 -7.999949 3.67781
v -4.050501 -7.999949 3.608869
v -4.050501 -4.499892 3.608869
v -4.050501 -4.499892 3.67781
v -4.050501 -7.999949 4.92905
v -4.050501 -4.499892 4.92905
v -4.050501 -4.499892 3.67781
v -4.050501 -4.499892 3.608869
v -3.050569 -4.499892 3.608869
v -3.050569 -4.499892 3.67781
v -4.050501 -4.499892 4.92905
v -3.050569 -4.499892 4.92905
v -5.350353 -7.999949 1.360347
v -5.350353 -7.999949 0.1091061
v -5.350353 -4.499892 0.1091061
v -5.350353 -4.499892 1.360347
v -5.350353 -7.999949 1.428993
v -5.350353 -4.499892 1.428993
v -5.350353 -7.999949 0.1091061
v -4.350421 -7.999949 0.1091061
v -4.350421 -4.499892 0.1091061
v -5.350353 -4.499892 0.1091061
v -4.350421 -7.999949 1.360347
v -4.350421 -7.999949 1.428993
v -4.350421 -4.499892 1.428993
v -4.350421 -4.499892 1.360347
v -4.350421 -7.999949 0.1091061
v -4.350421 -4.499892 0.1091061
v -4.350421 -4.499892 1.360347
v -4.350421 -4.499892 1.428993
v -5.350353 -4.499892 1.428993
v -5.350353 -4.499892 1.360347
v -4.350421 -4.499892 0.1091061
v -5.350353 -4.499892 0.1091061
v -4.350421 -7.999949 3.67781
v -4.350421 -7.999949 4.92905
v -4.350421 -4.499892 4.92905
v -4.350421 -4.499892 3.67781
v -4.350421 -7.999949 3.608869
v -4.350421 -4.499892 3.608869
v -4.350421 -7.999949 4.92905
v -5.350353 -7.999949 4.92905
v -5.350353 -4.499892 4.92905
v -4.350421 -4.499892 4.92905
v -5.350353 -7.999949 3.67781
v -5.350353 -7.999949 3.608869
v -5.350353 -4.499892 3.608869
v -5.350353 -4.499892 3.67781
v -5.350353 -7.999949 4.92905
v -5.350353 -4.499892 4.92905
v -5.350353 -4.499892 3.67781
v -5.350353 -4.499892 3.608869
v -4.350421 -4.499892 3.608869
v -4.350421 -4.499892 3.67781
v -5.350353 -4.499892 4.92905
v -4.350421 -4.499892 4.92905
v 8.324912 -7.999949 6.360303
v 8.324912 -7.999949 5.109061
v 8.324912 -4.499892 5.109061
v 8.324912 -4.499892 6.360303
v 8.324912 -7.999949 6.429243
v 8.324912 -4.499892 6.429243
v 8.324912 -7.999949 5.109061
v 9.325139 -7.999949 5.109061
v 9.325139 -4.499892 5.109061
v 8.324912 -4.499892 5.109061
v 9.325139 -7.999949 6.360303
v 9.325139 -7.999949 6.429243
v 9.325139 -4.499892 6.429243
v 9.325139 -4.499892 6.360303
v 9.325139 -7.999949 5.109061
v 9.325139 -4.499892 5.109061
v 9.325139 -4.499892 6.360303
v 9.325139 -4.499892 6.429243
v 8.324912 -4.499892 6.429243
v 8.324912 -4.499892 6.360303
v 9.325139 -4.499892 5.109061
v 8.324912 -4.499892 5.109061
v 9.325139 -7.999949 8.677765
v 9.325139 -7.999949 9.929007
v 9.325139 -4.499892 9.929007
v 9.325139 -4.499892 8.677765
v 9.325139 -7.999949 8.609119
v 9.325139 -4.499892 8.609119
v 9.325139 -7.999949 9.929007
v 8.324912 -7.999949 9.929007
v 8.324912 -4.499892 9.929007
v 9.325139 -4.499892 9.929007
v 8.324912 -7.999949 8.677765
v 8.324912 -7.999949 8.609119
v 8.324912 -4.499892 8.609119
v 8.324912 -4.499892 8.677765
v 8.324912 -7.999949 9.929007
v 8.324912 -4.499892 9.929007
v 8.324912 -4.499892 8.677765
v 8.324912 -4.499892 8.609119
v 9.325139 -4.499892 8.609119
v 9.325139 -4.499892 8.677765
v 8.324912 -4.499892 9.929007
v 9.325139 -4.499892 9.929007
v 7.025059 -7.999949 6.360303
v 7.025059 -7.999949 5.109061
v 7.025059 -4.499892 5.109061
v 7.025059 -4.499892 6.360303
v 7.025059 -7.999949 6.429243
v 7.025059 -4.499892 6.429243
v 7.025059 -7.999949 5.109061
v 8.024992 -7.999949 5.109061
v 8.024992 -4.499892 5.109061
v 7.025059 -4.499892 5.109061
v 8.024992 -7.999949 6.360303
v 8.024992 -7.999949 6.429243
v 8.024992 -4.499892 6.429243
v 8.024992 -4.499892 6.360303
v 8.024992 -7.999949 5.109061
v 8.024992 -4.499892 5.109061
v 8.024992 -4.499892 6.360303
v 8.024992 -4.499892 6.429243
v 7.025059 -4.499892 6.429243
v 7.025059 -4.499892 6.360303
v 8.024992 -4.499892 5.109061
v 7.025059 -4.499892 5.109061
v 8.024992 -7.999949 8.677765
v 8.024992 -7.999949 9.929007
v 8.024992 -4.499892 9.929007
v 8.024992 -4.499892 8.677765
v 8.024992 -7.999949 8.609119
v 8.024992 -4.499892 8.609119
v 8.024992 -7.999949 9.929007
v 7.025059 -7.999949 9.929007
v 7.025059 -4.499892 9.929007
v 8.024992 -4.499892 9.929007
v 7.025059 -7.999949 8.677765
v 7.025059 -7.999949 8.609119
v 7.025059 -4.499892 8.609119
v 7.025059 -4.499892 8.677765
v 7.025059 -7.999949 9.929007
v 7.025059 -4.499892 9.929007
v 7.025059 -4.499892 8.677765
v 7.025059 -4.499892 8.609119
v 8.024992 -4.499892 8.609119
v 8.024992 -4.499892 8.677765
v 7.025059 -4.499892 9.929007
v 8.024992 -4.499892 9.929007
v 5.724912 -7.999949 6.360303
v 5.724912 -7.999949 5.109061
v 5.724912 -4.499892 5.109061
v 5.724912 -4.499892 6.360303
v 5.724912 -7.999949 6.429243
v 5.724912 -4.499892 6.429243
v 5.724912 -7.999949 5.109061
v 6.725139 -7.999949 5.109061
v 6.725139 -4.499892 5.109061
v 5.724912 -4.499892 5.109061
v 6.725139 -7.999949 6.360303
v 6.725139 -7.999949 6.429243
v 6.725139 -4.499892 6.429243
v 6.725139 -4.499892 6.360303
v 6.725139 -7.999949 5.109061
v 6.725139 -4.499892 5.109061
v 6.725139 -4.499892 6.360303
v 6.725139 -4.499892 6.429243
v 5.724912 -4.499892 6.429243
v 5.724912 -4.499892 6.360303
v 6.725139 -4.499892 5.109061
v 5.724912 -4.499892 5.109061
v 6.725139 -7.999949 8.677765
v 6.725139 -7.999949 9.929007
v 6.725139 -4.499892 9.929007
v 6.725139 -4.499892 8.677765
v 6.725139 -7.999949 8.609119
v 6.725139 -4.499892 8.609119
v 6.725139 -7.999949 9.929007
v 5.724912 -7.999949 9.929007
v 5.724912 -4.499892 9.929007
v 6.725139 -4.499892 9.929007
v 5.724912 -7.999949 8.677765
v 5.724912 -7.999949 8.609119
v 5.724912 -4.499892 8.609119
v 5.724912 -4.499892 8.677765
v 5.724912 -7.999949 9.929007
v 5.724912 -4.499892 9.929007
v 5.724912 -4.499892 8.677765
v 5.724912 -4.499892 8.609119
v 6.725139 -4.499892 8.609119
v 6.725139 -4.499892 8.677765
v 5.724912 -4.499892 9.929007
v 6.725139 -4.499892 9.929007
v 8.324912 -7.999949 1.360347
v 8.324912 -7.999949 0.1091061
v 8.324912 -4.499892 0.1091061
v 8.324912 -4.499892 1.360347
v 8.324912 -7.999949 1.428993
v 8.324912 -4.499892 1.428993
v 8.324912 -7.999949 0.1091061
v 9.325139 -7.999949 0.1091061
v 9.325139 -4.499892 0.1091061
v 8.324912 -4.499892 0.1091061
v 9.325139 -7.999949 1.360347
v 9.325139 -7.999949 1.428993
v 9.325139 -4.499892 1.428993
v 9.325139 -4.499892 1.360347
v 9.325139 -7.999949 0.1091061
v 9.325139 -4.499892 0.1091061
v 9.325139 -4.499892 1.360347
v 9.325139 -4.499892 1.428993
v 8.324912 -4.499892 1.428993
v 8.324912 -4.499892 1.360347
v 9.325139 -4.499892 0.1091061
v 8.324912 -4.499892 0.1091061
v 9.325139 -7.999949 3.67781
v 9.325139 -7.999949 4.92905
v 9.325139 -4.499892 4.92905
v 9.325139 -4.499892 3.67781
v 9.325139 -7.999949 3.608869
v 9.325139 -4.499892 3.608869
v 9.325139 -7.999949 4.92905
v 8.324912 -7.999949 4.92905
v 8.324912 -4.499892 4.92905
v 9.325139 -4.499892 4.92905
v 8.324912 -7.999949 3.67781
v 8.324912 -7.999949 3.608869
v 8.324912 -4.499892 3.608869
v 8.324912 -4.499892 3.67781
v 8.324912 -7.999949 4.92905
v 8.324912 -4.499892 4.92905
v 8.324912 -4.499892 3.67781
v 8.324912 -4.499892 3.608869
v 9.325139 -4.499892 3.608869
v 9.325139 -4.499892 3.67781
v 8.324912 -4.499892 4.92905
v 9.325139 -4.499892 4.92905
v 7.025059 -7.999949 1.360347
v 7.025059 -7.999949 0.1091061
v 7.025059 -4.499892 0.1091061
v 7.025059 -4.499892 1.360347
v 7.025059 -7.999949 1.428993
v 7.025059 -4.499892 1.428993
v 7.025059 -7.999949 0.1091061
v 8.024992 -7.999949 0.1091061
v 8.024992 -4.499892 0.1091061
v 7.025059 -4.499892 0.1091061
v 8.024992 -7.999949 1.360347
v 8.024992 -7.999949 1.428993
v 8.024992 -4.499892 1.428993
v 8.024992 -4.499892 1.360347
v 8.024992 -7.999949 0.1091061
v 8.024992 -4.499892 0.1091061
v 8.024992 -4.499892 1.360347
v 8.024992 -4.499892 1.428993
v 7.025059 -4.499892 1.428993
v 7.025059 -4.499892 1.360347
v 8.024992 -4.499892 0.1091061
v 7.025059 -4.499892 0.1091061
v 8.024992 -7.999949 3.67781
v 8.024992 -7.999949 4.92905
v 8.024992 -4.499892 4.92905
v 8.024992 -4.499892 3.67781
v 8.024992 -7.999949 3.608869
v 8.024992 -4.499892 3.608869
v 8.024992 -7.999949 4.92905
v 7.025059 -7.999949 4.92905
v 7.025059 -4.499892 4.92905
v 8.024992 -4.499892 4.92905
v 7.025059 -7.999949 3.67781
v 7.025059 -7.999949 3.608869
v 7.025059 -4.499892 3.608869
v 7.025059 -4.499892 3.67781
v 7.025059 -7.999949 4.92905
v 7.025059 -4.499892 4.92905
v 7.025059 -4.499892 3.67781
v 7.025059 -4.499892 3.608869
v 8.024992 -4.499892 3.608869
v 8.024992 -4.499892 3.67781
v 7.025059 -4.499892 4.92905
v 8.024992 -4.499892 4.92905
v 5.724912 -7.999949 1.360347
v 5.724912 -7.999949 0.1091061
v 5.724912 -4.499892 0.1091061
v 5.724912 -4.499892 1.360347
v 5.724912 -7.999949 1.428993
v 5.724912 -4.499892 1.428993
v 5.724912 -7.999949 0.1091061
v 6.725139 -7.999949 0.1091061
v 6.725139 -4.499892 0.1091061
v 5.724912 -4.499892 0.1091061
v 6.725139 -7.999949 1.360347
v 6.725139 -7.999949 1.428993
v 6.725139 -4.499892 1.428993
v 6.725139 -4.499892 1.360347
v 6.725139 -7.999949 0.1091061
v 6.725139 -4.499892 0.1091061
v 6.725139 -4.499892 1.360347
v 6.725139 -4.499892 1.428993
v 5.724912 -4.499892 1.428993
v 5.724912 -4.499892 1.360347
v 6.725139 -4.499892 0.1091061
v 5.724912 -4.499892 0.1091061
v 6.725139 -7.999949 3.67781
v 6.725139 -7.999949 4.92905
v 6.725139 -4.499892 4.92905
v 6.725139 -4.499892 3.67781
v 6.725139 -7.999949 3.608869
v 6.725139 -4.499892 3.608869
v 6.725139 -7.999949 4.92905
v 5.724912 -7.999949 4.92905
v 5.724912 -4.499892 4.92905
v 6.725139 -4.499892 4.92905
v 5.724912 -7.999949 3.67781
v 5.724912 -7.999949 3.608869
v 5.724912 -4.499892 3.608869
v 5.724912 -4.499892 3.67781
v 5.724912 -7.999949 4.92905
v 5.724912 -4.499892 4.92905
v 5.724912 -4.499892 3.67781
v 5.724912 -4.499892 3.608869
v 6.725139 -4.499892 3.608869
v 6.725139 -4.499892 3.67781
v 5.724912 -4.499892 4.92905
v 6.725139 -4.499892 4.92905
v 2.778146 -7.999949 6.360303
v 2.778146 -7.999949 5.109061
v 2.778146 -4.499892 5.109061
v 2.778146 -4.499892 6.360303
v 2.778146 -7.999949 6.429243
v 2.778146 -4.499892 6.429243
v 2.778146 -7.999949 5.109061
v 3.778373 -7.999949 5.109061
v 3.778373 -4.499892 5.109061
v 2.778146 -4.499892 5.109061
v 3.778373 -7.999949 6.360303
v 3.778373 -7.999949 6.429243
v 3.778373 -4.499892 6.429243
v 3.778373 -4.499892 6.360303
v 3.778373 -7.999949 5.109061
v 3.778373 -4.499892 5.109061
v 3.778373 -4.499892 6.360303
v 3.778373 -4.499892 6.429243
v 2.778146 -4.499892 6.429243
v 2.778146 -4.499892 6.360303
v 3.778373 -4.499892 5.109061
v 2.778146 -4.499892 5.109061
v 3.778373 -7.999949 8.677765
v 3.778373 -7.999949 9.929007
v 3.778373 -4.499892 9.929007
v 3.778373 -4.499892 8.677765
v 3.778373 -7.999949 8.609119
v 3.778373 -4.499892 8.609119
v 3.778373 -7.999949 9.929007
v 2.778146 -7.999949 9.929007
v 2.778146 -4.499892 9.929007
v 3.778373 -4.499892 9.929007
v 2.778146 -7.999949 8.677765
v 2.778146 -7.999949 8.609119
v 2.778146 -4.499892 8.609119
v 2.778146 -4.499892 8.677765
v 2.778146 -7.999949 9.929007
v 2.778146 -4.499892 9.929007
v 2.778146 -4.499892 8.677765
v 2.778146 -4.499892 8.609119
v 3.778373 -4.499892 8.609119
v 3.778373 -4.499892 8.677765
v 2.778146 -4.499892 9.929007
v 3.778373 -4.499892 9.929007
v 1.478293 -7.999949 6.360303
v 1.478293 -7.999949 5.109061
v 1.478293 -4.499892 5.109061
v 1.478293 -4.499892 6.360303
v 1.478293 -7.999949 6.429243
v 1.478293 -4.499892 6.429243
v 1.478293 -7.999949 5.109061
v 2.478226 -7.999949 5.109061
v 2.478226 -4.499892 5.109061
v 1.478293 -4.499892 5.109061
v 2.478226 -7.999949 6.360303
v 2.478226 -7.999949 6.429243
v 2.478226 -4.499892 6.429243
v 2.478226 -4.499892 6.360303
v 2.478226 -7.999949 5.109061
v 2.478226 -4.499892 5.109061
v 2.478226 -4.499892 6.360303
v 2.478226 -4.499892 6.429243
v 1.478293 -4.499892 6.429243
v 1.478293 -4.499892 6.360303
v 2.478226 -4.499892 5.109061
v 1.478293 -4.499892 5.109061
v 2.478226 -7.999949 8.677765
v 2.478226 -7.999949 9.929007
v 2.478226 -4.499892 9.929007
v 2.478226 -4.499892 8.677765
v 2.478226 -7.999949 8.609119
v 2.478226 -4.499892 8.609119
v 2.478226 -7.999949 9.929007
v 1.478293 -7.999949 9.929007
v 1.478293 -4.499892 9.929007
v 2.478226 -4.499892 9.929007
v 1.478293 -7.999949 8.677765
v 1.478293 -7.999949 8.609119
v 1.478293 -4.499892 8.609119
v 1.478293 -4.499892 8.677765
v 1.478293 -7.999949 9.929007
v 1.478293 -4.499892 9.929007
v 1.478293 -4.499892 8.677765
v 1.478293 -4.499892 8.609119
v 2.478226 -4.499892 8.609119
v 2.478226 -4.499892 8.677765
v 1.478293 -4.499892 9.929007
v 2.478226 -4.499892 9.929007
v 0.1781464 -7.999949 6.360303
v 0.1781464 -7.999949 5.109061
v 0.1781464 -4.499892 5.109061
v 0.1781464 -4.499892 6.360303
v 0.1781464 -7.999949 6.429243
v 0.1781464 -4.499892 6.429243
v 0.1781464 -7.999949 5.109061
v 1.178372 -7.999949 5.109061
v 1.178372 -4.499892 5.109061
v 0.1781464 -4.499892 5.109061
v 1.178372 -7.999949 6.360303
v 1.178372 -7.999949 6.429243
v 1.178372 -4.499892 6.429243
v 1.178372 -4.499892 6.360303
v 1.178372 -7.999949 5.109061
v 1.178372 -4.499892 5.109061
v 1.178372 -4.499892 6.360303
v 1.178372 -4.499892 6.429243
v 0.1781464 -4.499892 6.429243
v 0.1781464 -4.499892 6.360303
v 1.178372 -4.499892 5.109061
v 0.1781464 -4.499892 5.109061
v 1.178372 -7.999949 8.677765
v 1.178372 -7.999949 9.929007
v 1.178372 -4.499892 9.929007
v 1.178372 -4.499892 8.677765
v 1.178372 -7.999949 8.609119
v 1.178372 -4.499892 8.609119
v 1.178372 -7.999949 9.929007
v 0.1781464 -7.999949 9.929007
v 0.1781464 -4.499892 9.929007
v 1.178372 -4.499892 9.929007
v 0.1781464 -7.999949 8.677765
v 0.1781464 -7.999949 8.609119
v 0.1781464 -4.499892 8.609119
v 0.1781464 -4.499892 8.677765
v 0.1781464 -7.999949 9.929007
v 0.1781464 -4.499892 9.929007
v 0.1781464 -4.499892 8.677765
v 0.1781464 -4.499892 8.609119
v 1.178372 -4.499892 8.609119
v 1.178372 -4.499892 8.677765
v 0.1781464 -4.499892 9.929007
v 1.178372 -4.499892 9.929007
v 2.778146 -7.999949 1.360347
v 2.778146 -7.999949 0.1091061
v 2.778146 -4.499892 0.1091061
v 2.778146 -4.499892 1.360347
v 2.778146 -7.999949 1.428993
v 2.778146 -4.499892 1.428993
v 2.778146 -7.999949 0.1091061
v 3.778373 -7.999949 0.1091061
v 3.778373 -4.499892 0.1091061
v 2.778146 -4.499892 0.1091061
v 3.778373 -7.999949 1.360347
v 3.778373 -7.999949 1.428993
v 3.778373 -4.499892 1.428993
v 3.778373 -4.499892 1.360347
v 3.778373 -7.999949 0.1091061
v 3.778373 -4.499892 0.1091061
v 3.778373 -4.499892 1.360347
v 3.778373 -4.499892 1.428993
v 2.778146 -4.499892 1.428993
v 2.778146 -4.499892 1.360347
v 3.778373 -4.499892 0.1091061
v 2.778146 -4.499892 0.1091061
v 3.778373 -7.999949 3.67781
v 3.778373 -7.999949 4.92905
v 3.778373 -4.499892 4.92905
v 3.778373 -4.499892 3.67781
v 3.778373 -7.999949 3.608869
v 3.778373 -4.499892 3.608869
v 3.778373 -7.999949 4.92905
v 2.778146 -7.999949 4.92905
v 2.778146 -4.499892 4.92905
v 3.778373 -4.499892 4.92905
v 2.778146 -7.999949 3.67781
v 2.778146 -7.999949 3.608869
v 2.778146 -4.499892 3.608869
v 2.778146 -4.499892 3.67781
v 2.778146 -7.999949 4.92905
v 2.778146 -4.499892 4.92905
v 2.778146 -4.499892 3.67781
v 2.778146 -4.499892 3.608869
v 3.778373 -4.499892 3.608869
v 3.778373 -4.499892 3.67781
v 2.778146 -4.499892 4.92905
v 3.778373 -4.499892 4.92905
v 1.478293 -7.999949 1.360347
v 1.478293 -7.999949 0.1091061
v 1.478293 -4.499892 0.1091061
v 1.478293 -4.499892 1.360347
v 1.478293 -7.999949 1.428993
v 1.478293 -4.499892 1.428993
v 1.478293 -7.999949 0.1091061
v 2.478226 -7.999949 0.1091061
v 2.478226 -4.499892 0.1091061
v 1.478293 -4.499892 0.1091061
v 2.478226 -7.999949 1.360347
v 2.478226 -7.999949 1.428993
v 2.478226 -4.499892 1.428993
v 2.478226 -4.499892 1.360347
v 2.478226 -7.999949 0.1091061
v 2.478226 -4.499892 0.1091061
v 2.478226 -4.499892 1.360347
v 2.478226 -4.499892 1.428993
v 1.478293 -4.499892 1.428993
v 1.478293 -4.499892 1.360347
v 2.478226 -4.499892 0.1091061
v 1.478293 -4.499892 0.1091061
v 2.478226 -7.999949 3.67781
v 2.478226 -7.999949 4.92905
v 2.478226 -4.499892 4.92905
v 2.478226 -4.499892 3.67781
v 2.478226 -7.999949 3.608869
v 2.478226 -4.499892 3.608869
v 2.478226 -7.999949 4.92905
v 1.478293 -7.999949 4.92905
v 1.478293 -4.499892 4.92905
v 2.478226 -4.499892 4.92905
v 1.478293 -7.999949 3.67781
v 1.478293 -7.999949 3.608869
v 1.478293 -4.499892 3.608869
v 1.478293 -4.499892 3.67781
v 1.478293 -7.999949 4.92905
v 1.478293 -4.499892 4.92905
v 1.478293 -4.499892 3.67781
v 1.478293 -4.499892 3.608869
v 2.478226 -4.499892 3.608869
v 2.478226 -4.499892 3.67781
v 1.478293 -4.499892 4.92905
v 2.478226 -4.499892 4.92905
v 0.1781464 -7.999949 1.360347
v 0.1781464 -7.999949 0.1091061
v 0.1781464 -4.499892 0.1091061
v 0.1781464 -4.499892 1.360347
v 0.1781464 -7.999949 1.428993
v 0.1781464 -4.499892 1.428993
v 0.1781464 -7.999949 0.1091061
v 1.178372 -7.999949 0.1091061
v 1.178372 -4.499892 0.1091061
v 0.1781464 -4.499892 0.1091061
v 1.178372 -7.999949 1.360347
v 1.178372 -7.999949 1.428993
v 1.178372 -4.499892 1.428993
v 1.178372 -4.499892 1.360347
v 1.178372 -7.999949 0.1091061
v 1.178372 -4.499892 0.1091061
v 1.178372 -4.499892 1.360347
v 1.178372 -4.499892 1.428993
v 0.1781464 -4.499892 1.428993
v 0.1781464 -4.499892 1.360347
v 1.178372 -4.499892 0.1091061
v 0.1781464 -4.499892 0.1091061
v 1.178372 -7.999949 3.67781
v 1.178372 -7.999949 4.92905
v 1.178372 -4.499892 4.92905
v 1.178372 -4.499892 3.67781
v 1.178372 -7.999949 3.608869
v 1.178372 -4.499892 3.608869
v 1.178372 -7.999949 4.92905
v 0.1781464 -7.999949 4.92905
v 0.1781464 -4.499892 4.92905
v 1.178372 -4.499892 4.92905
v 0.1781464 -7.999949 3.67781
v 0.1781464 -7.999949 3.608869
v 0.1781464 -4.499892 3.608869
v 0.1781464 -4.499892 3.67781
v 0.1781464 -7.999949 4.92905
v 0.1781464 -4.499892 4.92905
v 0.1781464 -4.499892 3.67781
v 0.1781464 -4.499892 3.608869
v 1.178372 -4.499892 3.608869
v 1.178372 -4.499892 3.67781
v 0.1781464 -4.499892 4.92905
v 1.178372 -4.499892 4.92905
v 3.916549 -7.999949 -4.627461
v 2.665308 -7.999949 -4.627461
v 2.665308 -4.499892 -4.627461
v 3.916549 -4.499892 -4.627461
v 3.985489 -7.999949 -4.627461
v 3.985489 -4.499892 -4.627461
v 2.665308 -7.999949 -4.627461
v 2.665308 -7.999949 -5.627393
v 2.665308 -4.499892 -5.627393
v 2.665308 -4.499892 -4.627461
v 3.916549 -7.999949 -5.627393
v 3.985489 -7.999949 -5.627393
v 3.985489 -4.499892 -5.627393
v 3.916549 -4.499892 -5.627393
v 2.665308 -7.999949 -5.627393
v 2.665308 -4.499892 -5.627393
v 3.916549 -4.499892 -5.627393
v 3.985489 -4.499892 -5.627393
v 3.985489 -4.499892 -4.627461
v 3.916549 -4.499892 -4.627461
v 2.665308 -4.499892 -5.627393
v 2.665308 -4.499892 -4.627461
v 8.127519 -7.999949 -5.627393
v 9.378759 -7.999949 -5.627393
v 9.378759 -4.499892 -5.627393
v 8.127519 -4.499892 -5.627393
v 8.058872 -7.999949 -5.627393
v 8.058872 -4.499892 -5.627393
v 9.378759 -7.999949 -5.627393
v 9.378759 -7.999949 -4.627461
v 9.378759 -4.499892 -4.627461
v 9.378759 -4.499892 -5.627393
v 8.127519 -7.999949 -4.627461
v 8.058872 -7.999949 -4.627461
v 8.058872 -4.499892 -4.627461
v 8.127519 -4.499892 -4.627461
v 9.378759 -7.999949 -4.627461
v 9.378759 -4.499892 -4.627461
v 8.127519 -4.499892 -4.627461
v 8.058872 -4.499892 -4.627461
v 8.058872 -4.499892 -5.627393
v 8.127519 -4.499892 -5.627393
v 9.378759 -4.499892 -4.627461
v 9.378759 -4.499892 -5.627393
v 3.916549 -7.999949 -3.327313
v 2.665308 -7.999949 -3.327313
v 2.665308 -4.499892 -3.327313
v 3.916549 -4.499892 -3.327313
v 3.985489 -7.999949 -3.327313
v 3.985489 -4.499892 -3.327313
v 2.665308 -7.999949 -3.327313
v 2.665308 -7.999949 -4.327246
v 2.665308 -4.499892 -4.327246
v 2.665308 -4.499892 -3.327313
v 3.916549 -7.999949 -4.327246
v 3.985489 -7.999949 -4.327246
v 3.985489 -4.499892 -4.327246
v 3.916549 -4.499892 -4.327246
v 2.665308 -7.999949 -4.327246
v 2.665308 -4.499892 -4.327246
v 3.916549 -4.499892 -4.327246
v 3.985489 -4.499892 -4.327246
v 3.985489 -4.499892 -3.327313
v 3.916549 -4.499892 -3.327313
v 2.665308 -4.499892 -4.327246
v 2.665308 -4.499892 -3.327313
v 8.127519 -7.999949 -4.327246
v 9.378759 -7.999949 -4.327246
v 9.378759 -4.499892 -4.327246
v 8.127519 -4.499892 -4.327246
v 8.058872 -7.999949 -4.327246
v 8.058872 -4.499892 -4.327246
v 9.378759 -7.999949 -4.327246
v 9.378759 -7.999949 -3.327313
v 9.378759 -4.499892 -3.327313
v 9.378759 -4.499892 -4.327246
v 8.127519 -7.999949 -3.327313
v 8.058872 -7.999949 -3.327313
v 8.058872 -4.499892 -3.327313
v 8.127519 -4.499892 -3.327313
v 9.378759 -7.999949 -3.327313
v 9.378759 -4.499892 -3.327313
v 8.127519 -4.499892 -3.327313
v 8.058872 -4.499892 -3.327313
v 8.058872 -4.499892 -4.327246
v 8.127519 -4.499892 -4.327246
v 9.378759 -4.499892 -3.327313
v 9.378759 -4.499892 -4.327246
v 3.916549 -7.999949 -2.027461
v 2.665308 -7.999949 -2.027461
v 2.665308 -4.499892 -2.027461
v 3.916549 -4.499892 -2.027461
v 3.985489 -7.999949 -2.027461
v 3.985489 -4.499892 -2.027461
v 2.665308 -7.999949 -2.027461
v 2.665308 -7.999949 -3.027393
v 2.665308 -4.499892 -3.027393
v 2.665308 -4.499892 -2.027461
v 3.916549 -7.999949 -3.027393
v 3.985489 -7.999949 -3.027393
v 3.985489 -4.499892 -3.027393
v 3.916549 -4.499892 -3.027393
v 2.665308 -7.999949 -3.027393
v 2.665308 -4.499892 -3.027393
v 3.916549 -4.499892 -3.027393
v 3.985489 -4.499892 -3.027393
v 3.985489 -4.499892 -2.027461
v 3.916549 -4.499892 -2.027461
v 2.665308 -4.499892 -3.027393
v 2.665308 -4.499892 -2.027461
v 8.127519 -7.999949 -3.027393
v 9.378759 -7.999949 -3.027393
v 9.378759 -4.499892 -3.027393
v 8.127519 -4.499892 -3.027393
v 8.058872 -7.999949 -3.027393
v 8.058872 -4.499892 -3.027393
v 9.378759 -7.999949 -3.027393
v 9.378759 -7.999949 -2.027461
v 9.378759 -4.499892 -2.027461
v 9.378759 -4.499892 -3.027393
v 8.127519 -7.999949 -2.027461
v 8.058872 -7.999949 -2.027461
v 8.058872 -4.499892 -2.027461
v 8.127519 -4.499892 -2.027461
v 9.378759 -7.999949 -2.027461
v 9.378759 -4.499892 -2.027461
v 8.127519 -4.499892 -2.027461
v 8.058872 -4.499892 -2.027461
v 8.058872 -4.499892 -3.027393
v 8.127519 -4.499892 -3.027393
v 9.378759 -4.499892 -2.027461
v 9.378759 -4.499892 -3.027393
v -1.767214 0.02513981 1.615781
v -1.775463 0.03751373 1.709174
v -1.775463 3.362569 1.709174
v -1.767214 3.408235 1.615781
v -1.75867 0.0124712 1.522387
v -1.75867 3.454194 1.522387
v -1.750421 9.727478E-05 1.428993
v -1.750421 3.49986 1.428993
v -2.733854 0.02513981 1.615781
v -2.725605 0.03751373 1.709174
v -1.775463 0.03751373 1.709174
v -1.767214 0.02513981 1.615781
v -2.742104 0.0124712 1.522387
v -1.75867 0.0124712 1.522387
v -2.750353 9.727478E-05 1.428993
v -1.750421 9.727478E-05 1.428993
v -1.767214 3.408235 1.615781
v -1.775463 3.362569 1.709174
v -2.725605 3.362569 1.709174
v -2.733854 3.408235 1.615781
v -1.75867 3.454194 1.522387
v -2.742104 3.454194 1.522387
v -1.750421 3.49986 1.428993
v -2.750353 3.49986 1.428993
v -2.742104 0.0124712 1.522387
v -2.750353 9.727478E-05 1.428993
v -2.750353 3.49986 1.428993
v -2.742104 3.454194 1.522387
v -2.733854 0.02513981 1.615781
v -2.733854 3.408235 1.615781
v -2.725605 0.03751373 1.709174
v -2.725605 3.362569 1.709174
v -2.733854 0.02513981 3.422376
v -2.725605 0.03751373 3.328982
v -2.725605 3.362569 3.328982
v -2.733854 3.408235 3.422376
v -2.742104 0.0124712 3.51577
v -2.742104 3.454194 3.51577
v -2.750353 9.727478E-05 3.608869
v -2.750353 3.49986 3.608869
v -1.767214 0.02513981 3.422376
v -1.775463 0.03751373 3.328982
v -2.725605 0.03751373 3.328982
v -2.733854 0.02513981 3.422376
v -1.75867 0.0124712 3.51577
v -2.742104 0.0124712 3.51577
v -1.750421 9.727478E-05 3.608869
v -2.750353 9.727478E-05 3.608869
v -2.733854 3.408235 3.422376
v -2.725605 3.362569 3.328982
v -1.775463 3.362569 3.328982
v -1.767214 3.408235 3.422376
v -2.742104 3.454194 3.51577
v -1.75867 3.454194 3.51577
v -2.750353 3.49986 3.608869
v -1.750421 3.49986 3.608869
v -1.75867 0.0124712 3.51577
v -1.750421 9.727478E-05 3.608869
v -1.750421 3.49986 3.608869
v -1.75867 3.454194 3.51577
v -1.767214 0.02513981 3.422376
v -1.767214 3.408235 3.422376
v -1.775463 0.03751373 3.328982
v -1.775463 3.362569 3.328982
v -3.067067 0.02513981 1.615781
v -3.075611 0.03751373 1.709174
v -3.075611 3.362569 1.709174
v -3.067067 3.408235 1.615781
v -3.058818 0.0124712 1.522387
v -3.058818 3.454194 1.522387
v -3.050569 9.727478E-05 1.428993
v -3.050569 3.49986 1.428993
v -4.033708 0.02513981 1.615781
v -4.025458 0.03751373 1.709174
v -3.075611 0.03751373 1.709174
v -3.067067 0.02513981 1.615781
v -4.042252 0.0124712 1.522387
v -3.058818 0.0124712 1.522387
v -4.050501 9.727478E-05 1.428993
v -3.050569 9.727478E-05 1.428993
v -3.067067 3.408235 1.615781
v -3.075611 3.362569 1.709174
v -4.025458 3.362569 1.709174
v -4.033708 3.408235 1.615781
v -3.058818 3.454194 1.522387
v -4.042252 3.454194 1.522387
v -3.050569 3.49986 1.428993
v -4.050501 3.49986 1.428993
v -4.042252 0.0124712 1.522387
v -4.050501 9.727478E-05 1.428993
v -4.050501 3.49986 1.428993
v -4.042252 3.454194 1.522387
v -4.033708 0.02513981 1.615781
v -4.033708 3.408235 1.615781
v -4.025458 0.03751373 1.709174
v -4.025458 3.362569 1.709174
v -4.033708 0.02513981 3.422376
v -4.025458 0.03751373 3.328982
v -4.025458 3.362569 3.328982
v -4.033708 3.408235 3.422376
v -4.042252 0.0124712 3.51577
v -4.042252 3.454194 3.51577
v -4.050501 9.727478E-05 3.608869
v -4.050501 3.49986 3.608869
v -3.067067 0.02513981 3.422376
v -3.075611 0.03751373 3.328982
v -4.025458 0.03751373 3.328982
v -4.033708 0.02513981 3.422376
v -3.058818 0.0124712 3.51577
v -4.042252 0.0124712 3.51577
v -3.050569 9.727478E-05 3.608869
v -4.050501 9.727478E-05 3.608869
v -4.033708 3.408235 3.422376
v -4.025458 3.362569 3.328982
v -3.075611 3.362569 3.328982
v -3.067067 3.408235 3.422376
v -4.042252 3.454194 3.51577
v -3.058818 3.454194 3.51577
v -4.050501 3.49986 3.608869
v -3.050569 3.49986 3.608869
v -3.058818 0.0124712 3.51577
v -3.050569 9.727478E-05 3.608869
v -3.050569 3.49986 3.608869
v -3.058818 3.454194 3.51577
v -3.067067 0.02513981 3.422376
v -3.067067 3.408235 3.422376
v -3.075611 0.03751373 3.328982
v -3.075611 3.362569 3.328982
v -4.367214 0.02513981 1.615781
v -4.375463 0.03751373 1.709174
v -4.375463 3.362569 1.709174
v -4.367214 3.408235 1.615781
v -4.35867 0.0124712 1.522387
v -4.35867 3.454194 1.522387
v -4.350421 9.727478E-05 1.428993
v -4.350421 3.49986 1.428993
v -5.333855 0.02513981 1.615781
v -5.325605 0.03751373 1.709174
v -4.375463 0.03751373 1.709174
v -4.367214 0.02513981 1.615781
v -5.342104 0.0124712 1.522387
v -4.35867 0.0124712 1.522387
v -5.350353 9.727478E-05 1.428993
v -4.350421 9.727478E-05 1.428993
v -4.367214 3.408235 1.615781
v -4.375463 3.362569 1.709174
v -5.325605 3.362569 1.709174
v -5.333855 3.408235 1.615781
v -4.35867 3.454194 1.522387
v -5.342104 3.454194 1.522387
v -4.350421 3.49986 1.428993
v -5.350353 3.49986 1.428993
v -5.342104 0.0124712 1.522387
v -5.350353 9.727478E-05 1.428993
v -5.350353 3.49986 1.428993
v -5.342104 3.454194 1.522387
v -5.333855 0.02513981 1.615781
v -5.333855 3.408235 1.615781
v -5.325605 0.03751373 1.709174
v -5.325605 3.362569 1.709174
v -5.333855 0.02513981 3.422376
v -5.325605 0.03751373 3.328982
v -5.325605 3.362569 3.328982
v -5.333855 3.408235 3.422376
v -5.342104 0.0124712 3.51577
v -5.342104 3.454194 3.51577
v -5.350353 9.727478E-05 3.608869
v -5.350353 3.49986 3.608869
v -4.367214 0.02513981 3.422376
v -4.375463 0.03751373 3.328982
v -5.325605 0.03751373 3.328982
v -5.333855 0.02513981 3.422376
v -4.35867 0.0124712 3.51577
v -5.342104 0.0124712 3.51577
v -4.350421 9.727478E-05 3.608869
v -5.350353 9.727478E-05 3.608869
v -5.333855 3.408235 3.422376
v -5.325605 3.362569 3.328982
v -4.375463 3.362569 3.328982
v -4.367214 3.408235 3.422376
v -5.342104 3.454194 3.51577
v -4.35867 3.454194 3.51577
v -5.350353 3.49986 3.608869
v -4.350421 3.49986 3.608869
v -4.35867 0.0124712 3.51577
v -4.350421 9.727478E-05 3.608869
v -4.350421 3.49986 3.608869
v -4.35867 3.454194 3.51577
v -4.367214 0.02513981 3.422376
v -4.367214 3.408235 3.422376
v -4.375463 0.03751373 3.328982
v -4.375463 3.362569 3.328982
v 6.232832 0.02513981 1.615781
v 6.224583 0.03751373 1.709174
v 6.224583 3.362569 1.709174
v 6.232832 3.408235 1.615781
v 6.241082 0.0124712 1.522387
v 6.241082 3.454194 1.522387
v 6.249626 9.727478E-05 1.428993
v 6.249626 3.49986 1.428993
v 5.266192 0.02513981 1.615781
v 5.274441 0.03751373 1.709174
v 6.224583 0.03751373 1.709174
v 6.232832 0.02513981 1.615781
v 5.257943 0.0124712 1.522387
v 6.241082 0.0124712 1.522387
v 5.249399 9.727478E-05 1.428993
v 6.249626 9.727478E-05 1.428993
v 6.232832 3.408235 1.615781
v 6.224583 3.362569 1.709174
v 5.274441 3.362569 1.709174
v 5.266192 3.408235 1.615781
v 6.241082 3.454194 1.522387
v 5.257943 3.454194 1.522387
v 6.249626 3.49986 1.428993
v 5.249399 3.49986 1.428993
v 5.257943 0.0124712 1.522387
v 5.249399 9.727478E-05 1.428993
v 5.249399 3.49986 1.428993
v 5.257943 3.454194 1.522387
v 5.266192 0.02513981 1.615781
v 5.266192 3.408235 1.615781
v 5.274441 0.03751373 1.709174
v 5.274441 3.362569 1.709174
v 5.266192 0.02513981 3.422376
v 5.274441 0.03751373 3.328982
v 5.274441 3.362569 3.328982
v 5.266192 3.408235 3.422376
v 5.257943 0.0124712 3.51577
v 5.257943 3.454194 3.51577
v 5.249399 9.727478E-05 3.608869
v 5.249399 3.49986 3.608869
v 6.232832 0.02513981 3.422376
v 6.224583 0.03751373 3.328982
v 5.274441 0.03751373 3.328982
v 5.266192 0.02513981 3.422376
v 6.241082 0.0124712 3.51577
v 5.257943 0.0124712 3.51577
v 6.249626 9.727478E-05 3.608869
v 5.249399 9.727478E-05 3.608869
v 5.266192 3.408235 3.422376
v 5.274441 3.362569 3.328982
v 6.224583 3.362569 3.328982
v 6.232832 3.408235 3.422376
v 5.257943 3.454194 3.51577
v 6.241082 3.454194 3.51577
v 5.249399 3.49986 3.608869
v 6.249626 3.49986 3.608869
v 6.241082 0.0124712 3.51577
v 6.249626 9.727478E-05 3.608869
v 6.249626 3.49986 3.608869
v 6.241082 3.454194 3.51577
v 6.232832 0.02513981 3.422376
v 6.232832 3.408235 3.422376
v 6.224583 0.03751373 3.328982
v 6.224583 3.362569 3.328982
v 4.93298 0.02513981 1.615781
v 4.924436 0.03751373 1.709174
v 4.924436 3.362569 1.709174
v 4.93298 3.408235 1.615781
v 4.941229 0.0124712 1.522387
v 4.941229 3.454194 1.522387
v 4.949478 9.727478E-05 1.428993
v 4.949478 3.49986 1.428993
v 3.966044 0.02513981 1.615781
v 3.974588 0.03751373 1.709174
v 4.924436 0.03751373 1.709174
v 4.93298 0.02513981 1.615781
v 3.957795 0.0124712 1.522387
v 4.941229 0.0124712 1.522387
v 3.949546 9.727478E-05 1.428993
v 4.949478 9.727478E-05 1.428993
v 4.93298 3.408235 1.615781
v 4.924436 3.362569 1.709174
v 3.974588 3.362569 1.709174
v 3.966044 3.408235 1.615781
v 4.941229 3.454194 1.522387
v 3.957795 3.454194 1.522387
v 4.949478 3.49986 1.428993
v 3.949546 3.49986 1.428993
v 3.957795 0.0124712 1.522387
v 3.949546 9.727478E-05 1.428993
v 3.949546 3.49986 1.428993
v 3.957795 3.454194 1.522387
v 3.966044 0.02513981 1.615781
v 3.966044 3.408235 1.615781
v 3.974588 0.03751373 1.709174
v 3.974588 3.362569 1.709174
v 3.966044 0.02513981 3.422376
v 3.974588 0.03751373 3.328982
v 3.974588 3.362569 3.328982
v 3.966044 3.408235 3.422376
v 3.957795 0.0124712 3.51577
v 3.957795 3.454194 3.51577
v 3.949546 9.727478E-05 3.608869
v 3.949546 3.49986 3.608869
v 4.93298 0.02513981 3.422376
v 4.924436 0.03751373 3.328982
v 3.974588 0.03751373 3.328982
v 3.966044 0.02513981 3.422376
v 4.941229 0.0124712 3.51577
v 3.957795 0.0124712 3.51577
v 4.949478 9.727478E-05 3.608869
v 3.949546 9.727478E-05 3.608869
v 3.966044 3.408235 3.422376
v 3.974588 3.362569 3.328982
v 4.924436 3.362569 3.328982
v 4.93298 3.408235 3.422376
v 3.957795 3.454194 3.51577
v 4.941229 3.454194 3.51577
v 3.949546 3.49986 3.608869
v 4.949478 3.49986 3.608869
v 4.941229 0.0124712 3.51577
v 4.949478 9.727478E-05 3.608869
v 4.949478 3.49986 3.608869
v 4.941229 3.454194 3.51577
v 4.93298 0.02513981 3.422376
v 4.93298 3.408235 3.422376
v 4.924436 0.03751373 3.328982
v 4.924436 3.362569 3.328982
v 3.632832 0.02513981 1.615781
v 3.624583 0.03751373 1.709174
v 3.624583 3.362569 1.709174
v 3.632832 3.408235 1.615781
v 3.641081 0.0124712 1.522387
v 3.641081 3.454194 1.522387
v 3.649625 9.727478E-05 1.428993
v 3.649625 3.49986 1.428993
v 2.666192 0.02513981 1.615781
v 2.674441 0.03751373 1.709174
v 3.624583 0.03751373 1.709174
v 3.632832 0.02513981 1.615781
v 2.657942 0.0124712 1.522387
v 3.641081 0.0124712 1.522387
v 2.649398 9.727478E-05 1.428993
v 3.649625 9.727478E-05 1.428993
v 3.632832 3.408235 1.615781
v 3.624583 3.362569 1.709174
v 2.674441 3.362569 1.709174
v 2.666192 3.408235 1.615781
v 3.641081 3.454194 1.522387
v 2.657942 3.454194 1.522387
v 3.649625 3.49986 1.428993
v 2.649398 3.49986 1.428993
v 2.657942 0.0124712 1.522387
v 2.649398 9.727478E-05 1.428993
v 2.649398 3.49986 1.428993
v 2.657942 3.454194 1.522387
v 2.666192 0.02513981 1.615781
v 2.666192 3.408235 1.615781
v 2.674441 0.03751373 1.709174
v 2.674441 3.362569 1.709174
v 2.666192 0.02513981 3.422376
v 2.674441 0.03751373 3.328982
v 2.674441 3.362569 3.328982
v 2.666192 3.408235 3.422376
v 2.657942 0.0124712 3.51577
v 2.657942 3.454194 3.51577
v 2.649398 9.727478E-05 3.608869
v 2.649398 3.49986 3.608869
v 3.632832 0.02513981 3.422376
v 3.624583 0.03751373 3.328982
v 2.674441 0.03751373 3.328982
v 2.666192 0.02513981 3.422376
v 3.641081 0.0124712 3.51577
v 2.657942 0.0124712 3.51577
v 3.649625 9.727478E-05 3.608869
v 2.649398 9.727478E-05 3.608869
v 2.666192 3.408235 3.422376
v 2.674441 3.362569 3.328982
v 3.624583 3.362569 3.328982
v 3.632832 3.408235 3.422376
v 2.657942 3.454194 3.51577
v 3.641081 3.454194 3.51577
v 2.649398 3.49986 3.608869
v 3.649625 3.49986 3.608869
v 3.641081 0.0124712 3.51577
v 3.649625 9.727478E-05 3.608869
v 3.649625 3.49986 3.608869
v 3.641081 3.454194 3.51577
v 3.632832 0.02513981 3.422376
v 3.632832 3.408235 3.422376
v 3.624583 0.03751373 3.328982
v 3.624583 3.362569 3.328982
v -1.767214 -7.974906 6.615736
v -1.775463 -7.962533 6.709129
v -1.775463 -4.637478 6.709129
v -1.767214 -4.591813 6.615736
v -1.75867 -7.987575 6.522343
v -1.75867 -4.545852 6.522343
v -1.750421 -7.999949 6.429243
v -1.750421 -4.499892 6.429243
v -2.733854 -7.974906 6.615736
v -2.725605 -7.962533 6.709129
v -1.775463 -7.962533 6.709129
v -1.767214 -7.974906 6.615736
v -2.742104 -7.987575 6.522343
v -1.75867 -7.987575 6.522343
v -2.750353 -7.999949 6.429243
v -1.750421 -7.999949 6.429243
v -1.767214 -4.591813 6.615736
v -1.775463 -4.637478 6.709129
v -2.725605 -4.637478 6.709129
v -2.733854 -4.591813 6.615736
v -1.75867 -4.545852 6.522343
v -2.742104 -4.545852 6.522343
v -1.750421 -4.499892 6.429243
v -2.750353 -4.499892 6.429243
v -2.742104 -7.987575 6.522343
v -2.750353 -7.999949 6.429243
v -2.750353 -4.499892 6.429243
v -2.742104 -4.545852 6.522343
v -2.733854 -7.974906 6.615736
v -2.733854 -4.591813 6.615736
v -2.725605 -7.962533 6.709129
v -2.725605 -4.637478 6.709129
v -2.733854 -7.974906 8.422331
v -2.725605 -7.962533 8.328938
v -2.725605 -4.637478 8.328938
v -2.733854 -4.591813 8.422331
v -2.742104 -7.987575 8.515724
v -2.742104 -4.545852 8.515724
v -2.750353 -7.999949 8.609119
v -2.750353 -4.499892 8.609119
v -1.767214 -7.974906 8.422331
v -1.775463 -7.962533 8.328938
v -2.725605 -7.962533 8.328938
v -2.733854 -7.974906 8.422331
v -1.75867 -7.987575 8.515724
v -2.742104 -7.987575 8.515724
v -1.750421 -7.999949 8.609119
v -2.750353 -7.999949 8.609119
v -2.733854 -4.591813 8.422331
v -2.725605 -4.637478 8.328938
v -1.775463 -4.637478 8.328938
v -1.767214 -4.591813 8.422331
v -2.742104 -4.545852 8.515724
v -1.75867 -4.545852 8.515724
v -2.750353 -4.499892 8.609119
v -1.750421 -4.499892 8.609119
v -1.75867 -7.987575 8.515724
v -1.750421 -7.999949 8.609119
v -1.750421 -4.499892 8.609119
v -1.75867 -4.545852 8.515724
v -1.767214 -7.974906 8.422331
v -1.767214 -4.591813 8.422331
v -1.775463 -7.962533 8.328938
v -1.775463 -4.637478 8.328938
v -3.067067 -7.974906 6.615736
v -3.075611 -7.962533 6.709129
v -3.075611 -4.637478 6.709129
v -3.067067 -4.591813 6.615736
v -3.058818 -7.987575 6.522343
v -3.058818 -4.545852 6.522343
v -3.050569 -7.999949 6.429243
v -3.050569 -4.499892 6.429243
v -4.033708 -7.974906 6.615736
v -4.025458 -7.962533 6.709129
v -3.075611 -7.962533 6.709129
v -3.067067 -7.974906 6.615736
v -4.042252 -7.987575 6.522343
v -3.058818 -7.987575 6.522343
v -4.050501 -7.999949 6.429243
v -3.050569 -7.999949 6.429243
v -3.067067 -4.591813 6.615736
v -3.075611 -4.637478 6.709129
v -4.025458 -4.637478 6.709129
v -4.033708 -4.591813 6.615736
v -3.058818 -4.545852 6.522343
v -4.042252 -4.545852 6.522343
v -3.050569 -4.499892 6.429243
v -4.050501 -4.499892 6.429243
v -4.042252 -7.987575 6.522343
v -4.050501 -7.999949 6.429243
v -4.050501 -4.499892 6.429243
v -4.042252 -4.545852 6.522343
v -4.033708 -7.974906 6.615736
v -4.033708 -4.591813 6.615736
v -4.025458 -7.962533 6.709129
v -4.025458 -4.637478 6.709129
v -4.033708 -7.974906 8.422331
v -4.025458 -7.962533 8.328938
v -4.025458 -4.637478 8.328938
v -4.033708 -4.591813 8.422331
v -4.042252 -7.987575 8.515724
v -4.042252 -4.545852 8.515724
v -4.050501 -7.999949 8.609119
v -4.050501 -4.499892 8.609119
v -3.067067 -7.974906 8.422331
v -3.075611 -7.962533 8.328938
v -4.025458 -7.962533 8.328938
v -4.033708 -7.974906 8.422331
v -3.058818 -7.987575 8.515724
v -4.042252 -7.987575 8.515724
v -3.050569 -7.999949 8.609119
v -4.050501 -7.999949 8.609119
v -4.033708 -4.591813 8.422331
v -4.025458 -4.637478 8.328938
v -3.075611 -4.637478 8.328938
v -3.067067 -4.591813 8.422331
v -4.042252 -4.545852 8.515724
v -3.058818 -4.545852 8.515724
v -4.050501 -4.499892 8.609119
v -3.050569 -4.499892 8.609119
v -3.058818 -7.987575 8.515724
v -3.050569 -7.999949 8.609119
v -3.050569 -4.499892 8.609119
v -3.058818 -4.545852 8.515724
v -3.067067 -7.974906 8.422331
v -3.067067 -4.591813 8.422331
v -3.075611 -7.962533 8.328938
v -3.075611 -4.637478 8.328938
v -4.367214 -7.974906 6.615736
v -4.375463 -7.962533 6.709129
v -4.375463 -4.637478 6.709129
v -4.367214 -4.591813 6.615736
v -4.35867 -7.987575 6.522343
v -4.35867 -4.545852 6.522343
v -4.350421 -7.999949 6.429243
v -4.350421 -4.499892 6.429243
v -5.333855 -7.974906 6.615736
v -5.325605 -7.962533 6.709129
v -4.375463 -7.962533 6.709129
v -4.367214 -7.974906 6.615736
v -5.342104 -7.987575 6.522343
v -4.35867 -7.987575 6.522343
v -5.350353 -7.999949 6.429243
v -4.350421 -7.999949 6.429243
v -4.367214 -4.591813 6.615736
v -4.375463 -4.637478 6.709129
v -5.325605 -4.637478 6.709129
v -5.333855 -4.591813 6.615736
v -4.35867 -4.545852 6.522343
v -5.342104 -4.545852 6.522343
v -4.350421 -4.499892 6.429243
v -5.350353 -4.499892 6.429243
v -5.342104 -7.987575 6.522343
v -5.350353 -7.999949 6.429243
v -5.350353 -4.499892 6.429243
v -5.342104 -4.545852 6.522343
v -5.333855 -7.974906 6.615736
v -5.333855 -4.591813 6.615736
v -5.325605 -7.962533 6.709129
v -5.325605 -4.637478 6.709129
v -5.333855 -7.974906 8.422331
v -5.325605 -7.962533 8.328938
v -5.325605 -4.637478 8.328938
v -5.333855 -4.591813 8.422331
v -5.342104 -7.987575 8.515724
v -5.342104 -4.545852 8.515724
v -5.350353 -7.999949 8.609119
v -5.350353 -4.499892 8.609119
v -4.367214 -7.974906 8.422331
v -4.375463 -7.962533 8.328938
v -5.325605 -7.962533 8.328938
v -5.333855 -7.974906 8.422331
v -4.35867 -7.987575 8.515724
v -5.342104 -7.987575 8.515724
v -4.350421 -7.999949 8.609119
v -5.350353 -7.999949 8.609119
v -5.333855 -4.591813 8.422331
v -5.325605 -4.637478 8.328938
v -4.375463 -4.637478 8.328938
v -4.367214 -4.591813 8.422331
v -5.342104 -4.545852 8.515724
v -4.35867 -4.545852 8.515724
v -5.350353 -4.499892 8.609119
v -4.350421 -4.499892 8.609119
v -4.35867 -7.987575 8.515724
v -4.350421 -7.999949 8.609119
v -4.350421 -4.499892 8.609119
v -4.35867 -4.545852 8.515724
v -4.367214 -7.974906 8.422331
v -4.367214 -4.591813 8.422331
v -4.375463 -7.962533 8.328938
v -4.375463 -4.637478 8.328938
v -1.767214 -7.974906 1.615781
v -1.775463 -7.962533 1.709174
v -1.775463 -4.637478 1.709174
v -1.767214 -4.591813 1.615781
v -1.75867 -7.987575 1.522387
v -1.75867 -4.545852 1.522387
v -1.750421 -7.999949 1.428993
v -1.750421 -4.499892 1.428993
v -2.733854 -7.974906 1.615781
v -2.725605 -7.962533 1.709174
v -1.775463 -7.962533 1.709174
v -1.767214 -7.974906 1.615781
v -2.742104 -7.987575 1.522387
v -1.75867 -7.987575 1.522387
v -2.750353 -7.999949 1.428993
v -1.750421 -7.999949 1.428993
v -1.767214 -4.591813 1.615781
v -1.775463 -4.637478 1.709174
v -2.725605 -4.637478 1.709174
v -2.733854 -4.591813 1.615781
v -1.75867 -4.545852 1.522387
v -2.742104 -4.545852 1.522387
v -1.750421 -4.499892 1.428993
v -2.750353 -4.499892 1.428993
v -2.742104 -7.987575 1.522387
v -2.750353 -7.999949 1.428993
v -2.750353 -4.499892 1.428993
v -2.742104 -4.545852 1.522387
v -2.733854 -7.974906 1.615781
v -2.733854 -4.591813 1.615781
v -2.725605 -7.962533 1.709174
v -2.725605 -4.637478 1.709174
v -2.733854 -7.974906 3.422376
v -2.725605 -7.962533 3.328982
v -2.725605 -4.637478 3.328982
v -2.733854 -4.591813 3.422376
v -2.742104 -7.987575 3.51577
v -2.742104 -4.545852 3.51577
v -2.750353 -7.999949 3.608869
v -2.750353 -4.499892 3.608869
v -1.767214 -7.974906 3.422376
v -1.775463 -7.962533 3.328982
v -2.725605 -7.962533 3.328982
v -2.733854 -7.974906 3.422376
v -1.75867 -7.987575 3.51577
v -2.742104 -7.987575 3.51577
v -1.750421 -7.999949 3.608869
v -2.750353 -7.999949 3.608869
v -2.733854 -4.591813 3.422376
v -2.725605 -4.637478 3.328982
v -1.775463 -4.637478 3.328982
v -1.767214 -4.591813 3.422376
v -2.742104 -4.545852 3.51577
v -1.75867 -4.545852 3.51577
v -2.750353 -4.499892 3.608869
v -1.750421 -4.499892 3.608869
v -1.75867 -7.987575 3.51577
v -1.750421 -7.999949 3.608869
v -1.750421 -4.499892 3.608869
v -1.75867 -4.545852 3.51577
v -1.767214 -7.974906 3.422376
v -1.767214 -4.591813 3.422376
v -1.775463 -7.962533 3.328982
v -1.775463 -4.637478 3.328982
v -3.067067 -7.974906 1.615781
v -3.075611 -7.962533 1.709174
v -3.075611 -4.637478 1.709174
v -3.067067 -4.591813 1.615781
v -3.058818 -7.987575 1.522387
v -3.058818 -4.545852 1.522387
v -3.050569 -7.999949 1.428993
v -3.050569 -4.499892 1.428993
v -4.033708 -7.974906 1.615781
v -4.025458 -7.962533 1.709174
v -3.075611 -7.962533 1.709174
v -3.067067 -7.974906 1.615781
v -4.042252 -7.987575 1.522387
v -3.058818 -7.987575 1.522387
v -4.050501 -7.999949 1.428993
v -3.050569 -7.999949 1.428993
v -3.067067 -4.591813 1.615781
v -3.075611 -4.637478 1.709174
v -4.025458 -4.637478 1.709174
v -4.033708 -4.591813 1.615781
v -3.058818 -4.545852 1.522387
v -4.042252 -4.545852 1.522387
v -3.050569 -4.499892 1.428993
v -4.050501 -4.499892 1.428993
v -4.042252 -7.987575 1.522387
v -4.050501 -7.999949 1.428993
v -4.050501 -4.499892 1.428993
v -4.042252 -4.545852 1.522387
v -4.033708 -7.974906 1.615781
v -4.033708 -4.591813 1.615781
v -4.025458 -7.962533 1.709174
v -4.025458 -4.637478 1.709174
v -4.033708 -7.974906 3.422376
v -4.025458 -7.962533 3.328982
v -4.025458 -4.637478 3.328982
v -4.033708 -4.591813 3.422376
v -4.042252 -7.987575 3.51577
v -4.042252 -4.545852 3.51577
v -4.050501 -7.999949 3.608869
v -4.050501 -4.499892 3.608869
v -3.067067 -7.974906 3.422376
v -3.075611 -7.962533 3.328982
v -4.025458 -7.962533 3.328982
v -4.033708 -7.974906 3.422376
v -3.058818 -7.987575 3.51577
v -4.042252 -7.987575 3.51577
v -3.050569 -7.999949 3.608869
v -4.050501 -7.999949 3.608869
v -4.033708 -4.591813 3.422376
v -4.025458 -4.637478 3.328982
v -3.075611 -4.637478 3.328982
v -3.067067 -4.591813 3.422376
v -4.042252 -4.545852 3.51577
v -3.058818 -4.545852 3.51577
v -4.050501 -4.499892 3.608869
v -3.050569 -4.499892 3.608869
v -3.058818 -7.987575 3.51577
v -3.050569 -7.999949 3.608869
v -3.050569 -4.499892 3.608869
v -3.058818 -4.545852 3.51577
v -3.067067 -7.974906 3.422376
v -3.067067 -4.591813 3.422376
v -3.075611 -7.962533 3.328982
v -3.075611 -4.637478 3.328982
v -4.367214 -7.974906 1.615781
v -4.375463 -7.962533 1.709174
v -4.375463 -4.637478 1.709174
v -4.367214 -4.591813 1.615781
v -4.35867 -7.987575 1.522387
v -4.35867 -4.545852 1.522387
v -4.350421 -7.999949 1.428993
v -4.350421 -4.499892 1.428993
v -5.333855 -7.974906 1.615781
v -5.325605 -7.962533 1.709174
v -4.375463 -7.962533 1.709174
v -4.367214 -7.974906 1.615781
v -5.342104 -7.987575 1.522387
v -4.35867 -7.987575 1.522387
v -5.350353 -7.999949 1.428993
v -4.350421 -7.999949 1.428993
v -4.367214 -4.591813 1.615781
v -4.375463 -4.637478 1.709174
v -5.325605 -4.637478 1.709174
v -5.333855 -4.591813 1.615781
v -4.35867 -4.545852 1.522387
v -5.342104 -4.545852 1.522387
v -4.350421 -4.499892 1.428993
v -5.350353 -4.499892 1.428993
v -5.342104 -7.987575 1.522387
v -5.350353 -7.999949 1.428993
v -5.350353 -4.499892 1.428993
v -5.342104 -4.545852 1.522387
v -5.333855 -7.974906 1.615781
v -5.333855 -4.591813 1.615781
v -5.325605 -7.962533 1.709174
v -5.325605 -4.637478 1.709174
v -5.333855 -7.974906 3.422376
v -5.325605 -7.962533 3.328982
v -5.325605 -4.637478 3.328982
v -5.333855 -4.591813 3.422376
v -5.342104 -7.987575 3.51577
v -5.342104 -4.545852 3.51577
v -5.350353 -7.999949 3.608869
v -5.350353 -4.499892 3.608869
v -4.367214 -7.974906 3.422376
v -4.375463 -7.962533 3.328982
v -5.325605 -7.962533 3.328982
v -5.333855 -7.974906 3.422376
v -4.35867 -7.987575 3.51577
v -5.342104 -7.987575 3.51577
v -4.350421 -7.999949 3.608869
v -5.350353 -7.999949 3.608869
v -5.333855 -4.591813 3.422376
v -5.325605 -4.637478 3.328982
v -4.375463 -4.637478 3.328982
v -4.367214 -4.591813 3.422376
v -5.342104 -4.545852 3.51577
v -4.35867 -4.545852 3.51577
v -5.350353 -4.499892 3.608869
v -4.350421 -4.499892 3.608869
v -4.35867 -7.987575 3.51577
v -4.350421 -7.999949 3.608869
v -4.350421 -4.499892 3.608869
v -4.35867 -4.545852 3.51577
v -4.367214 -7.974906 3.422376
v -4.367214 -4.591813 3.422376
v -4.375463 -7.962533 3.328982
v -4.375463 -4.637478 3.328982
v 9.308346 -7.974906 6.615736
v 9.300097 -7.962533 6.709129
v 9.300097 -4.637478 6.709129
v 9.308346 -4.591813 6.615736
v 9.316595 -7.987575 6.522343
v 9.316595 -4.545852 6.522343
v 9.325139 -7.999949 6.429243
v 9.325139 -4.499892 6.429243
v 8.341705 -7.974906 6.615736
v 8.349955 -7.962533 6.709129
v 9.300097 -7.962533 6.709129
v 9.308346 -7.974906 6.615736
v 8.333456 -7.987575 6.522343
v 9.316595 -7.987575 6.522343
v 8.324912 -7.999949 6.429243
v 9.325139 -7.999949 6.429243
v 9.308346 -4.591813 6.615736
v 9.300097 -4.637478 6.709129
v 8.349955 -4.637478 6.709129
v 8.341705 -4.591813 6.615736
v 9.316595 -4.545852 6.522343
v 8.333456 -4.545852 6.522343
v 9.325139 -4.499892 6.429243
v 8.324912 -4.499892 6.429243
v 8.333456 -7.987575 6.522343
v 8.324912 -7.999949 6.429243
v 8.324912 -4.499892 6.429243
v 8.333456 -4.545852 6.522343
v 8.341705 -7.974906 6.615736
v 8.341705 -4.591813 6.615736
v 8.349955 -7.962533 6.709129
v 8.349955 -4.637478 6.709129
v 8.341705 -7.974906 8.422331
v 8.349955 -7.962533 8.328938
v 8.349955 -4.637478 8.328938
v 8.341705 -4.591813 8.422331
v 8.333456 -7.987575 8.515724
v 8.333456 -4.545852 8.515724
v 8.324912 -7.999949 8.609119
v 8.324912 -4.499892 8.609119
v 9.308346 -7.974906 8.422331
v 9.300097 -7.962533 8.328938
v 8.349955 -7.962533 8.328938
v 8.341705 -7.974906 8.422331
v 9.316595 -7.987575 8.515724
v 8.333456 -7.987575 8.515724
v 9.325139 -7.999949 8.609119
v 8.324912 -7.999949 8.609119
v 8.341705 -4.591813 8.422331
v 8.349955 -4.637478 8.328938
v 9.300097 -4.637478 8.328938
v 9.308346 -4.591813 8.422331
v 8.333456 -4.545852 8.515724
v 9.316595 -4.545852 8.515724
v 8.324912 -4.499892 8.609119
v 9.325139 -4.499892 8.609119
v 9.316595 -7.987575 8.515724
v 9.325139 -7.999949 8.609119
v 9.325139 -4.499892 8.609119
v 9.316595 -4.545852 8.515724
v 9.308346 -7.974906 8.422331
v 9.308346 -4.591813 8.422331
v 9.300097 -7.962533 8.328938
v 9.300097 -4.637478 8.328938
v 8.008492 -7.974906 6.615736
v 7.999949 -7.962533 6.709129
v 7.999949 -4.637478 6.709129
v 8.008492 -4.591813 6.615736
v 8.016742 -7.987575 6.522343
v 8.016742 -4.545852 6.522343
v 8.024992 -7.999949 6.429243
v 8.024992 -4.499892 6.429243
v 7.041852 -7.974906 6.615736
v 7.050102 -7.962533 6.709129
v 7.999949 -7.962533 6.709129
v 8.008492 -7.974906 6.615736
v 7.033309 -7.987575 6.522343
v 8.016742 -7.987575 6.522343
v 7.025059 -7.999949 6.429243
v 8.024992 -7.999949 6.429243
v 8.008492 -4.591813 6.615736
v 7.999949 -4.637478 6.709129
v 7.050102 -4.637478 6.709129
v 7.041852 -4.591813 6.615736
v 8.016742 -4.545852 6.522343
v 7.033309 -4.545852 6.522343
v 8.024992 -4.499892 6.429243
v 7.025059 -4.499892 6.429243
v 7.033309 -7.987575 6.522343
v 7.025059 -7.999949 6.429243
v 7.025059 -4.499892 6.429243
v 7.033309 -4.545852 6.522343
v 7.041852 -7.974906 6.615736
v 7.041852 -4.591813 6.615736
v 7.050102 -7.962533 6.709129
v 7.050102 -4.637478 6.709129
v 7.041852 -7.974906 8.422331
v 7.050102 -7.962533 8.328938
v 7.050102 -4.637478 8.328938
v 7.041852 -4.591813 8.422331
v 7.033309 -7.987575 8.515724
v 7.033309 -4.545852 8.515724
v 7.025059 -7.999949 8.609119
v 7.025059 -4.499892 8.609119
v 8.008492 -7.974906 8.422331
v 7.999949 -7.962533 8.328938
v 7.050102 -7.962533 8.328938
v 7.041852 -7.974906 8.422331
v 8.016742 -7.987575 8.515724
v 7.033309 -7.987575 8.515724
v 8.024992 -7.999949 8.609119
v 7.025059 -7.999949 8.609119
v 7.041852 -4.591813 8.422331
v 7.050102 -4.637478 8.328938
v 7.999949 -4.637478 8.328938
v 8.008492 -4.591813 8.422331
v 7.033309 -4.545852 8.515724
v 8.016742 -4.545852 8.515724
v 7.025059 -4.499892 8.609119
v 8.024992 -4.499892 8.609119
v 8.016742 -7.987575 8.515724
v 8.024992 -7.999949 8.609119
v 8.024992 -4.499892 8.609119
v 8.016742 -4.545852 8.515724
v 8.008492 -7.974906 8.422331
v 8.008492 -4.591813 8.422331
v 7.999949 -7.962533 8.328938
v 7.999949 -4.637478 8.328938
v 6.708345 -7.974906 6.615736
v 6.700096 -7.962533 6.709129
v 6.700096 -4.637478 6.709129
v 6.708345 -4.591813 6.615736
v 6.716595 -7.987575 6.522343
v 6.716595 -4.545852 6.522343
v 6.725139 -7.999949 6.429243
v 6.725139 -4.499892 6.429243
v 5.741705 -7.974906 6.615736
v 5.749954 -7.962533 6.709129
v 6.700096 -7.962533 6.709129
v 6.708345 -7.974906 6.615736
v 5.733456 -7.987575 6.522343
v 6.716595 -7.987575 6.522343
v 5.724912 -7.999949 6.429243
v 6.725139 -7.999949 6.429243
v 6.708345 -4.591813 6.615736
v 6.700096 -4.637478 6.709129
v 5.749954 -4.637478 6.709129
v 5.741705 -4.591813 6.615736
v 6.716595 -4.545852 6.522343
v 5.733456 -4.545852 6.522343
v 6.725139 -4.499892 6.429243
v 5.724912 -4.499892 6.429243
v 5.733456 -7.987575 6.522343
v 5.724912 -7.999949 6.429243
v 5.724912 -4.499892 6.429243
v 5.733456 -4.545852 6.522343
v 5.741705 -7.974906 6.615736
v 5.741705 -4.591813 6.615736
v 5.749954 -7.962533 6.709129
v 5.749954 -4.637478 6.709129
v 5.741705 -7.974906 8.422331
v 5.749954 -7.962533 8.328938
v 5.749954 -4.637478 8.328938
v 5.741705 -4.591813 8.422331
v 5.733456 -7.987575 8.515724
v 5.733456 -4.545852 8.515724
v 5.724912 -7.999949 8.609119
v 5.724912 -4.499892 8.609119
v 6.708345 -7.974906 8.422331
v 6.700096 -7.962533 8.328938
v 5.749954 -7.962533 8.328938
v 5.741705 -7.974906 8.422331
v 6.716595 -7.987575 8.515724
v 5.733456 -7.987575 8.515724
v 6.725139 -7.999949 8.609119
v 5.724912 -7.999949 8.609119
v 5.741705 -4.591813 8.422331
v 5.749954 -4.637478 8.328938
v 6.700096 -4.637478 8.328938
v 6.708345 -4.591813 8.422331
v 5.733456 -4.545852 8.515724
v 6.716595 -4.545852 8.515724
v 5.724912 -4.499892 8.609119
v 6.725139 -4.499892 8.609119
v 6.716595 -7.987575 8.515724
v 6.725139 -7.999949 8.609119
v 6.725139 -4.499892 8.609119
v 6.716595 -4.545852 8.515724
v 6.708345 -7.974906 8.422331
v 6.708345 -4.591813 8.422331
v 6.700096 -7.962533 8.328938
v 6.700096 -4.637478 8.328938
v 9.308346 -7.974906 1.615781
v 9.300097 -7.962533 1.709174
v 9.300097 -4.637478 1.709174
v 9.308346 -4.591813 1.615781
v 9.316595 -7.987575 1.522387
v 9.316595 -4.545852 1.522387
v 9.325139 -7.999949 1.428993
v 9.325139 -4.499892 1.428993
v 8.341705 -7.974906 1.615781
v 8.349955 -7.962533 1.709174
v 9.300097 -7.962533 1.709174
v 9.308346 -7.974906 1.615781
v 8.333456 -7.987575 1.522387
v 9.316595 -7.987575 1.522387
v 8.324912 -7.999949 1.428993
v 9.325139 -7.999949 1.428993
v 9.308346 -4.591813 1.615781
v 9.300097 -4.637478 1.709174
v 8.349955 -4.637478 1.709174
v 8.341705 -4.591813 1.615781
v 9.316595 -4.545852 1.522387
v 8.333456 -4.545852 1.522387
v 9.325139 -4.499892 1.428993
v 8.324912 -4.499892 1.428993
v 8.333456 -7.987575 1.522387
v 8.324912 -7.999949 1.428993
v 8.324912 -4.499892 1.428993
v 8.333456 -4.545852 1.522387
v 8.341705 -7.974906 1.615781
v 8.341705 -4.591813 1.615781
v 8.349955 -7.962533 1.709174
v 8.349955 -4.637478 1.709174
v 8.341705 -7.974906 3.422376
v 8.349955 -7.962533 3.328982
v 8.349955 -4.637478 3.328982
v 8.341705 -4.591813 3.422376
v 8.333456 -7.987575 3.51577
v 8.333456 -4.545852 3.51577
v 8.324912 -7.999949 3.608869
v 8.324912 -4.499892 3.608869
v 9.308346 -7.974906 3.422376
v 9.300097 -7.962533 3.328982
v 8.349955 -7.962533 3.328982
v 8.341705 -7.974906 3.422376
v 9.316595 -7.987575 3.51577
v 8.333456 -7.987575 3.51577
v 9.325139 -7.999949 3.608869
v 8.324912 -7.999949 3.608869
v 8.341705 -4.591813 3.422376
v 8.349955 -4.637478 3.328982
v 9.300097 -4.637478 3.328982
v 9.308346 -4.591813 3.422376
v 8.333456 -4.545852 3.51577
v 9.316595 -4.545852 3.51577
v 8.324912 -4.499892 3.608869
v 9.325139 -4.499892 3.608869
v 9.316595 -7.987575 3.51577
v 9.325139 -7.999949 3.608869
v 9.325139 -4.499892 3.608869
v 9.316595 -4.545852 3.51577
v 9.308346 -7.974906 3.422376
v 9.308346 -4.591813 3.422376
v 9.300097 -7.962533 3.328982
v 9.300097 -4.637478 3.328982
v 8.008492 -7.974906 1.615781
v 7.999949 -7.962533 1.709174
v 7.999949 -4.637478 1.709174
v 8.008492 -4.591813 1.615781
v 8.016742 -7.987575 1.522387
v 8.016742 -4.545852 1.522387
v 8.024992 -7.999949 1.428993
v 8.024992 -4.499892 1.428993
v 7.041852 -7.974906 1.615781
v 7.050102 -7.962533 1.709174
v 7.999949 -7.962533 1.709174
v 8.008492 -7.974906 1.615781
v 7.033309 -7.987575 1.522387
v 8.016742 -7.987575 1.522387
v 7.025059 -7.999949 1.428993
v 8.024992 -7.999949 1.428993
v 8.008492 -4.591813 1.615781
v 7.999949 -4.637478 1.709174
v 7.050102 -4.637478 1.709174
v 7.041852 -4.591813 1.615781
v 8.016742 -4.545852 1.522387
v 7.033309 -4.545852 1.522387
v 8.024992 -4.499892 1.428993
v 7.025059 -4.499892 1.428993
v 7.033309 -7.987575 1.522387
v 7.025059 -7.999949 1.428993
v 7.025059 -4.499892 1.428993
v 7.033309 -4.545852 1.522387
v 7.041852 -7.974906 1.615781
v 7.041852 -4.591813 1.615781
v 7.050102 -7.962533 1.709174
v 7.050102 -4.637478 1.709174
v 7.041852 -7.974906 3.422376
v 7.050102 -7.962533 3.328982
v 7.050102 -4.637478 3.328982
v 7.041852 -4.591813 3.422376
v 7.033309 -7.987575 3.51577
v 7.033309 -4.545852 3.51577
v 7.025059 -7.999949 3.608869
v 7.025059 -4.499892 3.608869
v 8.008492 -7.974906 3.422376
v 7.999949 -7.962533 3.328982
v 7.050102 -7.962533 3.328982
v 7.041852 -7.974906 3.422376
v 8.016742 -7.987575 3.51577
v 7.033309 -7.987575 3.51577
v 8.024992 -7.999949 3.608869
v 7.025059 -7.999949 3.608869
v 7.041852 -4.591813 3.422376
v 7.050102 -4.637478 3.328982
v 7.999949 -4.637478 3.328982
v 8.008492 -4.591813 3.422376
v 7.033309 -4.545852 3.51577
v 8.016742 -4.545852 3.51577
v 7.025059 -4.499892 3.608869
v 8.024992 -4.499892 3.608869
v 8.016742 -7.987575 3.51577
v 8.024992 -7.999949 3.608869
v 8.024992 -4.499892 3.608869
v 8.016742 -4.545852 3.51577
v 8.008492 -7.974906 3.422376
v 8.008492 -4.591813 3.422376
v 7.999949 -7.962533 3.328982
v 7.999949 -4.637478 3.328982
v 6.708345 -7.974906 1.615781
v 6.700096 -7.962533 1.709174
v 6.700096 -4.637478 1.709174
v 6.708345 -4.591813 1.615781
v 6.716595 -7.987575 1.522387
v 6.716595 -4.545852 1.522387
v 6.725139 -7.999949 1.428993
v 6.725139 -4.499892 1.428993
v 5.741705 -7.974906 1.615781
v 5.749954 -7.962533 1.709174
v 6.700096 -7.962533 1.709174
v 6.708345 -7.974906 1.615781
v 5.733456 -7.987575 1.522387
v 6.716595 -7.987575 1.522387
v 5.724912 -7.999949 1.428993
v 6.725139 -7.999949 1.428993
v 6.708345 -4.591813 1.615781
v 6.700096 -4.637478 1.709174
v 5.749954 -4.637478 1.709174
v 5.741705 -4.591813 1.615781
v 6.716595 -4.545852 1.522387
v 5.733456 -4.545852 1.522387
v 6.725139 -4.499892 1.428993
v 5.724912 -4.499892 1.428993
v 5.733456 -7.987575 1.522387
v 5.724912 -7.999949 1.428993
v 5.724912 -4.499892 1.428993
v 5.733456 -4.545852 1.522387
v 5.741705 -7.974906 1.615781
v 5.741705 -4.591813 1.615781
v 5.749954 -7.962533 1.709174
v 5.749954 -4.637478 1.709174
v 5.741705 -7.974906 3.422376
v 5.749954 -7.962533 3.328982
v 5.749954 -4.637478 3.328982
v 5.741705 -4.591813 3.422376
v 5.733456 -7.987575 3.51577
v 5.733456 -4.545852 3.51577
v 5.724912 -7.999949 3.608869
v 5.724912 -4.499892 3.608869
v 6.708345 -7.974906 3.422376
v 6.700096 -7.962533 3.328982
v 5.749954 -7.962533 3.328982
v 5.741705 -7.974906 3.422376
v 6.716595 -7.987575 3.51577
v 5.733456 -7.987575 3.51577
v 6.725139 -7.999949 3.608869
v 5.724912 -7.999949 3.608869
v 5.741705 -4.591813 3.422376
v 5.749954 -4.637478 3.328982
v 6.700096 -4.637478 3.328982
v 6.708345 -4.591813 3.422376
v 5.733456 -4.545852 3.51577
v 6.716595 -4.545852 3.51577
v 5.724912 -4.499892 3.608869
v 6.725139 -4.499892 3.608869
v 6.716595 -7.987575 3.51577
v 6.725139 -7.999949 3.608869
v 6.725139 -4.499892 3.608869
v 6.716595 -4.545852 3.51577
v 6.708345 -7.974906 3.422376
v 6.708345 -4.591813 3.422376
v 6.700096 -7.962533 3.328982
v 6.700096 -4.637478 3.328982
v 3.76158 -7.974906 6.615736
v 3.753331 -7.962533 6.709129
v 3.753331 -4.637478 6.709129
v 3.76158 -4.591813 6.615736
v 3.769829 -7.987575 6.522343
v 3.769829 -4.545852 6.522343
v 3.778373 -7.999949 6.429243
v 3.778373 -4.499892 6.429243
v 2.79494 -7.974906 6.615736
v 2.803189 -7.962533 6.709129
v 3.753331 -7.962533 6.709129
v 3.76158 -7.974906 6.615736
v 2.78669 -7.987575 6.522343
v 3.769829 -7.987575 6.522343
v 2.778146 -7.999949 6.429243
v 3.778373 -7.999949 6.429243
v 3.76158 -4.591813 6.615736
v 3.753331 -4.637478 6.709129
v 2.803189 -4.637478 6.709129
v 2.79494 -4.591813 6.615736
v 3.769829 -4.545852 6.522343
v 2.78669 -4.545852 6.522343
v 3.778373 -4.499892 6.429243
v 2.778146 -4.499892 6.429243
v 2.78669 -7.987575 6.522343
v 2.778146 -7.999949 6.429243
v 2.778146 -4.499892 6.429243
v 2.78669 -4.545852 6.522343
v 2.79494 -7.974906 6.615736
v 2.79494 -4.591813 6.615736
v 2.803189 -7.962533 6.709129
v 2.803189 -4.637478 6.709129
v 2.79494 -7.974906 8.422331
v 2.803189 -7.962533 8.328938
v 2.803189 -4.637478 8.328938
v 2.79494 -4.591813 8.422331
v 2.78669 -7.987575 8.515724
v 2.78669 -4.545852 8.515724
v 2.778146 -7.999949 8.609119
v 2.778146 -4.499892 8.609119
v 3.76158 -7.974906 8.422331
v 3.753331 -7.962533 8.328938
v 2.803189 -7.962533 8.328938
v 2.79494 -7.974906 8.422331
v 3.769829 -7.987575 8.515724
v 2.78669 -7.987575 8.515724
v 3.778373 -7.999949 8.609119
v 2.778146 -7.999949 8.609119
v 2.79494 -4.591813 8.422331
v 2.803189 -4.637478 8.328938
v 3.753331 -4.637478 8.328938
v 3.76158 -4.591813 8.422331
v 2.78669 -4.545852 8.515724
v 3.769829 -4.545852 8.515724
v 2.778146 -4.499892 8.609119
v 3.778373 -4.499892 8.609119
v 3.769829 -7.987575 8.515724
v 3.778373 -7.999949 8.609119
v 3.778373 -4.499892 8.609119
v 3.769829 -4.545852 8.515724
v 3.76158 -7.974906 8.422331
v 3.76158 -4.591813 8.422331
v 3.753331 -7.962533 8.328938
v 3.753331 -4.637478 8.328938
v 2.461727 -7.974906 6.615736
v 2.453183 -7.962533 6.709129
v 2.453183 -4.637478 6.709129
v 2.461727 -4.591813 6.615736
v 2.469976 -7.987575 6.522343
v 2.469976 -4.545852 6.522343
v 2.478226 -7.999949 6.429243
v 2.478226 -4.499892 6.429243
v 1.495087 -7.974906 6.615736
v 1.503336 -7.962533 6.709129
v 2.453183 -7.962533 6.709129
v 2.461727 -7.974906 6.615736
v 1.486543 -7.987575 6.522343
v 2.469976 -7.987575 6.522343
v 1.478293 -7.999949 6.429243
v 2.478226 -7.999949 6.429243
v 2.461727 -4.591813 6.615736
v 2.453183 -4.637478 6.709129
v 1.503336 -4.637478 6.709129
v 1.495087 -4.591813 6.615736
v 2.469976 -4.545852 6.522343
v 1.486543 -4.545852 6.522343
v 2.478226 -4.499892 6.429243
v 1.478293 -4.499892 6.429243
v 1.486543 -7.987575 6.522343
v 1.478293 -7.999949 6.429243
v 1.478293 -4.499892 6.429243
v 1.486543 -4.545852 6.522343
v 1.495087 -7.974906 6.615736
v 1.495087 -4.591813 6.615736
v 1.503336 -7.962533 6.709129
v 1.503336 -4.637478 6.709129
v 1.495087 -7.974906 8.422331
v 1.503336 -7.962533 8.328938
v 1.503336 -4.637478 8.328938
v 1.495087 -4.591813 8.422331
v 1.486543 -7.987575 8.515724
v 1.486543 -4.545852 8.515724
v 1.478293 -7.999949 8.609119
v 1.478293 -4.499892 8.609119
v 2.461727 -7.974906 8.422331
v 2.453183 -7.962533 8.328938
v 1.503336 -7.962533 8.328938
v 1.495087 -7.974906 8.422331
v 2.469976 -7.987575 8.515724
v 1.486543 -7.987575 8.515724
v 2.478226 -7.999949 8.609119
v 1.478293 -7.999949 8.609119
v 1.495087 -4.591813 8.422331
v 1.503336 -4.637478 8.328938
v 2.453183 -4.637478 8.328938
v 2.461727 -4.591813 8.422331
v 1.486543 -4.545852 8.515724
v 2.469976 -4.545852 8.515724
v 1.478293 -4.499892 8.609119
v 2.478226 -4.499892 8.609119
v 2.469976 -7.987575 8.515724
v 2.478226 -7.999949 8.609119
v 2.478226 -4.499892 8.609119
v 2.469976 -4.545852 8.515724
v 2.461727 -7.974906 8.422331
v 2.461727 -4.591813 8.422331
v 2.453183 -7.962533 8.328938
v 2.453183 -4.637478 8.328938
v 1.161579 -7.974906 6.615736
v 1.15333 -7.962533 6.709129
v 1.15333 -4.637478 6.709129
v 1.161579 -4.591813 6.615736
v 1.169828 -7.987575 6.522343
v 1.169828 -4.545852 6.522343
v 1.178372 -7.999949 6.429243
v 1.178372 -4.499892 6.429243
v 0.1949396 -7.974906 6.615736
v 0.2031889 -7.962533 6.709129
v 1.15333 -7.962533 6.709129
v 1.161579 -7.974906 6.615736
v 0.1866903 -7.987575 6.522343
v 1.169828 -7.987575 6.522343
v 0.1781464 -7.999949 6.429243
v 1.178372 -7.999949 6.429243
v 1.161579 -4.591813 6.615736
v 1.15333 -4.637478 6.709129
v 0.2031889 -4.637478 6.709129
v 0.1949396 -4.591813 6.615736
v 1.169828 -4.545852 6.522343
v 0.1866903 -4.545852 6.522343
v 1.178372 -4.499892 6.429243
v 0.1781464 -4.499892 6.429243
v 0.1866903 -7.987575 6.522343
v 0.1781464 -7.999949 6.429243
v 0.1781464 -4.499892 6.429243
v 0.1866903 -4.545852 6.522343
v 0.1949396 -7.974906 6.615736
v 0.1949396 -4.591813 6.615736
v 0.2031889 -7.962533 6.709129
v 0.2031889 -4.637478 6.709129
v 0.1949396 -7.974906 8.422331
v 0.2031889 -7.962533 8.328938
v 0.2031889 -4.637478 8.328938
v 0.1949396 -4.591813 8.422331
v 0.1866903 -7.987575 8.515724
v 0.1866903 -4.545852 8.515724
v 0.1781464 -7.999949 8.609119
v 0.1781464 -4.499892 8.609119
v 1.161579 -7.974906 8.422331
v 1.15333 -7.962533 8.328938
v 0.2031889 -7.962533 8.328938
v 0.1949396 -7.974906 8.422331
v 1.169828 -7.987575 8.515724
v 0.1866903 -7.987575 8.515724
v 1.178372 -7.999949 8.609119
v 0.1781464 -7.999949 8.609119
v 0.1949396 -4.591813 8.422331
v 0.2031889 -4.637478 8.328938
v 1.15333 -4.637478 8.328938
v 1.161579 -4.591813 8.422331
v 0.1866903 -4.545852 8.515724
v 1.169828 -4.545852 8.515724
v 0.1781464 -4.499892 8.609119
v 1.178372 -4.499892 8.609119
v 1.169828 -7.987575 8.515724
v 1.178372 -7.999949 8.609119
v 1.178372 -4.499892 8.609119
v 1.169828 -4.545852 8.515724
v 1.161579 -7.974906 8.422331
v 1.161579 -4.591813 8.422331
v 1.15333 -7.962533 8.328938
v 1.15333 -4.637478 8.328938
v 3.76158 -7.974906 1.615781
v 3.753331 -7.962533 1.709174
v 3.753331 -4.637478 1.709174
v 3.76158 -4.591813 1.615781
v 3.769829 -7.987575 1.522387
v 3.769829 -4.545852 1.522387
v 3.778373 -7.999949 1.428993
v 3.778373 -4.499892 1.428993
v 2.79494 -7.974906 1.615781
v 2.803189 -7.962533 1.709174
v 3.753331 -7.962533 1.709174
v 3.76158 -7.974906 1.615781
v 2.78669 -7.987575 1.522387
v 3.769829 -7.987575 1.522387
v 2.778146 -7.999949 1.428993
v 3.778373 -7.999949 1.428993
v 3.76158 -4.591813 1.615781
v 3.753331 -4.637478 1.709174
v 2.803189 -4.637478 1.709174
v 2.79494 -4.591813 1.615781
v 3.769829 -4.545852 1.522387
v 2.78669 -4.545852 1.522387
v 3.778373 -4.499892 1.428993
v 2.778146 -4.499892 1.428993
v 2.78669 -7.987575 1.522387
v 2.778146 -7.999949 1.428993
v 2.778146 -4.499892 1.428993
v 2.78669 -4.545852 1.522387
v 2.79494 -7.974906 1.615781
v 2.79494 -4.591813 1.615781
v 2.803189 -7.962533 1.709174
v 2.803189 -4.637478 1.709174
v 2.79494 -7.974906 3.422376
v 2.803189 -7.962533 3.328982
v 2.803189 -4.637478 3.328982
v 2.79494 -4.591813 3.422376
v 2.78669 -7.987575 3.51577
v 2.78669 -4.545852 3.51577
v 2.778146 -7.999949 3.608869
v 2.778146 -4.499892 3.608869
v 3.76158 -7.974906 3.422376
v 3.753331 -7.962533 3.328982
v 2.803189 -7.962533 3.328982
v 2.79494 -7.974906 3.422376
v 3.769829 -7.987575 3.51577
v 2.78669 -7.987575 3.51577
v 3.778373 -7.999949 3.608869
v 2.778146 -7.999949 3.608869
v 2.79494 -4.591813 3.422376
v 2.803189 -4.637478 3.328982
v 3.753331 -4.637478 3.328982
v 3.76158 -4.591813 3.422376
v 2.78669 -4.545852 3.51577
v 3.769829 -4.545852 3.51577
v 2.778146 -4.499892 3.608869
v 3.778373 -4.499892 3.608869
v 3.769829 -7.987575 3.51577
v 3.778373 -7.999949 3.608869
v 3.778373 -4.499892 3.608869
v 3.769829 -4.545852 3.51577
v 3.76158 -7.974906 3.422376
v 3.76158 -4.591813 3.422376
v 3.753331 -7.962533 3.328982
v 3.753331 -4.637478 3.328982
v 2.461727 -7.974906 1.615781
v 2.453183 -7.962533 1.709174
v 2.453183 -4.637478 1.709174
v 2.461727 -4.591813 1.615781
v 2.469976 -7.987575 1.522387
v 2.469976 -4.545852 1.522387
v 2.478226 -7.999949 1.428993
v 2.478226 -4.499892 1.428993
v 1.495087 -7.974906 1.615781
v 1.503336 -7.962533 1.709174
v 2.453183 -7.962533 1.709174
v 2.461727 -7.974906 1.615781
v 1.486543 -7.987575 1.522387
v 2.469976 -7.987575 1.522387
v 1.478293 -7.999949 1.428993
v 2.478226 -7.999949 1.428993
v 2.461727 -4.591813 1.615781
v 2.453183 -4.637478 1.709174
v 1.503336 -4.637478 1.709174
v 1.495087 -4.591813 1.615781
v 2.469976 -4.545852 1.522387
v 1.486543 -4.545852 1.522387
v 2.478226 -4.499892 1.428993
v 1.478293 -4.499892 1.428993
v 1.486543 -7.987575 1.522387
v 1.478293 -7.999949 1.428993
v 1.478293 -4.499892 1.428993
v 1.486543 -4.545852 1.522387
v 1.495087 -7.974906 1.615781
v 1.495087 -4.591813 1.615781
v 1.503336 -7.962533 1.709174
v 1.503336 -4.637478 1.709174
v 1.495087 -7.974906 3.422376
v 1.503336 -7.962533 3.328982
v 1.503336 -4.637478 3.328982
v 1.495087 -4.591813 3.422376
v 1.486543 -7.987575 3.51577
v 1.486543 -4.545852 3.51577
v 1.478293 -7.999949 3.608869
v 1.478293 -4.499892 3.608869
v 2.461727 -7.974906 3.422376
v 2.453183 -7.962533 3.328982
v 1.503336 -7.962533 3.328982
v 1.495087 -7.974906 3.422376
v 2.469976 -7.987575 3.51577
v 1.486543 -7.987575 3.51577
v 2.478226 -7.999949 3.608869
v 1.478293 -7.999949 3.608869
v 1.495087 -4.591813 3.422376
v 1.503336 -4.637478 3.328982
v 2.453183 -4.637478 3.328982
v 2.461727 -4.591813 3.422376
v 1.486543 -4.545852 3.51577
v 2.469976 -4.545852 3.51577
v 1.478293 -4.499892 3.608869
v 2.478226 -4.499892 3.608869
v 2.469976 -7.987575 3.51577
v 2.478226 -7.999949 3.608869
v 2.478226 -4.499892 3.608869
v 2.469976 -4.545852 3.51577
v 2.461727 -7.974906 3.422376
v 2.461727 -4.591813 3.422376
v 2.453183 -7.962533 3.328982
v 2.453183 -4.637478 3.328982
v 1.161579 -7.974906 1.615781
v 1.15333 -7.962533 1.709174
v 1.15333 -4.637478 1.709174
v 1.161579 -4.591813 1.615781
v 1.169828 -7.987575 1.522387
v 1.169828 -4.545852 1.522387
v 1.178372 -7.999949 1.428993
v 1.178372 -4.499892 1.428993
v 0.1949396 -7.974906 1.615781
v 0.2031889 -7.962533 1.709174
v 1.15333 -7.962533 1.709174
v 1.161579 -7.974906 1.615781
v 0.1866903 -7.987575 1.522387
v 1.169828 -7.987575 1.522387
v 0.1781464 -7.999949 1.428993
v 1.178372 -7.999949 1.428993
v 1.161579 -4.591813 1.615781
v 1.15333 -4.637478 1.709174
v 0.2031889 -4.637478 1.709174
v 0.1949396 -4.591813 1.615781
v 1.169828 -4.545852 1.522387
v 0.1866903 -4.545852 1.522387
v 1.178372 -4.499892 1.428993
v 0.1781464 -4.499892 1.428993
v 0.1866903 -7.987575 1.522387
v 0.1781464 -7.999949 1.428993
v 0.1781464 -4.499892 1.428993
v 0.1866903 -4.545852 1.522387
v 0.1949396 -7.974906 1.615781
v 0.1949396 -4.591813 1.615781
v 0.2031889 -7.962533 1.709174
v 0.2031889 -4.637478 1.709174
v 0.1949396 -7.974906 3.422376
v 0.2031889 -7.962533 3.328982
v 0.2031889 -4.637478 3.328982
v 0.1949396 -4.591813 3.422376
v 0.1866903 -7.987575 3.51577
v 0.1866903 -4.545852 3.51577
v 0.1781464 -7.999949 3.608869
v 0.1781464 -4.499892 3.608869
v 1.161579 -7.974906 3.422376
v 1.15333 -7.962533 3.328982
v 0.2031889 -7.962533 3.328982
v 0.1949396 -7.974906 3.422376
v 1.169828 -7.987575 3.51577
v 0.1866903 -7.987575 3.51577
v 1.178372 -7.999949 3.608869
v 0.1781464 -7.999949 3.608869
v 0.1949396 -4.591813 3.422376
v 0.2031889 -4.637478 3.328982
v 1.15333 -4.637478 3.328982
v 1.161579 -4.591813 3.422376
v 0.1866903 -4.545852 3.51577
v 1.169828 -4.545852 3.51577
v 0.1781464 -4.499892 3.608869
v 1.178372 -4.499892 3.608869
v 1.169828 -7.987575 3.51577
v 1.178372 -7.999949 3.608869
v 1.178372 -4.499892 3.608869
v 1.169828 -4.545852 3.51577
v 1.161579 -7.974906 3.422376
v 1.161579 -4.591813 3.422376
v 1.15333 -7.962533 3.328982
v 1.15333 -4.637478 3.328982
v 4.171982 -7.974906 -5.6106
v 4.265376 -7.962533 -5.602351
v 4.265376 -4.637478 -5.602351
v 4.171982 -4.591813 -5.6106
v 4.078883 -7.987575 -5.619144
v 4.078883 -4.545852 -5.619144
v 3.985489 -7.999949 -5.627393
v 3.985489 -4.499892 -5.627393
v 4.171982 -7.974906 -4.64396
v 4.265376 -7.962533 -4.652503
v 4.265376 -7.962533 -5.602351
v 4.171982 -7.974906 -5.6106
v 4.078883 -7.987575 -4.63571
v 4.078883 -7.987575 -5.619144
v 3.985489 -7.999949 -4.627461
v 3.985489 -7.999949 -5.627393
v 4.171982 -4.591813 -5.6106
v 4.265376 -4.637478 -5.602351
v 4.265376 -4.637478 -4.652503
v 4.171982 -4.591813 -4.64396
v 4.078883 -4.545852 -5.619144
v 4.078883 -4.545852 -4.63571
v 3.985489 -4.499892 -5.627393
v 3.985489 -4.499892 -4.627461
v 4.078883 -7.987575 -4.63571
v 3.985489 -7.999949 -4.627461
v 3.985489 -4.499892 -4.627461
v 4.078883 -4.545852 -4.63571
v 4.171982 -7.974906 -4.64396
v 4.171982 -4.591813 -4.64396
v 4.265376 -7.962533 -4.652503
v 4.265376 -4.637478 -4.652503
v 7.872085 -7.974906 -4.64396
v 7.778691 -7.962533 -4.652503
v 7.778691 -4.637478 -4.652503
v 7.872085 -4.591813 -4.64396
v 7.965479 -7.987575 -4.63571
v 7.965479 -4.545852 -4.63571
v 8.058872 -7.999949 -4.627461
v 8.058872 -4.499892 -4.627461
v 7.872085 -7.974906 -5.6106
v 7.778691 -7.962533 -5.602351
v 7.778691 -7.962533 -4.652503
v 7.872085 -7.974906 -4.64396
v 7.965479 -7.987575 -5.619144
v 7.965479 -7.987575 -4.63571
v 8.058872 -7.999949 -5.627393
v 8.058872 -7.999949 -4.627461
v 7.872085 -4.591813 -4.64396
v 7.778691 -4.637478 -4.652503
v 7.778691 -4.637478 -5.602351
v 7.872085 -4.591813 -5.6106
v 7.965479 -4.545852 -4.63571
v 7.965479 -4.545852 -5.619144
v 8.058872 -4.499892 -4.627461
v 8.058872 -4.499892 -5.627393
v 7.965479 -7.987575 -5.619144
v 8.058872 -7.999949 -5.627393
v 8.058872 -4.499892 -5.627393
v 7.965479 -4.545852 -5.619144
v 7.872085 -7.974906 -5.6106
v 7.872085 -4.591813 -5.6106
v 7.778691 -7.962533 -5.602351
v 7.778691 -4.637478 -5.602351
v 4.171982 -7.974906 -4.310747
v 4.265376 -7.962533 -4.302498
v 4.265376 -4.637478 -4.302498
v 4.171982 -4.591813 -4.310747
v 4.078883 -7.987575 -4.318996
v 4.078883 -4.545852 -4.318996
v 3.985489 -7.999949 -4.327246
v 3.985489 -4.499892 -4.327246
v 4.171982 -7.974906 -3.344107
v 4.265376 -7.962533 -3.352356
v 4.265376 -7.962533 -4.302498
v 4.171982 -7.974906 -4.310747
v 4.078883 -7.987575 -3.335563
v 4.078883 -7.987575 -4.318996
v 3.985489 -7.999949 -3.327313
v 3.985489 -7.999949 -4.327246
v 4.171982 -4.591813 -4.310747
v 4.265376 -4.637478 -4.302498
v 4.265376 -4.637478 -3.352356
v 4.171982 -4.591813 -3.344107
v 4.078883 -4.545852 -4.318996
v 4.078883 -4.545852 -3.335563
v 3.985489 -4.499892 -4.327246
v 3.985489 -4.499892 -3.327313
v 4.078883 -7.987575 -3.335563
v 3.985489 -7.999949 -3.327313
v 3.985489 -4.499892 -3.327313
v 4.078883 -4.545852 -3.335563
v 4.171982 -7.974906 -3.344107
v 4.171982 -4.591813 -3.344107
v 4.265376 -7.962533 -3.352356
v 4.265376 -4.637478 -3.352356
v 7.872085 -7.974906 -3.344107
v 7.778691 -7.962533 -3.352356
v 7.778691 -4.637478 -3.352356
v 7.872085 -4.591813 -3.344107
v 7.965479 -7.987575 -3.335563
v 7.965479 -4.545852 -3.335563
v 8.058872 -7.999949 -3.327313
v 8.058872 -4.499892 -3.327313
v 7.872085 -7.974906 -4.310747
v 7.778691 -7.962533 -4.302498
v 7.778691 -7.962533 -3.352356
v 7.872085 -7.974906 -3.344107
v 7.965479 -7.987575 -4.318996
v 7.965479 -7.987575 -3.335563
v 8.058872 -7.999949 -4.327246
v 8.058872 -7.999949 -3.327313
v 7.872085 -4.591813 -3.344107
v 7.778691 -4.637478 -3.352356
v 7.778691 -4.637478 -4.302498
v 7.872085 -4.591813 -4.310747
v 7.965479 -4.545852 -3.335563
v 7.965479 -4.545852 -4.318996
v 8.058872 -4.499892 -3.327313
v 8.058872 -4.499892 -4.327246
v 7.965479 -7.987575 -4.318996
v 8.058872 -7.999949 -4.327246
v 8.058872 -4.499892 -4.327246
v 7.965479 -4.545852 -4.318996
v 7.872085 -7.974906 -4.310747
v 7.872085 -4.591813 -4.310747
v 7.778691 -7.962533 -4.302498
v 7.778691 -4.637478 -4.302498
v 4.171982 -7.974906 -3.0106
v 4.265376 -7.962533 -3.00235
v 4.265376 -4.637478 -3.00235
v 4.171982 -4.591813 -3.0106
v 4.078883 -7.987575 -3.019144
v 4.078883 -4.545852 -3.019144
v 3.985489 -7.999949 -3.027393
v 3.985489 -4.499892 -3.027393
v 4.171982 -7.974906 -2.043959
v 4.265376 -7.962533 -2.052503
v 4.265376 -7.962533 -3.00235
v 4.171982 -7.974906 -3.0106
v 4.078883 -7.987575 -2.03571
v 4.078883 -7.987575 -3.019144
v 3.985489 -7.999949 -2.027461
v 3.985489 -7.999949 -3.027393
v 4.171982 -4.591813 -3.0106
v 4.265376 -4.637478 -3.00235
v 4.265376 -4.637478 -2.052503
v 4.171982 -4.591813 -2.043959
v 4.078883 -4.545852 -3.019144
v 4.078883 -4.545852 -2.03571
v 3.985489 -4.499892 -3.027393
v 3.985489 -4.499892 -2.027461
v 4.078883 -7.987575 -2.03571
v 3.985489 -7.999949 -2.027461
v 3.985489 -4.499892 -2.027461
v 4.078883 -4.545852 -2.03571
v 4.171982 -7.974906 -2.043959
v 4.171982 -4.591813 -2.043959
v 4.265376 -7.962533 -2.052503
v 4.265376 -4.637478 -2.052503
v 7.872085 -7.974906 -2.043959
v 7.778691 -7.962533 -2.052503
v 7.778691 -4.637478 -2.052503
v 7.872085 -4.591813 -2.043959
v 7.965479 -7.987575 -2.03571
v 7.965479 -4.545852 -2.03571
v 8.058872 -7.999949 -2.027461
v 8.058872 -4.499892 -2.027461
v 7.872085 -7.974906 -3.0106
v 7.778691 -7.962533 -3.00235
v 7.778691 -7.962533 -2.052503
v 7.872085 -7.974906 -2.043959
v 7.965479 -7.987575 -3.019144
v 7.965479 -7.987575 -2.03571
v 8.058872 -7.999949 -3.027393
v 8.058872 -7.999949 -2.027461
v 7.872085 -4.591813 -2.043959
v 7.778691 -4.637478 -2.052503
v 7.778691 -4.637478 -3.00235
v 7.872085 -4.591813 -3.0106
v 7.965479 -4.545852 -2.03571
v 7.965479 -4.545852 -3.019144
v 8.058872 -4.499892 -2.027461
v 8.058872 -4.499892 -3.027393
v 7.965479 -7.987575 -3.019144
v 8.058872 -7.999949 -3.027393
v 8.058872 -4.499892 -3.027393
v 7.965479 -4.545852 -3.019144
v 7.872085 -7.974906 -3.0106
v 7.872085 -4.591813 -3.0106
v 7.778691 -7.962533 -3.00235
v 7.778691 -4.637478 -3.00235
v -1.775463 0.03751373 1.709174
v -1.83203 0.1253099 1.709174
v -1.83203 3.274773 1.709174
v -1.775463 3.362569 1.709174
v -2.725605 0.03751373 1.709174
v -2.669039 0.1253099 1.709174
v -1.775463 0.03751373 1.709174
v -2.725605 3.362569 1.709174
v -2.669039 3.274773 1.709174
v -2.725605 0.03751373 1.709174
v -1.775463 3.362569 1.709174
v -2.725605 3.362569 1.709174
v -2.725605 0.03751373 3.328982
v -2.669039 0.1253099 3.328982
v -2.669039 3.274773 3.328982
v -2.725605 3.362569 3.328982
v -1.775463 0.03751373 3.328982
v -1.83203 0.1253099 3.328982
v -2.725605 0.03751373 3.328982
v -1.775463 3.362569 3.328982
v -1.83203 3.274773 3.328982
v -1.775463 0.03751373 3.328982
v -2.725605 3.362569 3.328982
v -1.775463 3.362569 3.328982
v -3.075611 0.03751373 1.709174
v -3.131883 0.1253099 1.709174
v -3.131883 3.274773 1.709174
v -3.075611 3.362569 1.709174
v -4.025458 0.03751373 1.709174
v -3.968891 0.1253099 1.709174
v -3.075611 0.03751373 1.709174
v -4.025458 3.362569 1.709174
v -3.968891 3.274773 1.709174
v -4.025458 0.03751373 1.709174
v -3.075611 3.362569 1.709174
v -4.025458 3.362569 1.709174
v -4.025458 0.03751373 3.328982
v -3.968891 0.1253099 3.328982
v -3.968891 3.274773 3.328982
v -4.025458 3.362569 3.328982
v -3.075611 0.03751373 3.328982
v -3.131883 0.1253099 3.328982
v -4.025458 0.03751373 3.328982
v -3.075611 3.362569 3.328982
v -3.131883 3.274773 3.328982
v -3.075611 0.03751373 3.328982
v -4.025458 3.362569 3.328982
v -3.075611 3.362569 3.328982
v -4.375463 0.03751373 1.709174
v -4.432031 0.1253099 1.709174
v -4.432031 3.274773 1.709174
v -4.375463 3.362569 1.709174
v -5.325605 0.03751373 1.709174
v -5.269039 0.1253099 1.709174
v -4.375463 0.03751373 1.709174
v -5.325605 3.362569 1.709174
v -5.269039 3.274773 1.709174
v -5.325605 0.03751373 1.709174
v -4.375463 3.362569 1.709174
v -5.325605 3.362569 1.709174
v -5.325605 0.03751373 3.328982
v -5.269039 0.1253099 3.328982
v -5.269039 3.274773 3.328982
v -5.325605 3.362569 3.328982
v -4.375463 0.03751373 3.328982
v -4.432031 0.1253099 3.328982
v -5.325605 0.03751373 3.328982
v -4.375463 3.362569 3.328982
v -4.432031 3.274773 3.328982
v -4.375463 0.03751373 3.328982
v -5.325605 3.362569 3.328982
v -4.375463 3.362569 3.328982
v 6.224583 0.03751373 1.709174
v 6.168016 0.1253099 1.709174
v 6.168016 3.274773 1.709174
v 6.224583 3.362569 1.709174
v 5.274441 0.03751373 1.709174
v 5.331008 0.1253099 1.709174
v 6.224583 0.03751373 1.709174
v 5.274441 3.362569 1.709174
v 5.331008 3.274773 1.709174
v 5.274441 0.03751373 1.709174
v 6.224583 3.362569 1.709174
v 5.274441 3.362569 1.709174
v 5.274441 0.03751373 3.328982
v 5.331008 0.1253099 3.328982
v 5.331008 3.274773 3.328982
v 5.274441 3.362569 3.328982
v 6.224583 0.03751373 3.328982
v 6.168016 0.1253099 3.328982
v 5.274441 0.03751373 3.328982
v 6.224583 3.362569 3.328982
v 6.168016 3.274773 3.328982
v 6.224583 0.03751373 3.328982
v 5.274441 3.362569 3.328982
v 6.224583 3.362569 3.328982
v 4.924436 0.03751373 1.709174
v 4.868164 0.1253099 1.709174
v 4.868164 3.274773 1.709174
v 4.924436 3.362569 1.709174
v 3.974588 0.03751373 1.709174
v 4.03086 0.1253099 1.709174
v 4.924436 0.03751373 1.709174
v 3.974588 3.362569 1.709174
v 4.03086 3.274773 1.709174
v 3.974588 0.03751373 1.709174
v 4.924436 3.362569 1.709174
v 3.974588 3.362569 1.709174
v 3.974588 0.03751373 3.328982
v 4.03086 0.1253099 3.328982
v 4.03086 3.274773 3.328982
v 3.974588 3.362569 3.328982
v 4.924436 0.03751373 3.328982
v 4.868164 0.1253099 3.328982
v 3.974588 0.03751373 3.328982
v 4.924436 3.362569 3.328982
v 4.868164 3.274773 3.328982
v 4.924436 0.03751373 3.328982
v 3.974588 3.362569 3.328982
v 4.924436 3.362569 3.328982
v 3.624583 0.03751373 1.709174
v 3.568016 0.1253099 1.709174
v 3.568016 3.274773 1.709174
v 3.624583 3.362569 1.709174
v 2.674441 0.03751373 1.709174
v 2.731008 0.1253099 1.709174
v 3.624583 0.03751373 1.709174
v 2.674441 3.362569 1.709174
v 2.731008 3.274773 1.709174
v 2.674441 0.03751373 1.709174
v 3.624583 3.362569 1.709174
v 2.674441 3.362569 1.709174
v 2.674441 0.03751373 3.328982
v 2.731008 0.1253099 3.328982
v 2.731008 3.274773 3.328982
v 2.674441 3.362569 3.328982
v 3.624583 0.03751373 3.328982
v 3.568016 0.1253099 3.328982
v 2.674441 0.03751373 3.328982
v 3.624583 3.362569 3.328982
v 3.568016 3.274773 3.328982
v 3.624583 0.03751373 3.328982
v 2.674441 3.362569 3.328982
v 3.624583 3.362569 3.328982
v -1.775463 -7.962533 6.709129
v -1.83203 -7.874736 6.709129
v -1.83203 -4.725274 6.709129
v -1.775463 -4.637478 6.709129
v -2.725605 -7.962533 6.709129
v -2.669039 -7.874736 6.709129
v -1.775463 -7.962533 6.709129
v -2.725605 -4.637478 6.709129
v -2.669039 -4.725274 6.709129
v -2.725605 -7.962533 6.709129
v -1.775463 -4.637478 6.709129
v -2.725605 -4.637478 6.709129
v -2.725605 -7.962533 8.328938
v -2.669039 -7.874736 8.328938
v -2.669039 -4.725274 8.328938
v -2.725605 -4.637478 8.328938
v -1.775463 -7.962533 8.328938
v -1.83203 -7.874736 8.328938
v -2.725605 -7.962533 8.328938
v -1.775463 -4.637478 8.328938
v -1.83203 -4.725274 8.328938
v -1.775463 -7.962533 8.328938
v -2.725605 -4.637478 8.328938
v -1.775463 -4.637478 8.328938
v -3.075611 -7.962533 6.709129
v -3.131883 -7.874736 6.709129
v -3.131883 -4.725274 6.709129
v -3.075611 -4.637478 6.709129
v -4.025458 -7.962533 6.709129
v -3.968891 -7.874736 6.709129
v -3.075611 -7.962533 6.709129
v -4.025458 -4.637478 6.709129
v -3.968891 -4.725274 6.709129
v -4.025458 -7.962533 6.709129
v -3.075611 -4.637478 6.709129
v -4.025458 -4.637478 6.709129
v -4.025458 -7.962533 8.328938
v -3.968891 -7.874736 8.328938
v -3.968891 -4.725274 8.328938
v -4.025458 -4.637478 8.328938
v -3.075611 -7.962533 8.328938
v -3.131883 -7.874736 8.328938
v -4.025458 -7.962533 8.328938
v -3.075611 -4.637478 8.328938
v -3.131883 -4.725274 8.328938
v -3.075611 -7.962533 8.328938
v -4.025458 -4.637478 8.328938
v -3.075611 -4.637478 8.328938
v -4.375463 -7.962533 6.709129
v -4.432031 -7.874736 6.709129
v -4.432031 -4.725274 6.709129
v -4.375463 -4.637478 6.709129
v -5.325605 -7.962533 6.709129
v -5.269039 -7.874736 6.709129
v -4.375463 -7.962533 6.709129
v -5.325605 -4.637478 6.709129
v -5.269039 -4.725274 6.709129
v -5.325605 -7.962533 6.709129
v -4.375463 -4.637478 6.709129
v -5.325605 -4.637478 6.709129
v -5.325605 -7.962533 8.328938
v -5.269039 -7.874736 8.328938
v -5.269039 -4.725274 8.328938
v -5.325605 -4.637478 8.328938
v -4.375463 -7.962533 8.328938
v -4.432031 -7.874736 8.328938
v -5.325605 -7.962533 8.328938
v -4.375463 -4.637478 8.328938
v -4.432031 -4.725274 8.328938
v -4.375463 -7.962533 8.328938
v -5.325605 -4.637478 8.328938
v -4.375463 -4.637478 8.328938
v -1.775463 -7.962533 1.709174
v -1.83203 -7.874736 1.709174
v -1.83203 -4.725274 1.709174
v -1.775463 -4.637478 1.709174
v -2.725605 -7.962533 1.709174
v -2.669039 -7.874736 1.709174
v -1.775463 -7.962533 1.709174
v -2.725605 -4.637478 1.709174
v -2.669039 -4.725274 1.709174
v -2.725605 -7.962533 1.709174
v -1.775463 -4.637478 1.709174
v -2.725605 -4.637478 1.709174
v -2.725605 -7.962533 3.328982
v -2.669039 -7.874736 3.328982
v -2.669039 -4.725274 3.328982
v -2.725605 -4.637478 3.328982
v -1.775463 -7.962533 3.328982
v -1.83203 -7.874736 3.328982
v -2.725605 -7.962533 3.328982
v -1.775463 -4.637478 3.328982
v -1.83203 -4.725274 3.328982
v -1.775463 -7.962533 3.328982
v -2.725605 -4.637478 3.328982
v -1.775463 -4.637478 3.328982
v -3.075611 -7.962533 1.709174
v -3.131883 -7.874736 1.709174
v -3.131883 -4.725274 1.709174
v -3.075611 -4.637478 1.709174
v -4.025458 -7.962533 1.709174
v -3.968891 -7.874736 1.709174
v -3.075611 -7.962533 1.709174
v -4.025458 -4.637478 1.709174
v -3.968891 -4.725274 1.709174
v -4.025458 -7.962533 1.709174
v -3.075611 -4.637478 1.709174
v -4.025458 -4.637478 1.709174
v -4.025458 -7.962533 3.328982
v -3.968891 -7.874736 3.328982
v -3.968891 -4.725274 3.328982
v -4.025458 -4.637478 3.328982
v -3.075611 -7.962533 3.328982
v -3.131883 -7.874736 3.328982
v -4.025458 -7.962533 3.328982
v -3.075611 -4.637478 3.328982
v -3.131883 -4.725274 3.328982
v -3.075611 -7.962533 3.328982
v -4.025458 -4.637478 3.328982
v -3.075611 -4.637478 3.328982
v -4.375463 -7.962533 1.709174
v -4.432031 -7.874736 1.709174
v -4.432031 -4.725274 1.709174
v -4.375463 -4.637478 1.709174
v -5.325605 -7.962533 1.709174
v -5.269039 -7.874736 1.709174
v -4.375463 -7.962533 1.709174
v -5.325605 -4.637478 1.709174
v -5.269039 -4.725274 1.709174
v -5.325605 -7.962533 1.709174
v -4.375463 -4.637478 1.709174
v -5.325605 -4.637478 1.709174
v -5.325605 -7.962533 3.328982
v -5.269039 -7.874736 3.328982
v -5.269039 -4.725274 3.328982
v -5.325605 -4.637478 3.328982
v -4.375463 -7.962533 3.328982
v -4.432031 -7.874736 3.328982
v -5.325605 -7.962533 3.328982
v -4.375463 -4.637478 3.328982
v -4.432031 -4.725274 3.328982
v -4.375463 -7.962533 3.328982
v -5.325605 -4.637478 3.328982
v -4.375463 -4.637478 3.328982
v 9.300097 -7.962533 6.709129
v 9.24353 -7.874736 6.709129
v 9.24353 -4.725274 6.709129
v 9.300097 -4.637478 6.709129
v 8.349955 -7.962533 6.709129
v 8.406521 -7.874736 6.709129
v 9.300097 -7.962533 6.709129
v 8.349955 -4.637478 6.709129
v 8.406521 -4.725274 6.709129
v 8.349955 -7.962533 6.709129
v 9.300097 -4.637478 6.709129
v 8.349955 -4.637478 6.709129
v 8.349955 -7.962533 8.328938
v 8.406521 -7.874736 8.328938
v 8.406521 -4.725274 8.328938
v 8.349955 -4.637478 8.328938
v 9.300097 -7.962533 8.328938
v 9.24353 -7.874736 8.328938
v 8.349955 -7.962533 8.328938
v 9.300097 -4.637478 8.328938
v 9.24353 -4.725274 8.328938
v 9.300097 -7.962533 8.328938
v 8.349955 -4.637478 8.328938
v 9.300097 -4.637478 8.328938
v 7.999949 -7.962533 6.709129
v 7.943677 -7.874736 6.709129
v 7.943677 -4.725274 6.709129
v 7.999949 -4.637478 6.709129
v 7.050102 -7.962533 6.709129
v 7.106668 -7.874736 6.709129
v 7.999949 -7.962533 6.709129
v 7.050102 -4.637478 6.709129
v 7.106668 -4.725274 6.709129
v 7.050102 -7.962533 6.709129
v 7.999949 -4.637478 6.709129
v 7.050102 -4.637478 6.709129
v 7.050102 -7.962533 8.328938
v 7.106668 -7.874736 8.328938
v 7.106668 -4.725274 8.328938
v 7.050102 -4.637478 8.328938
v 7.999949 -7.962533 8.328938
v 7.943677 -7.874736 8.328938
v 7.050102 -7.962533 8.328938
v 7.999949 -4.637478 8.328938
v 7.943677 -4.725274 8.328938
v 7.999949 -7.962533 8.328938
v 7.050102 -4.637478 8.328938
v 7.999949 -4.637478 8.328938
v 6.700096 -7.962533 6.709129
v 6.643529 -7.874736 6.709129
v 6.643529 -4.725274 6.709129
v 6.700096 -4.637478 6.709129
v 5.749954 -7.962533 6.709129
v 5.806521 -7.874736 6.709129
v 6.700096 -7.962533 6.709129
v 5.749954 -4.637478 6.709129
v 5.806521 -4.725274 6.709129
v 5.749954 -7.962533 6.709129
v 6.700096 -4.637478 6.709129
v 5.749954 -4.637478 6.709129
v 5.749954 -7.962533 8.328938
v 5.806521 -7.874736 8.328938
v 5.806521 -4.725274 8.328938
v 5.749954 -4.637478 8.328938
v 6.700096 -7.962533 8.328938
v 6.643529 -7.874736 8.328938
v 5.749954 -7.962533 8.328938
v 6.700096 -4.637478 8.328938
v 6.643529 -4.725274 8.328938
v 6.700096 -7.962533 8.328938
v 5.749954 -4.637478 8.328938
v 6.700096 -4.637478 8.328938
v 9.300097 -7.962533 1.709174
v 9.24353 -7.874736 1.709174
v 9.24353 -4.725274 1.709174
v 9.300097 -4.637478 1.709174
v 8.349955 -7.962533 1.709174
v 8.406521 -7.874736 1.709174
v 9.300097 -7.962533 1.709174
v 8.349955 -4.637478 1.709174
v 8.406521 -4.725274 1.709174
v 8.349955 -7.962533 1.709174
v 9.300097 -4.637478 1.709174
v 8.349955 -4.637478 1.709174
v 8.349955 -7.962533 3.328982
v 8.406521 -7.874736 3.328982
v 8.406521 -4.725274 3.328982
v 8.349955 -4.637478 3.328982
v 9.300097 -7.962533 3.328982
v 9.24353 -7.874736 3.328982
v 8.349955 -7.962533 3.328982
v 9.300097 -4.637478 3.328982
v 9.24353 -4.725274 3.328982
v 9.300097 -7.962533 3.328982
v 8.349955 -4.637478 3.328982
v 9.300097 -4.637478 3.328982
v 7.999949 -7.962533 1.709174
v 7.943677 -7.874736 1.709174
v 7.943677 -4.725274 1.709174
v 7.999949 -4.637478 1.709174
v 7.050102 -7.962533 1.709174
v 7.106668 -7.874736 1.709174
v 7.999949 -7.962533 1.709174
v 7.050102 -4.637478 1.709174
v 7.106668 -4.725274 1.709174
v 7.050102 -7.962533 1.709174
v 7.999949 -4.637478 1.709174
v 7.050102 -4.637478 1.709174
v 7.050102 -7.962533 3.328982
v 7.106668 -7.874736 3.328982
v 7.106668 -4.725274 3.328982
v 7.050102 -4.637478 3.328982
v 7.999949 -7.962533 3.328982
v 7.943677 -7.874736 3.328982
v 7.050102 -7.962533 3.328982
v 7.999949 -4.637478 3.328982
v 7.943677 -4.725274 3.328982
v 7.999949 -7.962533 3.328982
v 7.050102 -4.637478 3.328982
v 7.999949 -4.637478 3.328982
v 6.700096 -7.962533 1.709174
v 6.643529 -7.874736 1.709174
v 6.643529 -4.725274 1.709174
v 6.700096 -4.637478 1.709174
v 5.749954 -7.962533 1.709174
v 5.806521 -7.874736 1.709174
v 6.700096 -7.962533 1.709174
v 5.749954 -4.637478 1.709174
v 5.806521 -4.725274 1.709174
v 5.749954 -7.962533 1.709174
v 6.700096 -4.637478 1.709174
v 5.749954 -4.637478 1.709174
v 5.749954 -7.962533 3.328982
v 5.806521 -7.874736 3.328982
v 5.806521 -4.725274 3.328982
v 5.749954 -4.637478 3.328982
v 6.700096 -7.962533 3.328982
v 6.643529 -7.874736 3.328982
v 5.749954 -7.962533 3.328982
v 6.700096 -4.637478 3.328982
v 6.643529 -4.725274 3.328982
v 6.700096 -7.962533 3.328982
v 5.749954 -4.637478 3.328982
v 6.700096 -4.637478 3.328982
v 3.753331 -7.962533 6.709129
v 3.696764 -7.874736 6.709129
v 3.696764 -4.725274 6.709129
v 3.753331 -4.637478 6.709129
v 2.803189 -7.962533 6.709129
v 2.859756 -7.874736 6.709129
v 3.753331 -7.962533 6.709129
v 2.803189 -4.637478 6.709129
v 2.859756 -4.725274 6.709129
v 2.803189 -7.962533 6.709129
v 3.753331 -4.637478 6.709129
v 2.803189 -4.637478 6.709129
v 2.803189 -7.962533 8.328938
v 2.859756 -7.874736 8.328938
v 2.859756 -4.725274 8.328938
v 2.803189 -4.637478 8.328938
v 3.753331 -7.962533 8.328938
v 3.696764 -7.874736 8.328938
v 2.803189 -7.962533 8.328938
v 3.753331 -4.637478 8.328938
v 3.696764 -4.725274 8.328938
v 3.753331 -7.962533 8.328938
v 2.803189 -4.637478 8.328938
v 3.753331 -4.637478 8.328938
v 2.453183 -7.962533 6.709129
v 2.396911 -7.874736 6.709129
v 2.396911 -4.725274 6.709129
v 2.453183 -4.637478 6.709129
v 1.503336 -7.962533 6.709129
v 1.559608 -7.874736 6.709129
v 2.453183 -7.962533 6.709129
v 1.503336 -4.637478 6.709129
v 1.559608 -4.725274 6.709129
v 1.503336 -7.962533 6.709129
v 2.453183 -4.637478 6.709129
v 1.503336 -4.637478 6.709129
v 1.503336 -7.962533 8.328938
v 1.559608 -7.874736 8.328938
v 1.559608 -4.725274 8.328938
v 1.503336 -4.637478 8.328938
v 2.453183 -7.962533 8.328938
v 2.396911 -7.874736 8.328938
v 1.503336 -7.962533 8.328938
v 2.453183 -4.637478 8.328938
v 2.396911 -4.725274 8.328938
v 2.453183 -7.962533 8.328938
v 1.503336 -4.637478 8.328938
v 2.453183 -4.637478 8.328938
v 1.15333 -7.962533 6.709129
v 1.096764 -7.874736 6.709129
v 1.096764 -4.725274 6.709129
v 1.15333 -4.637478 6.709129
v 0.2031889 -7.962533 6.709129
v 0.2597551 -7.874736 6.709129
v 1.15333 -7.962533 6.709129
v 0.2031889 -4.637478 6.709129
v 0.2597551 -4.725274 6.709129
v 0.2031889 -7.962533 6.709129
v 1.15333 -4.637478 6.709129
v 0.2031889 -4.637478 6.709129
v 0.2031889 -7.962533 8.328938
v 0.2597551 -7.874736 8.328938
v 0.2597551 -4.725274 8.328938
v 0.2031889 -4.637478 8.328938
v 1.15333 -7.962533 8.328938
v 1.096764 -7.874736 8.328938
v 0.2031889 -7.962533 8.328938
v 1.15333 -4.637478 8.328938
v 1.096764 -4.725274 8.328938
v 1.15333 -7.962533 8.328938
v 0.2031889 -4.637478 8.328938
v 1.15333 -4.637478 8.328938
v 3.753331 -7.962533 1.709174
v 3.696764 -7.874736 1.709174
v 3.696764 -4.725274 1.709174
v 3.753331 -4.637478 1.709174
v 2.803189 -7.962533 1.709174
v 2.859756 -7.874736 1.709174
v 3.753331 -7.962533 1.709174
v 2.803189 -4.637478 1.709174
v 2.859756 -4.725274 1.709174
v 2.803189 -7.962533 1.709174
v 3.753331 -4.637478 1.709174
v 2.803189 -4.637478 1.709174
v 2.803189 -7.962533 3.328982
v 2.859756 -7.874736 3.328982
v 2.859756 -4.725274 3.328982
v 2.803189 -4.637478 3.328982
v 3.753331 -7.962533 3.328982
v 3.696764 -7.874736 3.328982
v 2.803189 -7.962533 3.328982
v 3.753331 -4.637478 3.328982
v 3.696764 -4.725274 3.328982
v 3.753331 -7.962533 3.328982
v 2.803189 -4.637478 3.328982
v 3.753331 -4.637478 3.328982
v 2.453183 -7.962533 1.709174
v 2.396911 -7.874736 1.709174
v 2.396911 -4.725274 1.709174
v 2.453183 -4.637478 1.709174
v 1.503336 -7.962533 1.709174
v 1.559608 -7.874736 1.709174
v 2.453183 -7.962533 1.709174
v 1.503336 -4.637478 1.709174
v 1.559608 -4.725274 1.709174
v 1.503336 -7.962533 1.709174
v 2.453183 -4.637478 1.709174
v 1.503336 -4.637478 1.709174
v 1.503336 -7.962533 3.328982
v 1.559608 -7.874736 3.328982
v 1.559608 -4.725274 3.328982
v 1.503336 -4.637478 3.328982
v 2.453183 -7.962533 3.328982
v 2.396911 -7.874736 3.328982
v 1.503336 -7.962533 3.328982
v 2.453183 -4.637478 3.328982
v 2.396911 -4.725274 3.328982
v 2.453183 -7.962533 3.328982
v 1.503336 -4.637478 3.328982
v 2.453183 -4.637478 3.328982
v 1.15333 -7.962533 1.709174
v 1.096764 -7.874736 1.709174
v 1.096764 -4.725274 1.709174
v 1.15333 -4.637478 1.709174
v 0.2031889 -7.962533 1.709174
v 0.2597551 -7.874736 1.709174
v 1.15333 -7.962533 1.709174
v 0.2031889 -4.637478 1.709174
v 0.2597551 -4.725274 1.709174
v 0.2031889 -7.962533 1.709174
v 1.15333 -4.637478 1.709174
v 0.2031889 -4.637478 1.709174
v 0.2031889 -7.962533 3.328982
v 0.2597551 -7.874736 3.328982
v 0.2597551 -4.725274 3.328982
v 0.2031889 -4.637478 3.328982
v 1.15333 -7.962533 3.328982
v 1.096764 -7.874736 3.328982
v 0.2031889 -7.962533 3.328982
v 1.15333 -4.637478 3.328982
v 1.096764 -4.725274 3.328982
v 1.15333 -7.962533 3.328982
v 0.2031889 -4.637478 3.328982
v 1.15333 -4.637478 3.328982
v 4.265376 -7.962533 -5.602351
v 4.265376 -7.874736 -5.545784
v 4.265376 -4.725274 -5.545784
v 4.265376 -4.637478 -5.602351
v 4.265376 -7.962533 -4.652503
v 4.265376 -7.874736 -4.708776
v 4.265376 -7.962533 -5.602351
v 4.265376 -4.637478 -4.652503
v 4.265376 -4.725274 -4.708776
v 4.265376 -7.962533 -4.652503
v 4.265376 -4.637478 -5.602351
v 4.265376 -4.637478 -4.652503
v 7.778691 -7.962533 -4.652503
v 7.778691 -7.874736 -4.708776
v 7.778691 -4.725274 -4.708776
v 7.778691 -4.637478 -4.652503
v 7.778691 -7.962533 -5.602351
v 7.778691 -7.874736 -5.545784
v 7.778691 -7.962533 -4.652503
v 7.778691 -4.637478 -5.602351
v 7.778691 -4.725274 -5.545784
v 7.778691 -7.962533 -5.602351
v 7.778691 -4.637478 -4.652503
v 7.778691 -4.637478 -5.602351
v 4.265376 -7.962533 -4.302498
v 4.265376 -7.874736 -4.245931
v 4.265376 -4.725274 -4.245931
v 4.265376 -4.637478 -4.302498
v 4.265376 -7.962533 -3.352356
v 4.265376 -7.874736 -3.408923
v 4.265376 -7.962533 -4.302498
v 4.265376 -4.637478 -3.352356
v 4.265376 -4.725274 -3.408923
v 4.265376 -7.962533 -3.352356
v 4.265376 -4.637478 -4.302498
v 4.265376 -4.637478 -3.352356
v 7.778691 -7.962533 -3.352356
v 7.778691 -7.874736 -3.408923
v 7.778691 -4.725274 -3.408923
v 7.778691 -4.637478 -3.352356
v 7.778691 -7.962533 -4.302498
v 7.778691 -7.874736 -4.245931
v 7.778691 -7.962533 -3.352356
v 7.778691 -4.637478 -4.302498
v 7.778691 -4.725274 -4.245931
v 7.778691 -7.962533 -4.302498
v 7.778691 -4.637478 -3.352356
v 7.778691 -4.637478 -4.302498
v 4.265376 -7.962533 -3.00235
v 4.265376 -7.874736 -2.945784
v 4.265376 -4.725274 -2.945784
v 4.265376 -4.637478 -3.00235
v 4.265376 -7.962533 -2.052503
v 4.265376 -7.874736 -2.108775
v 4.265376 -7.962533 -3.00235
v 4.265376 -4.637478 -2.052503
v 4.265376 -4.725274 -2.108775
v 4.265376 -7.962533 -2.052503
v 4.265376 -4.637478 -3.00235
v 4.265376 -4.637478 -2.052503
v 7.778691 -7.962533 -2.052503
v 7.778691 -7.874736 -2.108775
v 7.778691 -4.725274 -2.108775
v 7.778691 -4.637478 -2.052503
v 7.778691 -7.962533 -3.00235
v 7.778691 -7.874736 -2.945784
v 7.778691 -7.962533 -2.052503
v 7.778691 -4.637478 -3.00235
v 7.778691 -4.725274 -2.945784
v 7.778691 -7.962533 -3.00235
v 7.778691 -4.637478 -2.052503
v 7.778691 -4.637478 -3.00235
v -1.83203 0.1253099 1.709174
v -2.669039 0.1253099 1.709174
v -2.669039 3.274773 1.709174
v -1.83203 3.274773 1.709174
v -2.669039 0.1253099 3.328982
v -1.83203 0.1253099 3.328982
v -1.83203 3.274773 3.328982
v -2.669039 3.274773 3.328982
v -3.131883 0.1253099 1.709174
v -3.968891 0.1253099 1.709174
v -3.968891 3.274773 1.709174
v -3.131883 3.274773 1.709174
v -3.968891 0.1253099 3.328982
v -3.131883 0.1253099 3.328982
v -3.131883 3.274773 3.328982
v -3.968891 3.274773 3.328982
v -4.432031 0.1253099 1.709174
v -5.269039 0.1253099 1.709174
v -5.269039 3.274773 1.709174
v -4.432031 3.274773 1.709174
v -5.269039 0.1253099 3.328982
v -4.432031 0.1253099 3.328982
v -4.432031 3.274773 3.328982
v -5.269039 3.274773 3.328982
v 6.168016 0.1253099 1.709174
v 5.331008 0.1253099 1.709174
v 5.331008 3.274773 1.709174
v 6.168016 3.274773 1.709174
v 5.331008 0.1253099 3.328982
v 6.168016 0.1253099 3.328982
v 6.168016 3.274773 3.328982
v 5.331008 3.274773 3.328982
v 4.868164 0.1253099 1.709174
v 4.03086 0.1253099 1.709174
v 4.03086 3.274773 1.709174
v 4.868164 3.274773 1.709174
v 4.03086 0.1253099 3.328982
v 4.868164 0.1253099 3.328982
v 4.868164 3.274773 3.328982
v 4.03086 3.274773 3.328982
v 3.568016 0.1253099 1.709174
v 2.731008 0.1253099 1.709174
v 2.731008 3.274773 1.709174
v 3.568016 3.274773 1.709174
v 2.731008 0.1253099 3.328982
v 3.568016 0.1253099 3.328982
v 3.568016 3.274773 3.328982
v 2.731008 3.274773 3.328982
v -1.83203 -7.874736 6.709129
v -2.669039 -7.874736 6.709129
v -2.669039 -4.725274 6.709129
v -1.83203 -4.725274 6.709129
v -2.669039 -7.874736 8.328938
v -1.83203 -7.874736 8.328938
v -1.83203 -4.725274 8.328938
v -2.669039 -4.725274 8.328938
v -3.131883 -7.874736 6.709129
v -3.968891 -7.874736 6.709129
v -3.968891 -4.725274 6.709129
v -3.131883 -4.725274 6.709129
v -3.968891 -7.874736 8.328938
v -3.131883 -7.874736 8.328938
v -3.131883 -4.725274 8.328938
v -3.968891 -4.725274 8.328938
v -4.432031 -7.874736 6.709129
v -5.269039 -7.874736 6.709129
v -5.269039 -4.725274 6.709129
v -4.432031 -4.725274 6.709129
v -5.269039 -7.874736 8.328938
v -4.432031 -7.874736 8.328938
v -4.432031 -4.725274 8.328938
v -5.269039 -4.725274 8.328938
v -1.83203 -7.874736 1.709174
v -2.669039 -7.874736 1.709174
v -2.669039 -4.725274 1.709174
v -1.83203 -4.725274 1.709174
v -2.669039 -7.874736 3.328982
v -1.83203 -7.874736 3.328982
v -1.83203 -4.725274 3.328982
v -2.669039 -4.725274 3.328982
v -3.131883 -7.874736 1.709174
v -3.968891 -7.874736 1.709174
v -3.968891 -4.725274 1.709174
v -3.131883 -4.725274 1.709174
v -3.968891 -7.874736 3.328982
v -3.131883 -7.874736 3.328982
v -3.131883 -4.725274 3.328982
v -3.968891 -4.725274 3.328982
v -4.432031 -7.874736 1.709174
v -5.269039 -7.874736 1.709174
v -5.269039 -4.725274 1.709174
v -4.432031 -4.725274 1.709174
v -5.269039 -7.874736 3.328982
v -4.432031 -7.874736 3.328982
v -4.432031 -4.725274 3.328982
v -5.269039 -4.725274 3.328982
v 9.24353 -7.874736 6.709129
v 8.406521 -7.874736 6.709129
v 8.406521 -4.725274 6.709129
v 9.24353 -4.725274 6.709129
v 8.406521 -7.874736 8.328938
v 9.24353 -7.874736 8.328938
v 9.24353 -4.725274 8.328938
v 8.406521 -4.725274 8.328938
v 7.943677 -7.874736 6.709129
v 7.106668 -7.874736 6.709129
v 7.106668 -4.725274 6.709129
v 7.943677 -4.725274 6.709129
v 7.106668 -7.874736 8.328938
v 7.943677 -7.874736 8.328938
v 7.943677 -4.725274 8.328938
v 7.106668 -4.725274 8.328938
v 6.643529 -7.874736 6.709129
v 5.806521 -7.874736 6.709129
v 5.806521 -4.725274 6.709129
v 6.643529 -4.725274 6.709129
v 5.806521 -7.874736 8.328938
v 6.643529 -7.874736 8.328938
v 6.643529 -4.725274 8.328938
v 5.806521 -4.725274 8.328938
v 9.24353 -7.874736 1.709174
v 8.406521 -7.874736 1.709174
v 8.406521 -4.725274 1.709174
v 9.24353 -4.725274 1.709174
v 8.406521 -7.874736 3.328982
v 9.24353 -7.874736 3.328982
v 9.24353 -4.725274 3.328982
v 8.406521 -4.725274 3.328982
v 7.943677 -7.874736 1.709174
v 7.106668 -7.874736 1.709174
v 7.106668 -4.725274 1.709174
v 7.943677 -4.725274 1.709174
v 7.106668 -7.874736 3.328982
v 7.943677 -7.874736 3.328982
v 7.943677 -4.725274 3.328982
v 7.106668 -4.725274 3.328982
v 6.643529 -7.874736 1.709174
v 5.806521 -7.874736 1.709174
v 5.806521 -4.725274 1.709174
v 6.643529 -4.725274 1.709174
v 5.806521 -7.874736 3.328982
v 6.643529 -7.874736 3.328982
v 6.643529 -4.725274 3.328982
v 5.806521 -4.725274 3.328982
v 3.696764 -7.874736 6.709129
v 2.859756 -7.874736 6.709129
v 2.859756 -4.725274 6.709129
v 3.696764 -4.725274 6.709129
v 2.859756 -7.874736 8.328938
v 3.696764 -7.874736 8.328938
v 3.696764 -4.725274 8.328938
v 2.859756 -4.725274 8.328938
v 2.396911 -7.874736 6.709129
v 1.559608 -7.874736 6.709129
v 1.559608 -4.725274 6.709129
v 2.396911 -4.725274 6.709129
v 1.559608 -7.874736 8.328938
v 2.396911 -7.874736 8.328938
v 2.396911 -4.725274 8.328938
v 1.559608 -4.725274 8.328938
v 1.096764 -7.874736 6.709129
v 0.2597551 -7.874736 6.709129
v 0.2597551 -4.725274 6.709129
v 1.096764 -4.725274 6.709129
v 0.2597551 -7.874736 8.328938
v 1.096764 -7.874736 8.328938
v 1.096764 -4.725274 8.328938
v 0.2597551 -4.725274 8.328938
v 3.696764 -7.874736 1.709174
v 2.859756 -7.874736 1.709174
v 2.859756 -4.725274 1.709174
v 3.696764 -4.725274 1.709174
v 2.859756 -7.874736 3.328982
v 3.696764 -7.874736 3.328982
v 3.696764 -4.725274 3.328982
v 2.859756 -4.725274 3.328982
v 2.396911 -7.874736 1.709174
v 1.559608 -7.874736 1.709174
v 1.559608 -4.725274 1.709174
v 2.396911 -4.725274 1.709174
v 1.559608 -7.874736 3.328982
v 2.396911 -7.874736 3.328982
v 2.396911 -4.725274 3.328982
v 1.559608 -4.725274 3.328982
v 1.096764 -7.874736 1.709174
v 0.2597551 -7.874736 1.709174
v 0.2597551 -4.725274 1.709174
v 1.096764 -4.725274 1.709174
v 0.2597551 -7.874736 3.328982
v 1.096764 -7.874736 3.328982
v 1.096764 -4.725274 3.328982
v 0.2597551 -4.725274 3.328982
v 4.265376 -7.874736 -5.545784
v 4.265376 -7.874736 -4.708776
v 4.265376 -4.725274 -4.708776
v 4.265376 -4.725274 -5.545784
v 7.778691 -7.874736 -4.708776
v 7.778691 -7.874736 -5.545784
v 7.778691 -4.725274 -5.545784
v 7.778691 -4.725274 -4.708776
v 4.265376 -7.874736 -4.245931
v 4.265376 -7.874736 -3.408923
v 4.265376 -4.725274 -3.408923
v 4.265376 -4.725274 -4.245931
v 7.778691 -7.874736 -3.408923
v 7.778691 -7.874736 -4.245931
v 7.778691 -4.725274 -4.245931
v 7.778691 -4.725274 -3.408923
v 4.265376 -7.874736 -2.945784
v 4.265376 -7.874736 -2.108775
v 4.265376 -4.725274 -2.108775
v 4.265376 -4.725274 -2.945784
v 7.778691 -7.874736 -2.108775
v 7.778691 -7.874736 -2.945784
v 7.778691 -4.725274 -2.945784
v 7.778691 -4.725274 -2.108775
vt 0.9601051 -0.000158519
vt -0.000158519 -0.000158519
vt -0.000158519 2.99981
vt 0.9601051 2.99981
vt 1.000157 -0.000158519
vt 1.000157 2.99981
vt 1.000157 -0.000158519
vt -0.000158519 -0.000158519
vt -0.000158519 2.99981
vt 1.000157 2.99981
vt 0.03989317 -0.000158519
vt -0.000158519 -0.000158519
vt -0.000158519 2.99981
vt 0.03989317 2.99981
vt 1.000157 -0.000158519
vt 1.000157 2.99981
vt 1.000157 0.03989317
vt 1.000157 -0.000158519
vt -0.000158519 -0.000158519
vt -0.000158519 0.03989317
vt 1.000157 1.000157
vt -0.000158519 1.000157
vt 0.9601051 -0.000158519
vt -0.000158519 -0.000158519
vt -0.000158519 2.99981
vt 0.9601051 2.99981
vt 1.000157 -0.000158519
vt 1.000157 2.99981
vt 1.000157 -0.000158519
vt -0.000158519 -0.000158519
vt -0.000158519 2.99981
vt 1.000157 2.99981
vt 0.03989317 -0.000158519
vt -0.000158519 -0.000158519
vt -0.000158519 2.99981
vt 0.03989317 2.99981
vt 1.000157 -0.000158519
vt 1.000157 2.99981
vt 1.000157 0.03989317
vt 1.000157 -0.000158519
vt -0.000158519 -0.000158519
vt -0.000158519 0.03989317
vt 1.000157 1.000157
vt -0.000158519 1.000157
vt 0.9601051 -0.000158519
vt -0.000158519 -0.000158519
vt -0.000158519 2.99981
vt 0.9601051 2.99981
vt 1.000157 -0.000158519
vt 1.000157 2.99981
vt 1.000157 -0.000158519
vt -0.000158519 -0.000158519
vt -0.000158519 2.99981
vt 1.000157 2.99981
vt 0.03989317 -0.000158519
vt -0.000158519 -0.000158519
vt -0.000158519 2.99981
vt 0.03989317 2.99981
vt 1.000157 -0.000158519
vt 1.000157 2.99981
vt 1.000157 0.03989317
vt 1.000157 -0.000158519
vt -0.000158519 -0.000158519
vt -0.000158519 0.03989317
vt 1.000157 1.000157
vt -0.000158519 1.000157
vt 0.9601051 -0.000158519
vt -0.000158519 -0.000158519
vt -0.000158519 2.99981
vt 0.9601051 2.99981
vt 1.000157 -0.000158519
vt 1.000157 2.99981
vt 1.000157 -0.000158519
vt -0.000158519 -0.000158519
vt -0.000158519 2.99981
vt 1.000157 2.99981
vt 0.03989317 -0.000158519
vt -0.000158519 -0.000158519
vt -0.000158519 2.99981
vt 0.03989317 2.99981
vt 1.000157 -0.000158519
vt 1.000157 2.99981
vt 1.000157 0.03989317
vt 1.000157 -0.000158519
vt -0.000158519 -0.000158519
vt -0.000158519 0.03989317
vt 1.000157 1.000157
vt -0.000158519 1.000157
vt 0.9601051 -0.000158519
vt -0.000158519 -0.000158519
vt -0.000158519 2.99981
vt 0.9601051 2.99981
vt 1.000157 -0.000158519
vt 1.000157 2.99981
vt 1.000157 -0.000158519
vt -0.000158519 -0.000158519
vt -0.000158519 2.99981
vt 1.000157 2.99981
vt 0.03989317 -0.000158519
vt -0.000158519 -0.000158519
vt -0.000158519 2.99981
vt 0.03989317 2.99981
vt 1.000157 -0.000158519
vt 1.000157 2.99981
vt 1.000157 0.03989317
vt 1.000157 -0.000158519
vt -0.000158519 -0.000158519
vt -0.000158519 0.03989317
vt 1.000157 1.000157
vt -0.000158519 1.000157
vt 0.9601051 -0.000158519
vt -0.000158519 -0.000158519
vt -0.000158519 2.99981
vt 0.9601051 2.99981
vt 1.000157 -0.000158519
vt 1.000157 2.99981
vt 1.000157 -0.000158519
vt -0.000158519 -0.000158519
vt -0.000158519 2.99981
vt 1.000157 2.99981
vt 0.03989317 -0.000158519
vt -0.000158519 -0.000158519
vt -0.000158519 2.99981
vt 0.03989317 2.99981
vt 1.000157 -0.000158519
vt 1.000157 2.99981
vt 1.000157 0.03989317
vt 1.000157 -0.000158519
vt -0.000158519 -0.000158519
vt -0.000158519 0.03989317
vt 1.000157 1.000157
vt -0.000158519 1.000157
vt 0.9601051 -0.000158519
vt -0.000158519 -0.000158519
vt -0.000158519 2.99981
vt 0.9601051 2.99981
vt 1.000157 -0.000158519
vt 1.000157 2.99981
vt 1.000157 -0.000158519
vt -0.000158519 -0.000158519
vt -0.000158519 2.99981
vt 1.000157 2.99981
vt 0.03989317 -0.000158519
vt -0.000158519 -0.000158519
vt -0.000158519 2.99981
vt 0.03989317 2.99981
vt 1.000157 -0.000158519
vt 1.000157 2.99981
vt 1.000157 0.03989317
vt 1.000157 -0.000158519
vt -0.000158519 -0.000158519
vt -0.000158519 0.03989317
vt 1.000157 1.000157
vt -0.000158519 1.000157
vt 0.9601051 -0.000158519
vt -0.000158519 -0.000158519
vt -0.000158519 2.99981
vt 0.9601051 2.99981
vt 1.000157 -0.000158519
vt 1.000157 2.99981
vt 1.000157 -0.000158519
vt -0.000158519 -0.000158519
vt -0.000158519 2.99981
vt 1.000157 2.99981
vt 0.03989317 -0.000158519
vt -0.000158519 -0.000158519
vt -0.000158519 2.99981
vt 0.03989317 2.99981
vt 1.000157 -0.000158519
vt 1.000157 2.99981
vt 1.000157 0.03989317
vt 1.000157 -0.000158519
vt -0.000158519 -0.000158519
vt -0.000158519 0.03989317
vt 1.000157 1.000157
vt -0.000158519 1.000157
vt 0.9601051 -0.000158519
vt -0.000158519 -0.000158519
vt -0.000158519 2.99981
vt 0.9601051 2.99981
vt 1.000157 -0.000158519
vt 1.000157 2.99981
vt 1.000157 -0.000158519
vt -0.000158519 -0.000158519
vt -0.000158519 2.99981
vt 1.000157 2.99981
vt 0.03989317 -0.000158519
vt -0.000158519 -0.000158519
vt -0.000158519 2.99981
vt 0.03989317 2.99981
vt 1.000157 -0.000158519
vt 1.000157 2.99981
vt 1.000157 0.03989317
vt 1.000157 -0.000158519
vt -0.000158519 -0.000158519
vt -0.000158519 0.03989317
vt 1.000157 1.000157
vt -0.000158519 1.000157
vt 0.9601051 -0.000158519
vt -0.000158519 -0.000158519
vt -0.000158519 2.99981
vt 0.9601051 2.99981
vt 1.000157 -0.000158519
vt 1.000157 2.99981
vt 1.000157 -0.000158519
vt -0.000158519 -0.000158519
vt -0.000158519 2.99981
vt 1.000157 2.99981
vt 0.03989317 -0.000158519
vt -0.000158519 -0.000158519
vt -0.000158519 2.99981
vt 0.03989317 2.99981
vt 1.000157 -0.000158519
vt 1.000157 2.99981
vt 1.000157 0.03989317
vt 1.000157 -0.000158519
vt -0.000158519 -0.000158519
vt -0.000158519 0.03989317
vt 1.000157 1.000157
vt -0.000158519 1.000157
vt 0.9601051 -0.000158519
vt -0.000158519 -0.000158519
vt -0.000158519 2.99981
vt 0.9601051 2.99981
vt 1.000157 -0.000158519
vt 1.000157 2.99981
vt 1.000157 -0.000158519
vt -0.000158519 -0.000158519
vt -0.000158519 2.99981
vt 1.000157 2.99981
vt 0.03989317 -0.000158519
vt -0.000158519 -0.000158519
vt -0.000158519 2.99981
vt 0.03989317 2.99981
vt 1.000157 -0.000158519
vt 1.000157 2.99981
vt 1.000157 0.03989317
vt 1.000157 -0.000158519
vt -0.000158519 -0.000158519
vt -0.000158519 0.03989317
vt 1.000157 1.000157
vt -0.000158519 1.000157
vt 0.9601051 -0.000158519
vt -0.000158519 -0.000158519
vt -0.000158519 2.99981
vt 0.9601051 2.99981
vt 1.000157 -0.000158519
vt 1.000157 2.99981
vt 1.000157 -0.000158519
vt -0.000158519 -0.000158519
vt -0.000158519 2.99981
vt 1.000157 2.99981
vt 0.03989317 -0.000158519
vt -0.000158519 -0.000158519
vt -0.000158519 2.99981
vt 0.03989317 2.99981
vt 1.000157 -0.000158519
vt 1.000157 2.99981
vt 1.000157 0.03989317
vt 1.000157 -0.000158519
vt -0.000158519 -0.000158519
vt -0.000158519 0.03989317
vt 1.000157 1.000157
vt -0.000158519 1.000157
vt 0.9601051 -0.000158519
vt -0.000158519 -0.000158519
vt -0.000158519 2.99981
vt 0.9601051 2.99981
vt 1.000157 -0.000158519
vt 1.000157 2.99981
vt 1.000157 -0.000158519
vt -0.000158519 -0.000158519
vt -0.000158519 2.99981
vt 1.000157 2.99981
vt 0.03989317 -0.000158519
vt -0.000158519 -0.000158519
vt -0.000158519 2.99981
vt 0.03989317 2.99981
vt 1.000157 -0.000158519
vt 1.000157 2.99981
vt 1.000157 0.03989317
vt 1.000157 -0.000158519
vt -0.000158519 -0.000158519
vt -0.000158519 0.03989317
vt 1.000157 1.000157
vt -0.000158519 1.000157
vt 0.9601051 -0.000158519
vt -0.000158519 -0.000158519
vt -0.000158519 2.99981
vt 0.9601051 2.99981
vt 1.000157 -0.000158519
vt 1.000157 2.99981
vt 1.000157 -0.000158519
vt -0.000158519 -0.000158519
vt -0.000158519 2.99981
vt 1.000157 2.99981
vt 0.03989317 -0.000158519
vt -0.000158519 -0.000158519
vt -0.000158519 2.99981
vt 0.03989317 2.99981
vt 1.000157 -0.000158519
vt 1.000157 2.99981
vt 1.000157 0.03989317
vt 1.000157 -0.000158519
vt -0.000158519 -0.000158519
vt -0.000158519 0.03989317
vt 1.000157 1.000157
vt -0.000158519 1.000157
vt 0.9601051 -0.000158519
vt -0.000158519 -0.000158519
vt -0.000158519 2.99981
vt 0.9601051 2.99981
vt 1.000157 -0.000158519
vt 1.000157 2.99981
vt 1.000157 -0.000158519
vt -0.000158519 -0.000158519
vt -0.000158519 2.99981
vt 1.000157 2.99981
vt 0.03989317 -0.000158519
vt -0.000158519 -0.000158519
vt -0.000158519 2.99981
vt 0.03989317 2.99981
vt 1.000157 -0.000158519
vt 1.000157 2.99981
vt 1.000157 0.03989317
vt 1.000157 -0.000158519
vt -0.000158519 -0.000158519
vt -0.000158519 0.03989317
vt 1.000157 1.000157
vt -0.000158519 1.000157
vt 0.9601051 -0.000158519
vt -0.000158519 -0.000158519
vt -0.000158519 2.99981
vt 0.9601051 2.99981
vt 1.000157 -0.000158519
vt 1.000157 2.99981
vt 1.000157 -0.000158519
vt -0.000158519 -0.000158519
vt -0.000158519 2.99981
vt 1.000157 2.99981
vt 0.03989317 -0.000158519
vt -0.000158519 -0.000158519
vt -0.000158519 2.99981
vt 0.03989317 2.99981
vt 1.000157 -0.000158519
vt 1.000157 2.99981
vt 1.000157 0.03989317
vt 1.000157 -0.000158519
vt -0.000158519 -0.000158519
vt -0.000158519 0.03989317
vt 1.000157 1.000157
vt -0.000158519 1.000157
vt 0.9601051 -0.000158519
vt -0.000158519 -0.000158519
vt -0.000158519 2.99981
vt 0.9601051 2.99981
vt 1.000157 -0.000158519
vt 1.000157 2.99981
vt 1.000157 -0.000158519
vt -0.000158519 -0.000158519
vt -0.000158519 2.99981
vt 1.000157 2.99981
vt 0.03989317 -0.000158519
vt -0.000158519 -0.000158519
vt -0.000158519 2.99981
vt 0.03989317 2.99981
vt 1.000157 -0.000158519
vt 1.000157 2.99981
vt 1.000157 0.03989317
vt 1.000157 -0.000158519
vt -0.000158519 -0.000158519
vt -0.000158519 0.03989317
vt 1.000157 1.000157
vt -0.000158519 1.000157
vt 0.9601051 -0.000158519
vt -0.000158519 -0.000158519
vt -0.000158519 2.99981
vt 0.9601051 2.99981
vt 1.000157 -0.000158519
vt 1.000157 2.99981
vt 1.000157 -0.000158519
vt -0.000158519 -0.000158519
vt -0.000158519 2.99981
vt 1.000157 2.99981
vt 0.03989317 -0.000158519
vt -0.000158519 -0.000158519
vt -0.000158519 2.99981
vt 0.03989317 2.99981
vt 1.000157 -0.000158519
vt 1.000157 2.99981
vt 1.000157 0.03989317
vt 1.000157 -0.000158519
vt -0.000158519 -0.000158519
vt -0.000158519 0.03989317
vt 1.000157 1.000157
vt -0.000158519 1.000157
vt 0.9601051 -0.000158519
vt -0.000158519 -0.000158519
vt -0.000158519 2.99981
vt 0.9601051 2.99981
vt 1.000157 -0.000158519
vt 1.000157 2.99981
vt 1.000157 -0.000158519
vt -0.000158519 -0.000158519
vt -0.000158519 2.99981
vt 1.000157 2.99981
vt 0.03989317 -0.000158519
vt -0.000158519 -0.000158519
vt -0.000158519 2.99981
vt 0.03989317 2.99981
vt 1.000157 -0.000158519
vt 1.000157 2.99981
vt 1.000157 0.03989317
vt 1.000157 -0.000158519
vt -0.000158519 -0.000158519
vt -0.000158519 0.03989317
vt 1.000157 1.000157
vt -0.000158519 1.000157
vt 0.9601051 -0.000158519
vt -0.000158519 -0.000158519
vt -0.000158519 2.99981
vt 0.9601051 2.99981
vt 1.000157 -0.000158519
vt 1.000157 2.99981
vt 1.000157 -0.000158519
vt -0.000158519 -0.000158519
vt -0.000158519 2.99981
vt 1.000157 2.99981
vt 0.03989317 -0.000158519
vt -0.000158519 -0.000158519
vt -0.000158519 2.99981
vt 0.03989317 2.99981
vt 1.000157 -0.000158519
vt 1.000157 2.99981
vt 1.000157 0.03989317
vt 1.000157 -0.000158519
vt -0.000158519 -0.000158519
vt -0.000158519 0.03989317
vt 1.000157 1.000157
vt -0.000158519 1.000157
vt 0.9601051 -0.000158519
vt -0.000158519 -0.000158519
vt -0.000158519 2.99981
vt 0.9601051 2.99981
vt 1.000157 -0.000158519
vt 1.000157 2.99981
vt 1.000157 -0.000158519
vt -0.000158519 -0.000158519
vt -0.000158519 2.99981
vt 1.000157 2.99981
vt 0.03989317 -0.000158519
vt -0.000158519 -0.000158519
vt -0.000158519 2.99981
vt 0.03989317 2.99981
vt 1.000157 -0.000158519
vt 1.000157 2.99981
vt 1.000157 0.03989317
vt 1.000157 -0.000158519
vt -0.000158519 -0.000158519
vt -0.000158519 0.03989317
vt 1.000157 1.000157
vt -0.000158519 1.000157
vt 0.9601051 -0.000158519
vt -0.000158519 -0.000158519
vt -0.000158519 2.99981
vt 0.9601051 2.99981
vt 1.000157 -0.000158519
vt 1.000157 2.99981
vt 1.000157 -0.000158519
vt -0.000158519 -0.000158519
vt -0.000158519 2.99981
vt 1.000157 2.99981
vt 0.03989317 -0.000158519
vt -0.000158519 -0.000158519
vt -0.000158519 2.99981
vt 0.03989317 2.99981
vt 1.000157 -0.000158519
vt 1.000157 2.99981
vt 1.000157 0.03989317
vt 1.000157 -0.000158519
vt -0.000158519 -0.000158519
vt -0.000158519 0.03989317
vt 1.000157 1.000157
vt -0.000158519 1.000157
vt 0.9601051 -0.000158519
vt -0.000158519 -0.000158519
vt -0.000158519 2.99981
vt 0.9601051 2.99981
vt 1.000157 -0.000158519
vt 1.000157 2.99981
vt 1.000157 -0.000158519
vt -0.000158519 -0.000158519
vt -0.000158519 2.99981
vt 1.000157 2.99981
vt 0.03989317 -0.000158519
vt -0.000158519 -0.000158519
vt -0.000158519 2.99981
vt 0.03989317 2.99981
vt 1.000157 -0.000158519
vt 1.000157 2.99981
vt 1.000157 0.03989317
vt 1.000157 -0.000158519
vt -0.000158519 -0.000158519
vt -0.000158519 0.03989317
vt 1.000157 1.000157
vt -0.000158519 1.000157
vt 0.9601051 -0.000158519
vt -0.000158519 -0.000158519
vt -0.000158519 2.99981
vt 0.9601051 2.99981
vt 1.000157 -0.000158519
vt 1.000157 2.99981
vt 1.000157 -0.000158519
vt -0.000158519 -0.000158519
vt -0.000158519 2.99981
vt 1.000157 2.99981
vt 0.03989317 -0.000158519
vt -0.000158519 -0.000158519
vt -0.000158519 2.99981
vt 0.03989317 2.99981
vt 1.000157 -0.000158519
vt 1.000157 2.99981
vt 1.000157 0.03989317
vt 1.000157 -0.000158519
vt -0.000158519 -0.000158519
vt -0.000158519 0.03989317
vt 1.000157 1.000157
vt -0.000158519 1.000157
vt 0.9601051 -0.000158519
vt -0.000158519 -0.000158519
vt -0.000158519 2.99981
vt 0.9601051 2.99981
vt 1.000157 -0.000158519
vt 1.000157 2.99981
vt 1.000157 -0.000158519
vt -0.000158519 -0.000158519
vt -0.000158519 2.99981
vt 1.000157 2.99981
vt 0.03989317 -0.000158519
vt -0.000158519 -0.000158519
vt -0.000158519 2.99981
vt 0.03989317 2.99981
vt 1.000157 -0.000158519
vt 1.000157 2.99981
vt 1.000157 0.03989317
vt 1.000157 -0.000158519
vt -0.000158519 -0.000158519
vt -0.000158519 0.03989317
vt 1.000157 1.000157
vt -0.000158519 1.000157
vt 0.9601051 -0.000158519
vt -0.000158519 -0.000158519
vt -0.000158519 2.99981
vt 0.9601051 2.99981
vt 1.000157 -0.000158519
vt 1.000157 2.99981
vt 1.000157 -0.000158519
vt -0.000158519 -0.000158519
vt -0.000158519 2.99981
vt 1.000157 2.99981
vt 0.03989317 -0.000158519
vt -0.000158519 -0.000158519
vt -0.000158519 2.99981
vt 0.03989317 2.99981
vt 1.000157 -0.000158519
vt 1.000157 2.99981
vt 1.000157 0.03989317
vt 1.000157 -0.000158519
vt -0.000158519 -0.000158519
vt -0.000158519 0.03989317
vt 1.000157 1.000157
vt -0.000158519 1.000157
vt 0.9601051 -0.000158519
vt -0.000158519 -0.000158519
vt -0.000158519 2.99981
vt 0.9601051 2.99981
vt 1.000157 -0.000158519
vt 1.000157 2.99981
vt 1.000157 -0.000158519
vt -0.000158519 -0.000158519
vt -0.000158519 2.99981
vt 1.000157 2.99981
vt 0.03989317 -0.000158519
vt -0.000158519 -0.000158519
vt -0.000158519 2.99981
vt 0.03989317 2.99981
vt 1.000157 -0.000158519
vt 1.000157 2.99981
vt 1.000157 0.03989317
vt 1.000157 -0.000158519
vt -0.000158519 -0.000158519
vt -0.000158519 0.03989317
vt 1.000157 1.000157
vt -0.000158519 1.000157
vt 0.9601051 -0.000158519
vt -0.000158519 -0.000158519
vt -0.000158519 2.99981
vt 0.9601051 2.99981
vt 1.000157 -0.000158519
vt 1.000157 2.99981
vt 1.000157 -0.000158519
vt -0.000158519 -0.000158519
vt -0.000158519 2.99981
vt 1.000157 2.99981
vt 0.03989317 -0.000158519
vt -0.000158519 -0.000158519
vt -0.000158519 2.99981
vt 0.03989317 2.99981
vt 1.000157 -0.000158519
vt 1.000157 2.99981
vt 1.000157 0.03989317
vt 1.000157 -0.000158519
vt -0.000158519 -0.000158519
vt -0.000158519 0.03989317
vt 1.000157 1.000157
vt -0.000158519 1.000157
vt 0.9601051 -0.000158519
vt -0.000158519 -0.000158519
vt -0.000158519 2.99981
vt 0.9601051 2.99981
vt 1.000157 -0.000158519
vt 1.000157 2.99981
vt 1.000157 -0.000158519
vt -0.000158519 -0.000158519
vt -0.000158519 2.99981
vt 1.000157 2.99981
vt 0.03989317 -0.000158519
vt -0.000158519 -0.000158519
vt -0.000158519 2.99981
vt 0.03989317 2.99981
vt 1.000157 -0.000158519
vt 1.000157 2.99981
vt 1.000157 0.03989317
vt 1.000157 -0.000158519
vt -0.000158519 -0.000158519
vt -0.000158519 0.03989317
vt 1.000157 1.000157
vt -0.000158519 1.000157
vt 0.9601051 -0.000158519
vt -0.000158519 -0.000158519
vt -0.000158519 2.99981
vt 0.9601051 2.99981
vt 1.000157 -0.000158519
vt 1.000157 2.99981
vt 1.000157 -0.000158519
vt -0.000158519 -0.000158519
vt -0.000158519 2.99981
vt 1.000157 2.99981
vt 0.03989317 -0.000158519
vt -0.000158519 -0.000158519
vt -0.000158519 2.99981
vt 0.03989317 2.99981
vt 1.000157 -0.000158519
vt 1.000157 2.99981
vt 1.000157 0.03989317
vt 1.000157 -0.000158519
vt -0.000158519 -0.000158519
vt -0.000158519 0.03989317
vt 1.000157 1.000157
vt -0.000158519 1.000157
vt 0.9601051 -0.000158519
vt -0.000158519 -0.000158519
vt -0.000158519 2.99981
vt 0.9601051 2.99981
vt 1.000157 -0.000158519
vt 1.000157 2.99981
vt 1.000157 -0.000158519
vt -0.000158519 -0.000158519
vt -0.000158519 2.99981
vt 1.000157 2.99981
vt 0.03989317 -0.000158519
vt -0.000158519 -0.000158519
vt -0.000158519 2.99981
vt 0.03989317 2.99981
vt 1.000157 -0.000158519
vt 1.000157 2.99981
vt 1.000157 0.03989317
vt 1.000157 -0.000158519
vt -0.000158519 -0.000158519
vt -0.000158519 0.03989317
vt 1.000157 1.000157
vt -0.000158519 1.000157
vt 0.9601051 -0.000158519
vt -0.000158519 -0.000158519
vt -0.000158519 2.99981
vt 0.9601051 2.99981
vt 1.000157 -0.000158519
vt 1.000157 2.99981
vt 1.000157 -0.000158519
vt -0.000158519 -0.000158519
vt -0.000158519 2.99981
vt 1.000157 2.99981
vt 0.03989317 -0.000158519
vt -0.000158519 -0.000158519
vt -0.000158519 2.99981
vt 0.03989317 2.99981
vt 1.000157 -0.000158519
vt 1.000157 2.99981
vt 1.000157 0.03989317
vt 1.000157 -0.000158519
vt -0.000158519 -0.000158519
vt -0.000158519 0.03989317
vt 1.000157 1.000157
vt -0.000158519 1.000157
vt 0.9601051 -0.000158519
vt -0.000158519 -0.000158519
vt -0.000158519 2.99981
vt 0.9601051 2.99981
vt 1.000157 -0.000158519
vt 1.000157 2.99981
vt 1.000157 -0.000158519
vt -0.000158519 -0.000158519
vt -0.000158519 2.99981
vt 1.000157 2.99981
vt 0.03989317 -0.000158519
vt -0.000158519 -0.000158519
vt -0.000158519 2.99981
vt 0.03989317 2.99981
vt 1.000157 -0.000158519
vt 1.000157 2.99981
vt 1.000157 0.03989317
vt 1.000157 -0.000158519
vt -0.000158519 -0.000158519
vt -0.000158519 0.03989317
vt 1.000157 1.000157
vt -0.000158519 1.000157
vt 0.9601051 -0.000158519
vt -0.000158519 -0.000158519
vt -0.000158519 2.99981
vt 0.9601051 2.99981
vt 1.000157 -0.000158519
vt 1.000157 2.99981
vt 1.000157 -0.000158519
vt -0.000158519 -0.000158519
vt -0.000158519 2.99981
vt 1.000157 2.99981
vt 0.03989317 -0.000158519
vt -0.000158519 -0.000158519
vt -0.000158519 2.99981
vt 0.03989317 2.99981
vt 1.000157 -0.000158519
vt 1.000157 2.99981
vt 1.000157 0.03989317
vt 1.000157 -0.000158519
vt -0.000158519 -0.000158519
vt -0.000158519 0.03989317
vt 1.000157 1.000157
vt -0.000158519 1.000157
vt 0.9601051 -0.000158519
vt -0.000158519 -0.000158519
vt -0.000158519 2.99981
vt 0.9601051 2.99981
vt 1.000157 -0.000158519
vt 1.000157 2.99981
vt 1.000157 -0.000158519
vt -0.000158519 -0.000158519
vt -0.000158519 2.99981
vt 1.000157 2.99981
vt 0.03989317 -0.000158519
vt -0.000158519 -0.000158519
vt -0.000158519 2.99981
vt 0.03989317 2.99981
vt 1.000157 -0.000158519
vt 1.000157 2.99981
vt 1.000157 0.03989317
vt 1.000157 -0.000158519
vt -0.000158519 -0.000158519
vt -0.000158519 0.03989317
vt 1.000157 1.000157
vt -0.000158519 1.000157
vt 0.9601051 -0.000158519
vt -0.000158519 -0.000158519
vt -0.000158519 2.99981
vt 0.9601051 2.99981
vt 1.000157 -0.000158519
vt 1.000157 2.99981
vt 1.000157 -0.000158519
vt -0.000158519 -0.000158519
vt -0.000158519 2.99981
vt 1.000157 2.99981
vt 0.03989317 -0.000158519
vt -0.000158519 -0.000158519
vt -0.000158519 2.99981
vt 0.03989317 2.99981
vt 1.000157 -0.000158519
vt 1.000157 2.99981
vt 1.000157 0.03989317
vt 1.000157 -0.000158519
vt -0.000158519 -0.000158519
vt -0.000158519 0.03989317
vt 1.000157 1.000157
vt -0.000158519 1.000157
vt 0.9601051 -0.000158519
vt -0.000158519 -0.000158519
vt -0.000158519 2.99981
vt 0.9601051 2.99981
vt 1.000157 -0.000158519
vt 1.000157 2.99981
vt 1.000157 -0.000158519
vt -0.000158519 -0.000158519
vt -0.000158519 2.99981
vt 1.000157 2.99981
vt 0.03989317 -0.000158519
vt -0.000158519 -0.000158519
vt -0.000158519 2.99981
vt 0.03989317 2.99981
vt 1.000157 -0.000158519
vt 1.000157 2.99981
vt 1.000157 0.03989317
vt 1.000157 -0.000158519
vt -0.000158519 -0.000158519
vt -0.000158519 0.03989317
vt 1.000157 1.000157
vt -0.000158519 1.000157
vt 0.9601051 -0.000158519
vt -0.000158519 -0.000158519
vt -0.000158519 2.99981
vt 0.9601051 2.99981
vt 1.000157 -0.000158519
vt 1.000157 2.99981
vt 1.000157 -0.000158519
vt -0.000158519 -0.000158519
vt -0.000158519 2.99981
vt 1.000157 2.99981
vt 0.03989317 -0.000158519
vt -0.000158519 -0.000158519
vt -0.000158519 2.99981
vt 0.03989317 2.99981
vt 1.000157 -0.000158519
vt 1.000157 2.99981
vt 1.000157 0.03989317
vt 1.000157 -0.000158519
vt -0.000158519 -0.000158519
vt -0.000158519 0.03989317
vt 1.000157 1.000157
vt -0.000158519 1.000157
vt 0.9601051 -0.000158519
vt -0.000158519 -0.000158519
vt -0.000158519 2.99981
vt 0.9601051 2.99981
vt 1.000157 -0.000158519
vt 1.000157 2.99981
vt 1.000157 -0.000158519
vt -0.000158519 -0.000158519
vt -0.000158519 2.99981
vt 1.000157 2.99981
vt 0.03989317 -0.000158519
vt -0.000158519 -0.000158519
vt -0.000158519 2.99981
vt 0.03989317 2.99981
vt 1.000157 -0.000158519
vt 1.000157 2.99981
vt 1.000157 0.03989317
vt 1.000157 -0.000158519
vt -0.000158519 -0.000158519
vt -0.000158519 0.03989317
vt 1.000157 1.000157
vt -0.000158519 1.000157
vt 0.9601051 -0.000158519
vt -0.000158519 -0.000158519
vt -0.000158519 2.99981
vt 0.9601051 2.99981
vt 1.000157 -0.000158519
vt 1.000157 2.99981
vt 1.000157 -0.000158519
vt -0.000158519 -0.000158519
vt -0.000158519 2.99981
vt 1.000157 2.99981
vt 0.03989317 -0.000158519
vt -0.000158519 -0.000158519
vt -0.000158519 2.99981
vt 0.03989317 2.99981
vt 1.000157 -0.000158519
vt 1.000157 2.99981
vt 1.000157 0.03989317
vt 1.000157 -0.000158519
vt -0.000158519 -0.000158519
vt -0.000158519 0.03989317
vt 1.000157 1.000157
vt -0.000158519 1.000157
vt 0.9601051 -0.000158519
vt -0.000158519 -0.000158519
vt -0.000158519 2.99981
vt 0.9601051 2.99981
vt 1.000157 -0.000158519
vt 1.000157 2.99981
vt 1.000157 -0.000158519
vt -0.000158519 -0.000158519
vt -0.000158519 2.99981
vt 1.000157 2.99981
vt 0.03989317 -0.000158519
vt -0.000158519 -0.000158519
vt -0.000158519 2.99981
vt 0.03989317 2.99981
vt 1.000157 -0.000158519
vt 1.000157 2.99981
vt 1.000157 0.03989317
vt 1.000157 -0.000158519
vt -0.000158519 -0.000158519
vt -0.000158519 0.03989317
vt 1.000157 1.000157
vt -0.000158519 1.000157
vt 0.9601051 -0.000158519
vt -0.000158519 -0.000158519
vt -0.000158519 2.99981
vt 0.9601051 2.99981
vt 1.000157 -0.000158519
vt 1.000157 2.99981
vt 1.000157 -0.000158519
vt -0.000158519 -0.000158519
vt -0.000158519 2.99981
vt 1.000157 2.99981
vt 0.03989317 -0.000158519
vt -0.000158519 -0.000158519
vt -0.000158519 2.99981
vt 0.03989317 2.99981
vt 1.000157 -0.000158519
vt 1.000157 2.99981
vt 1.000157 0.03989317
vt 1.000157 -0.000158519
vt -0.000158519 -0.000158519
vt -0.000158519 0.03989317
vt 1.000157 1.000157
vt -0.000158519 1.000157
vt 0.9601051 -0.000158519
vt -0.000158519 -0.000158519
vt -0.000158519 2.99981
vt 0.9601051 2.99981
vt 1.000157 -0.000158519
vt 1.000157 2.99981
vt 1.000157 -0.000158519
vt -0.000158519 -0.000158519
vt -0.000158519 2.99981
vt 1.000157 2.99981
vt 0.03989317 -0.000158519
vt -0.000158519 -0.000158519
vt -0.000158519 2.99981
vt 0.03989317 2.99981
vt 1.000157 -0.000158519
vt 1.000157 2.99981
vt 1.000157 0.03989317
vt 1.000157 -0.000158519
vt -0.000158519 -0.000158519
vt -0.000158519 0.03989317
vt 1.000157 1.000157
vt -0.000158519 1.000157
vt 0.9601051 -0.000158519
vt -0.000158519 -0.000158519
vt -0.000158519 2.99981
vt 0.9601051 2.99981
vt 1.000157 -0.000158519
vt 1.000157 2.99981
vt 1.000157 -0.000158519
vt -0.000158519 -0.000158519
vt -0.000158519 2.99981
vt 1.000157 2.99981
vt 0.03989317 -0.000158519
vt -0.000158519 -0.000158519
vt -0.000158519 2.99981
vt 0.03989317 2.99981
vt 1.000157 -0.000158519
vt 1.000157 2.99981
vt 1.000157 0.03989317
vt 1.000157 -0.000158519
vt -0.000158519 -0.000158519
vt -0.000158519 0.03989317
vt 1.000157 1.000157
vt -0.000158519 1.000157
vt 0.9601051 -0.000158519
vt -0.000158519 -0.000158519
vt -0.000158519 2.99981
vt 0.9601051 2.99981
vt 1.000157 -0.000158519
vt 1.000157 2.99981
vt 1.000157 -0.000158519
vt -0.000158519 -0.000158519
vt -0.000158519 2.99981
vt 1.000157 2.99981
vt 0.03989317 -0.000158519
vt -0.000158519 -0.000158519
vt -0.000158519 2.99981
vt 0.03989317 2.99981
vt 1.000157 -0.000158519
vt 1.000157 2.99981
vt 1.000157 0.03989317
vt 1.000157 -0.000158519
vt -0.000158519 -0.000158519
vt -0.000158519 0.03989317
vt 1.000157 1.000157
vt -0.000158519 1.000157
vt 0.9601051 -0.000158519
vt -0.000158519 -0.000158519
vt -0.000158519 2.99981
vt 0.9601051 2.99981
vt 1.000157 -0.000158519
vt 1.000157 2.99981
vt 1.000157 -0.000158519
vt -0.000158519 -0.000158519
vt -0.000158519 2.99981
vt 1.000157 2.99981
vt 0.03989317 -0.000158519
vt -0.000158519 -0.000158519
vt -0.000158519 2.99981
vt 0.03989317 2.99981
vt 1.000157 -0.000158519
vt 1.000157 2.99981
vt 1.000157 0.03989317
vt 1.000157 -0.000158519
vt -0.000158519 -0.000158519
vt -0.000158519 0.03989317
vt 1.000157 1.000157
vt -0.000158519 1.000157
vt 0.9601051 -0.000158519
vt -0.000158519 -0.000158519
vt -0.000158519 2.99981
vt 0.9601051 2.99981
vt 1.000157 -0.000158519
vt 1.000157 2.99981
vt 1.000157 -0.000158519
vt -0.000158519 -0.000158519
vt -0.000158519 2.99981
vt 1.000157 2.99981
vt 0.03989317 -0.000158519
vt -0.000158519 -0.000158519
vt -0.000158519 2.99981
vt 0.03989317 2.99981
vt 1.000157 -0.000158519
vt 1.000157 2.99981
vt 1.000157 0.03989317
vt 1.000157 -0.000158519
vt -0.000158519 -0.000158519
vt -0.000158519 0.03989317
vt 1.000157 1.000157
vt -0.000158519 1.000157
vt 0.9601051 -0.000158519
vt -0.000158519 -0.000158519
vt -0.000158519 2.99981
vt 0.9601051 2.99981
vt 1.000157 -0.000158519
vt 1.000157 2.99981
vt 1.000157 -0.000158519
vt -0.000158519 -0.000158519
vt -0.000158519 2.99981
vt 1.000157 2.99981
vt 0.03989317 -0.000158519
vt -0.000158519 -0.000158519
vt -0.000158519 2.99981
vt 0.03989317 2.99981
vt 1.000157 -0.000158519
vt 1.000157 2.99981
vt 1.000157 0.03989317
vt 1.000157 -0.000158519
vt -0.000158519 -0.000158519
vt -0.000158519 0.03989317
vt 1.000157 1.000157
vt -0.000158519 1.000157
vt 0.9601051 -0.000158519
vt -0.000158519 -0.000158519
vt -0.000158519 2.99981
vt 0.9601051 2.99981
vt 1.000157 -0.000158519
vt 1.000157 2.99981
vt 1.000157 -0.000158519
vt -0.000158519 -0.000158519
vt -0.000158519 2.99981
vt 1.000157 2.99981
vt 0.03989317 -0.000158519
vt -0.000158519 -0.000158519
vt -0.000158519 2.99981
vt 0.03989317 2.99981
vt 1.000157 -0.000158519
vt 1.000157 2.99981
vt 1.000157 0.03989317
vt 1.000157 -0.000158519
vt -0.000158519 -0.000158519
vt -0.000158519 0.03989317
vt 1.000157 1.000157
vt -0.000158519 1.000157
vt 0.9601051 -0.000158519
vt -0.000158519 -0.000158519
vt -0.000158519 2.99981
vt 0.9601051 2.99981
vt 1.000157 -0.000158519
vt 1.000157 2.99981
vt 1.000157 -0.000158519
vt -0.000158519 -0.000158519
vt -0.000158519 2.99981
vt 1.000157 2.99981
vt 0.03989317 -0.000158519
vt -0.000158519 -0.000158519
vt -0.000158519 2.99981
vt 0.03989317 2.99981
vt 1.000157 -0.000158519
vt 1.000157 2.99981
vt 1.000157 0.03989317
vt 1.000157 -0.000158519
vt -0.000158519 -0.000158519
vt -0.000158519 0.03989317
vt 1.000157 1.000157
vt -0.000158519 1.000157
vt 0.9601051 -0.000158519
vt -0.000158519 -0.000158519
vt -0.000158519 2.99981
vt 0.9601051 2.99981
vt 1.000157 -0.000158519
vt 1.000157 2.99981
vt 1.000157 -0.000158519
vt -0.000158519 -0.000158519
vt -0.000158519 2.99981
vt 1.000157 2.99981
vt 0.03989317 -0.000158519
vt -0.000158519 -0.000158519
vt -0.000158519 2.99981
vt 0.03989317 2.99981
vt 1.000157 -0.000158519
vt 1.000157 2.99981
vt 1.000157 0.03989317
vt 1.000157 -0.000158519
vt -0.000158519 -0.000158519
vt -0.000158519 0.03989317
vt 1.000157 1.000157
vt -0.000158519 1.000157
vt 0.9601051 -0.000158519
vt -0.000158519 -0.000158519
vt -0.000158519 2.99981
vt 0.9601051 2.99981
vt 1.000157 -0.000158519
vt 1.000157 2.99981
vt 1.000157 -0.000158519
vt -0.000158519 -0.000158519
vt -0.000158519 2.99981
vt 1.000157 2.99981
vt 0.03989317 -0.000158519
vt -0.000158519 -0.000158519
vt -0.000158519 2.99981
vt 0.03989317 2.99981
vt 1.000157 -0.000158519
vt 1.000157 2.99981
vt 1.000157 0.03989317
vt 1.000157 -0.000158519
vt -0.000158519 -0.000158519
vt -0.000158519 0.03989317
vt 1.000157 1.000157
vt -0.000158519 1.000157
vt 0.9601051 -0.000158519
vt -0.000158519 -0.000158519
vt -0.000158519 2.99981
vt 0.9601051 2.99981
vt 1.000157 -0.000158519
vt 1.000157 2.99981
vt 1.000157 -0.000158519
vt -0.000158519 -0.000158519
vt -0.000158519 2.99981
vt 1.000157 2.99981
vt 0.03989317 -0.000158519
vt -0.000158519 -0.000158519
vt -0.000158519 2.99981
vt 0.03989317 2.99981
vt 1.000157 -0.000158519
vt 1.000157 2.99981
vt 1.000157 0.03989317
vt 1.000157 -0.000158519
vt -0.000158519 -0.000158519
vt -0.000158519 0.03989317
vt 1.000157 1.000157
vt -0.000158519 1.000157
vt 0.9601051 -0.000158519
vt -0.000158519 -0.000158519
vt -0.000158519 2.99981
vt 0.9601051 2.99981
vt 1.000157 -0.000158519
vt 1.000157 2.99981
vt 1.000157 -0.000158519
vt -0.000158519 -0.000158519
vt -0.000158519 2.99981
vt 1.000157 2.99981
vt 0.03989317 -0.000158519
vt -0.000158519 -0.000158519
vt -0.000158519 2.99981
vt 0.03989317 2.99981
vt 1.000157 -0.000158519
vt 1.000157 2.99981
vt 1.000157 0.03989317
vt 1.000157 -0.000158519
vt -0.000158519 -0.000158519
vt -0.000158519 0.03989317
vt 1.000157 1.000157
vt -0.000158519 1.000157
vt 0.3334427 0.002772092
vt -0.000158519 0.001795222
vt -0.000158519 2.989553
vt 0.3334427 2.991995
vt 0.6665555 -0.0006469539
vt 0.6665555 2.997368
vt 1.000157 -0.000158519
vt 1.000157 2.995903
vt 3.591794 0.01889045
vt 3.387628 0.02865916
vt 3.387628 1.114451
vt 3.591794 1.123731
vt 3.79596 0.009610185
vt 3.79596 1.1335
vt 4.000125 -0.000158519
vt 4.000125 1.14278
vt 0.3334427 0.01644828
vt -0.000158519 0.02524011
vt -0.000158519 0.9747581
vt 0.3334427 0.98355
vt 0.6665555 0.00814488
vt 0.6665555 0.9918533
vt 1.000157 -0.000158519
vt 1.000157 1.000157
vt 0.3334427 0.001306787
vt -0.000158519 -0.000158519
vt -0.000158519 2.99981
vt 0.3334427 3.002741
vt 0.6665555 0.002772092
vt 0.6665555 2.996391
vt 1.000157 0.008633314
vt 1.000157 2.994437
vt 0.3334427 0.002772092
vt -0.000158519 0.001795222
vt -0.000158519 2.989553
vt 0.3334427 2.991995
vt 0.6665555 -0.0006469539
vt 0.6665555 2.997368
vt 1.000157 -0.000158519
vt 1.000157 2.995903
vt 3.591794 0.01889045
vt 3.387628 0.02865916
vt 3.387628 1.114451
vt 3.591794 1.123731
vt 3.79596 0.009610185
vt 3.79596 1.1335
vt 4.000125 -0.000158519
vt 4.000125 1.14278
vt 0.3334427 0.01644828
vt -0.000158519 0.02524011
vt -0.000158519 0.9747581
vt 0.3334427 0.98355
vt 0.6665555 0.00814488
vt 0.6665555 0.9918533
vt 1.000157 -0.000158519
vt 1.000157 1.000157
vt 0.3334427 0.001306787
vt -0.000158519 -0.000158519
vt -0.000158519 2.99981
vt 0.3334427 3.002741
vt 0.6665555 0.002772092
vt 0.6665555 2.996391
vt 1.000157 0.008633314
vt 1.000157 2.994437
vt 0.3334427 0.002772092
vt -0.000158519 0.001795222
vt -0.000158519 2.989553
vt 0.3334427 2.991995
vt 0.6665555 -0.0006469539
vt 0.6665555 2.997368
vt 1.000157 -0.000158519
vt 1.000157 2.995903
vt 3.591794 0.01889045
vt 3.387628 0.02865916
vt 3.387628 1.114451
vt 3.591794 1.123731
vt 3.79596 0.009610185
vt 3.79596 1.1335
vt 4.000125 -0.000158519
vt 4.000125 1.14278
vt 0.3334427 0.01644828
vt -0.000158519 0.02524011
vt -0.000158519 0.9747581
vt 0.3334427 0.98355
vt 0.6665555 0.00814488
vt 0.6665555 0.9918533
vt 1.000157 -0.000158519
vt 1.000157 1.000157
vt 0.3334427 0.001306787
vt -0.000158519 -0.000158519
vt -0.000158519 2.99981
vt 0.3334427 3.002741
vt 0.6665555 0.002772092
vt 0.6665555 2.996391
vt 1.000157 0.008633314
vt 1.000157 2.994437
vt 0.3334427 0.002772092
vt -0.000158519 0.001795222
vt -0.000158519 2.989553
vt 0.3334427 2.991995
vt 0.6665555 -0.0006469539
vt 0.6665555 2.997368
vt 1.000157 -0.000158519
vt 1.000157 2.995903
vt 3.591794 0.01889045
vt 3.387628 0.02865916
vt 3.387628 1.114451
vt 3.591794 1.123731
vt 3.79596 0.009610185
vt 3.79596 1.1335
vt 4.000125 -0.000158519
vt 4.000125 1.14278
vt 0.3334427 0.01644828
vt -0.000158519 0.02524011
vt -0.000158519 0.9747581
vt 0.3334427 0.98355
vt 0.6665555 0.00814488
vt 0.6665555 0.9918533
vt 1.000157 -0.000158519
vt 1.000157 1.000157
vt 0.3334427 0.001306787
vt -0.000158519 -0.000158519
vt -0.000158519 2.99981
vt 0.3334427 3.002741
vt 0.6665555 0.002772092
vt 0.6665555 2.996391
vt 1.000157 0.008633314
vt 1.000157 2.994437
vt 0.3334427 0.002772092
vt -0.000158519 0.001795222
vt -0.000158519 2.989553
vt 0.3334427 2.991995
vt 0.6665555 -0.0006469539
vt 0.6665555 2.997368
vt 1.000157 -0.000158519
vt 1.000157 2.995903
vt 3.591794 0.01889045
vt 3.387628 0.02865916
vt 3.387628 1.114451
vt 3.591794 1.123731
vt 3.79596 0.009610185
vt 3.79596 1.1335
vt 4.000125 -0.000158519
vt 4.000125 1.14278
vt 0.3334427 0.01644828
vt -0.000158519 0.02524011
vt -0.000158519 0.9747581
vt 0.3334427 0.98355
vt 0.6665555 0.00814488
vt 0.6665555 0.9918533
vt 1.000157 -0.000158519
vt 1.000157 1.000157
vt 0.3334427 0.001306787
vt -0.000158519 -0.000158519
vt -0.000158519 2.99981
vt 0.3334427 3.002741
vt 0.6665555 0.002772092
vt 0.6665555 2.996391
vt 1.000157 0.008633314
vt 1.000157 2.994437
vt 0.3334427 0.002772092
vt -0.000158519 0.001795222
vt -0.000158519 2.989553
vt 0.3334427 2.991995
vt 0.6665555 -0.0006469539
vt 0.6665555 2.997368
vt 1.000157 -0.000158519
vt 1.000157 2.995903
vt 3.591794 0.01889045
vt 3.387628 0.02865916
vt 3.387628 1.114451
vt 3.591794 1.123731
vt 3.79596 0.009610185
vt 3.79596 1.1335
vt 4.000125 -0.000158519
vt 4.000125 1.14278
vt 0.3334427 0.01644828
vt -0.000158519 0.02524011
vt -0.000158519 0.9747581
vt 0.3334427 0.98355
vt 0.6665555 0.00814488
vt 0.6665555 0.9918533
vt 1.000157 -0.000158519
vt 1.000157 1.000157
vt 0.3334427 0.001306787
vt -0.000158519 -0.000158519
vt -0.000158519 2.99981
vt 0.3334427 3.002741
vt 0.6665555 0.002772092
vt 0.6665555 2.996391
vt 1.000157 0.008633314
vt 1.000157 2.994437
vt 0.3334427 0.002772092
vt -0.000158519 0.001795222
vt -0.000158519 2.989553
vt 0.3334427 2.991995
vt 0.6665555 -0.0006469539
vt 0.6665555 2.997368
vt 1.000157 -0.000158519
vt 1.000157 2.995903
vt 3.591794 0.01889045
vt 3.387628 0.02865916
vt 3.387628 1.114451
vt 3.591794 1.123731
vt 3.79596 0.009610185
vt 3.79596 1.1335
vt 4.000125 -0.000158519
vt 4.000125 1.14278
vt 0.3334427 0.01644828
vt -0.000158519 0.02524011
vt -0.000158519 0.9747581
vt 0.3334427 0.98355
vt 0.6665555 0.00814488
vt 0.6665555 0.9918533
vt 1.000157 -0.000158519
vt 1.000157 1.000157
vt 0.3334427 0.001306787
vt -0.000158519 -0.000158519
vt -0.000158519 2.99981
vt 0.3334427 3.002741
vt 0.6665555 0.002772092
vt 0.6665555 2.996391
vt 1.000157 0.008633314
vt 1.000157 2.994437
vt 0.3334427 0.002772092
vt -0.000158519 0.001795222
vt -0.000158519 2.989553
vt 0.3334427 2.991995
vt 0.6665555 -0.0006469539
vt 0.6665555 2.997368
vt 1.000157 -0.000158519
vt 1.000157 2.995903
vt 3.591794 0.01889045
vt 3.387628 0.02865916
vt 3.387628 1.114451
vt 3.591794 1.123731
vt 3.79596 0.009610185
vt 3.79596 1.1335
vt 4.000125 -0.000158519
vt 4.000125 1.14278
vt 0.3334427 0.01644828
vt -0.000158519 0.02524011
vt -0.000158519 0.9747581
vt 0.3334427 0.98355
vt 0.6665555 0.00814488
vt 0.6665555 0.9918533
vt 1.000157 -0.000158519
vt 1.000157 1.000157
vt 0.3334427 0.001306787
vt -0.000158519 -0.000158519
vt -0.000158519 2.99981
vt 0.3334427 3.002741
vt 0.6665555 0.002772092
vt 0.6665555 2.996391
vt 1.000157 0.008633314
vt 1.000157 2.994437
vt 0.3334427 0.002772092
vt -0.000158519 0.001795222
vt -0.000158519 2.989553
vt 0.3334427 2.991995
vt 0.6665555 -0.0006469539
vt 0.6665555 2.997368
vt 1.000157 -0.000158519
vt 1.000157 2.995903
vt 3.591794 0.01889045
vt 3.387628 0.02865916
vt 3.387628 1.114451
vt 3.591794 1.123731
vt 3.79596 0.009610185
vt 3.79596 1.1335
vt 4.000125 -0.000158519
vt 4.000125 1.14278
vt 0.3334427 0.01644828
vt -0.000158519 0.02524011
vt -0.000158519 0.9747581
vt 0.3334427 0.98355
vt 0.6665555 0.00814488
vt 0.6665555 0.9918533
vt 1.000157 -0.000158519
vt 1.000157 1.000157
vt 0.3334427 0.001306787
vt -0.000158519 -0.000158519
vt -0.000158519 2.99981
vt 0.3334427 3.002741
vt 0.6665555 0.002772092
vt 0.6665555 2.996391
vt 1.000157 0.008633314
vt 1.000157 2.994437
vt 0.3334427 0.002772092
vt -0.000158519 0.001795222
vt -0.000158519 2.989553
vt 0.3334427 2.991995
vt 0.6665555 -0.0006469539
vt 0.6665555 2.997368
vt 1.000157 -0.000158519
vt 1.000157 2.995903
vt 3.591794 0.01889045
vt 3.387628 0.02865916
vt 3.387628 1.114451
vt 3.591794 1.123731
vt 3.79596 0.009610185
vt 3.79596 1.1335
vt 4.000125 -0.000158519
vt 4.000125 1.14278
vt 0.3334427 0.01644828
vt -0.000158519 0.02524011
vt -0.000158519 0.9747581
vt 0.3334427 0.98355
vt 0.6665555 0.00814488
vt 0.6665555 0.9918533
vt 1.000157 -0.000158519
vt 1.000157 1.000157
vt 0.3334427 0.001306787
vt -0.000158519 -0.000158519
vt -0.000158519 2.99981
vt 0.3334427 3.002741
vt 0.6665555 0.002772092
vt 0.6665555 2.996391
vt 1.000157 0.008633314
vt 1.000157 2.994437
vt 0.3334427 0.002772092
vt -0.000158519 0.001795222
vt -0.000158519 2.989553
vt 0.3334427 2.991995
vt 0.6665555 -0.0006469539
vt 0.6665555 2.997368
vt 1.000157 -0.000158519
vt 1.000157 2.995903
vt 3.591794 0.01889045
vt 3.387628 0.02865916
vt 3.387628 1.114451
vt 3.591794 1.123731
vt 3.79596 0.009610185
vt 3.79596 1.1335
vt 4.000125 -0.000158519
vt 4.000125 1.14278
vt 0.3334427 0.01644828
vt -0.000158519 0.02524011
vt -0.000158519 0.9747581
vt 0.3334427 0.98355
vt 0.6665555 0.00814488
vt 0.6665555 0.9918533
vt 1.000157 -0.000158519
vt 1.000157 1.000157
vt 0.3334427 0.001306787
vt -0.000158519 -0.000158519
vt -0.000158519 2.99981
vt 0.3334427 3.002741
vt 0.6665555 0.002772092
vt 0.6665555 2.996391
vt 1.000157 0.008633314
vt 1.000157 2.994437
vt 0.3334427 0.002772092
vt -0.000158519 0.001795222
vt -0.000158519 2.989553
vt 0.3334427 2.991995
vt 0.6665555 -0.0006469539
vt 0.6665555 2.997368
vt 1.000157 -0.000158519
vt 1.000157 2.995903
vt 3.591794 0.01889045
vt 3.387628 0.02865916
vt 3.387628 1.114451
vt 3.591794 1.123731
vt 3.79596 0.009610185
vt 3.79596 1.1335
vt 4.000125 -0.000158519
vt 4.000125 1.14278
vt 0.3334427 0.01644828
vt -0.000158519 0.02524011
vt -0.000158519 0.9747581
vt 0.3334427 0.98355
vt 0.6665555 0.00814488
vt 0.6665555 0.9918533
vt 1.000157 -0.000158519
vt 1.000157 1.000157
vt 0.3334427 0.001306787
vt -0.000158519 -0.000158519
vt -0.000158519 2.99981
vt 0.3334427 3.002741
vt 0.6665555 0.002772092
vt 0.6665555 2.996391
vt 1.000157 0.008633314
vt 1.000157 2.994437
vt 0.3334427 0.002772092
vt -0.000158519 0.001795222
vt -0.000158519 2.989553
vt 0.3334427 2.991995
vt 0.6665555 -0.0006469539
vt 0.6665555 2.997368
vt 1.000157 -0.000158519
vt 1.000157 2.995903
vt 3.591794 0.01889045
vt 3.387628 0.02865916
vt 3.387628 1.114451
vt 3.591794 1.123731
vt 3.79596 0.009610185
vt 3.79596 1.1335
vt 4.000125 -0.000158519
vt 4.000125 1.14278
vt 0.3334427 0.01644828
vt -0.000158519 0.02524011
vt -0.000158519 0.9747581
vt 0.3334427 0.98355
vt 0.6665555 0.00814488
vt 0.6665555 0.9918533
vt 1.000157 -0.000158519
vt 1.000157 1.000157
vt 0.3334427 0.001306787
vt -0.000158519 -0.000158519
vt -0.000158519 2.99981
vt 0.3334427 3.002741
vt 0.6665555 0.002772092
vt 0.6665555 2.996391
vt 1.000157 0.008633314
vt 1.000157 2.994437
vt 0.3334427 0.002772092
vt -0.000158519 0.001795222
vt -0.000158519 2.989553
vt 0.3334427 2.991995
vt 0.6665555 -0.0006469539
vt 0.6665555 2.997368
vt 1.000157 -0.000158519
vt 1.000157 2.995903
vt 3.591794 0.01889045
vt 3.387628 0.02865916
vt 3.387628 1.114451
vt 3.591794 1.123731
vt 3.79596 0.009610185
vt 3.79596 1.1335
vt 4.000125 -0.000158519
vt 4.000125 1.14278
vt 0.3334427 0.01644828
vt -0.000158519 0.02524011
vt -0.000158519 0.9747581
vt 0.3334427 0.98355
vt 0.6665555 0.00814488
vt 0.6665555 0.9918533
vt 1.000157 -0.000158519
vt 1.000157 1.000157
vt 0.3334427 0.001306787
vt -0.000158519 -0.000158519
vt -0.000158519 2.99981
vt 0.3334427 3.002741
vt 0.6665555 0.002772092
vt 0.6665555 2.996391
vt 1.000157 0.008633314
vt 1.000157 2.994437
vt 0.3334427 0.002772092
vt -0.000158519 0.001795222
vt -0.000158519 2.989553
vt 0.3334427 2.991995
vt 0.6665555 -0.0006469539
vt 0.6665555 2.997368
vt 1.000157 -0.000158519
vt 1.000157 2.995903
vt 3.591794 0.01889045
vt 3.387628 0.02865916
vt 3.387628 1.114451
vt 3.591794 1.123731
vt 3.79596 0.009610185
vt 3.79596 1.1335
vt 4.000125 -0.000158519
vt 4.000125 1.14278
vt 0.3334427 0.01644828
vt -0.000158519 0.02524011
vt -0.000158519 0.9747581
vt 0.3334427 0.98355
vt 0.6665555 0.00814488
vt 0.6665555 0.9918533
vt 1.000157 -0.000158519
vt 1.000157 1.000157
vt 0.3334427 0.001306787
vt -0.000158519 -0.000158519
vt -0.000158519 2.99981
vt 0.3334427 3.002741
vt 0.6665555 0.002772092
vt 0.6665555 2.996391
vt 1.000157 0.008633314
vt 1.000157 2.994437
vt 0.3334427 0.002772092
vt -0.000158519 0.001795222
vt -0.000158519 2.989553
vt 0.3334427 2.991995
vt 0.6665555 -0.0006469539
vt 0.6665555 2.997368
vt 1.000157 -0.000158519
vt 1.000157 2.995903
vt 3.591794 0.01889045
vt 3.387628 0.02865916
vt 3.387628 1.114451
vt 3.591794 1.123731
vt 3.79596 0.009610185
vt 3.79596 1.1335
vt 4.000125 -0.000158519
vt 4.000125 1.14278
vt 0.3334427 0.01644828
vt -0.000158519 0.02524011
vt -0.000158519 0.9747581
vt 0.3334427 0.98355
vt 0.6665555 0.00814488
vt 0.6665555 0.9918533
vt 1.000157 -0.000158519
vt 1.000157 1.000157
vt 0.3334427 0.001306787
vt -0.000158519 -0.000158519
vt -0.000158519 2.99981
vt 0.3334427 3.002741
vt 0.6665555 0.002772092
vt 0.6665555 2.996391
vt 1.000157 0.008633314
vt 1.000157 2.994437
vt 0.3334427 0.002772092
vt -0.000158519 0.001795222
vt -0.000158519 2.989553
vt 0.3334427 2.991995
vt 0.6665555 -0.0006469539
vt 0.6665555 2.997368
vt 1.000157 -0.000158519
vt 1.000157 2.995903
vt 3.591794 0.01889045
vt 3.387628 0.02865916
vt 3.387628 1.114451
vt 3.591794 1.123731
vt 3.79596 0.009610185
vt 3.79596 1.1335
vt 4.000125 -0.000158519
vt 4.000125 1.14278
vt 0.3334427 0.01644828
vt -0.000158519 0.02524011
vt -0.000158519 0.9747581
vt 0.3334427 0.98355
vt 0.6665555 0.00814488
vt 0.6665555 0.9918533
vt 1.000157 -0.000158519
vt 1.000157 1.000157
vt 0.3334427 0.001306787
vt -0.000158519 -0.000158519
vt -0.000158519 2.99981
vt 0.3334427 3.002741
vt 0.6665555 0.002772092
vt 0.6665555 2.996391
vt 1.000157 0.008633314
vt 1.000157 2.994437
vt 0.3334427 0.002772092
vt -0.000158519 0.001795222
vt -0.000158519 2.989553
vt 0.3334427 2.991995
vt 0.6665555 -0.0006469539
vt 0.6665555 2.997368
vt 1.000157 -0.000158519
vt 1.000157 2.995903
vt 3.591794 0.01889045
vt 3.387628 0.02865916
vt 3.387628 1.114451
vt 3.591794 1.123731
vt 3.79596 0.009610185
vt 3.79596 1.1335
vt 4.000125 -0.000158519
vt 4.000125 1.14278
vt 0.3334427 0.01644828
vt -0.000158519 0.02524011
vt -0.000158519 0.9747581
vt 0.3334427 0.98355
vt 0.6665555 0.00814488
vt 0.6665555 0.9918533
vt 1.000157 -0.000158519
vt 1.000157 1.000157
vt 0.3334427 0.001306787
vt -0.000158519 -0.000158519
vt -0.000158519 2.99981
vt 0.3334427 3.002741
vt 0.6665555 0.002772092
vt 0.6665555 2.996391
vt 1.000157 0.008633314
vt 1.000157 2.994437
vt 0.3334427 0.002772092
vt -0.000158519 0.001795222
vt -0.000158519 2.989553
vt 0.3334427 2.991995
vt 0.6665555 -0.0006469539
vt 0.6665555 2.997368
vt 1.000157 -0.000158519
vt 1.000157 2.995903
vt 3.591794 0.01889045
vt 3.387628 0.02865916
vt 3.387628 1.114451
vt 3.591794 1.123731
vt 3.79596 0.009610185
vt 3.79596 1.1335
vt 4.000125 -0.000158519
vt 4.000125 1.14278
vt 0.3334427 0.01644828
vt -0.000158519 0.02524011
vt -0.000158519 0.9747581
vt 0.3334427 0.98355
vt 0.6665555 0.00814488
vt 0.6665555 0.9918533
vt 1.000157 -0.000158519
vt 1.000157 1.000157
vt 0.3334427 0.001306787
vt -0.000158519 -0.000158519
vt -0.000158519 2.99981
vt 0.3334427 3.002741
vt 0.6665555 0.002772092
vt 0.6665555 2.996391
vt 1.000157 0.008633314
vt 1.000157 2.994437
vt 0.3334427 0.002772092
vt -0.000158519 0.001795222
vt -0.000158519 2.989553
vt 0.3334427 2.991995
vt 0.6665555 -0.0006469539
vt 0.6665555 2.997368
vt 1.000157 -0.000158519
vt 1.000157 2.995903
vt 3.591794 0.01889045
vt 3.387628 0.02865916
vt 3.387628 1.114451
vt 3.591794 1.123731
vt 3.79596 0.009610185
vt 3.79596 1.1335
vt 4.000125 -0.000158519
vt 4.000125 1.14278
vt 0.3334427 0.01644828
vt -0.000158519 0.02524011
vt -0.000158519 0.9747581
vt 0.3334427 0.98355
vt 0.6665555 0.00814488
vt 0.6665555 0.9918533
vt 1.000157 -0.000158519
vt 1.000157 1.000157
vt 0.3334427 0.001306787
vt -0.000158519 -0.000158519
vt -0.000158519 2.99981
vt 0.3334427 3.002741
vt 0.6665555 0.002772092
vt 0.6665555 2.996391
vt 1.000157 0.008633314
vt 1.000157 2.994437
vt 0.3334427 0.002772092
vt -0.000158519 0.001795222
vt -0.000158519 2.989553
vt 0.3334427 2.991995
vt 0.6665555 -0.0006469539
vt 0.6665555 2.997368
vt 1.000157 -0.000158519
vt 1.000157 2.995903
vt 3.591794 0.01889045
vt 3.387628 0.02865916
vt 3.387628 1.114451
vt 3.591794 1.123731
vt 3.79596 0.009610185
vt 3.79596 1.1335
vt 4.000125 -0.000158519
vt 4.000125 1.14278
vt 0.3334427 0.01644828
vt -0.000158519 0.02524011
vt -0.000158519 0.9747581
vt 0.3334427 0.98355
vt 0.6665555 0.00814488
vt 0.6665555 0.9918533
vt 1.000157 -0.000158519
vt 1.000157 1.000157
vt 0.3334427 0.001306787
vt -0.000158519 -0.000158519
vt -0.000158519 2.99981
vt 0.3334427 3.002741
vt 0.6665555 0.002772092
vt 0.6665555 2.996391
vt 1.000157 0.008633314
vt 1.000157 2.994437
vt 0.3334427 0.002772092
vt -0.000158519 0.001795222
vt -0.000158519 2.989553
vt 0.3334427 2.991995
vt 0.6665555 -0.0006469539
vt 0.6665555 2.997368
vt 1.000157 -0.000158519
vt 1.000157 2.995903
vt 3.591794 0.01889045
vt 3.387628 0.02865916
vt 3.387628 1.114451
vt 3.591794 1.123731
vt 3.79596 0.009610185
vt 3.79596 1.1335
vt 4.000125 -0.000158519
vt 4.000125 1.14278
vt 0.3334427 0.01644828
vt -0.000158519 0.02524011
vt -0.000158519 0.9747581
vt 0.3334427 0.98355
vt 0.6665555 0.00814488
vt 0.6665555 0.9918533
vt 1.000157 -0.000158519
vt 1.000157 1.000157
vt 0.3334427 0.001306787
vt -0.000158519 -0.000158519
vt -0.000158519 2.99981
vt 0.3334427 3.002741
vt 0.6665555 0.002772092
vt 0.6665555 2.996391
vt 1.000157 0.008633314
vt 1.000157 2.994437
vt 0.3334427 0.002772092
vt -0.000158519 0.001795222
vt -0.000158519 2.989553
vt 0.3334427 2.991995
vt 0.6665555 -0.0006469539
vt 0.6665555 2.997368
vt 1.000157 -0.000158519
vt 1.000157 2.995903
vt 3.591794 0.01889045
vt 3.387628 0.02865916
vt 3.387628 1.114451
vt 3.591794 1.123731
vt 3.79596 0.009610185
vt 3.79596 1.1335
vt 4.000125 -0.000158519
vt 4.000125 1.14278
vt 0.3334427 0.01644828
vt -0.000158519 0.02524011
vt -0.000158519 0.9747581
vt 0.3334427 0.98355
vt 0.6665555 0.00814488
vt 0.6665555 0.9918533
vt 1.000157 -0.000158519
vt 1.000157 1.000157
vt 0.3334427 0.001306787
vt -0.000158519 -0.000158519
vt -0.000158519 2.99981
vt 0.3334427 3.002741
vt 0.6665555 0.002772092
vt 0.6665555 2.996391
vt 1.000157 0.008633314
vt 1.000157 2.994437
vt 0.3334427 0.002772092
vt -0.000158519 0.001795222
vt -0.000158519 2.989553
vt 0.3334427 2.991995
vt 0.6665555 -0.0006469539
vt 0.6665555 2.997368
vt 1.000157 -0.000158519
vt 1.000157 2.995903
vt 3.591794 0.01889045
vt 3.387628 0.02865916
vt 3.387628 1.114451
vt 3.591794 1.123731
vt 3.79596 0.009610185
vt 3.79596 1.1335
vt 4.000125 -0.000158519
vt 4.000125 1.14278
vt 0.3334427 0.01644828
vt -0.000158519 0.02524011
vt -0.000158519 0.9747581
vt 0.3334427 0.98355
vt 0.6665555 0.00814488
vt 0.6665555 0.9918533
vt 1.000157 -0.000158519
vt 1.000157 1.000157
vt 0.3334427 0.001306787
vt -0.000158519 -0.000158519
vt -0.000158519 2.99981
vt 0.3334427 3.002741
vt 0.6665555 0.002772092
vt 0.6665555 2.996391
vt 1.000157 0.008633314
vt 1.000157 2.994437
vt 0.3334427 0.002772092
vt -0.000158519 0.001795222
vt -0.000158519 2.989553
vt 0.3334427 2.991995
vt 0.6665555 -0.0006469539
vt 0.6665555 2.997368
vt 1.000157 -0.000158519
vt 1.000157 2.995903
vt 3.591794 0.01889045
vt 3.387628 0.02865916
vt 3.387628 1.114451
vt 3.591794 1.123731
vt 3.79596 0.009610185
vt 3.79596 1.1335
vt 4.000125 -0.000158519
vt 4.000125 1.14278
vt 0.3334427 0.01644828
vt -0.000158519 0.02524011
vt -0.000158519 0.9747581
vt 0.3334427 0.98355
vt 0.6665555 0.00814488
vt 0.6665555 0.9918533
vt 1.000157 -0.000158519
vt 1.000157 1.000157
vt 0.3334427 0.001306787
vt -0.000158519 -0.000158519
vt -0.000158519 2.99981
vt 0.3334427 3.002741
vt 0.6665555 0.002772092
vt 0.6665555 2.996391
vt 1.000157 0.008633314
vt 1.000157 2.994437
vt 0.3334427 0.002772092
vt -0.000158519 0.001795222
vt -0.000158519 2.989553
vt 0.3334427 2.991995
vt 0.6665555 -0.0006469539
vt 0.6665555 2.997368
vt 1.000157 -0.000158519
vt 1.000157 2.995903
vt 3.591794 0.01889045
vt 3.387628 0.02865916
vt 3.387628 1.114451
vt 3.591794 1.123731
vt 3.79596 0.009610185
vt 3.79596 1.1335
vt 4.000125 -0.000158519
vt 4.000125 1.14278
vt 0.3334427 0.01644828
vt -0.000158519 0.02524011
vt -0.000158519 0.9747581
vt 0.3334427 0.98355
vt 0.6665555 0.00814488
vt 0.6665555 0.9918533
vt 1.000157 -0.000158519
vt 1.000157 1.000157
vt 0.3334427 0.001306787
vt -0.000158519 -0.000158519
vt -0.000158519 2.99981
vt 0.3334427 3.002741
vt 0.6665555 0.002772092
vt 0.6665555 2.996391
vt 1.000157 0.008633314
vt 1.000157 2.994437
vt 0.3334427 0.002772092
vt -0.000158519 0.001795222
vt -0.000158519 2.989553
vt 0.3334427 2.991995
vt 0.6665555 -0.0006469539
vt 0.6665555 2.997368
vt 1.000157 -0.000158519
vt 1.000157 2.995903
vt 3.591794 0.01889045
vt 3.387628 0.02865916
vt 3.387628 1.114451
vt 3.591794 1.123731
vt 3.79596 0.009610185
vt 3.79596 1.1335
vt 4.000125 -0.000158519
vt 4.000125 1.14278
vt 0.3334427 0.01644828
vt -0.000158519 0.02524011
vt -0.000158519 0.9747581
vt 0.3334427 0.98355
vt 0.6665555 0.00814488
vt 0.6665555 0.9918533
vt 1.000157 -0.000158519
vt 1.000157 1.000157
vt 0.3334427 0.001306787
vt -0.000158519 -0.000158519
vt -0.000158519 2.99981
vt 0.3334427 3.002741
vt 0.6665555 0.002772092
vt 0.6665555 2.996391
vt 1.000157 0.008633314
vt 1.000157 2.994437
vt 0.3334427 0.002772092
vt -0.000158519 0.001795222
vt -0.000158519 2.989553
vt 0.3334427 2.991995
vt 0.6665555 -0.0006469539
vt 0.6665555 2.997368
vt 1.000157 -0.000158519
vt 1.000157 2.995903
vt 3.591794 0.01889045
vt 3.387628 0.02865916
vt 3.387628 1.114451
vt 3.591794 1.123731
vt 3.79596 0.009610185
vt 3.79596 1.1335
vt 4.000125 -0.000158519
vt 4.000125 1.14278
vt 0.3334427 0.01644828
vt -0.000158519 0.02524011
vt -0.000158519 0.9747581
vt 0.3334427 0.98355
vt 0.6665555 0.00814488
vt 0.6665555 0.9918533
vt 1.000157 -0.000158519
vt 1.000157 1.000157
vt 0.3334427 0.001306787
vt -0.000158519 -0.000158519
vt -0.000158519 2.99981
vt 0.3334427 3.002741
vt 0.6665555 0.002772092
vt 0.6665555 2.996391
vt 1.000157 0.008633314
vt 1.000157 2.994437
vt 0.3334427 0.002772092
vt -0.000158519 0.001795222
vt -0.000158519 2.989553
vt 0.3334427 2.991995
vt 0.6665555 -0.0006469539
vt 0.6665555 2.997368
vt 1.000157 -0.000158519
vt 1.000157 2.995903
vt 3.591794 0.01889045
vt 3.387628 0.02865916
vt 3.387628 1.114451
vt 3.591794 1.123731
vt 3.79596 0.009610185
vt 3.79596 1.1335
vt 4.000125 -0.000158519
vt 4.000125 1.14278
vt 0.3334427 0.01644828
vt -0.000158519 0.02524011
vt -0.000158519 0.9747581
vt 0.3334427 0.98355
vt 0.6665555 0.00814488
vt 0.6665555 0.9918533
vt 1.000157 -0.000158519
vt 1.000157 1.000157
vt 0.3334427 0.001306787
vt -0.000158519 -0.000158519
vt -0.000158519 2.99981
vt 0.3334427 3.002741
vt 0.6665555 0.002772092
vt 0.6665555 2.996391
vt 1.000157 0.008633314
vt 1.000157 2.994437
vt 0.3334427 0.002772092
vt -0.000158519 0.001795222
vt -0.000158519 2.989553
vt 0.3334427 2.991995
vt 0.6665555 -0.0006469539
vt 0.6665555 2.997368
vt 1.000157 -0.000158519
vt 1.000157 2.995903
vt 3.591794 0.01889045
vt 3.387628 0.02865916
vt 3.387628 1.114451
vt 3.591794 1.123731
vt 3.79596 0.009610185
vt 3.79596 1.1335
vt 4.000125 -0.000158519
vt 4.000125 1.14278
vt 0.3334427 0.01644828
vt -0.000158519 0.02524011
vt -0.000158519 0.9747581
vt 0.3334427 0.98355
vt 0.6665555 0.00814488
vt 0.6665555 0.9918533
vt 1.000157 -0.000158519
vt 1.000157 1.000157
vt 0.3334427 0.001306787
vt -0.000158519 -0.000158519
vt -0.000158519 2.99981
vt 0.3334427 3.002741
vt 0.6665555 0.002772092
vt 0.6665555 2.996391
vt 1.000157 0.008633314
vt 1.000157 2.994437
vt 0.3334427 0.002772092
vt -0.000158519 0.001795222
vt -0.000158519 2.989553
vt 0.3334427 2.991995
vt 0.6665555 -0.0006469539
vt 0.6665555 2.997368
vt 1.000157 -0.000158519
vt 1.000157 2.995903
vt 3.591794 0.01889045
vt 3.387628 0.02865916
vt 3.387628 1.114451
vt 3.591794 1.123731
vt 3.79596 0.009610185
vt 3.79596 1.1335
vt 4.000125 -0.000158519
vt 4.000125 1.14278
vt 0.3334427 0.01644828
vt -0.000158519 0.02524011
vt -0.000158519 0.9747581
vt 0.3334427 0.98355
vt 0.6665555 0.00814488
vt 0.6665555 0.9918533
vt 1.000157 -0.000158519
vt 1.000157 1.000157
vt 0.3334427 0.001306787
vt -0.000158519 -0.000158519
vt -0.000158519 2.99981
vt 0.3334427 3.002741
vt 0.6665555 0.002772092
vt 0.6665555 2.996391
vt 1.000157 0.008633314
vt 1.000157 2.994437
vt 0.3334427 0.002772092
vt -0.000158519 0.001795222
vt -0.000158519 2.989553
vt 0.3334427 2.991995
vt 0.6665555 -0.0006469539
vt 0.6665555 2.997368
vt 1.000157 -0.000158519
vt 1.000157 2.995903
vt 3.591794 0.01889045
vt 3.387628 0.02865916
vt 3.387628 1.114451
vt 3.591794 1.123731
vt 3.79596 0.009610185
vt 3.79596 1.1335
vt 4.000125 -0.000158519
vt 4.000125 1.14278
vt 0.3334427 0.01644828
vt -0.000158519 0.02524011
vt -0.000158519 0.9747581
vt 0.3334427 0.98355
vt 0.6665555 0.00814488
vt 0.6665555 0.9918533
vt 1.000157 -0.000158519
vt 1.000157 1.000157
vt 0.3334427 0.001306787
vt -0.000158519 -0.000158519
vt -0.000158519 2.99981
vt 0.3334427 3.002741
vt 0.6665555 0.002772092
vt 0.6665555 2.996391
vt 1.000157 0.008633314
vt 1.000157 2.994437
vt 0.3334427 0.002772092
vt -0.000158519 0.001795222
vt -0.000158519 2.989553
vt 0.3334427 2.991995
vt 0.6665555 -0.0006469539
vt 0.6665555 2.997368
vt 1.000157 -0.000158519
vt 1.000157 2.995903
vt 3.591794 0.01889045
vt 3.387628 0.02865916
vt 3.387628 1.114451
vt 3.591794 1.123731
vt 3.79596 0.009610185
vt 3.79596 1.1335
vt 4.000125 -0.000158519
vt 4.000125 1.14278
vt 0.3334427 0.01644828
vt -0.000158519 0.02524011
vt -0.000158519 0.9747581
vt 0.3334427 0.98355
vt 0.6665555 0.00814488
vt 0.6665555 0.9918533
vt 1.000157 -0.000158519
vt 1.000157 1.000157
vt 0.3334427 0.001306787
vt -0.000158519 -0.000158519
vt -0.000158519 2.99981
vt 0.3334427 3.002741
vt 0.6665555 0.002772092
vt 0.6665555 2.996391
vt 1.000157 0.008633314
vt 1.000157 2.994437
vt 0.3334427 0.002772092
vt -0.000158519 0.001795222
vt -0.000158519 2.989553
vt 0.3334427 2.991995
vt 0.6665555 -0.0006469539
vt 0.6665555 2.997368
vt 1.000157 -0.000158519
vt 1.000157 2.995903
vt 3.591794 0.01889045
vt 3.387628 0.02865916
vt 3.387628 1.114451
vt 3.591794 1.123731
vt 3.79596 0.009610185
vt 3.79596 1.1335
vt 4.000125 -0.000158519
vt 4.000125 1.14278
vt 0.3334427 0.01644828
vt -0.000158519 0.02524011
vt -0.000158519 0.9747581
vt 0.3334427 0.98355
vt 0.6665555 0.00814488
vt 0.6665555 0.9918533
vt 1.000157 -0.000158519
vt 1.000157 1.000157
vt 0.3334427 0.001306787
vt -0.000158519 -0.000158519
vt -0.000158519 2.99981
vt 0.3334427 3.002741
vt 0.6665555 0.002772092
vt 0.6665555 2.996391
vt 1.000157 0.008633314
vt 1.000157 2.994437
vt 0.3334427 0.002772092
vt -0.000158519 0.001795222
vt -0.000158519 2.989553
vt 0.3334427 2.991995
vt 0.6665555 -0.0006469539
vt 0.6665555 2.997368
vt 1.000157 -0.000158519
vt 1.000157 2.995903
vt 3.591794 0.01889045
vt 3.387628 0.02865916
vt 3.387628 1.114451
vt 3.591794 1.123731
vt 3.79596 0.009610185
vt 3.79596 1.1335
vt 4.000125 -0.000158519
vt 4.000125 1.14278
vt 0.3334427 0.01644828
vt -0.000158519 0.02524011
vt -0.000158519 0.9747581
vt 0.3334427 0.98355
vt 0.6665555 0.00814488
vt 0.6665555 0.9918533
vt 1.000157 -0.000158519
vt 1.000157 1.000157
vt 0.3334427 0.001306787
vt -0.000158519 -0.000158519
vt -0.000158519 2.99981
vt 0.3334427 3.002741
vt 0.6665555 0.002772092
vt 0.6665555 2.996391
vt 1.000157 0.008633314
vt 1.000157 2.994437
vt 0.3334427 0.002772092
vt -0.000158519 0.001795222
vt -0.000158519 2.989553
vt 0.3334427 2.991995
vt 0.6665555 -0.0006469539
vt 0.6665555 2.997368
vt 1.000157 -0.000158519
vt 1.000157 2.995903
vt 3.591794 0.01889045
vt 3.387628 0.02865916
vt 3.387628 1.114451
vt 3.591794 1.123731
vt 3.79596 0.009610185
vt 3.79596 1.1335
vt 4.000125 -0.000158519
vt 4.000125 1.14278
vt 0.3334427 0.01644828
vt -0.000158519 0.02524011
vt -0.000158519 0.9747581
vt 0.3334427 0.98355
vt 0.6665555 0.00814488
vt 0.6665555 0.9918533
vt 1.000157 -0.000158519
vt 1.000157 1.000157
vt 0.3334427 0.001306787
vt -0.000158519 -0.000158519
vt -0.000158519 2.99981
vt 0.3334427 3.002741
vt 0.6665555 0.002772092
vt 0.6665555 2.996391
vt 1.000157 0.008633314
vt 1.000157 2.994437
vt 0.3334427 0.002772092
vt -0.000158519 0.001795222
vt -0.000158519 2.989553
vt 0.3334427 2.991995
vt 0.6665555 -0.0006469539
vt 0.6665555 2.997368
vt 1.000157 -0.000158519
vt 1.000157 2.995903
vt 3.591794 0.01889045
vt 3.387628 0.02865916
vt 3.387628 1.114451
vt 3.591794 1.123731
vt 3.79596 0.009610185
vt 3.79596 1.1335
vt 4.000125 -0.000158519
vt 4.000125 1.14278
vt 0.3334427 0.01644828
vt -0.000158519 0.02524011
vt -0.000158519 0.9747581
vt 0.3334427 0.98355
vt 0.6665555 0.00814488
vt 0.6665555 0.9918533
vt 1.000157 -0.000158519
vt 1.000157 1.000157
vt 0.3334427 0.001306787
vt -0.000158519 -0.000158519
vt -0.000158519 2.99981
vt 0.3334427 3.002741
vt 0.6665555 0.002772092
vt 0.6665555 2.996391
vt 1.000157 0.008633314
vt 1.000157 2.994437
vt 0.3334427 0.002772092
vt -0.000158519 0.001795222
vt -0.000158519 2.989553
vt 0.3334427 2.991995
vt 0.6665555 -0.0006469539
vt 0.6665555 2.997368
vt 1.000157 -0.000158519
vt 1.000157 2.995903
vt 3.591794 0.01889045
vt 3.387628 0.02865916
vt 3.387628 1.114451
vt 3.591794 1.123731
vt 3.79596 0.009610185
vt 3.79596 1.1335
vt 4.000125 -0.000158519
vt 4.000125 1.14278
vt 0.3334427 0.01644828
vt -0.000158519 0.02524011
vt -0.000158519 0.9747581
vt 0.3334427 0.98355
vt 0.6665555 0.00814488
vt 0.6665555 0.9918533
vt 1.000157 -0.000158519
vt 1.000157 1.000157
vt 0.3334427 0.001306787
vt -0.000158519 -0.000158519
vt -0.000158519 2.99981
vt 0.3334427 3.002741
vt 0.6665555 0.002772092
vt 0.6665555 2.996391
vt 1.000157 0.008633314
vt 1.000157 2.994437
vt 0.3334427 0.002772092
vt -0.000158519 0.001795222
vt -0.000158519 2.989553
vt 0.3334427 2.991995
vt 0.6665555 -0.0006469539
vt 0.6665555 2.997368
vt 1.000157 -0.000158519
vt 1.000157 2.995903
vt 3.591794 0.01889045
vt 3.387628 0.02865916
vt 3.387628 1.114451
vt 3.591794 1.123731
vt 3.79596 0.009610185
vt 3.79596 1.1335
vt 4.000125 -0.000158519
vt 4.000125 1.14278
vt 0.3334427 0.01644828
vt -0.000158519 0.02524011
vt -0.000158519 0.9747581
vt 0.3334427 0.98355
vt 0.6665555 0.00814488
vt 0.6665555 0.9918533
vt 1.000157 -0.000158519
vt 1.000157 1.000157
vt 0.3334427 0.001306787
vt -0.000158519 -0.000158519
vt -0.000158519 2.99981
vt 0.3334427 3.002741
vt 0.6665555 0.002772092
vt 0.6665555 2.996391
vt 1.000157 0.008633314
vt 1.000157 2.994437
vt 0.3334427 0.002772092
vt -0.000158519 0.001795222
vt -0.000158519 2.989553
vt 0.3334427 2.991995
vt 0.6665555 -0.0006469539
vt 0.6665555 2.997368
vt 1.000157 -0.000158519
vt 1.000157 2.995903
vt 3.591794 0.01889045
vt 3.387628 0.02865916
vt 3.387628 1.114451
vt 3.591794 1.123731
vt 3.79596 0.009610185
vt 3.79596 1.1335
vt 4.000125 -0.000158519
vt 4.000125 1.14278
vt 0.3334427 0.01644828
vt -0.000158519 0.02524011
vt -0.000158519 0.9747581
vt 0.3334427 0.98355
vt 0.6665555 0.00814488
vt 0.6665555 0.9918533
vt 1.000157 -0.000158519
vt 1.000157 1.000157
vt 0.3334427 0.001306787
vt -0.000158519 -0.000158519
vt -0.000158519 2.99981
vt 0.3334427 3.002741
vt 0.6665555 0.002772092
vt 0.6665555 2.996391
vt 1.000157 0.008633314
vt 1.000157 2.994437
vt 0.3334427 0.002772092
vt -0.000158519 0.001795222
vt -0.000158519 2.989553
vt 0.3334427 2.991995
vt 0.6665555 -0.0006469539
vt 0.6665555 2.997368
vt 1.000157 -0.000158519
vt 1.000157 2.995903
vt 3.591794 0.01889045
vt 3.387628 0.02865916
vt 3.387628 1.114451
vt 3.591794 1.123731
vt 3.79596 0.009610185
vt 3.79596 1.1335
vt 4.000125 -0.000158519
vt 4.000125 1.14278
vt 0.3334427 0.01644828
vt -0.000158519 0.02524011
vt -0.000158519 0.9747581
vt 0.3334427 0.98355
vt 0.6665555 0.00814488
vt 0.6665555 0.9918533
vt 1.000157 -0.000158519
vt 1.000157 1.000157
vt 0.3334427 0.001306787
vt -0.000158519 -0.000158519
vt -0.000158519 2.99981
vt 0.3334427 3.002741
vt 0.6665555 0.002772092
vt 0.6665555 2.996391
vt 1.000157 0.008633314
vt 1.000157 2.994437
vt 0.3334427 0.002772092
vt -0.000158519 0.001795222
vt -0.000158519 2.989553
vt 0.3334427 2.991995
vt 0.6665555 -0.0006469539
vt 0.6665555 2.997368
vt 1.000157 -0.000158519
vt 1.000157 2.995903
vt 3.591794 0.01889045
vt 3.387628 0.02865916
vt 3.387628 1.114451
vt 3.591794 1.123731
vt 3.79596 0.009610185
vt 3.79596 1.1335
vt 4.000125 -0.000158519
vt 4.000125 1.14278
vt 0.3334427 0.01644828
vt -0.000158519 0.02524011
vt -0.000158519 0.9747581
vt 0.3334427 0.98355
vt 0.6665555 0.00814488
vt 0.6665555 0.9918533
vt 1.000157 -0.000158519
vt 1.000157 1.000157
vt 0.3334427 0.001306787
vt -0.000158519 -0.000158519
vt -0.000158519 2.99981
vt 0.3334427 3.002741
vt 0.6665555 0.002772092
vt 0.6665555 2.996391
vt 1.000157 0.008633314
vt 1.000157 2.994437
vt 0.3334427 0.002772092
vt -0.000158519 0.001795222
vt -0.000158519 2.989553
vt 0.3334427 2.991995
vt 0.6665555 -0.0006469539
vt 0.6665555 2.997368
vt 1.000157 -0.000158519
vt 1.000157 2.995903
vt 3.591794 0.01889045
vt 3.387628 0.02865916
vt 3.387628 1.114451
vt 3.591794 1.123731
vt 3.79596 0.009610185
vt 3.79596 1.1335
vt 4.000125 -0.000158519
vt 4.000125 1.14278
vt 0.3334427 0.01644828
vt -0.000158519 0.02524011
vt -0.000158519 0.9747581
vt 0.3334427 0.98355
vt 0.6665555 0.00814488
vt 0.6665555 0.9918533
vt 1.000157 -0.000158519
vt 1.000157 1.000157
vt 0.3334427 0.001306787
vt -0.000158519 -0.000158519
vt -0.000158519 2.99981
vt 0.3334427 3.002741
vt 0.6665555 0.002772092
vt 0.6665555 2.996391
vt 1.000157 0.008633314
vt 1.000157 2.994437
vt 0.3334427 0.002772092
vt -0.000158519 0.001795222
vt -0.000158519 2.989553
vt 0.3334427 2.991995
vt 0.6665555 -0.0006469539
vt 0.6665555 2.997368
vt 1.000157 -0.000158519
vt 1.000157 2.995903
vt 3.591794 0.01889045
vt 3.387628 0.02865916
vt 3.387628 1.114451
vt 3.591794 1.123731
vt 3.79596 0.009610185
vt 3.79596 1.1335
vt 4.000125 -0.000158519
vt 4.000125 1.14278
vt 0.3334427 0.01644828
vt -0.000158519 0.02524011
vt -0.000158519 0.9747581
vt 0.3334427 0.98355
vt 0.6665555 0.00814488
vt 0.6665555 0.9918533
vt 1.000157 -0.000158519
vt 1.000157 1.000157
vt 0.3334427 0.001306787
vt -0.000158519 -0.000158519
vt -0.000158519 2.99981
vt 0.3334427 3.002741
vt 0.6665555 0.002772092
vt 0.6665555 2.996391
vt 1.000157 0.008633314
vt 1.000157 2.994437
vt 0.3334427 0.002772092
vt -0.000158519 0.001795222
vt -0.000158519 2.989553
vt 0.3334427 2.991995
vt 0.6665555 -0.0006469539
vt 0.6665555 2.997368
vt 1.000157 -0.000158519
vt 1.000157 2.995903
vt 3.591794 0.01889045
vt 3.387628 0.02865916
vt 3.387628 1.114451
vt 3.591794 1.123731
vt 3.79596 0.009610185
vt 3.79596 1.1335
vt 4.000125 -0.000158519
vt 4.000125 1.14278
vt 0.3334427 0.01644828
vt -0.000158519 0.02524011
vt -0.000158519 0.9747581
vt 0.3334427 0.98355
vt 0.6665555 0.00814488
vt 0.6665555 0.9918533
vt 1.000157 -0.000158519
vt 1.000157 1.000157
vt 0.3334427 0.001306787
vt -0.000158519 -0.000158519
vt -0.000158519 2.99981
vt 0.3334427 3.002741
vt 0.6665555 0.002772092
vt 0.6665555 2.996391
vt 1.000157 0.008633314
vt 1.000157 2.994437
vt 0.3334427 0.002772092
vt -0.000158519 0.001795222
vt -0.000158519 2.989553
vt 0.3334427 2.991995
vt 0.6665555 -0.0006469539
vt 0.6665555 2.997368
vt 1.000157 -0.000158519
vt 1.000157 2.995903
vt 3.591794 0.01889045
vt 3.387628 0.02865916
vt 3.387628 1.114451
vt 3.591794 1.123731
vt 3.79596 0.009610185
vt 3.79596 1.1335
vt 4.000125 -0.000158519
vt 4.000125 1.14278
vt 0.3334427 0.01644828
vt -0.000158519 0.02524011
vt -0.000158519 0.9747581
vt 0.3334427 0.98355
vt 0.6665555 0.00814488
vt 0.6665555 0.9918533
vt 1.000157 -0.000158519
vt 1.000157 1.000157
vt 0.3334427 0.001306787
vt -0.000158519 -0.000158519
vt -0.000158519 2.99981
vt 0.3334427 3.002741
vt 0.6665555 0.002772092
vt 0.6665555 2.996391
vt 1.000157 0.008633314
vt 1.000157 2.994437
vt 0.3334427 0.002772092
vt -0.000158519 0.001795222
vt -0.000158519 2.989553
vt 0.3334427 2.991995
vt 0.6665555 -0.0006469539
vt 0.6665555 2.997368
vt 1.000157 -0.000158519
vt 1.000157 2.995903
vt 3.591794 0.01889045
vt 3.387628 0.02865916
vt 3.387628 1.114451
vt 3.591794 1.123731
vt 3.79596 0.009610185
vt 3.79596 1.1335
vt 4.000125 -0.000158519
vt 4.000125 1.14278
vt 0.3334427 0.01644828
vt -0.000158519 0.02524011
vt -0.000158519 0.9747581
vt 0.3334427 0.98355
vt 0.6665555 0.00814488
vt 0.6665555 0.9918533
vt 1.000157 -0.000158519
vt 1.000157 1.000157
vt 0.3334427 0.001306787
vt -0.000158519 -0.000158519
vt -0.000158519 2.99981
vt 0.3334427 3.002741
vt 0.6665555 0.002772092
vt 0.6665555 2.996391
vt 1.000157 0.008633314
vt 1.000157 2.994437
vt 0.3334427 0.002772092
vt -0.000158519 0.001795222
vt -0.000158519 2.989553
vt 0.3334427 2.991995
vt 0.6665555 -0.0006469539
vt 0.6665555 2.997368
vt 1.000157 -0.000158519
vt 1.000157 2.995903
vt 3.591794 0.01889045
vt 3.387628 0.02865916
vt 3.387628 1.114451
vt 3.591794 1.123731
vt 3.79596 0.009610185
vt 3.79596 1.1335
vt 4.000125 -0.000158519
vt 4.000125 1.14278
vt 0.3334427 0.01644828
vt -0.000158519 0.02524011
vt -0.000158519 0.9747581
vt 0.3334427 0.98355
vt 0.6665555 0.00814488
vt 0.6665555 0.9918533
vt 1.000157 -0.000158519
vt 1.000157 1.000157
vt 0.3334427 0.001306787
vt -0.000158519 -0.000158519
vt -0.000158519 2.99981
vt 0.3334427 3.002741
vt 0.6665555 0.002772092
vt 0.6665555 2.996391
vt 1.000157 0.008633314
vt 1.000157 2.994437
vt 0.3334427 0.002772092
vt -0.000158519 0.001795222
vt -0.000158519 2.989553
vt 0.3334427 2.991995
vt 0.6665555 -0.0006469539
vt 0.6665555 2.997368
vt 1.000157 -0.000158519
vt 1.000157 2.995903
vt 3.591794 0.01889045
vt 3.387628 0.02865916
vt 3.387628 1.114451
vt 3.591794 1.123731
vt 3.79596 0.009610185
vt 3.79596 1.1335
vt 4.000125 -0.000158519
vt 4.000125 1.14278
vt 0.3334427 0.01644828
vt -0.000158519 0.02524011
vt -0.000158519 0.9747581
vt 0.3334427 0.98355
vt 0.6665555 0.00814488
vt 0.6665555 0.9918533
vt 1.000157 -0.000158519
vt 1.000157 1.000157
vt 0.3334427 0.001306787
vt -0.000158519 -0.000158519
vt -0.000158519 2.99981
vt 0.3334427 3.002741
vt 0.6665555 0.002772092
vt 0.6665555 2.996391
vt 1.000157 0.008633314
vt 1.000157 2.994437
vt 0.3334427 0.002772092
vt -0.000158519 0.001795222
vt -0.000158519 2.989553
vt 0.3334427 2.991995
vt 0.6665555 -0.0006469539
vt 0.6665555 2.997368
vt 1.000157 -0.000158519
vt 1.000157 2.995903
vt 3.591794 0.01889045
vt 3.387628 0.02865916
vt 3.387628 1.114451
vt 3.591794 1.123731
vt 3.79596 0.009610185
vt 3.79596 1.1335
vt 4.000125 -0.000158519
vt 4.000125 1.14278
vt 0.3334427 0.01644828
vt -0.000158519 0.02524011
vt -0.000158519 0.9747581
vt 0.3334427 0.98355
vt 0.6665555 0.00814488
vt 0.6665555 0.9918533
vt 1.000157 -0.000158519
vt 1.000157 1.000157
vt 0.3334427 0.001306787
vt -0.000158519 -0.000158519
vt -0.000158519 2.99981
vt 0.3334427 3.002741
vt 0.6665555 0.002772092
vt 0.6665555 2.996391
vt 1.000157 0.008633314
vt 1.000157 2.994437
vt 0.3334427 0.002772092
vt -0.000158519 0.001795222
vt -0.000158519 2.989553
vt 0.3334427 2.991995
vt 0.6665555 -0.0006469539
vt 0.6665555 2.997368
vt 1.000157 -0.000158519
vt 1.000157 2.995903
vt 3.591794 0.01889045
vt 3.387628 0.02865916
vt 3.387628 1.114451
vt 3.591794 1.123731
vt 3.79596 0.009610185
vt 3.79596 1.1335
vt 4.000125 -0.000158519
vt 4.000125 1.14278
vt 0.3334427 0.01644828
vt -0.000158519 0.02524011
vt -0.000158519 0.9747581
vt 0.3334427 0.98355
vt 0.6665555 0.00814488
vt 0.6665555 0.9918533
vt 1.000157 -0.000158519
vt 1.000157 1.000157
vt 0.3334427 0.001306787
vt -0.000158519 -0.000158519
vt -0.000158519 2.99981
vt 0.3334427 3.002741
vt 0.6665555 0.002772092
vt 0.6665555 2.996391
vt 1.000157 0.008633314
vt 1.000157 2.994437
vt 0.3334427 0.002772092
vt -0.000158519 0.001795222
vt -0.000158519 2.989553
vt 0.3334427 2.991995
vt 0.6665555 -0.0006469539
vt 0.6665555 2.997368
vt 1.000157 -0.000158519
vt 1.000157 2.995903
vt 3.591794 0.01889045
vt 3.387628 0.02865916
vt 3.387628 1.114451
vt 3.591794 1.123731
vt 3.79596 0.009610185
vt 3.79596 1.1335
vt 4.000125 -0.000158519
vt 4.000125 1.14278
vt 0.3334427 0.01644828
vt -0.000158519 0.02524011
vt -0.000158519 0.9747581
vt 0.3334427 0.98355
vt 0.6665555 0.00814488
vt 0.6665555 0.9918533
vt 1.000157 -0.000158519
vt 1.000157 1.000157
vt 0.3334427 0.001306787
vt -0.000158519 -0.000158519
vt -0.000158519 2.99981
vt 0.3334427 3.002741
vt 0.6665555 0.002772092
vt 0.6665555 2.996391
vt 1.000157 0.008633314
vt 1.000157 2.994437
vt 0.3334427 0.002772092
vt -0.000158519 0.001795222
vt -0.000158519 2.989553
vt 0.3334427 2.991995
vt 0.6665555 -0.0006469539
vt 0.6665555 2.997368
vt 1.000157 -0.000158519
vt 1.000157 2.995903
vt 3.591794 0.01889045
vt 3.387628 0.02865916
vt 3.387628 1.114451
vt 3.591794 1.123731
vt 3.79596 0.009610185
vt 3.79596 1.1335
vt 4.000125 -0.000158519
vt 4.000125 1.14278
vt 0.3334427 0.01644828
vt -0.000158519 0.02524011
vt -0.000158519 0.9747581
vt 0.3334427 0.98355
vt 0.6665555 0.00814488
vt 0.6665555 0.9918533
vt 1.000157 -0.000158519
vt 1.000157 1.000157
vt 0.3334427 0.001306787
vt -0.000158519 -0.000158519
vt -0.000158519 2.99981
vt 0.3334427 3.002741
vt 0.6665555 0.002772092
vt 0.6665555 2.996391
vt 1.000157 0.008633314
vt 1.000157 2.994437
vt 0.3334427 0.002772092
vt -0.000158519 0.001795222
vt -0.000158519 2.989553
vt 0.3334427 2.991995
vt 0.6665555 -0.0006469539
vt 0.6665555 2.997368
vt 1.000157 -0.000158519
vt 1.000157 2.995903
vt 3.591794 0.01889045
vt 3.387628 0.02865916
vt 3.387628 1.114451
vt 3.591794 1.123731
vt 3.79596 0.009610185
vt 3.79596 1.1335
vt 4.000125 -0.000158519
vt 4.000125 1.14278
vt 0.3334427 0.01644828
vt -0.000158519 0.02524011
vt -0.000158519 0.9747581
vt 0.3334427 0.98355
vt 0.6665555 0.00814488
vt 0.6665555 0.9918533
vt 1.000157 -0.000158519
vt 1.000157 1.000157
vt 0.3334427 0.001306787
vt -0.000158519 -0.000158519
vt -0.000158519 2.99981
vt 0.3334427 3.002741
vt 0.6665555 0.002772092
vt 0.6665555 2.996391
vt 1.000157 0.008633314
vt 1.000157 2.994437
vt 0.6001283 -0.004066
vt 0.5644726 0.0750605
vt 0.5644726 2.916776
vt 0.6001283 2.995903
vt -0.000158519 -0.004066
vt 0.03549725 0.0750605
vt 0.6001283 -0.004066
vt -0.000158519 2.995903
vt 0.03549725 2.916776
vt -0.000158519 -0.004066
vt 0.6001283 2.995903
vt -0.000158519 2.995903
vt 0.6001283 -0.004066
vt 0.5644726 0.0750605
vt 0.5644726 2.916776
vt 0.6001283 2.995903
vt -0.000158519 -0.004066
vt 0.03549725 0.0750605
vt 0.6001283 -0.004066
vt -0.000158519 2.995903
vt 0.03549725 2.916776
vt -0.000158519 -0.004066
vt 0.6001283 2.995903
vt -0.000158519 2.995903
vt 0.6001283 -0.004066
vt 0.5644726 0.0750605
vt 0.5644726 2.916776
vt 0.6001283 2.995903
vt -0.000158519 -0.004066
vt 0.03549725 0.0750605
vt 0.6001283 -0.004066
vt -0.000158519 2.995903
vt 0.03549725 2.916776
vt -0.000158519 -0.004066
vt 0.6001283 2.995903
vt -0.000158519 2.995903
vt 0.6001283 -0.004066
vt 0.5644726 0.0750605
vt 0.5644726 2.916776
vt 0.6001283 2.995903
vt -0.000158519 -0.004066
vt 0.03549725 0.0750605
vt 0.6001283 -0.004066
vt -0.000158519 2.995903
vt 0.03549725 2.916776
vt -0.000158519 -0.004066
vt 0.6001283 2.995903
vt -0.000158519 2.995903
vt 0.6001283 -0.004066
vt 0.5644726 0.0750605
vt 0.5644726 2.916776
vt 0.6001283 2.995903
vt -0.000158519 -0.004066
vt 0.03549725 0.0750605
vt 0.6001283 -0.004066
vt -0.000158519 2.995903
vt 0.03549725 2.916776
vt -0.000158519 -0.004066
vt 0.6001283 2.995903
vt -0.000158519 2.995903
vt 0.6001283 -0.004066
vt 0.5644726 0.0750605
vt 0.5644726 2.916776
vt 0.6001283 2.995903
vt -0.000158519 -0.004066
vt 0.03549725 0.0750605
vt 0.6001283 -0.004066
vt -0.000158519 2.995903
vt 0.03549725 2.916776
vt -0.000158519 -0.004066
vt 0.6001283 2.995903
vt -0.000158519 2.995903
vt 0.6001283 -0.004066
vt 0.5644726 0.0750605
vt 0.5644726 2.916776
vt 0.6001283 2.995903
vt -0.000158519 -0.004066
vt 0.03549725 0.0750605
vt 0.6001283 -0.004066
vt -0.000158519 2.995903
vt 0.03549725 2.916776
vt -0.000158519 -0.004066
vt 0.6001283 2.995903
vt -0.000158519 2.995903
vt 0.6001283 -0.004066
vt 0.5644726 0.0750605
vt 0.5644726 2.916776
vt 0.6001283 2.995903
vt -0.000158519 -0.004066
vt 0.03549725 0.0750605
vt 0.6001283 -0.004066
vt -0.000158519 2.995903
vt 0.03549725 2.916776
vt -0.000158519 -0.004066
vt 0.6001283 2.995903
vt -0.000158519 2.995903
vt 0.6001283 -0.004066
vt 0.5644726 0.0750605
vt 0.5644726 2.916776
vt 0.6001283 2.995903
vt -0.000158519 -0.004066
vt 0.03549725 0.0750605
vt 0.6001283 -0.004066
vt -0.000158519 2.995903
vt 0.03549725 2.916776
vt -0.000158519 -0.004066
vt 0.6001283 2.995903
vt -0.000158519 2.995903
vt 0.6001283 -0.004066
vt 0.5644726 0.0750605
vt 0.5644726 2.916776
vt 0.6001283 2.995903
vt -0.000158519 -0.004066
vt 0.03549725 0.0750605
vt 0.6001283 -0.004066
vt -0.000158519 2.995903
vt 0.03549725 2.916776
vt -0.000158519 -0.004066
vt 0.6001283 2.995903
vt -0.000158519 2.995903
vt 0.6001283 -0.004066
vt 0.5644726 0.0750605
vt 0.5644726 2.916776
vt 0.6001283 2.995903
vt -0.000158519 -0.004066
vt 0.03549725 0.0750605
vt 0.6001283 -0.004066
vt -0.000158519 2.995903
vt 0.03549725 2.916776
vt -0.000158519 -0.004066
vt 0.6001283 2.995903
vt -0.000158519 2.995903
vt 0.6001283 -0.004066
vt 0.5644726 0.0750605
vt 0.5644726 2.916776
vt 0.6001283 2.995903
vt -0.000158519 -0.004066
vt 0.03549725 0.0750605
vt 0.6001283 -0.004066
vt -0.000158519 2.995903
vt 0.03549725 2.916776
vt -0.000158519 -0.004066
vt 0.6001283 2.995903
vt -0.000158519 2.995903
vt 0.6001283 -0.004066
vt 0.5644726 0.0750605
vt 0.5644726 2.916776
vt 0.6001283 2.995903
vt -0.000158519 -0.004066
vt 0.03549725 0.0750605
vt 0.6001283 -0.004066
vt -0.000158519 2.995903
vt 0.03549725 2.916776
vt -0.000158519 -0.004066
vt 0.6001283 2.995903
vt -0.000158519 2.995903
vt 0.6001283 -0.004066
vt 0.5644726 0.0750605
vt 0.5644726 2.916776
vt 0.6001283 2.995903
vt -0.000158519 -0.004066
vt 0.03549725 0.0750605
vt 0.6001283 -0.004066
vt -0.000158519 2.995903
vt 0.03549725 2.916776
vt -0.000158519 -0.004066
vt 0.6001283 2.995903
vt -0.000158519 2.995903
vt 0.6001283 -0.004066
vt 0.5644726 0.0750605
vt 0.5644726 2.916776
vt 0.6001283 2.995903
vt -0.000158519 -0.004066
vt 0.03549725 0.0750605
vt 0.6001283 -0.004066
vt -0.000158519 2.995903
vt 0.03549725 2.916776
vt -0.000158519 -0.004066
vt 0.6001283 2.995903
vt -0.000158519 2.995903
vt 0.6001283 -0.004066
vt 0.5644726 0.0750605
vt 0.5644726 2.916776
vt 0.6001283 2.995903
vt -0.000158519 -0.004066
vt 0.03549725 0.0750605
vt 0.6001283 -0.004066
vt -0.000158519 2.995903
vt 0.03549725 2.916776
vt -0.000158519 -0.004066
vt 0.6001283 2.995903
vt -0.000158519 2.995903
vt 0.6001283 -0.004066
vt 0.5644726 0.0750605
vt 0.5644726 2.916776
vt 0.6001283 2.995903
vt -0.000158519 -0.004066
vt 0.03549725 0.0750605
vt 0.6001283 -0.004066
vt -0.000158519 2.995903
vt 0.03549725 2.916776
vt -0.000158519 -0.004066
vt 0.6001283 2.995903
vt -0.000158519 2.995903
vt 0.6001283 -0.004066
vt 0.5644726 0.0750605
vt 0.5644726 2.916776
vt 0.6001283 2.995903
vt -0.000158519 -0.004066
vt 0.03549725 0.0750605
vt 0.6001283 -0.004066
vt -0.000158519 2.995903
vt 0.03549725 2.916776
vt -0.000158519 -0.004066
vt 0.6001283 2.995903
vt -0.000158519 2.995903
vt 0.6001283 -0.004066
vt 0.5644726 0.0750605
vt 0.5644726 2.916776
vt 0.6001283 2.995903
vt -0.000158519 -0.004066
vt 0.03549725 0.0750605
vt 0.6001283 -0.004066
vt -0.000158519 2.995903
vt 0.03549725 2.916776
vt -0.000158519 -0.004066
vt 0.6001283 2.995903
vt -0.000158519 2.995903
vt 0.6001283 -0.004066
vt 0.5644726 0.0750605
vt 0.5644726 2.916776
vt 0.6001283 2.995903
vt -0.000158519 -0.004066
vt 0.03549725 0.0750605
vt 0.6001283 -0.004066
vt -0.000158519 2.995903
vt 0.03549725 2.916776
vt -0.000158519 -0.004066
vt 0.6001283 2.995903
vt -0.000158519 2.995903
vt 0.6001283 -0.004066
vt 0.5644726 0.0750605
vt 0.5644726 2.916776
vt 0.6001283 2.995903
vt -0.000158519 -0.004066
vt 0.03549725 0.0750605
vt 0.6001283 -0.004066
vt -0.000158519 2.995903
vt 0.03549725 2.916776
vt -0.000158519 -0.004066
vt 0.6001283 2.995903
vt -0.000158519 2.995903
vt 0.6001283 -0.004066
vt 0.5644726 0.0750605
vt 0.5644726 2.916776
vt 0.6001283 2.995903
vt -0.000158519 -0.004066
vt 0.03549725 0.0750605
vt 0.6001283 -0.004066
vt -0.000158519 2.995903
vt 0.03549725 2.916776
vt -0.000158519 -0.004066
vt 0.6001283 2.995903
vt -0.000158519 2.995903
vt 0.6001283 -0.004066
vt 0.5644726 0.0750605
vt 0.5644726 2.916776
vt 0.6001283 2.995903
vt -0.000158519 -0.004066
vt 0.03549725 0.0750605
vt 0.6001283 -0.004066
vt -0.000158519 2.995903
vt 0.03549725 2.916776
vt -0.000158519 -0.004066
vt 0.6001283 2.995903
vt -0.000158519 2.995903
vt 0.6001283 -0.004066
vt 0.5644726 0.0750605
vt 0.5644726 2.916776
vt 0.6001283 2.995903
vt -0.000158519 -0.004066
vt 0.03549725 0.0750605
vt 0.6001283 -0.004066
vt -0.000158519 2.995903
vt 0.03549725 2.916776
vt -0.000158519 -0.004066
vt 0.6001283 2.995903
vt -0.000158519 2.995903
vt 0.6001283 -0.004066
vt 0.5644726 0.0750605
vt 0.5644726 2.916776
vt 0.6001283 2.995903
vt -0.000158519 -0.004066
vt 0.03549725 0.0750605
vt 0.6001283 -0.004066
vt -0.000158519 2.995903
vt 0.03549725 2.916776
vt -0.000158519 -0.004066
vt 0.6001283 2.995903
vt -0.000158519 2.995903
vt 0.6001283 -0.004066
vt 0.5644726 0.0750605
vt 0.5644726 2.916776
vt 0.6001283 2.995903
vt -0.000158519 -0.004066
vt 0.03549725 0.0750605
vt 0.6001283 -0.004066
vt -0.000158519 2.995903
vt 0.03549725 2.916776
vt -0.000158519 -0.004066
vt 0.6001283 2.995903
vt -0.000158519 2.995903
vt 0.6001283 -0.004066
vt 0.5644726 0.0750605
vt 0.5644726 2.916776
vt 0.6001283 2.995903
vt -0.000158519 -0.004066
vt 0.03549725 0.0750605
vt 0.6001283 -0.004066
vt -0.000158519 2.995903
vt 0.03549725 2.916776
vt -0.000158519 -0.004066
vt 0.6001283 2.995903
vt -0.000158519 2.995903
vt 0.6001283 -0.004066
vt 0.5644726 0.0750605
vt 0.5644726 2.916776
vt 0.6001283 2.995903
vt -0.000158519 -0.004066
vt 0.03549725 0.0750605
vt 0.6001283 -0.004066
vt -0.000158519 2.995903
vt 0.03549725 2.916776
vt -0.000158519 -0.004066
vt 0.6001283 2.995903
vt -0.000158519 2.995903
vt 0.6001283 -0.004066
vt 0.5644726 0.0750605
vt 0.5644726 2.916776
vt 0.6001283 2.995903
vt -0.000158519 -0.004066
vt 0.03549725 0.0750605
vt 0.6001283 -0.004066
vt -0.000158519 2.995903
vt 0.03549725 2.916776
vt -0.000158519 -0.004066
vt 0.6001283 2.995903
vt -0.000158519 2.995903
vt 0.6001283 -0.004066
vt 0.5644726 0.0750605
vt 0.5644726 2.916776
vt 0.6001283 2.995903
vt -0.000158519 -0.004066
vt 0.03549725 0.0750605
vt 0.6001283 -0.004066
vt -0.000158519 2.995903
vt 0.03549725 2.916776
vt -0.000158519 -0.004066
vt 0.6001283 2.995903
vt -0.000158519 2.995903
vt 0.6001283 -0.004066
vt 0.5644726 0.0750605
vt 0.5644726 2.916776
vt 0.6001283 2.995903
vt -0.000158519 -0.004066
vt 0.03549725 0.0750605
vt 0.6001283 -0.004066
vt -0.000158519 2.995903
vt 0.03549725 2.916776
vt -0.000158519 -0.004066
vt 0.6001283 2.995903
vt -0.000158519 2.995903
vt 0.6001283 -0.004066
vt 0.5644726 0.0750605
vt 0.5644726 2.916776
vt 0.6001283 2.995903
vt -0.000158519 -0.004066
vt 0.03549725 0.0750605
vt 0.6001283 -0.004066
vt -0.000158519 2.995903
vt 0.03549725 2.916776
vt -0.000158519 -0.004066
vt 0.6001283 2.995903
vt -0.000158519 2.995903
vt 0.6001283 -0.004066
vt 0.5644726 0.0750605
vt 0.5644726 2.916776
vt 0.6001283 2.995903
vt -0.000158519 -0.004066
vt 0.03549725 0.0750605
vt 0.6001283 -0.004066
vt -0.000158519 2.995903
vt 0.03549725 2.916776
vt -0.000158519 -0.004066
vt 0.6001283 2.995903
vt -0.000158519 2.995903
vt 0.6001283 -0.004066
vt 0.5644726 0.0750605
vt 0.5644726 2.916776
vt 0.6001283 2.995903
vt -0.000158519 -0.004066
vt 0.03549725 0.0750605
vt 0.6001283 -0.004066
vt -0.000158519 2.995903
vt 0.03549725 2.916776
vt -0.000158519 -0.004066
vt 0.6001283 2.995903
vt -0.000158519 2.995903
vt 0.6001283 -0.004066
vt 0.5644726 0.0750605
vt 0.5644726 2.916776
vt 0.6001283 2.995903
vt -0.000158519 -0.004066
vt 0.03549725 0.0750605
vt 0.6001283 -0.004066
vt -0.000158519 2.995903
vt 0.03549725 2.916776
vt -0.000158519 -0.004066
vt 0.6001283 2.995903
vt -0.000158519 2.995903
vt 0.6001283 -0.004066
vt 0.5644726 0.0750605
vt 0.5644726 2.916776
vt 0.6001283 2.995903
vt -0.000158519 -0.004066
vt 0.03549725 0.0750605
vt 0.6001283 -0.004066
vt -0.000158519 2.995903
vt 0.03549725 2.916776
vt -0.000158519 -0.004066
vt 0.6001283 2.995903
vt -0.000158519 2.995903
vt 0.6001283 -0.004066
vt 0.5644726 0.0750605
vt 0.5644726 2.916776
vt 0.6001283 2.995903
vt -0.000158519 -0.004066
vt 0.03549725 0.0750605
vt 0.6001283 -0.004066
vt -0.000158519 2.995903
vt 0.03549725 2.916776
vt -0.000158519 -0.004066
vt 0.6001283 2.995903
vt -0.000158519 2.995903
vt 0.6001283 -0.004066
vt 0.5644726 0.0750605
vt 0.5644726 2.916776
vt 0.6001283 2.995903
vt -0.000158519 -0.004066
vt 0.03549725 0.0750605
vt 0.6001283 -0.004066
vt -0.000158519 2.995903
vt 0.03549725 2.916776
vt -0.000158519 -0.004066
vt 0.6001283 2.995903
vt -0.000158519 2.995903
vt 0.6001283 -0.004066
vt 0.5644726 0.0750605
vt 0.5644726 2.916776
vt 0.6001283 2.995903
vt -0.000158519 -0.004066
vt 0.03549725 0.0750605
vt 0.6001283 -0.004066
vt -0.000158519 2.995903
vt 0.03549725 2.916776
vt -0.000158519 -0.004066
vt 0.6001283 2.995903
vt -0.000158519 2.995903
vt 0.6001283 -0.004066
vt 0.5644726 0.0750605
vt 0.5644726 2.916776
vt 0.6001283 2.995903
vt -0.000158519 -0.004066
vt 0.03549725 0.0750605
vt 0.6001283 -0.004066
vt -0.000158519 2.995903
vt 0.03549725 2.916776
vt -0.000158519 -0.004066
vt 0.6001283 2.995903
vt -0.000158519 2.995903
vt 0.6001283 -0.004066
vt 0.5644726 0.0750605
vt 0.5644726 2.916776
vt 0.6001283 2.995903
vt -0.000158519 -0.004066
vt 0.03549725 0.0750605
vt 0.6001283 -0.004066
vt -0.000158519 2.995903
vt 0.03549725 2.916776
vt -0.000158519 -0.004066
vt 0.6001283 2.995903
vt -0.000158519 2.995903
vt 0.6001283 -0.004066
vt 0.5644726 0.0750605
vt 0.5644726 2.916776
vt 0.6001283 2.995903
vt -0.000158519 -0.004066
vt 0.03549725 0.0750605
vt 0.6001283 -0.004066
vt -0.000158519 2.995903
vt 0.03549725 2.916776
vt -0.000158519 -0.004066
vt 0.6001283 2.995903
vt -0.000158519 2.995903
vt 0.6001283 -0.004066
vt 0.5644726 0.0750605
vt 0.5644726 2.916776
vt 0.6001283 2.995903
vt -0.000158519 -0.004066
vt 0.03549725 0.0750605
vt 0.6001283 -0.004066
vt -0.000158519 2.995903
vt 0.03549725 2.916776
vt -0.000158519 -0.004066
vt 0.6001283 2.995903
vt -0.000158519 2.995903
vt 0.6001283 -0.004066
vt 0.5644726 0.0750605
vt 0.5644726 2.916776
vt 0.6001283 2.995903
vt -0.000158519 -0.004066
vt 0.03549725 0.0750605
vt 0.6001283 -0.004066
vt -0.000158519 2.995903
vt 0.03549725 2.916776
vt -0.000158519 -0.004066
vt 0.6001283 2.995903
vt -0.000158519 2.995903
vt 0.6001283 -0.004066
vt 0.5644726 0.0750605
vt 0.5644726 2.916776
vt 0.6001283 2.995903
vt -0.000158519 -0.004066
vt 0.03549725 0.0750605
vt 0.6001283 -0.004066
vt -0.000158519 2.995903
vt 0.03549725 2.916776
vt -0.000158519 -0.004066
vt 0.6001283 2.995903
vt -0.000158519 2.995903
vt 0.6001283 -0.004066
vt 0.5644726 0.0750605
vt 0.5644726 2.916776
vt 0.6001283 2.995903
vt -0.000158519 -0.004066
vt 0.03549725 0.0750605
vt 0.6001283 -0.004066
vt -0.000158519 2.995903
vt 0.03549725 2.916776
vt -0.000158519 -0.004066
vt 0.6001283 2.995903
vt -0.000158519 2.995903
vt 0.6001283 -0.004066
vt 0.5644726 0.0750605
vt 0.5644726 2.916776
vt 0.6001283 2.995903
vt -0.000158519 -0.004066
vt 0.03549725 0.0750605
vt 0.6001283 -0.004066
vt -0.000158519 2.995903
vt 0.03549725 2.916776
vt -0.000158519 -0.004066
vt 0.6001283 2.995903
vt -0.000158519 2.995903
vt 0.6001283 -0.004066
vt 0.5644726 0.0750605
vt 0.5644726 2.916776
vt 0.6001283 2.995903
vt -0.000158519 -0.004066
vt 0.03549725 0.0750605
vt 0.6001283 -0.004066
vt -0.000158519 2.995903
vt 0.03549725 2.916776
vt -0.000158519 -0.004066
vt 0.6001283 2.995903
vt -0.000158519 2.995903
vt 0.6001283 -0.004066
vt 0.5644726 0.0750605
vt 0.5644726 2.916776
vt 0.6001283 2.995903
vt -0.000158519 -0.004066
vt 0.03549725 0.0750605
vt 0.6001283 -0.004066
vt -0.000158519 2.995903
vt 0.03549725 2.916776
vt -0.000158519 -0.004066
vt 0.6001283 2.995903
vt -0.000158519 2.995903
vt 0.6001283 -0.004066
vt 0.5644726 0.0750605
vt 0.5644726 2.916776
vt 0.6001283 2.995903
vt -0.000158519 -0.004066
vt 0.03549725 0.0750605
vt 0.6001283 -0.004066
vt -0.000158519 2.995903
vt 0.03549725 2.916776
vt -0.000158519 -0.004066
vt 0.6001283 2.995903
vt -0.000158519 2.995903
vt 0.6001283 -0.004066
vt 0.5644726 0.0750605
vt 0.5644726 2.916776
vt 0.6001283 2.995903
vt -0.000158519 -0.004066
vt 0.03549725 0.0750605
vt 0.6001283 -0.004066
vt -0.000158519 2.995903
vt 0.03549725 2.916776
vt -0.000158519 -0.004066
vt 0.6001283 2.995903
vt -0.000158519 2.995903
vt 0.6001283 -0.004066
vt 0.5644726 0.0750605
vt 0.5644726 2.916776
vt 0.6001283 2.995903
vt -0.000158519 -0.004066
vt 0.03549725 0.0750605
vt 0.6001283 -0.004066
vt -0.000158519 2.995903
vt 0.03549725 2.916776
vt -0.000158519 -0.004066
vt 0.6001283 2.995903
vt -0.000158519 2.995903
vt 0.6001283 -0.004066
vt 0.5644726 0.0750605
vt 0.5644726 2.916776
vt 0.6001283 2.995903
vt -0.000158519 -0.004066
vt 0.03549725 0.0750605
vt 0.6001283 -0.004066
vt -0.000158519 2.995903
vt 0.03549725 2.916776
vt -0.000158519 -0.004066
vt 0.6001283 2.995903
vt -0.000158519 2.995903
vt 0.6001283 -0.004066
vt 0.5644726 0.0750605
vt 0.5644726 2.916776
vt 0.6001283 2.995903
vt -0.000158519 -0.004066
vt 0.03549725 0.0750605
vt 0.6001283 -0.004066
vt -0.000158519 2.995903
vt 0.03549725 2.916776
vt -0.000158519 -0.004066
vt 0.6001283 2.995903
vt -0.000158519 2.995903
vt 1.000157 -0.00211226
vt -0.000158519 -0.00211226
vt -0.000158519 7.997967
vt 1.000157 7.997967
vt 1.000157 -0.00211226
vt -0.000158519 -0.00211226
vt -0.000158519 7.997967
vt 1.000157 7.997967
vt 1.000157 -0.00211226
vt -0.000158519 -0.00211226
vt -0.000158519 7.997967
vt 1.000157 7.997967
vt 1.000157 -0.00211226
vt -0.000158519 -0.00211226
vt -0.000158519 7.997967
vt 1.000157 7.997967
vt 1.000157 -0.00211226
vt -0.000158519 -0.00211226
vt -0.000158519 7.997967
vt 1.000157 7.997967
vt 1.000157 -0.00211226
vt -0.000158519 -0.00211226
vt -0.000158519 7.997967
vt 1.000157 7.997967
vt 1.000157 -0.00211226
vt -0.000158519 -0.00211226
vt -0.000158519 7.997967
vt 1.000157 7.997967
vt 1.000157 -0.00211226
vt -0.000158519 -0.00211226
vt -0.000158519 7.997967
vt 1.000157 7.997967
vt 1.000157 -0.00211226
vt -0.000158519 -0.00211226
vt -0.000158519 7.997967
vt 1.000157 7.997967
vt 1.000157 -0.00211226
vt -0.000158519 -0.00211226
vt -0.000158519 7.997967
vt 1.000157 7.997967
vt 1.000157 -0.00211226
vt -0.000158519 -0.00211226
vt -0.000158519 7.997967
vt 1.000157 7.997967
vt 1.000157 -0.00211226
vt -0.000158519 -0.00211226
vt -0.000158519 7.997967
vt 1.000157 7.997967
vt 1.000157 -0.00211226
vt -0.000158519 -0.00211226
vt -0.000158519 7.997967
vt 1.000157 7.997967
vt 1.000157 -0.00211226
vt -0.000158519 -0.00211226
vt -0.000158519 7.997967
vt 1.000157 7.997967
vt 1.000157 -0.00211226
vt -0.000158519 -0.00211226
vt -0.000158519 7.997967
vt 1.000157 7.997967
vt 1.000157 -0.00211226
vt -0.000158519 -0.00211226
vt -0.000158519 7.997967
vt 1.000157 7.997967
vt 1.000157 -0.00211226
vt -0.000158519 -0.00211226
vt -0.000158519 7.997967
vt 1.000157 7.997967
vt 1.000157 -0.00211226
vt -0.000158519 -0.00211226
vt -0.000158519 7.997967
vt 1.000157 7.997967
vt 1.000157 -0.00211226
vt -0.000158519 -0.00211226
vt -0.000158519 7.997967
vt 1.000157 7.997967
vt 1.000157 -0.00211226
vt -0.000158519 -0.00211226
vt -0.000158519 7.997967
vt 1.000157 7.997967
vt 1.000157 -0.00211226
vt -0.000158519 -0.00211226
vt -0.000158519 7.997967
vt 1.000157 7.997967
vt 1.000157 -0.00211226
vt -0.000158519 -0.00211226
vt -0.000158519 7.997967
vt 1.000157 7.997967
vt 1.000157 -0.00211226
vt -0.000158519 -0.00211226
vt -0.000158519 7.997967
vt 1.000157 7.997967
vt 1.000157 -0.00211226
vt -0.000158519 -0.00211226
vt -0.000158519 7.997967
vt 1.000157 7.997967
vt 1.000157 -0.00211226
vt -0.000158519 -0.00211226
vt -0.000158519 7.997967
vt 1.000157 7.997967
vt 1.000157 -0.00211226
vt -0.000158519 -0.00211226
vt -0.000158519 7.997967
vt 1.000157 7.997967
vt 1.000157 -0.00211226
vt -0.000158519 -0.00211226
vt -0.000158519 7.997967
vt 1.000157 7.997967
vt 1.000157 -0.00211226
vt -0.000158519 -0.00211226
vt -0.000158519 7.997967
vt 1.000157 7.997967
vt 1.000157 -0.00211226
vt -0.000158519 -0.00211226
vt -0.000158519 7.997967
vt 1.000157 7.997967
vt 1.000157 -0.00211226
vt -0.000158519 -0.00211226
vt -0.000158519 7.997967
vt 1.000157 7.997967
vt 1.000157 -0.00211226
vt -0.000158519 -0.00211226
vt -0.000158519 7.997967
vt 1.000157 7.997967
vt 1.000157 -0.00211226
vt -0.000158519 -0.00211226
vt -0.000158519 7.997967
vt 1.000157 7.997967
vt 1.000157 -0.00211226
vt -0.000158519 -0.00211226
vt -0.000158519 7.997967
vt 1.000157 7.997967
vt 1.000157 -0.00211226
vt -0.000158519 -0.00211226
vt -0.000158519 7.997967
vt 1.000157 7.997967
vt 1.000157 -0.00211226
vt -0.000158519 -0.00211226
vt -0.000158519 7.997967
vt 1.000157 7.997967
vt 1.000157 -0.00211226
vt -0.000158519 -0.00211226
vt -0.000158519 7.997967
vt 1.000157 7.997967
vt 1.000157 -0.00211226
vt -0.000158519 -0.00211226
vt -0.000158519 7.997967
vt 1.000157 7.997967
vt 1.000157 -0.00211226
vt -0.000158519 -0.00211226
vt -0.000158519 7.997967
vt 1.000157 7.997967
vt 1.000157 -0.00211226
vt -0.000158519 -0.00211226
vt -0.000158519 7.997967
vt 1.000157 7.997967
vt 1.000157 -0.00211226
vt -0.000158519 -0.00211226
vt -0.000158519 7.997967
vt 1.000157 7.997967
vt 1.000157 -0.00211226
vt -0.000158519 -0.00211226
vt -0.000158519 7.997967
vt 1.000157 7.997967
vt 1.000157 -0.00211226
vt -0.000158519 -0.00211226
vt -0.000158519 7.997967
vt 1.000157 7.997967
vt 1.000157 -0.00211226
vt -0.000158519 -0.00211226
vt -0.000158519 7.997967
vt 1.000157 7.997967
vt 1.000157 -0.00211226
vt -0.000158519 -0.00211226
vt -0.000158519 7.997967
vt 1.000157 7.997967
vt 1.000157 -0.00211226
vt -0.000158519 -0.00211226
vt -0.000158519 7.997967
vt 1.000157 7.997967
vt 1.000157 -0.00211226
vt -0.000158519 -0.00211226
vt -0.000158519 7.997967
vt 1.000157 7.997967
vt 1.000157 -0.00211226
vt -0.000158519 -0.00211226
vt -0.000158519 7.997967
vt 1.000157 7.997967
vt 1.000157 -0.00211226
vt -0.000158519 -0.00211226
vt -0.000158519 7.997967
vt 1.000157 7.997967
vt 1.000157 -0.00211226
vt -0.000158519 -0.00211226
vt -0.000158519 7.997967
vt 1.000157 7.997967
vt 1.000157 -0.00211226
vt -0.000158519 -0.00211226
vt -0.000158519 7.997967
vt 1.000157 7.997967
vt 1.000157 -0.00211226
vt -0.000158519 -0.00211226
vt -0.000158519 7.997967
vt 1.000157 7.997967
vt 1.000157 -0.00211226
vt -0.000158519 -0.00211226
vt -0.000158519 7.997967
vt 1.000157 7.997967
vt 1.000157 -0.00211226
vt -0.000158519 -0.00211226
vt -0.000158519 7.997967
vt 1.000157 7.997967
vt 1.000157 -0.00211226
vt -0.000158519 -0.00211226
vt -0.000158519 7.997967
vt 1.000157 7.997967
vn -0.9999923 0.003921509 -0.0003449296
vn -0.9999923 0.003921509 -0.0003449296
vn -0.9999923 0.003921509 -0.0003449296
vn -0.9999923 0.003921509 -0.0003449296
vn -0.9999923 0.003921509 -0.0003449296
vn -0.9999923 0.003921509 -0.0003449296
vn -0.003921509 0.003921509 -0.9999846
vn -0.003921509 0.003921509 -0.9999846
vn -0.003921509 0.003921509 -0.9999846
vn -0.003921509 0.003921509 -0.9999846
vn 0.9999924 0.003921509 0
vn 0.9999924 0.003921509 0
vn 0.9999924 0.003921509 0
vn 0.9999924 0.003921509 0
vn 0.9999924 0.003921509 0
vn 0.9999924 0.003921509 0
vn -0.003921509 0.9999923 -0.000345267
vn -0.003921509 0.9764631 0.215649
vn -0.003921509 0.9764631 0.215649
vn -0.003921509 0.9999923 -0.000345267
vn -0.003921509 0.9999923 -0.000345267
vn -0.003921509 0.9999923 -0.000345267
vn 0.9999924 0.003921509 0
vn 0.9999924 0.003921509 0
vn 0.9999924 0.003921509 0
vn 0.9999924 0.003921509 0
vn 0.9999924 0.003921509 0
vn 0.9999924 0.003921509 0
vn -0.003921509 0.003921509 0.9999846
vn -0.003921509 0.003921509 0.9999846
vn -0.003921509 0.003921509 0.9999846
vn -0.003921509 0.003921509 0.9999846
vn -0.9999923 0.003921509 -0.0003449296
vn -0.9999923 0.003921509 -0.0003449296
vn -0.9999923 0.003921509 -0.0003449296
vn -0.9999923 0.003921509 -0.0003449296
vn -0.9999923 0.003921509 -0.0003449296
vn -0.9999923 0.003921509 -0.0003449296
vn -0.003921509 0.9999923 -0.000345267
vn -0.003921509 0.9764631 -0.215649
vn -0.003921509 0.9764631 -0.215649
vn -0.003921509 0.9999923 -0.000345267
vn -0.003921509 0.9999923 -0.000345267
vn -0.003921509 0.9999923 -0.000345267
vn -0.9999923 0.003921509 -0.0003449296
vn -0.9999923 0.003921509 -0.0003449296
vn -0.9999923 0.003921509 -0.0003449296
vn -0.9999923 0.003921509 -0.0003449296
vn -0.9999923 0.003921509 -0.0003449296
vn -0.9999923 0.003921509 -0.0003449296
vn -0.003921509 0.003921509 -0.9999846
vn -0.003921509 0.003921509 -0.9999846
vn -0.003921509 0.003921509 -0.9999846
vn -0.003921509 0.003921509 -0.9999846
vn 0.9999924 0.003921509 0
vn 0.9999924 0.003921509 0
vn 0.9999924 0.003921509 0
vn 0.9999924 0.003921509 0
vn 0.9999924 0.003921509 0
vn 0.9999924 0.003921509 0
vn -0.003921509 0.9999923 -0.000345267
vn -0.003921509 0.9764631 0.215649
vn -0.003921509 0.9764631 0.215649
vn -0.003921509 0.9999923 -0.000345267
vn -0.003921509 0.9999923 -0.000345267
vn -0.003921509 0.9999923 -0.000345267
vn 0.9999924 0.003921509 0
vn 0.9999924 0.003921509 0
vn 0.9999924 0.003921509 0
vn 0.9999924 0.003921509 0
vn 0.9999924 0.003921509 0
vn 0.9999924 0.003921509 0
vn -0.003921509 0.003921509 0.9999846
vn -0.003921509 0.003921509 0.9999846
vn -0.003921509 0.003921509 0.9999846
vn -0.003921509 0.003921509 0.9999846
vn -0.9999923 0.003921509 -0.0003449296
vn -0.9999923 0.003921509 -0.0003449296
vn -0.9999923 0.003921509 -0.0003449296
vn -0.9999923 0.003921509 -0.0003449296
vn -0.9999923 0.003921509 -0.0003449296
vn -0.9999923 0.003921509 -0.0003449296
vn -0.003921509 0.9999923 -0.000345267
vn -0.003921509 0.9764631 -0.215649
vn -0.003921509 0.9764631 -0.215649
vn -0.003921509 0.9999923 -0.000345267
vn -0.003921509 0.9999923 -0.000345267
vn -0.003921509 0.9999923 -0.000345267
vn -0.9999923 0.003921509 -0.0003449296
vn -0.9999923 0.003921509 -0.0003449296
vn -0.9999923 0.003921509 -0.0003449296
vn -0.9999923 0.003921509 -0.0003449296
vn -0.9999923 0.003921509 -0.0003449296
vn -0.9999923 0.003921509 -0.0003449296
vn -0.003921509 0.003921509 -0.9999846
vn -0.003921509 0.003921509 -0.9999846
vn -0.003921509 0.003921509 -0.9999846
vn -0.003921509 0.003921509 -0.9999846
vn 0.9999924 0.003921509 0
vn 0.9999924 0.003921509 0
vn 0.9999924 0.003921509 0
vn 0.9999924 0.003921509 0
vn 0.9999924 0.003921509 0
vn 0.9999924 0.003921509 0
vn -0.003921509 0.9999923 -0.000345267
vn -0.003921509 0.9764631 0.215649
vn -0.003921509 0.9764631 0.215649
vn -0.003921509 0.9999923 -0.000345267
vn -0.003921509 0.9999923 -0.000345267
vn -0.003921509 0.9999923 -0.000345267
vn 0.9999924 0.003921509 0
vn 0.9999924 0.003921509 0
vn 0.9999924 0.003921509 0
vn 0.9999924 0.003921509 0
vn 0.9999924 0.003921509 0
vn 0.9999924 0.003921509 0
vn -0.003921509 0.003921509 0.9999846
vn -0.003921509 0.003921509 0.9999846
vn -0.003921509 0.003921509 0.9999846
vn -0.003921509 0.003921509 0.9999846
vn -0.9999923 0.003921509 -0.0003449296
vn -0.9999923 0.003921509 -0.0003449296
vn -0.9999923 0.003921509 -0.0003449296
vn -0.9999923 0.003921509 -0.0003449296
vn -0.9999923 0.003921509 -0.0003449296
vn -0.9999923 0.003921509 -0.0003449296
vn -0.003921509 0.9999923 -0.000345267
vn -0.003921509 0.9764631 -0.215649
vn -0.003921509 0.9764631 -0.215649
vn -0.003921509 0.9999923 -0.000345267
vn -0.003921509 0.9999923 -0.000345267
vn -0.003921509 0.9999923 -0.000345267
vn -0.9999923 0.003921509 -0.0003449296
vn -0.9999923 0.003921509 -0.0003449296
vn -0.9999923 0.003921509 -0.0003449296
vn -0.9999923 0.003921509 -0.0003449296
vn -0.9999923 0.003921509 -0.0003449296
vn -0.9999923 0.003921509 -0.0003449296
vn -0.003921509 0.003921509 -0.9999846
vn -0.003921509 0.003921509 -0.9999846
vn -0.003921509 0.003921509 -0.9999846
vn -0.003921509 0.003921509 -0.9999846
vn 0.9999924 0.003921509 0
vn 0.9999924 0.003921509 0
vn 0.9999924 0.003921509 0
vn 0.9999924 0.003921509 0
vn 0.9999924 0.003921509 0
vn 0.9999924 0.003921509 0
vn -0.003921509 0.9999923 -0.000345267
vn -0.003921509 0.9764631 0.215649
vn -0.003921509 0.9764631 0.215649
vn -0.003921509 0.9999923 -0.000345267
vn -0.003921509 0.9999923 -0.000345267
vn -0.003921509 0.9999923 -0.000345267
vn 0.9999924 0.003921509 0
vn 0.9999924 0.003921509 0
vn 0.9999924 0.003921509 0
vn 0.9999924 0.003921509 0
vn 0.9999924 0.003921509 0
vn 0.9999924 0.003921509 0
vn -0.003921509 0.003921509 0.9999846
vn -0.003921509 0.003921509 0.9999846
vn -0.003921509 0.003921509 0.9999846
vn -0.003921509 0.003921509 0.9999846
vn -0.9999923 0.003921509 -0.0003449296
vn -0.9999923 0.003921509 -0.0003449296
vn -0.9999923 0.003921509 -0.0003449296
vn -0.9999923 0.003921509 -0.0003449296
vn -0.9999923 0.003921509 -0.0003449296
vn -0.9999923 0.003921509 -0.0003449296
vn -0.003921509 0.9999923 -0.000345267
vn -0.003921509 0.9764631 -0.215649
vn -0.003921509 0.9764631 -0.215649
vn -0.003921509 0.9999923 -0.000345267
vn -0.003921509 0.9999923 -0.000345267
vn -0.003921509 0.9999923 -0.000345267
vn -0.9999923 0.003921509 -0.0003449296
vn -0.9999923 0.003921509 -0.0003449296
vn -0.9999923 0.003921509 -0.0003449296
vn -0.9999923 0.003921509 -0.0003449296
vn -0.9999923 0.003921509 -0.0003449296
vn -0.9999923 0.003921509 -0.0003449296
vn -0.003921509 0.003921509 -0.9999846
vn -0.003921509 0.003921509 -0.9999846
vn -0.003921509 0.003921509 -0.9999846
vn -0.003921509 0.003921509 -0.9999846
vn 0.9999924 0.003921509 0
vn 0.9999924 0.003921509 0
vn 0.9999924 0.003921509 0
vn 0.9999924 0.003921509 0
vn 0.9999924 0.003921509 0
vn 0.9999924 0.003921509 0
vn -0.003921509 0.9999923 -0.000345267
vn -0.003921509 0.9764631 0.215649
vn -0.003921509 0.9764631 0.215649
vn -0.003921509 0.9999923 -0.000345267
vn -0.003921509 0.9999923 -0.000345267
vn -0.003921509 0.9999923 -0.000345267
vn 0.9999924 0.003921509 0
vn 0.9999924 0.003921509 0
vn 0.9999924 0.003921509 0
vn 0.9999924 0.003921509 0
vn 0.9999924 0.003921509 0
vn 0.9999924 0.003921509 0
vn -0.003921509 0.003921509 0.9999846
vn -0.003921509 0.003921509 0.9999846
vn -0.003921509 0.003921509 0.9999846
vn -0.003921509 0.003921509 0.9999846
vn -0.9999923 0.003921509 -0.0003449296
vn -0.9999923 0.003921509 -0.0003449296
vn -0.9999923 0.003921509 -0.0003449296
vn -0.9999923 0.003921509 -0.0003449296
vn -0.9999923 0.003921509 -0.0003449296
vn -0.9999923 0.003921509 -0.0003449296
vn -0.003921509 0.9999923 -0.000345267
vn -0.003921509 0.9764631 -0.215649
vn -0.003921509 0.9764631 -0.215649
vn -0.003921509 0.9999923 -0.000345267
vn -0.003921509 0.9999923 -0.000345267
vn -0.003921509 0.9999923 -0.000345267
vn -0.9999923 0.003921509 -0.0003449296
vn -0.9999923 0.003921509 -0.0003449296
vn -0.9999923 0.003921509 -0.0003449296
vn -0.9999923 0.003921509 -0.0003449296
vn -0.9999923 0.003921509 -0.0003449296
vn -0.9999923 0.003921509 -0.0003449296
vn -0.003921509 0.003921509 -0.9999846
vn -0.003921509 0.003921509 -0.9999846
vn -0.003921509 0.003921509 -0.9999846
vn -0.003921509 0.003921509 -0.9999846
vn 0.9999924 0.003921509 0
vn 0.9999924 0.003921509 0
vn 0.9999924 0.003921509 0
vn 0.9999924 0.003921509 0
vn 0.9999924 0.003921509 0
vn 0.9999924 0.003921509 0
vn -0.003921509 0.9999923 -0.000345267
vn -0.003921509 0.9764631 0.215649
vn -0.003921509 0.9764631 0.215649
vn -0.003921509 0.9999923 -0.000345267
vn -0.003921509 0.9999923 -0.000345267
vn -0.003921509 0.9999923 -0.000345267
vn 0.9999924 0.003921509 0
vn 0.9999924 0.003921509 0
vn 0.9999924 0.003921509 0
vn 0.9999924 0.003921509 0
vn 0.9999924 0.003921509 0
vn 0.9999924 0.003921509 0
vn -0.003921509 0.003921509 0.9999846
vn -0.003921509 0.003921509 0.9999846
vn -0.003921509 0.003921509 0.9999846
vn -0.003921509 0.003921509 0.9999846
vn -0.9999923 0.003921509 -0.0003449296
vn -0.9999923 0.003921509 -0.0003449296
vn -0.9999923 0.003921509 -0.0003449296
vn -0.9999923 0.003921509 -0.0003449296
vn -0.9999923 0.003921509 -0.0003449296
vn -0.9999923 0.003921509 -0.0003449296
vn -0.003921509 0.9999923 -0.000345267
vn -0.003921509 0.9764631 -0.215649
vn -0.003921509 0.9764631 -0.215649
vn -0.003921509 0.9999923 -0.000345267
vn -0.003921509 0.9999923 -0.000345267
vn -0.003921509 0.9999923 -0.000345267
vn -0.9999923 0.003921509 -0.0003449296
vn -0.9999923 0.003921509 -0.0003449296
vn -0.9999923 0.003921509 -0.0003449296
vn -0.9999923 0.003921509 -0.0003449296
vn -0.9999923 0.003921509 -0.0003449296
vn -0.9999923 0.003921509 -0.0003449296
vn -0.003921509 0.003921509 -0.9999846
vn -0.003921509 0.003921509 -0.9999846
vn -0.003921509 0.003921509 -0.9999846
vn -0.003921509 0.003921509 -0.9999846
vn 0.9999924 0.003921509 0
vn 0.9999924 0.003921509 0
vn 0.9999924 0.003921509 0
vn 0.9999924 0.003921509 0
vn 0.9999924 0.003921509 0
vn 0.9999924 0.003921509 0
vn -0.003921509 0.9999923 -0.000345267
vn -0.003921509 0.9764631 0.215649
vn -0.003921509 0.9764631 0.215649
vn -0.003921509 0.9999923 -0.000345267
vn -0.003921509 0.9999923 -0.000345267
vn -0.003921509 0.9999923 -0.000345267
vn 0.9999924 0.003921509 0
vn 0.9999924 0.003921509 0
vn 0.9999924 0.003921509 0
vn 0.9999924 0.003921509 0
vn 0.9999924 0.003921509 0
vn 0.9999924 0.003921509 0
vn -0.003921509 0.003921509 0.9999846
vn -0.003921509 0.003921509 0.9999846
vn -0.003921509 0.003921509 0.9999846
vn -0.003921509 0.003921509 0.9999846
vn -0.9999923 0.003921509 -0.0003449296
vn -0.9999923 0.003921509 -0.0003449296
vn -0.9999923 0.003921509 -0.0003449296
vn -0.9999923 0.003921509 -0.0003449296
vn -0.9999923 0.003921509 -0.0003449296
vn -0.9999923 0.003921509 -0.0003449296
vn -0.003921509 0.9999923 -0.000345267
vn -0.003921509 0.9764631 -0.215649
vn -0.003921509 0.9764631 -0.215649
vn -0.003921509 0.9999923 -0.000345267
vn -0.003921509 0.9999923 -0.000345267
vn -0.003921509 0.9999923 -0.000345267
vn -0.9999923 0.003921509 -0.0003449296
vn -0.9999923 0.003921509 -0.0003449296
vn -0.9999923 0.003921509 -0.0003449296
vn -0.9999923 0.003921509 -0.0003449296
vn -0.9999923 0.003921509 -0.0003449296
vn -0.9999923 0.003921509 -0.0003449296
vn -0.003921509 0.003921509 -0.9999846
vn -0.003921509 0.003921509 -0.9999846
vn -0.003921509 0.003921509 -0.9999846
vn -0.003921509 0.003921509 -0.9999846
vn 0.9999924 0.003921509 0
vn 0.9999924 0.003921509 0
vn 0.9999924 0.003921509 0
vn 0.9999924 0.003921509 0
vn 0.9999924 0.003921509 0
vn 0.9999924 0.003921509 0
vn -0.003921509 0.9999923 -0.000345267
vn -0.003921509 0.9764631 0.215649
vn -0.003921509 0.9764631 0.215649
vn -0.003921509 0.9999923 -0.000345267
vn -0.003921509 0.9999923 -0.000345267
vn -0.003921509 0.9999923 -0.000345267
vn 0.9999924 0.003921509 0
vn 0.9999924 0.003921509 0
vn 0.9999924 0.003921509 0
vn 0.9999924 0.003921509 0
vn 0.9999924 0.003921509 0
vn 0.9999924 0.003921509 0
vn -0.003921509 0.003921509 0.9999846
vn -0.003921509 0.003921509 0.9999846
vn -0.003921509 0.003921509 0.9999846
vn -0.003921509 0.003921509 0.9999846
vn -0.9999923 0.003921509 -0.0003449296
vn -0.9999923 0.003921509 -0.0003449296
vn -0.9999923 0.003921509 -0.0003449296
vn -0.9999923 0.003921509 -0.0003449296
vn -0.9999923 0.003921509 -0.0003449296
vn -0.9999923 0.003921509 -0.0003449296
vn -0.003921509 0.9999923 -0.000345267
vn -0.003921509 0.9764631 -0.215649
vn -0.003921509 0.9764631 -0.215649
vn -0.003921509 0.9999923 -0.000345267
vn -0.003921509 0.9999923 -0.000345267
vn -0.003921509 0.9999923 -0.000345267
vn -0.9999923 0.003921509 -0.0003449296
vn -0.9999923 0.003921509 -0.0003449296
vn -0.9999923 0.003921509 -0.0003449296
vn -0.9999923 0.003921509 -0.0003449296
vn -0.9999923 0.003921509 -0.0003449296
vn -0.9999923 0.003921509 -0.0003449296
vn -0.003921509 0.003921509 -0.9999846
vn -0.003921509 0.003921509 -0.9999846
vn -0.003921509 0.003921509 -0.9999846
vn -0.003921509 0.003921509 -0.9999846
vn 0.9999924 0.003921509 0
vn 0.9999924 0.003921509 0
vn 0.9999924 0.003921509 0
vn 0.9999924 0.003921509 0
vn 0.9999924 0.003921509 0
vn 0.9999924 0.003921509 0
vn -0.003921509 0.9999923 -0.000345267
vn -0.003921509 0.9764631 0.215649
vn -0.003921509 0.9764631 0.215649
vn -0.003921509 0.9999923 -0.000345267
vn -0.003921509 0.9999923 -0.000345267
vn -0.003921509 0.9999923 -0.000345267
vn 0.9999924 0.003921509 0
vn 0.9999924 0.003921509 0
vn 0.9999924 0.003921509 0
vn 0.9999924 0.003921509 0
vn 0.9999924 0.003921509 0
vn 0.9999924 0.003921509 0
vn -0.003921509 0.003921509 0.9999846
vn -0.003921509 0.003921509 0.9999846
vn -0.003921509 0.003921509 0.9999846
vn -0.003921509 0.003921509 0.9999846
vn -0.9999923 0.003921509 -0.0003449296
vn -0.9999923 0.003921509 -0.0003449296
vn -0.9999923 0.003921509 -0.0003449296
vn -0.9999923 0.003921509 -0.0003449296
vn -0.9999923 0.003921509 -0.0003449296
vn -0.9999923 0.003921509 -0.0003449296
vn -0.003921509 0.9999923 -0.000345267
vn -0.003921509 0.9764631 -0.215649
vn -0.003921509 0.9764631 -0.215649
vn -0.003921509 0.9999923 -0.000345267
vn -0.003921509 0.9999923 -0.000345267
vn -0.003921509 0.9999923 -0.000345267
vn -0.9999923 0.003921509 -0.0003449296
vn -0.9999923 0.003921509 -0.0003449296
vn -0.9999923 0.003921509 -0.0003449296
vn -0.9999923 0.003921509 -0.0003449296
vn -0.9999923 0.003921509 -0.0003449296
vn -0.9999923 0.003921509 -0.0003449296
vn -0.003921509 0.003921509 -0.9999846
vn -0.003921509 0.003921509 -0.9999846
vn -0.003921509 0.003921509 -0.9999846
vn -0.003921509 0.003921509 -0.9999846
vn 0.9999924 0.003921509 0
vn 0.9999924 0.003921509 0
vn 0.9999924 0.003921509 0
vn 0.9999924 0.003921509 0
vn 0.9999924 0.003921509 0
vn 0.9999924 0.003921509 0
vn -0.003921509 0.9999923 -0.000345267
vn -0.003921509 0.9764631 0.215649
vn -0.003921509 0.9764631 0.215649
vn -0.003921509 0.9999923 -0.000345267
vn -0.003921509 0.9999923 -0.000345267
vn -0.003921509 0.9999923 -0.000345267
vn 0.9999924 0.003921509 0
vn 0.9999924 0.003921509 0
vn 0.9999924 0.003921509 0
vn 0.9999924 0.003921509 0
vn 0.9999924 0.003921509 0
vn 0.9999924 0.003921509 0
vn -0.003921509 0.003921509 0.9999846
vn -0.003921509 0.003921509 0.9999846
vn -0.003921509 0.003921509 0.9999846
vn -0.003921509 0.003921509 0.9999846
vn -0.9999923 0.003921509 -0.0003449296
vn -0.9999923 0.003921509 -0.0003449296
vn -0.9999923 0.003921509 -0.0003449296
vn -0.9999923 0.003921509 -0.0003449296
vn -0.9999923 0.003921509 -0.0003449296
vn -0.9999923 0.003921509 -0.0003449296
vn -0.003921509 0.9999923 -0.000345267
vn -0.003921509 0.9764631 -0.215649
vn -0.003921509 0.9764631 -0.215649
vn -0.003921509 0.9999923 -0.000345267
vn -0.003921509 0.9999923 -0.000345267
vn -0.003921509 0.9999923 -0.000345267
vn -0.9999923 0.003921509 -0.0003449296
vn -0.9999923 0.003921509 -0.0003449296
vn -0.9999923 0.003921509 -0.0003449296
vn -0.9999923 0.003921509 -0.0003449296
vn -0.9999923 0.003921509 -0.0003449296
vn -0.9999923 0.003921509 -0.0003449296
vn -0.003921509 0.003921509 -0.9999846
vn -0.003921509 0.003921509 -0.9999846
vn -0.003921509 0.003921509 -0.9999846
vn -0.003921509 0.003921509 -0.9999846
vn 0.9999924 0.003921509 0
vn 0.9999924 0.003921509 0
vn 0.9999924 0.003921509 0
vn 0.9999924 0.003921509 0
vn 0.9999924 0.003921509 0
vn 0.9999924 0.003921509 0
vn -0.003921509 0.9999923 -0.000345267
vn -0.003921509 0.9764631 0.215649
vn -0.003921509 0.9764631 0.215649
vn -0.003921509 0.9999923 -0.000345267
vn -0.003921509 0.9999923 -0.000345267
vn -0.003921509 0.9999923 -0.000345267
vn 0.9999924 0.003921509 0
vn 0.9999924 0.003921509 0
vn 0.9999924 0.003921509 0
vn 0.9999924 0.003921509 0
vn 0.9999924 0.003921509 0
vn 0.9999924 0.003921509 0
vn -0.003921509 0.003921509 0.9999846
vn -0.003921509 0.003921509 0.9999846
vn -0.003921509 0.003921509 0.9999846
vn -0.003921509 0.003921509 0.9999846
vn -0.9999923 0.003921509 -0.0003449296
vn -0.9999923 0.003921509 -0.0003449296
vn -0.9999923 0.003921509 -0.0003449296
vn -0.9999923 0.003921509 -0.0003449296
vn -0.9999923 0.003921509 -0.0003449296
vn -0.9999923 0.003921509 -0.0003449296
vn -0.003921509 0.9999923 -0.000345267
vn -0.003921509 0.9764631 -0.215649
vn -0.003921509 0.9764631 -0.215649
vn -0.003921509 0.9999923 -0.000345267
vn -0.003921509 0.9999923 -0.000345267
vn -0.003921509 0.9999923 -0.000345267
vn -0.9999923 0.003921509 -0.0003449296
vn -0.9999923 0.003921509 -0.0003449296
vn -0.9999923 0.003921509 -0.0003449296
vn -0.9999923 0.003921509 -0.0003449296
vn -0.9999923 0.003921509 -0.0003449296
vn -0.9999923 0.003921509 -0.0003449296
vn -0.003921509 0.003921509 -0.9999846
vn -0.003921509 0.003921509 -0.9999846
vn -0.003921509 0.003921509 -0.9999846
vn -0.003921509 0.003921509 -0.9999846
vn 0.9999924 0.003921509 0
vn 0.9999924 0.003921509 0
vn 0.9999924 0.003921509 0
vn 0.9999924 0.003921509 0
vn 0.9999924 0.003921509 0
vn 0.9999924 0.003921509 0
vn -0.003921509 0.9999923 -0.000345267
vn -0.003921509 0.9764631 0.215649
vn -0.003921509 0.9764631 0.215649
vn -0.003921509 0.9999923 -0.000345267
vn -0.003921509 0.9999923 -0.000345267
vn -0.003921509 0.9999923 -0.000345267
vn 0.9999924 0.003921509 0
vn 0.9999924 0.003921509 0
vn 0.9999924 0.003921509 0
vn 0.9999924 0.003921509 0
vn 0.9999924 0.003921509 0
vn 0.9999924 0.003921509 0
vn -0.003921509 0.003921509 0.9999846
vn -0.003921509 0.003921509 0.9999846
vn -0.003921509 0.003921509 0.9999846
vn -0.003921509 0.003921509 0.9999846
vn -0.9999923 0.003921509 -0.0003449296
vn -0.9999923 0.003921509 -0.0003449296
vn -0.9999923 0.003921509 -0.0003449296
vn -0.9999923 0.003921509 -0.0003449296
vn -0.9999923 0.003921509 -0.0003449296
vn -0.9999923 0.003921509 -0.0003449296
vn -0.003921509 0.9999923 -0.000345267
vn -0.003921509 0.9764631 -0.215649
vn -0.003921509 0.9764631 -0.215649
vn -0.003921509 0.9999923 -0.000345267
vn -0.003921509 0.9999923 -0.000345267
vn -0.003921509 0.9999923 -0.000345267
vn -0.9999923 0.003921509 -0.0003449296
vn -0.9999923 0.003921509 -0.0003449296
vn -0.9999923 0.003921509 -0.0003449296
vn -0.9999923 0.003921509 -0.0003449296
vn -0.9999923 0.003921509 -0.0003449296
vn -0.9999923 0.003921509 -0.0003449296
vn -0.003921509 0.003921509 -0.9999846
vn -0.003921509 0.003921509 -0.9999846
vn -0.003921509 0.003921509 -0.9999846
vn -0.003921509 0.003921509 -0.9999846
vn 0.9999924 0.003921509 0
vn 0.9999924 0.003921509 0
vn 0.9999924 0.003921509 0
vn 0.9999924 0.003921509 0
vn 0.9999924 0.003921509 0
vn 0.9999924 0.003921509 0
vn -0.003921509 0.9999923 -0.000345267
vn -0.003921509 0.9764631 0.215649
vn -0.003921509 0.9764631 0.215649
vn -0.003921509 0.9999923 -0.000345267
vn -0.003921509 0.9999923 -0.000345267
vn -0.003921509 0.9999923 -0.000345267
vn 0.9999924 0.003921509 0
vn 0.9999924 0.003921509 0
vn 0.9999924 0.003921509 0
vn 0.9999924 0.003921509 0
vn 0.9999924 0.003921509 0
vn 0.9999924 0.003921509 0
vn -0.003921509 0.003921509 0.9999846
vn -0.003921509 0.003921509 0.9999846
vn -0.003921509 0.003921509 0.9999846
vn -0.003921509 0.003921509 0.9999846
vn -0.9999923 0.003921509 -0.0003449296
vn -0.9999923 0.003921509 -0.0003449296
vn -0.9999923 0.003921509 -0.0003449296
vn -0.9999923 0.003921509 -0.0003449296
vn -0.9999923 0.003921509 -0.0003449296
vn -0.9999923 0.003921509 -0.0003449296
vn -0.003921509 0.9999923 -0.000345267
vn -0.003921509 0.9764631 -0.215649
vn -0.003921509 0.9764631 -0.215649
vn -0.003921509 0.9999923 -0.000345267
vn -0.003921509 0.9999923 -0.000345267
vn -0.003921509 0.9999923 -0.000345267
vn -0.9999923 0.003921509 -0.0003449296
vn -0.9999923 0.003921509 -0.0003449296
vn -0.9999923 0.003921509 -0.0003449296
vn -0.9999923 0.003921509 -0.0003449296
vn -0.9999923 0.003921509 -0.0003449296
vn -0.9999923 0.003921509 -0.0003449296
vn -0.003921509 0.003921509 -0.9999846
vn -0.003921509 0.003921509 -0.9999846
vn -0.003921509 0.003921509 -0.9999846
vn -0.003921509 0.003921509 -0.9999846
vn 0.9999924 0.003921509 0
vn 0.9999924 0.003921509 0
vn 0.9999924 0.003921509 0
vn 0.9999924 0.003921509 0
vn 0.9999924 0.003921509 0
vn 0.9999924 0.003921509 0
vn -0.003921509 0.9999923 -0.000345267
vn -0.003921509 0.9764631 0.215649
vn -0.003921509 0.9764631 0.215649
vn -0.003921509 0.9999923 -0.000345267
vn -0.003921509 0.9999923 -0.000345267
vn -0.003921509 0.9999923 -0.000345267
vn 0.9999924 0.003921509 0
vn 0.9999924 0.003921509 0
vn 0.9999924 0.003921509 0
vn 0.9999924 0.003921509 0
vn 0.9999924 0.003921509 0
vn 0.9999924 0.003921509 0
vn -0.003921509 0.003921509 0.9999846
vn -0.003921509 0.003921509 0.9999846
vn -0.003921509 0.003921509 0.9999846
vn -0.003921509 0.003921509 0.9999846
vn -0.9999923 0.003921509 -0.0003449296
vn -0.9999923 0.003921509 -0.0003449296
vn -0.9999923 0.003921509 -0.0003449296
vn -0.9999923 0.003921509 -0.0003449296
vn -0.9999923 0.003921509 -0.0003449296
vn -0.9999923 0.003921509 -0.0003449296
vn -0.003921509 0.9999923 -0.000345267
vn -0.003921509 0.9764631 -0.215649
vn -0.003921509 0.9764631 -0.215649
vn -0.003921509 0.9999923 -0.000345267
vn -0.003921509 0.9999923 -0.000345267
vn -0.003921509 0.9999923 -0.000345267
vn -0.9999923 0.003921509 -0.0003449296
vn -0.9999923 0.003921509 -0.0003449296
vn -0.9999923 0.003921509 -0.0003449296
vn -0.9999923 0.003921509 -0.0003449296
vn -0.9999923 0.003921509 -0.0003449296
vn -0.9999923 0.003921509 -0.0003449296
vn -0.003921509 0.003921509 -0.9999846
vn -0.003921509 0.003921509 -0.9999846
vn -0.003921509 0.003921509 -0.9999846
vn -0.003921509 0.003921509 -0.9999846
vn 0.9999924 0.003921509 0
vn 0.9999924 0.003921509 0
vn 0.9999924 0.003921509 0
vn 0.9999924 0.003921509 0
vn 0.9999924 0.003921509 0
vn 0.9999924 0.003921509 0
vn -0.003921509 0.9999923 -0.000345267
vn -0.003921509 0.9764631 0.215649
vn -0.003921509 0.9764631 0.215649
vn -0.003921509 0.9999923 -0.000345267
vn -0.003921509 0.9999923 -0.000345267
vn -0.003921509 0.9999923 -0.000345267
vn 0.9999924 0.003921509 0
vn 0.9999924 0.003921509 0
vn 0.9999924 0.003921509 0
vn 0.9999924 0.003921509 0
vn 0.9999924 0.003921509 0
vn 0.9999924 0.003921509 0
vn -0.003921509 0.003921509 0.9999846
vn -0.003921509 0.003921509 0.9999846
vn -0.003921509 0.003921509 0.9999846
vn -0.003921509 0.003921509 0.9999846
vn -0.9999923 0.003921509 -0.0003449296
vn -0.9999923 0.003921509 -0.0003449296
vn -0.9999923 0.003921509 -0.0003449296
vn -0.9999923 0.003921509 -0.0003449296
vn -0.9999923 0.003921509 -0.0003449296
vn -0.9999923 0.003921509 -0.0003449296
vn -0.003921509 0.9999923 -0.000345267
vn -0.003921509 0.9764631 -0.215649
vn -0.003921509 0.9764631 -0.215649
vn -0.003921509 0.9999923 -0.000345267
vn -0.003921509 0.9999923 -0.000345267
vn -0.003921509 0.9999923 -0.000345267
vn -0.9999923 0.003921509 -0.0003449296
vn -0.9999923 0.003921509 -0.0003449296
vn -0.9999923 0.003921509 -0.0003449296
vn -0.9999923 0.003921509 -0.0003449296
vn -0.9999923 0.003921509 -0.0003449296
vn -0.9999923 0.003921509 -0.0003449296
vn -0.003921509 0.003921509 -0.9999846
vn -0.003921509 0.003921509 -0.9999846
vn -0.003921509 0.003921509 -0.9999846
vn -0.003921509 0.003921509 -0.9999846
vn 0.9999924 0.003921509 0
vn 0.9999924 0.003921509 0
vn 0.9999924 0.003921509 0
vn 0.9999924 0.003921509 0
vn 0.9999924 0.003921509 0
vn 0.9999924 0.003921509 0
vn -0.003921509 0.9999923 -0.000345267
vn -0.003921509 0.9764631 0.215649
vn -0.003921509 0.9764631 0.215649
vn -0.003921509 0.9999923 -0.000345267
vn -0.003921509 0.9999923 -0.000345267
vn -0.003921509 0.9999923 -0.000345267
vn 0.9999924 0.003921509 0
vn 0.9999924 0.003921509 0
vn 0.9999924 0.003921509 0
vn 0.9999924 0.003921509 0
vn 0.9999924 0.003921509 0
vn 0.9999924 0.003921509 0
vn -0.003921509 0.003921509 0.9999846
vn -0.003921509 0.003921509 0.9999846
vn -0.003921509 0.003921509 0.9999846
vn -0.003921509 0.003921509 0.9999846
vn -0.9999923 0.003921509 -0.0003449296
vn -0.9999923 0.003921509 -0.0003449296
vn -0.9999923 0.003921509 -0.0003449296
vn -0.9999923 0.003921509 -0.0003449296
vn -0.9999923 0.003921509 -0.0003449296
vn -0.9999923 0.003921509 -0.0003449296
vn -0.003921509 0.9999923 -0.000345267
vn -0.003921509 0.9764631 -0.215649
vn -0.003921509 0.9764631 -0.215649
vn -0.003921509 0.9999923 -0.000345267
vn -0.003921509 0.9999923 -0.000345267
vn -0.003921509 0.9999923 -0.000345267
vn -0.9999923 0.003921509 -0.0003449296
vn -0.9999923 0.003921509 -0.0003449296
vn -0.9999923 0.003921509 -0.0003449296
vn -0.9999923 0.003921509 -0.0003449296
vn -0.9999923 0.003921509 -0.0003449296
vn -0.9999923 0.003921509 -0.0003449296
vn -0.003921509 0.003921509 -0.9999846
vn -0.003921509 0.003921509 -0.9999846
vn -0.003921509 0.003921509 -0.9999846
vn -0.003921509 0.003921509 -0.9999846
vn 0.9999924 0.003921509 0
vn 0.9999924 0.003921509 0
vn 0.9999924 0.003921509 0
vn 0.9999924 0.003921509 0
vn 0.9999924 0.003921509 0
vn 0.9999924 0.003921509 0
vn -0.003921509 0.9999923 -0.000345267
vn -0.003921509 0.9764631 0.215649
vn -0.003921509 0.9764631 0.215649
vn -0.003921509 0.9999923 -0.000345267
vn -0.003921509 0.9999923 -0.000345267
vn -0.003921509 0.9999923 -0.000345267
vn 0.9999924 0.003921509 0
vn 0.9999924 0.003921509 0
vn 0.9999924 0.003921509 0
vn 0.9999924 0.003921509 0
vn 0.9999924 0.003921509 0
vn 0.9999924 0.003921509 0
vn -0.003921509 0.003921509 0.9999846
vn -0.003921509 0.003921509 0.9999846
vn -0.003921509 0.003921509 0.9999846
vn -0.003921509 0.003921509 0.9999846
vn -0.9999923 0.003921509 -0.0003449296
vn -0.9999923 0.003921509 -0.0003449296
vn -0.9999923 0.003921509 -0.0003449296
vn -0.9999923 0.003921509 -0.0003449296
vn -0.9999923 0.003921509 -0.0003449296
vn -0.9999923 0.003921509 -0.0003449296
vn -0.003921509 0.9999923 -0.000345267
vn -0.003921509 0.9764631 -0.215649
vn -0.003921509 0.9764631 -0.215649
vn -0.003921509 0.9999923 -0.000345267
vn -0.003921509 0.9999923 -0.000345267
vn -0.003921509 0.9999923 -0.000345267
vn -0.9999923 0.003921509 -0.0003449296
vn -0.9999923 0.003921509 -0.0003449296
vn -0.9999923 0.003921509 -0.0003449296
vn -0.9999923 0.003921509 -0.0003449296
vn -0.9999923 0.003921509 -0.0003449296
vn -0.9999923 0.003921509 -0.0003449296
vn -0.003921509 0.003921509 -0.9999846
vn -0.003921509 0.003921509 -0.9999846
vn -0.003921509 0.003921509 -0.9999846
vn -0.003921509 0.003921509 -0.9999846
vn 0.9999924 0.003921509 0
vn 0.9999924 0.003921509 0
vn 0.9999924 0.003921509 0
vn 0.9999924 0.003921509 0
vn 0.9999924 0.003921509 0
vn 0.9999924 0.003921509 0
vn -0.003921509 0.9999923 -0.000345267
vn -0.003921509 0.9764631 0.215649
vn -0.003921509 0.9764631 0.215649
vn -0.003921509 0.9999923 -0.000345267
vn -0.003921509 0.9999923 -0.000345267
vn -0.003921509 0.9999923 -0.000345267
vn 0.9999924 0.003921509 0
vn 0.9999924 0.003921509 0
vn 0.9999924 0.003921509 0
vn 0.9999924 0.003921509 0
vn 0.9999924 0.003921509 0
vn 0.9999924 0.003921509 0
vn -0.003921509 0.003921509 0.9999846
vn -0.003921509 0.003921509 0.9999846
vn -0.003921509 0.003921509 0.9999846
vn -0.003921509 0.003921509 0.9999846
vn -0.9999923 0.003921509 -0.0003449296
vn -0.9999923 0.003921509 -0.0003449296
vn -0.9999923 0.003921509 -0.0003449296
vn -0.9999923 0.003921509 -0.0003449296
vn -0.9999923 0.003921509 -0.0003449296
vn -0.9999923 0.003921509 -0.0003449296
vn -0.003921509 0.9999923 -0.000345267
vn -0.003921509 0.9764631 -0.215649
vn -0.003921509 0.9764631 -0.215649
vn -0.003921509 0.9999923 -0.000345267
vn -0.003921509 0.9999923 -0.000345267
vn -0.003921509 0.9999923 -0.000345267
vn -0.9999923 0.003921509 -0.0003449296
vn -0.9999923 0.003921509 -0.0003449296
vn -0.9999923 0.003921509 -0.0003449296
vn -0.9999923 0.003921509 -0.0003449296
vn -0.9999923 0.003921509 -0.0003449296
vn -0.9999923 0.003921509 -0.0003449296
vn -0.003921509 0.003921509 -0.9999846
vn -0.003921509 0.003921509 -0.9999846
vn -0.003921509 0.003921509 -0.9999846
vn -0.003921509 0.003921509 -0.9999846
vn 0.9999924 0.003921509 0
vn 0.9999924 0.003921509 0
vn 0.9999924 0.003921509 0
vn 0.9999924 0.003921509 0
vn 0.9999924 0.003921509 0
vn 0.9999924 0.003921509 0
vn -0.003921509 0.9999923 -0.000345267
vn -0.003921509 0.9764631 0.215649
vn -0.003921509 0.9764631 0.215649
vn -0.003921509 0.9999923 -0.000345267
vn -0.003921509 0.9999923 -0.000345267
vn -0.003921509 0.9999923 -0.000345267
vn 0.9999924 0.003921509 0
vn 0.9999924 0.003921509 0
vn 0.9999924 0.003921509 0
vn 0.9999924 0.003921509 0
vn 0.9999924 0.003921509 0
vn 0.9999924 0.003921509 0
vn -0.003921509 0.003921509 0.9999846
vn -0.003921509 0.003921509 0.9999846
vn -0.003921509 0.003921509 0.9999846
vn -0.003921509 0.003921509 0.9999846
vn -0.9999923 0.003921509 -0.0003449296
vn -0.9999923 0.003921509 -0.0003449296
vn -0.9999923 0.003921509 -0.0003449296
vn -0.9999923 0.003921509 -0.0003449296
vn -0.9999923 0.003921509 -0.0003449296
vn -0.9999923 0.003921509 -0.0003449296
vn -0.003921509 0.9999923 -0.000345267
vn -0.003921509 0.9764631 -0.215649
vn -0.003921509 0.9764631 -0.215649
vn -0.003921509 0.9999923 -0.000345267
vn -0.003921509 0.9999923 -0.000345267
vn -0.003921509 0.9999923 -0.000345267
vn -0.9999923 0.003921509 -0.0003449296
vn -0.9999923 0.003921509 -0.0003449296
vn -0.9999923 0.003921509 -0.0003449296
vn -0.9999923 0.003921509 -0.0003449296
vn -0.9999923 0.003921509 -0.0003449296
vn -0.9999923 0.003921509 -0.0003449296
vn -0.003921509 0.003921509 -0.9999846
vn -0.003921509 0.003921509 -0.9999846
vn -0.003921509 0.003921509 -0.9999846
vn -0.003921509 0.003921509 -0.9999846
vn 0.9999924 0.003921509 0
vn 0.9999924 0.003921509 0
vn 0.9999924 0.003921509 0
vn 0.9999924 0.003921509 0
vn 0.9999924 0.003921509 0
vn 0.9999924 0.003921509 0
vn -0.003921509 0.9999923 -0.000345267
vn -0.003921509 0.9764631 0.215649
vn -0.003921509 0.9764631 0.215649
vn -0.003921509 0.9999923 -0.000345267
vn -0.003921509 0.9999923 -0.000345267
vn -0.003921509 0.9999923 -0.000345267
vn 0.9999924 0.003921509 0
vn 0.9999924 0.003921509 0
vn 0.9999924 0.003921509 0
vn 0.9999924 0.003921509 0
vn 0.9999924 0.003921509 0
vn 0.9999924 0.003921509 0
vn -0.003921509 0.003921509 0.9999846
vn -0.003921509 0.003921509 0.9999846
vn -0.003921509 0.003921509 0.9999846
vn -0.003921509 0.003921509 0.9999846
vn -0.9999923 0.003921509 -0.0003449296
vn -0.9999923 0.003921509 -0.0003449296
vn -0.9999923 0.003921509 -0.0003449296
vn -0.9999923 0.003921509 -0.0003449296
vn -0.9999923 0.003921509 -0.0003449296
vn -0.9999923 0.003921509 -0.0003449296
vn -0.003921509 0.9999923 -0.000345267
vn -0.003921509 0.9764631 -0.215649
vn -0.003921509 0.9764631 -0.215649
vn -0.003921509 0.9999923 -0.000345267
vn -0.003921509 0.9999923 -0.000345267
vn -0.003921509 0.9999923 -0.000345267
vn -0.9999923 0.003921509 -0.0003449296
vn -0.9999923 0.003921509 -0.0003449296
vn -0.9999923 0.003921509 -0.0003449296
vn -0.9999923 0.003921509 -0.0003449296
vn -0.9999923 0.003921509 -0.0003449296
vn -0.9999923 0.003921509 -0.0003449296
vn -0.003921509 0.003921509 -0.9999846
vn -0.003921509 0.003921509 -0.9999846
vn -0.003921509 0.003921509 -0.9999846
vn -0.003921509 0.003921509 -0.9999846
vn 0.9999924 0.003921509 0
vn 0.9999924 0.003921509 0
vn 0.9999924 0.003921509 0
vn 0.9999924 0.003921509 0
vn 0.9999924 0.003921509 0
vn 0.9999924 0.003921509 0
vn -0.003921509 0.9999923 -0.000345267
vn -0.003921509 0.9764631 0.215649
vn -0.003921509 0.9764631 0.215649
vn -0.003921509 0.9999923 -0.000345267
vn -0.003921509 0.9999923 -0.000345267
vn -0.003921509 0.9999923 -0.000345267
vn 0.9999924 0.003921509 0
vn 0.9999924 0.003921509 0
vn 0.9999924 0.003921509 0
vn 0.9999924 0.003921509 0
vn 0.9999924 0.003921509 0
vn 0.9999924 0.003921509 0
vn -0.003921509 0.003921509 0.9999846
vn -0.003921509 0.003921509 0.9999846
vn -0.003921509 0.003921509 0.9999846
vn -0.003921509 0.003921509 0.9999846
vn -0.9999923 0.003921509 -0.0003449296
vn -0.9999923 0.003921509 -0.0003449296
vn -0.9999923 0.003921509 -0.0003449296
vn -0.9999923 0.003921509 -0.0003449296
vn -0.9999923 0.003921509 -0.0003449296
vn -0.9999923 0.003921509 -0.0003449296
vn -0.003921509 0.9999923 -0.000345267
vn -0.003921509 0.9764631 -0.215649
vn -0.003921509 0.9764631 -0.215649
vn -0.003921509 0.9999923 -0.000345267
vn -0.003921509 0.9999923 -0.000345267
vn -0.003921509 0.9999923 -0.000345267
vn -0.9999923 0.003921509 -0.0003449296
vn -0.9999923 0.003921509 -0.0003449296
vn -0.9999923 0.003921509 -0.0003449296
vn -0.9999923 0.003921509 -0.0003449296
vn -0.9999923 0.003921509 -0.0003449296
vn -0.9999923 0.003921509 -0.0003449296
vn -0.003921509 0.003921509 -0.9999846
vn -0.003921509 0.003921509 -0.9999846
vn -0.003921509 0.003921509 -0.9999846
vn -0.003921509 0.003921509 -0.9999846
vn 0.9999924 0.003921509 0
vn 0.9999924 0.003921509 0
vn 0.9999924 0.003921509 0
vn 0.9999924 0.003921509 0
vn 0.9999924 0.003921509 0
vn 0.9999924 0.003921509 0
vn -0.003921509 0.9999923 -0.000345267
vn -0.003921509 0.9764631 0.215649
vn -0.003921509 0.9764631 0.215649
vn -0.003921509 0.9999923 -0.000345267
vn -0.003921509 0.9999923 -0.000345267
vn -0.003921509 0.9999923 -0.000345267
vn 0.9999924 0.003921509 0
vn 0.9999924 0.003921509 0
vn 0.9999924 0.003921509 0
vn 0.9999924 0.003921509 0
vn 0.9999924 0.003921509 0
vn 0.9999924 0.003921509 0
vn -0.003921509 0.003921509 0.9999846
vn -0.003921509 0.003921509 0.9999846
vn -0.003921509 0.003921509 0.9999846
vn -0.003921509 0.003921509 0.9999846
vn -0.9999923 0.003921509 -0.0003449296
vn -0.9999923 0.003921509 -0.0003449296
vn -0.9999923 0.003921509 -0.0003449296
vn -0.9999923 0.003921509 -0.0003449296
vn -0.9999923 0.003921509 -0.0003449296
vn -0.9999923 0.003921509 -0.0003449296
vn -0.003921509 0.9999923 -0.000345267
vn -0.003921509 0.9764631 -0.215649
vn -0.003921509 0.9764631 -0.215649
vn -0.003921509 0.9999923 -0.000345267
vn -0.003921509 0.9999923 -0.000345267
vn -0.003921509 0.9999923 -0.000345267
vn -0.9999923 0.003921509 -0.0003449296
vn -0.9999923 0.003921509 -0.0003449296
vn -0.9999923 0.003921509 -0.0003449296
vn -0.9999923 0.003921509 -0.0003449296
vn -0.9999923 0.003921509 -0.0003449296
vn -0.9999923 0.003921509 -0.0003449296
vn -0.003921509 0.003921509 -0.9999846
vn -0.003921509 0.003921509 -0.9999846
vn -0.003921509 0.003921509 -0.9999846
vn -0.003921509 0.003921509 -0.9999846
vn 0.9999924 0.003921509 0
vn 0.9999924 0.003921509 0
vn 0.9999924 0.003921509 0
vn 0.9999924 0.003921509 0
vn 0.9999924 0.003921509 0
vn 0.9999924 0.003921509 0
vn -0.003921509 0.9999923 -0.000345267
vn -0.003921509 0.9764631 0.215649
vn -0.003921509 0.9764631 0.215649
vn -0.003921509 0.9999923 -0.000345267
vn -0.003921509 0.9999923 -0.000345267
vn -0.003921509 0.9999923 -0.000345267
vn 0.9999924 0.003921509 0
vn 0.9999924 0.003921509 0
vn 0.9999924 0.003921509 0
vn 0.9999924 0.003921509 0
vn 0.9999924 0.003921509 0
vn 0.9999924 0.003921509 0
vn -0.003921509 0.003921509 0.9999846
vn -0.003921509 0.003921509 0.9999846
vn -0.003921509 0.003921509 0.9999846
vn -0.003921509 0.003921509 0.9999846
vn -0.9999923 0.003921509 -0.0003449296
vn -0.9999923 0.003921509 -0.0003449296
vn -0.9999923 0.003921509 -0.0003449296
vn -0.9999923 0.003921509 -0.0003449296
vn -0.9999923 0.003921509 -0.0003449296
vn -0.9999923 0.003921509 -0.0003449296
vn -0.003921509 0.9999923 -0.000345267
vn -0.003921509 0.9764631 -0.215649
vn -0.003921509 0.9764631 -0.215649
vn -0.003921509 0.9999923 -0.000345267
vn -0.003921509 0.9999923 -0.000345267
vn -0.003921509 0.9999923 -0.000345267
vn -0.9999923 0.003921509 -0.0003449296
vn -0.9999923 0.003921509 -0.0003449296
vn -0.9999923 0.003921509 -0.0003449296
vn -0.9999923 0.003921509 -0.0003449296
vn -0.9999923 0.003921509 -0.0003449296
vn -0.9999923 0.003921509 -0.0003449296
vn -0.003921509 0.003921509 -0.9999846
vn -0.003921509 0.003921509 -0.9999846
vn -0.003921509 0.003921509 -0.9999846
vn -0.003921509 0.003921509 -0.9999846
vn 0.9999924 0.003921509 0
vn 0.9999924 0.003921509 0
vn 0.9999924 0.003921509 0
vn 0.9999924 0.003921509 0
vn 0.9999924 0.003921509 0
vn 0.9999924 0.003921509 0
vn -0.003921509 0.9999923 -0.000345267
vn -0.003921509 0.9764631 0.215649
vn -0.003921509 0.9764631 0.215649
vn -0.003921509 0.9999923 -0.000345267
vn -0.003921509 0.9999923 -0.000345267
vn -0.003921509 0.9999923 -0.000345267
vn 0.9999924 0.003921509 0
vn 0.9999924 0.003921509 0
vn 0.9999924 0.003921509 0
vn 0.9999924 0.003921509 0
vn 0.9999924 0.003921509 0
vn 0.9999924 0.003921509 0
vn -0.003921509 0.003921509 0.9999846
vn -0.003921509 0.003921509 0.9999846
vn -0.003921509 0.003921509 0.9999846
vn -0.003921509 0.003921509 0.9999846
vn -0.9999923 0.003921509 -0.0003449296
vn -0.9999923 0.003921509 -0.0003449296
vn -0.9999923 0.003921509 -0.0003449296
vn -0.9999923 0.003921509 -0.0003449296
vn -0.9999923 0.003921509 -0.0003449296
vn -0.9999923 0.003921509 -0.0003449296
vn -0.003921509 0.9999923 -0.000345267
vn -0.003921509 0.9764631 -0.215649
vn -0.003921509 0.9764631 -0.215649
vn -0.003921509 0.9999923 -0.000345267
vn -0.003921509 0.9999923 -0.000345267
vn -0.003921509 0.9999923 -0.000345267
vn -0.003921509 0.003921509 0.9999846
vn -0.003921509 0.003921509 0.9999846
vn -0.003921509 0.003921509 0.9999846
vn -0.003921509 0.003921509 0.9999846
vn 0.04313695 0.003921509 0.9990615
vn 0.03529388 0.003921509 0.9993693
vn -0.9999923 0.003921509 -0.0003449296
vn -0.9999923 0.003921509 -0.0003449296
vn -0.9999923 0.003921509 -0.0003449296
vn -0.9999923 0.003921509 -0.0003449296
vn -0.003921509 0.003921509 -0.9999846
vn 0.04313695 0.003921509 -0.9990615
vn 0.03529388 0.003921509 -0.9993693
vn -0.003921509 0.003921509 -0.9999846
vn -0.003921509 0.003921509 -0.9999846
vn -0.003921509 0.003921509 -0.9999846
vn -0.003921509 0.9999923 -0.000345267
vn 0.2231437 0.9747856 0
vn 0.2231437 0.9747856 0
vn -0.003921509 0.9999923 -0.000345267
vn -0.003921509 0.9999923 -0.000345267
vn -0.003921509 0.9999923 -0.000345267
vn -0.003921509 0.003921509 -0.9999846
vn -0.003921509 0.003921509 -0.9999846
vn -0.003921509 0.003921509 -0.9999846
vn -0.003921509 0.003921509 -0.9999846
vn -0.04313684 0.003921509 -0.9990615
vn -0.03529382 0.003921509 -0.9993693
vn 0.9999924 0.003921509 0
vn 0.9999924 0.003921509 0
vn 0.9999924 0.003921509 0
vn 0.9999924 0.003921509 0
vn -0.003921509 0.003921509 0.9999846
vn -0.04313684 0.003921509 0.9990615
vn -0.03529382 0.003921509 0.9993693
vn -0.003921509 0.003921509 0.9999846
vn -0.003921509 0.003921509 0.9999846
vn -0.003921509 0.003921509 0.9999846
vn -0.003921509 0.9999923 -0.000345267
vn -0.2231437 0.9747856 0
vn -0.2231437 0.9747856 0
vn -0.003921509 0.9999923 -0.000345267
vn -0.003921509 0.9999923 -0.000345267
vn -0.003921509 0.9999923 -0.000345267
vn -0.003921509 0.003921509 0.9999846
vn -0.003921509 0.003921509 0.9999846
vn -0.003921509 0.003921509 0.9999846
vn -0.003921509 0.003921509 0.9999846
vn 0.04313695 0.003921509 0.9990615
vn 0.03529388 0.003921509 0.9993693
vn -0.9999923 0.003921509 -0.0003449296
vn -0.9999923 0.003921509 -0.0003449296
vn -0.9999923 0.003921509 -0.0003449296
vn -0.9999923 0.003921509 -0.0003449296
vn -0.003921509 0.003921509 -0.9999846
vn 0.04313695 0.003921509 -0.9990615
vn 0.03529388 0.003921509 -0.9993693
vn -0.003921509 0.003921509 -0.9999846
vn -0.003921509 0.003921509 -0.9999846
vn -0.003921509 0.003921509 -0.9999846
vn -0.003921509 0.9999923 -0.000345267
vn 0.2231437 0.9747856 0
vn 0.2231437 0.9747856 0
vn -0.003921509 0.9999923 -0.000345267
vn -0.003921509 0.9999923 -0.000345267
vn -0.003921509 0.9999923 -0.000345267
vn -0.003921509 0.003921509 -0.9999846
vn -0.003921509 0.003921509 -0.9999846
vn -0.003921509 0.003921509 -0.9999846
vn -0.003921509 0.003921509 -0.9999846
vn -0.04313684 0.003921509 -0.9990615
vn -0.03529382 0.003921509 -0.9993693
vn 0.9999924 0.003921509 0
vn 0.9999924 0.003921509 0
vn 0.9999924 0.003921509 0
vn 0.9999924 0.003921509 0
vn -0.003921509 0.003921509 0.9999846
vn -0.04313684 0.003921509 0.9990615
vn -0.03529382 0.003921509 0.9993693
vn -0.003921509 0.003921509 0.9999846
vn -0.003921509 0.003921509 0.9999846
vn -0.003921509 0.003921509 0.9999846
vn -0.003921509 0.9999923 -0.000345267
vn -0.2231437 0.9747856 0
vn -0.2231437 0.9747856 0
vn -0.003921509 0.9999923 -0.000345267
vn -0.003921509 0.9999923 -0.000345267
vn -0.003921509 0.9999923 -0.000345267
vn -0.003921509 0.003921509 0.9999846
vn -0.003921509 0.003921509 0.9999846
vn -0.003921509 0.003921509 0.9999846
vn -0.003921509 0.003921509 0.9999846
vn 0.04313695 0.003921509 0.9990615
vn 0.03529388 0.003921509 0.9993693
vn -0.9999923 0.003921509 -0.0003449296
vn -0.9999923 0.003921509 -0.0003449296
vn -0.9999923 0.003921509 -0.0003449296
vn -0.9999923 0.003921509 -0.0003449296
vn -0.003921509 0.003921509 -0.9999846
vn 0.04313695 0.003921509 -0.9990615
vn 0.03529388 0.003921509 -0.9993693
vn -0.003921509 0.003921509 -0.9999846
vn -0.003921509 0.003921509 -0.9999846
vn -0.003921509 0.003921509 -0.9999846
vn -0.003921509 0.9999923 -0.000345267
vn 0.2231437 0.9747856 0
vn 0.2231437 0.9747856 0
vn -0.003921509 0.9999923 -0.000345267
vn -0.003921509 0.9999923 -0.000345267
vn -0.003921509 0.9999923 -0.000345267
vn -0.003921509 0.003921509 -0.9999846
vn -0.003921509 0.003921509 -0.9999846
vn -0.003921509 0.003921509 -0.9999846
vn -0.003921509 0.003921509 -0.9999846
vn -0.04313684 0.003921509 -0.9990615
vn -0.03529382 0.003921509 -0.9993693
vn 0.9999924 0.003921509 0
vn 0.9999924 0.003921509 0
vn 0.9999924 0.003921509 0
vn 0.9999924 0.003921509 0
vn -0.003921509 0.003921509 0.9999846
vn -0.04313684 0.003921509 0.9990615
vn -0.03529382 0.003921509 0.9993693
vn -0.003921509 0.003921509 0.9999846
vn -0.003921509 0.003921509 0.9999846
vn -0.003921509 0.003921509 0.9999846
vn -0.003921509 0.9999923 -0.000345267
vn -0.2231437 0.9747856 0
vn -0.2231437 0.9747856 0
vn -0.003921509 0.9999923 -0.000345267
vn -0.003921509 0.9999923 -0.000345267
vn -0.003921509 0.9999923 -0.000345267
vn 0.9921493 0.003921509 0.1249976
vn 0.9215616 0.003921509 0.3882124
vn 0.9372478 0.003921509 0.3486421
vn 0.9921493 0.003921509 0.1249976
vn 0.9921493 0.003921509 0.1249976
vn 0.9921493 0.003921509 0.1249976
vn 0.9999924 0.003921509 0
vn 0.9999924 0.003921509 0
vn -0.003921509 -0.9921493 0.1249976
vn -0.003921509 -0.8039154 0.5947307
vn -0.003921509 -0.8039154 0.5947307
vn -0.003921509 -0.9921493 0.1249976
vn -0.003921509 -0.9921493 0.1249976
vn -0.003921509 -0.9921493 0.1249976
vn -0.003921509 -0.9921493 0.1249976
vn -0.003921509 -0.9921493 0.1249976
vn -0.003921509 0.8980323 0.439912
vn -0.003921509 0.6548969 0.7557081
vn -0.003921509 0.6548969 0.7557081
vn -0.003921509 0.8980323 0.439912
vn -0.003921509 0.8980323 0.439912
vn -0.003921509 0.8980323 0.439912
vn -0.003921509 0.9764631 0.215649
vn -0.003921509 0.9764631 0.215649
vn -0.9921492 0.003921509 0.1249981
vn -0.9999923 0.003921509 -0.0003449296
vn -0.9999923 0.003921509 -0.0003449296
vn -0.9921492 0.003921509 0.1249981
vn -0.9921492 0.003921509 0.1249981
vn -0.9921492 0.003921509 0.1249981
vn -0.9215615 0.003921509 0.3882126
vn -0.9372476 0.003921509 0.3486424
vn -0.9921492 0.003921509 -0.1249981
vn -0.9215615 0.003921509 -0.3882126
vn -0.9372476 0.003921509 -0.3486424
vn -0.9921492 0.003921509 -0.1249981
vn -0.9921492 0.003921509 -0.1249981
vn -0.9921492 0.003921509 -0.1249981
vn -0.9999923 0.003921509 -0.0003449296
vn -0.9999923 0.003921509 -0.0003449296
vn -0.003921509 -0.9921493 -0.1249976
vn -0.003921509 -0.8039154 -0.5947307
vn -0.003921509 -0.8039154 -0.5947307
vn -0.003921509 -0.9921493 -0.1249976
vn -0.003921509 -0.9921493 -0.1249976
vn -0.003921509 -0.9921493 -0.1249976
vn -0.003921509 -0.9921493 -0.1249976
vn -0.003921509 -0.9921493 -0.1249976
vn -0.003921509 0.8980323 -0.439912
vn -0.003921509 0.6548969 -0.7557081
vn -0.003921509 0.6548969 -0.7557081
vn -0.003921509 0.8980323 -0.439912
vn -0.003921509 0.8980323 -0.439912
vn -0.003921509 0.8980323 -0.439912
vn -0.003921509 0.9764631 -0.215649
vn -0.003921509 0.9764631 -0.215649
vn 0.9921493 0.003921509 -0.1249976
vn 0.9999924 0.003921509 0
vn 0.9999924 0.003921509 0
vn 0.9921493 0.003921509 -0.1249976
vn 0.9921493 0.003921509 -0.1249976
vn 0.9921493 0.003921509 -0.1249976
vn 0.9215616 0.003921509 -0.3882124
vn 0.9372478 0.003921509 -0.3486421
vn 0.9921493 0.003921509 0.1249976
vn 0.9215616 0.003921509 0.3882124
vn 0.9372478 0.003921509 0.3486421
vn 0.9921493 0.003921509 0.1249976
vn 0.9921493 0.003921509 0.1249976
vn 0.9921493 0.003921509 0.1249976
vn 0.9999924 0.003921509 0
vn 0.9999924 0.003921509 0
vn -0.003921509 -0.9921493 0.1249976
vn -0.003921509 -0.8039154 0.5947307
vn -0.003921509 -0.8039154 0.5947307
vn -0.003921509 -0.9921493 0.1249976
vn -0.003921509 -0.9921493 0.1249976
vn -0.003921509 -0.9921493 0.1249976
vn -0.003921509 -0.9921493 0.1249976
vn -0.003921509 -0.9921493 0.1249976
vn -0.003921509 0.8980323 0.439912
vn -0.003921509 0.6548969 0.7557081
vn -0.003921509 0.6548969 0.7557081
vn -0.003921509 0.8980323 0.439912
vn -0.003921509 0.8980323 0.439912
vn -0.003921509 0.8980323 0.439912
vn -0.003921509 0.9764631 0.215649
vn -0.003921509 0.9764631 0.215649
vn -0.9921492 0.003921509 0.1249981
vn -0.9999923 0.003921509 -0.0003449296
vn -0.9999923 0.003921509 -0.0003449296
vn -0.9921492 0.003921509 0.1249981
vn -0.9921492 0.003921509 0.1249981
vn -0.9921492 0.003921509 0.1249981
vn -0.9215615 0.003921509 0.3882126
vn -0.9372476 0.003921509 0.3486424
vn -0.9921492 0.003921509 -0.1249981
vn -0.9215615 0.003921509 -0.3882126
vn -0.9372476 0.003921509 -0.3486424
vn -0.9921492 0.003921509 -0.1249981
vn -0.9921492 0.003921509 -0.1249981
vn -0.9921492 0.003921509 -0.1249981
vn -0.9999923 0.003921509 -0.0003449296
vn -0.9999923 0.003921509 -0.0003449296
vn -0.003921509 -0.9921493 -0.1249976
vn -0.003921509 -0.8039154 -0.5947307
vn -0.003921509 -0.8039154 -0.5947307
vn -0.003921509 -0.9921493 -0.1249976
vn -0.003921509 -0.9921493 -0.1249976
vn -0.003921509 -0.9921493 -0.1249976
vn -0.003921509 -0.9921493 -0.1249976
vn -0.003921509 -0.9921493 -0.1249976
vn -0.003921509 0.8980323 -0.439912
vn -0.003921509 0.6548969 -0.7557081
vn -0.003921509 0.6548969 -0.7557081
vn -0.003921509 0.8980323 -0.439912
vn -0.003921509 0.8980323 -0.439912
vn -0.003921509 0.8980323 -0.439912
vn -0.003921509 0.9764631 -0.215649
vn -0.003921509 0.9764631 -0.215649
vn 0.9921493 0.003921509 -0.1249976
vn 0.9999924 0.003921509 0
vn 0.9999924 0.003921509 0
vn 0.9921493 0.003921509 -0.1249976
vn 0.9921493 0.003921509 -0.1249976
vn 0.9921493 0.003921509 -0.1249976
vn 0.9215616 0.003921509 -0.3882124
vn 0.9372478 0.003921509 -0.3486421
vn 0.9921493 0.003921509 0.1249976
vn 0.9215616 0.003921509 0.3882124
vn 0.9372478 0.003921509 0.3486421
vn 0.9921493 0.003921509 0.1249976
vn 0.9921493 0.003921509 0.1249976
vn 0.9921493 0.003921509 0.1249976
vn 0.9999924 0.003921509 0
vn 0.9999924 0.003921509 0
vn -0.003921509 -0.9921493 0.1249976
vn -0.003921509 -0.8039154 0.5947307
vn -0.003921509 -0.8039154 0.5947307
vn -0.003921509 -0.9921493 0.1249976
vn -0.003921509 -0.9921493 0.1249976
vn -0.003921509 -0.9921493 0.1249976
vn -0.003921509 -0.9921493 0.1249976
vn -0.003921509 -0.9921493 0.1249976
vn -0.003921509 0.8980323 0.439912
vn -0.003921509 0.6548969 0.7557081
vn -0.003921509 0.6548969 0.7557081
vn -0.003921509 0.8980323 0.439912
vn -0.003921509 0.8980323 0.439912
vn -0.003921509 0.8980323 0.439912
vn -0.003921509 0.9764631 0.215649
vn -0.003921509 0.9764631 0.215649
vn -0.9921492 0.003921509 0.1249981
vn -0.9999923 0.003921509 -0.0003449296
vn -0.9999923 0.003921509 -0.0003449296
vn -0.9921492 0.003921509 0.1249981
vn -0.9921492 0.003921509 0.1249981
vn -0.9921492 0.003921509 0.1249981
vn -0.9215615 0.003921509 0.3882126
vn -0.9372476 0.003921509 0.3486424
vn -0.9921492 0.003921509 -0.1249981
vn -0.9215615 0.003921509 -0.3882126
vn -0.9372476 0.003921509 -0.3486424
vn -0.9921492 0.003921509 -0.1249981
vn -0.9921492 0.003921509 -0.1249981
vn -0.9921492 0.003921509 -0.1249981
vn -0.9999923 0.003921509 -0.0003449296
vn -0.9999923 0.003921509 -0.0003449296
vn -0.003921509 -0.9921493 -0.1249976
vn -0.003921509 -0.8039154 -0.5947307
vn -0.003921509 -0.8039154 -0.5947307
vn -0.003921509 -0.9921493 -0.1249976
vn -0.003921509 -0.9921493 -0.1249976
vn -0.003921509 -0.9921493 -0.1249976
vn -0.003921509 -0.9921493 -0.1249976
vn -0.003921509 -0.9921493 -0.1249976
vn -0.003921509 0.8980323 -0.439912
vn -0.003921509 0.6548969 -0.7557081
vn -0.003921509 0.6548969 -0.7557081
vn -0.003921509 0.8980323 -0.439912
vn -0.003921509 0.8980323 -0.439912
vn -0.003921509 0.8980323 -0.439912
vn -0.003921509 0.9764631 -0.215649
vn -0.003921509 0.9764631 -0.215649
vn 0.9921493 0.003921509 -0.1249976
vn 0.9999924 0.003921509 0
vn 0.9999924 0.003921509 0
vn 0.9921493 0.003921509 -0.1249976
vn 0.9921493 0.003921509 -0.1249976
vn 0.9921493 0.003921509 -0.1249976
vn 0.9215616 0.003921509 -0.3882124
vn 0.9372478 0.003921509 -0.3486421
vn 0.9921493 0.003921509 0.1249976
vn 0.9215616 0.003921509 0.3882124
vn 0.9372478 0.003921509 0.3486421
vn 0.9921493 0.003921509 0.1249976
vn 0.9921493 0.003921509 0.1249976
vn 0.9921493 0.003921509 0.1249976
vn 0.9999924 0.003921509 0
vn 0.9999924 0.003921509 0
vn -0.003921509 -0.9921493 0.1249976
vn -0.003921509 -0.8039154 0.5947307
vn -0.003921509 -0.8039154 0.5947307
vn -0.003921509 -0.9921493 0.1249976
vn -0.003921509 -0.9921493 0.1249976
vn -0.003921509 -0.9921493 0.1249976
vn -0.003921509 -0.9921493 0.1249976
vn -0.003921509 -0.9921493 0.1249976
vn -0.003921509 0.8980323 0.439912
vn -0.003921509 0.6548969 0.7557081
vn -0.003921509 0.6548969 0.7557081
vn -0.003921509 0.8980323 0.439912
vn -0.003921509 0.8980323 0.439912
vn -0.003921509 0.8980323 0.439912
vn -0.003921509 0.9764631 0.215649
vn -0.003921509 0.9764631 0.215649
vn -0.9921492 0.003921509 0.1249981
vn -0.9999923 0.003921509 -0.0003449296
vn -0.9999923 0.003921509 -0.0003449296
vn -0.9921492 0.003921509 0.1249981
vn -0.9921492 0.003921509 0.1249981
vn -0.9921492 0.003921509 0.1249981
vn -0.9215615 0.003921509 0.3882126
vn -0.9372476 0.003921509 0.3486424
vn -0.9921492 0.003921509 -0.1249981
vn -0.9215615 0.003921509 -0.3882126
vn -0.9372476 0.003921509 -0.3486424
vn -0.9921492 0.003921509 -0.1249981
vn -0.9921492 0.003921509 -0.1249981
vn -0.9921492 0.003921509 -0.1249981
vn -0.9999923 0.003921509 -0.0003449296
vn -0.9999923 0.003921509 -0.0003449296
vn -0.003921509 -0.9921493 -0.1249976
vn -0.003921509 -0.8039154 -0.5947307
vn -0.003921509 -0.8039154 -0.5947307
vn -0.003921509 -0.9921493 -0.1249976
vn -0.003921509 -0.9921493 -0.1249976
vn -0.003921509 -0.9921493 -0.1249976
vn -0.003921509 -0.9921493 -0.1249976
vn -0.003921509 -0.9921493 -0.1249976
vn -0.003921509 0.8980323 -0.439912
vn -0.003921509 0.6548969 -0.7557081
vn -0.003921509 0.6548969 -0.7557081
vn -0.003921509 0.8980323 -0.439912
vn -0.003921509 0.8980323 -0.439912
vn -0.003921509 0.8980323 -0.439912
vn -0.003921509 0.9764631 -0.215649
vn -0.003921509 0.9764631 -0.215649
vn 0.9921493 0.003921509 -0.1249976
vn 0.9999924 0.003921509 0
vn 0.9999924 0.003921509 0
vn 0.9921493 0.003921509 -0.1249976
vn 0.9921493 0.003921509 -0.1249976
vn 0.9921493 0.003921509 -0.1249976
vn 0.9215616 0.003921509 -0.3882124
vn 0.9372478 0.003921509 -0.3486421
vn 0.9921493 0.003921509 0.1249976
vn 0.9215616 0.003921509 0.3882124
vn 0.9372478 0.003921509 0.3486421
vn 0.9921493 0.003921509 0.1249976
vn 0.9921493 0.003921509 0.1249976
vn 0.9921493 0.003921509 0.1249976
vn 0.9999924 0.003921509 0
vn 0.9999924 0.003921509 0
vn -0.003921509 -0.9921493 0.1249976
vn -0.003921509 -0.8039154 0.5947307
vn -0.003921509 -0.8039154 0.5947307
vn -0.003921509 -0.9921493 0.1249976
vn -0.003921509 -0.9921493 0.1249976
vn -0.003921509 -0.9921493 0.1249976
vn -0.003921509 -0.9921493 0.1249976
vn -0.003921509 -0.9921493 0.1249976
vn -0.003921509 0.8980323 0.439912
vn -0.003921509 0.6548969 0.7557081
vn -0.003921509 0.6548969 0.7557081
vn -0.003921509 0.8980323 0.439912
vn -0.003921509 0.8980323 0.439912
vn -0.003921509 0.8980323 0.439912
vn -0.003921509 0.9764631 0.215649
vn -0.003921509 0.9764631 0.215649
vn -0.9921492 0.003921509 0.1249981
vn -0.9999923 0.003921509 -0.0003449296
vn -0.9999923 0.003921509 -0.0003449296
vn -0.9921492 0.003921509 0.1249981
vn -0.9921492 0.003921509 0.1249981
vn -0.9921492 0.003921509 0.1249981
vn -0.9215615 0.003921509 0.3882126
vn -0.9372476 0.003921509 0.3486424
vn -0.9921492 0.003921509 -0.1249981
vn -0.9215615 0.003921509 -0.3882126
vn -0.9372476 0.003921509 -0.3486424
vn -0.9921492 0.003921509 -0.1249981
vn -0.9921492 0.003921509 -0.1249981
vn -0.9921492 0.003921509 -0.1249981
vn -0.9999923 0.003921509 -0.0003449296
vn -0.9999923 0.003921509 -0.0003449296
vn -0.003921509 -0.9921493 -0.1249976
vn -0.003921509 -0.8039154 -0.5947307
vn -0.003921509 -0.8039154 -0.5947307
vn -0.003921509 -0.9921493 -0.1249976
vn -0.003921509 -0.9921493 -0.1249976
vn -0.003921509 -0.9921493 -0.1249976
vn -0.003921509 -0.9921493 -0.1249976
vn -0.003921509 -0.9921493 -0.1249976
vn -0.003921509 0.8980323 -0.439912
vn -0.003921509 0.6548969 -0.7557081
vn -0.003921509 0.6548969 -0.7557081
vn -0.003921509 0.8980323 -0.439912
vn -0.003921509 0.8980323 -0.439912
vn -0.003921509 0.8980323 -0.439912
vn -0.003921509 0.9764631 -0.215649
vn -0.003921509 0.9764631 -0.215649
vn 0.9921493 0.003921509 -0.1249976
vn 0.9999924 0.003921509 0
vn 0.9999924 0.003921509 0
vn 0.9921493 0.003921509 -0.1249976
vn 0.9921493 0.003921509 -0.1249976
vn 0.9921493 0.003921509 -0.1249976
vn 0.9215616 0.003921509 -0.3882124
vn 0.9372478 0.003921509 -0.3486421
vn 0.9921493 0.003921509 0.1249976
vn 0.9215616 0.003921509 0.3882124
vn 0.9372478 0.003921509 0.3486421
vn 0.9921493 0.003921509 0.1249976
vn 0.9921493 0.003921509 0.1249976
vn 0.9921493 0.003921509 0.1249976
vn 0.9999924 0.003921509 0
vn 0.9999924 0.003921509 0
vn -0.003921509 -0.9921493 0.1249976
vn -0.003921509 -0.8039154 0.5947307
vn -0.003921509 -0.8039154 0.5947307
vn -0.003921509 -0.9921493 0.1249976
vn -0.003921509 -0.9921493 0.1249976
vn -0.003921509 -0.9921493 0.1249976
vn -0.003921509 -0.9921493 0.1249976
vn -0.003921509 -0.9921493 0.1249976
vn -0.003921509 0.8980323 0.439912
vn -0.003921509 0.6548969 0.7557081
vn -0.003921509 0.6548969 0.7557081
vn -0.003921509 0.8980323 0.439912
vn -0.003921509 0.8980323 0.439912
vn -0.003921509 0.8980323 0.439912
vn -0.003921509 0.9764631 0.215649
vn -0.003921509 0.9764631 0.215649
vn -0.9921492 0.003921509 0.1249981
vn -0.9999923 0.003921509 -0.0003449296
vn -0.9999923 0.003921509 -0.0003449296
vn -0.9921492 0.003921509 0.1249981
vn -0.9921492 0.003921509 0.1249981
vn -0.9921492 0.003921509 0.1249981
vn -0.9215615 0.003921509 0.3882126
vn -0.9372476 0.003921509 0.3486424
vn -0.9921492 0.003921509 -0.1249981
vn -0.9215615 0.003921509 -0.3882126
vn -0.9372476 0.003921509 -0.3486424
vn -0.9921492 0.003921509 -0.1249981
vn -0.9921492 0.003921509 -0.1249981
vn -0.9921492 0.003921509 -0.1249981
vn -0.9999923 0.003921509 -0.0003449296
vn -0.9999923 0.003921509 -0.0003449296
vn -0.003921509 -0.9921493 -0.1249976
vn -0.003921509 -0.8039154 -0.5947307
vn -0.003921509 -0.8039154 -0.5947307
vn -0.003921509 -0.9921493 -0.1249976
vn -0.003921509 -0.9921493 -0.1249976
vn -0.003921509 -0.9921493 -0.1249976
vn -0.003921509 -0.9921493 -0.1249976
vn -0.003921509 -0.9921493 -0.1249976
vn -0.003921509 0.8980323 -0.439912
vn -0.003921509 0.6548969 -0.7557081
vn -0.003921509 0.6548969 -0.7557081
vn -0.003921509 0.8980323 -0.439912
vn -0.003921509 0.8980323 -0.439912
vn -0.003921509 0.8980323 -0.439912
vn -0.003921509 0.9764631 -0.215649
vn -0.003921509 0.9764631 -0.215649
vn 0.9921493 0.003921509 -0.1249976
vn 0.9999924 0.003921509 0
vn 0.9999924 0.003921509 0
vn 0.9921493 0.003921509 -0.1249976
vn 0.9921493 0.003921509 -0.1249976
vn 0.9921493 0.003921509 -0.1249976
vn 0.9215616 0.003921509 -0.3882124
vn 0.9372478 0.003921509 -0.3486421
vn 0.9921493 0.003921509 0.1249976
vn 0.9215616 0.003921509 0.3882124
vn 0.9372478 0.003921509 0.3486421
vn 0.9921493 0.003921509 0.1249976
vn 0.9921493 0.003921509 0.1249976
vn 0.9921493 0.003921509 0.1249976
vn 0.9999924 0.003921509 0
vn 0.9999924 0.003921509 0
vn -0.003921509 -0.9921493 0.1249976
vn -0.003921509 -0.8039154 0.5947307
vn -0.003921509 -0.8039154 0.5947307
vn -0.003921509 -0.9921493 0.1249976
vn -0.003921509 -0.9921493 0.1249976
vn -0.003921509 -0.9921493 0.1249976
vn -0.003921509 -0.9921493 0.1249976
vn -0.003921509 -0.9921493 0.1249976
vn -0.003921509 0.8980323 0.439912
vn -0.003921509 0.6548969 0.7557081
vn -0.003921509 0.6548969 0.7557081
vn -0.003921509 0.8980323 0.439912
vn -0.003921509 0.8980323 0.439912
vn -0.003921509 0.8980323 0.439912
vn -0.003921509 0.9764631 0.215649
vn -0.003921509 0.9764631 0.215649
vn -0.9921492 0.003921509 0.1249981
vn -0.9999923 0.003921509 -0.0003449296
vn -0.9999923 0.003921509 -0.0003449296
vn -0.9921492 0.003921509 0.1249981
vn -0.9921492 0.003921509 0.1249981
vn -0.9921492 0.003921509 0.1249981
vn -0.9215615 0.003921509 0.3882126
vn -0.9372476 0.003921509 0.3486424
vn -0.9921492 0.003921509 -0.1249981
vn -0.9215615 0.003921509 -0.3882126
vn -0.9372476 0.003921509 -0.3486424
vn -0.9921492 0.003921509 -0.1249981
vn -0.9921492 0.003921509 -0.1249981
vn -0.9921492 0.003921509 -0.1249981
vn -0.9999923 0.003921509 -0.0003449296
vn -0.9999923 0.003921509 -0.0003449296
vn -0.003921509 -0.9921493 -0.1249976
vn -0.003921509 -0.8039154 -0.5947307
vn -0.003921509 -0.8039154 -0.5947307
vn -0.003921509 -0.9921493 -0.1249976
vn -0.003921509 -0.9921493 -0.1249976
vn -0.003921509 -0.9921493 -0.1249976
vn -0.003921509 -0.9921493 -0.1249976
vn -0.003921509 -0.9921493 -0.1249976
vn -0.003921509 0.8980323 -0.439912
vn -0.003921509 0.6548969 -0.7557081
vn -0.003921509 0.6548969 -0.7557081
vn -0.003921509 0.8980323 -0.439912
vn -0.003921509 0.8980323 -0.439912
vn -0.003921509 0.8980323 -0.439912
vn -0.003921509 0.9764631 -0.215649
vn -0.003921509 0.9764631 -0.215649
vn 0.9921493 0.003921509 -0.1249976
vn 0.9999924 0.003921509 0
vn 0.9999924 0.003921509 0
vn 0.9921493 0.003921509 -0.1249976
vn 0.9921493 0.003921509 -0.1249976
vn 0.9921493 0.003921509 -0.1249976
vn 0.9215616 0.003921509 -0.3882124
vn 0.9372478 0.003921509 -0.3486421
vn 0.9921493 0.003921509 0.1249976
vn 0.9215616 0.003921509 0.3882124
vn 0.9372478 0.003921509 0.3486421
vn 0.9921493 0.003921509 0.1249976
vn 0.9921493 0.003921509 0.1249976
vn 0.9921493 0.003921509 0.1249976
vn 0.9999924 0.003921509 0
vn 0.9999924 0.003921509 0
vn -0.003921509 -0.9921493 0.1249976
vn -0.003921509 -0.8039154 0.5947307
vn -0.003921509 -0.8039154 0.5947307
vn -0.003921509 -0.9921493 0.1249976
vn -0.003921509 -0.9921493 0.1249976
vn -0.003921509 -0.9921493 0.1249976
vn -0.003921509 -0.9921493 0.1249976
vn -0.003921509 -0.9921493 0.1249976
vn -0.003921509 0.8980323 0.439912
vn -0.003921509 0.6548969 0.7557081
vn -0.003921509 0.6548969 0.7557081
vn -0.003921509 0.8980323 0.439912
vn -0.003921509 0.8980323 0.439912
vn -0.003921509 0.8980323 0.439912
vn -0.003921509 0.9764631 0.215649
vn -0.003921509 0.9764631 0.215649
vn -0.9921492 0.003921509 0.1249981
vn -0.9999923 0.003921509 -0.0003449296
vn -0.9999923 0.003921509 -0.0003449296
vn -0.9921492 0.003921509 0.1249981
vn -0.9921492 0.003921509 0.1249981
vn -0.9921492 0.003921509 0.1249981
vn -0.9215615 0.003921509 0.3882126
vn -0.9372476 0.003921509 0.3486424
vn -0.9921492 0.003921509 -0.1249981
vn -0.9215615 0.003921509 -0.3882126
vn -0.9372476 0.003921509 -0.3486424
vn -0.9921492 0.003921509 -0.1249981
vn -0.9921492 0.003921509 -0.1249981
vn -0.9921492 0.003921509 -0.1249981
vn -0.9999923 0.003921509 -0.0003449296
vn -0.9999923 0.003921509 -0.0003449296
vn -0.003921509 -0.9921493 -0.1249976
vn -0.003921509 -0.8039154 -0.5947307
vn -0.003921509 -0.8039154 -0.5947307
vn -0.003921509 -0.9921493 -0.1249976
vn -0.003921509 -0.9921493 -0.1249976
vn -0.003921509 -0.9921493 -0.1249976
vn -0.003921509 -0.9921493 -0.1249976
vn -0.003921509 -0.9921493 -0.1249976
vn -0.003921509 0.8980323 -0.439912
vn -0.003921509 0.6548969 -0.7557081
vn -0.003921509 0.6548969 -0.7557081
vn -0.003921509 0.8980323 -0.439912
vn -0.003921509 0.8980323 -0.439912
vn -0.003921509 0.8980323 -0.439912
vn -0.003921509 0.9764631 -0.215649
vn -0.003921509 0.9764631 -0.215649
vn 0.9921493 0.003921509 -0.1249976
vn 0.9999924 0.003921509 0
vn 0.9999924 0.003921509 0
vn 0.9921493 0.003921509 -0.1249976
vn 0.9921493 0.003921509 -0.1249976
vn 0.9921493 0.003921509 -0.1249976
vn 0.9215616 0.003921509 -0.3882124
vn 0.9372478 0.003921509 -0.3486421
vn 0.9921493 0.003921509 0.1249976
vn 0.9215616 0.003921509 0.3882124
vn 0.9372478 0.003921509 0.3486421
vn 0.9921493 0.003921509 0.1249976
vn 0.9921493 0.003921509 0.1249976
vn 0.9921493 0.003921509 0.1249976
vn 0.9999924 0.003921509 0
vn 0.9999924 0.003921509 0
vn -0.003921509 -0.9921493 0.1249976
vn -0.003921509 -0.8039154 0.5947307
vn -0.003921509 -0.8039154 0.5947307
vn -0.003921509 -0.9921493 0.1249976
vn -0.003921509 -0.9921493 0.1249976
vn -0.003921509 -0.9921493 0.1249976
vn -0.003921509 -0.9921493 0.1249976
vn -0.003921509 -0.9921493 0.1249976
vn -0.003921509 0.8980323 0.439912
vn -0.003921509 0.6548969 0.7557081
vn -0.003921509 0.6548969 0.7557081
vn -0.003921509 0.8980323 0.439912
vn -0.003921509 0.8980323 0.439912
vn -0.003921509 0.8980323 0.439912
vn -0.003921509 0.9764631 0.215649
vn -0.003921509 0.9764631 0.215649
vn -0.9921492 0.003921509 0.1249981
vn -0.9999923 0.003921509 -0.0003449296
vn -0.9999923 0.003921509 -0.0003449296
vn -0.9921492 0.003921509 0.1249981
vn -0.9921492 0.003921509 0.1249981
vn -0.9921492 0.003921509 0.1249981
vn -0.9215615 0.003921509 0.3882126
vn -0.9372476 0.003921509 0.3486424
vn -0.9921492 0.003921509 -0.1249981
vn -0.9215615 0.003921509 -0.3882126
vn -0.9372476 0.003921509 -0.3486424
vn -0.9921492 0.003921509 -0.1249981
vn -0.9921492 0.003921509 -0.1249981
vn -0.9921492 0.003921509 -0.1249981
vn -0.9999923 0.003921509 -0.0003449296
vn -0.9999923 0.003921509 -0.0003449296
vn -0.003921509 -0.9921493 -0.1249976
vn -0.003921509 -0.8039154 -0.5947307
vn -0.003921509 -0.8039154 -0.5947307
vn -0.003921509 -0.9921493 -0.1249976
vn -0.003921509 -0.9921493 -0.1249976
vn -0.003921509 -0.9921493 -0.1249976
vn -0.003921509 -0.9921493 -0.1249976
vn -0.003921509 -0.9921493 -0.1249976
vn -0.003921509 0.8980323 -0.439912
vn -0.003921509 0.6548969 -0.7557081
vn -0.003921509 0.6548969 -0.7557081
vn -0.003921509 0.8980323 -0.439912
vn -0.003921509 0.8980323 -0.439912
vn -0.003921509 0.8980323 -0.439912
vn -0.003921509 0.9764631 -0.215649
vn -0.003921509 0.9764631 -0.215649
vn 0.9921493 0.003921509 -0.1249976
vn 0.9999924 0.003921509 0
vn 0.9999924 0.003921509 0
vn 0.9921493 0.003921509 -0.1249976
vn 0.9921493 0.003921509 -0.1249976
vn 0.9921493 0.003921509 -0.1249976
vn 0.9215616 0.003921509 -0.3882124
vn 0.9372478 0.003921509 -0.3486421
vn 0.9921493 0.003921509 0.1249976
vn 0.9215616 0.003921509 0.3882124
vn 0.9372478 0.003921509 0.3486421
vn 0.9921493 0.003921509 0.1249976
vn 0.9921493 0.003921509 0.1249976
vn 0.9921493 0.003921509 0.1249976
vn 0.9999924 0.003921509 0
vn 0.9999924 0.003921509 0
vn -0.003921509 -0.9921493 0.1249976
vn -0.003921509 -0.8039154 0.5947307
vn -0.003921509 -0.8039154 0.5947307
vn -0.003921509 -0.9921493 0.1249976
vn -0.003921509 -0.9921493 0.1249976
vn -0.003921509 -0.9921493 0.1249976
vn -0.003921509 -0.9921493 0.1249976
vn -0.003921509 -0.9921493 0.1249976
vn -0.003921509 0.8980323 0.439912
vn -0.003921509 0.6548969 0.7557081
vn -0.003921509 0.6548969 0.7557081
vn -0.003921509 0.8980323 0.439912
vn -0.003921509 0.8980323 0.439912
vn -0.003921509 0.8980323 0.439912
vn -0.003921509 0.9764631 0.215649
vn -0.003921509 0.9764631 0.215649
vn -0.9921492 0.003921509 0.1249981
vn -0.9999923 0.003921509 -0.0003449296
vn -0.9999923 0.003921509 -0.0003449296
vn -0.9921492 0.003921509 0.1249981
vn -0.9921492 0.003921509 0.1249981
vn -0.9921492 0.003921509 0.1249981
vn -0.9215615 0.003921509 0.3882126
vn -0.9372476 0.003921509 0.3486424
vn -0.9921492 0.003921509 -0.1249981
vn -0.9215615 0.003921509 -0.3882126
vn -0.9372476 0.003921509 -0.3486424
vn -0.9921492 0.003921509 -0.1249981
vn -0.9921492 0.003921509 -0.1249981
vn -0.9921492 0.003921509 -0.1249981
vn -0.9999923 0.003921509 -0.0003449296
vn -0.9999923 0.003921509 -0.0003449296
vn -0.003921509 -0.9921493 -0.1249976
vn -0.003921509 -0.8039154 -0.5947307
vn -0.003921509 -0.8039154 -0.5947307
vn -0.003921509 -0.9921493 -0.1249976
vn -0.003921509 -0.9921493 -0.1249976
vn -0.003921509 -0.9921493 -0.1249976
vn -0.003921509 -0.9921493 -0.1249976
vn -0.003921509 -0.9921493 -0.1249976
vn -0.003921509 0.8980323 -0.439912
vn -0.003921509 0.6548969 -0.7557081
vn -0.003921509 0.6548969 -0.7557081
vn -0.003921509 0.8980323 -0.439912
vn -0.003921509 0.8980323 -0.439912
vn -0.003921509 0.8980323 -0.439912
vn -0.003921509 0.9764631 -0.215649
vn -0.003921509 0.9764631 -0.215649
vn 0.9921493 0.003921509 -0.1249976
vn 0.9999924 0.003921509 0
vn 0.9999924 0.003921509 0
vn 0.9921493 0.003921509 -0.1249976
vn 0.9921493 0.003921509 -0.1249976
vn 0.9921493 0.003921509 -0.1249976
vn 0.9215616 0.003921509 -0.3882124
vn 0.9372478 0.003921509 -0.3486421
vn 0.9921493 0.003921509 0.1249976
vn 0.9215616 0.003921509 0.3882124
vn 0.9372478 0.003921509 0.3486421
vn 0.9921493 0.003921509 0.1249976
vn 0.9921493 0.003921509 0.1249976
vn 0.9921493 0.003921509 0.1249976
vn 0.9999924 0.003921509 0
vn 0.9999924 0.003921509 0
vn -0.003921509 -0.9921493 0.1249976
vn -0.003921509 -0.8039154 0.5947307
vn -0.003921509 -0.8039154 0.5947307
vn -0.003921509 -0.9921493 0.1249976
vn -0.003921509 -0.9921493 0.1249976
vn -0.003921509 -0.9921493 0.1249976
vn -0.003921509 -0.9921493 0.1249976
vn -0.003921509 -0.9921493 0.1249976
vn -0.003921509 0.8980323 0.439912
vn -0.003921509 0.6548969 0.7557081
vn -0.003921509 0.6548969 0.7557081
vn -0.003921509 0.8980323 0.439912
vn -0.003921509 0.8980323 0.439912
vn -0.003921509 0.8980323 0.439912
vn -0.003921509 0.9764631 0.215649
vn -0.003921509 0.9764631 0.215649
vn -0.9921492 0.003921509 0.1249981
vn -0.9999923 0.003921509 -0.0003449296
vn -0.9999923 0.003921509 -0.0003449296
vn -0.9921492 0.003921509 0.1249981
vn -0.9921492 0.003921509 0.1249981
vn -0.9921492 0.003921509 0.1249981
vn -0.9215615 0.003921509 0.3882126
vn -0.9372476 0.003921509 0.3486424
vn -0.9921492 0.003921509 -0.1249981
vn -0.9215615 0.003921509 -0.3882126
vn -0.9372476 0.003921509 -0.3486424
vn -0.9921492 0.003921509 -0.1249981
vn -0.9921492 0.003921509 -0.1249981
vn -0.9921492 0.003921509 -0.1249981
vn -0.9999923 0.003921509 -0.0003449296
vn -0.9999923 0.003921509 -0.0003449296
vn -0.003921509 -0.9921493 -0.1249976
vn -0.003921509 -0.8039154 -0.5947307
vn -0.003921509 -0.8039154 -0.5947307
vn -0.003921509 -0.9921493 -0.1249976
vn -0.003921509 -0.9921493 -0.1249976
vn -0.003921509 -0.9921493 -0.1249976
vn -0.003921509 -0.9921493 -0.1249976
vn -0.003921509 -0.9921493 -0.1249976
vn -0.003921509 0.8980323 -0.439912
vn -0.003921509 0.6548969 -0.7557081
vn -0.003921509 0.6548969 -0.7557081
vn -0.003921509 0.8980323 -0.439912
vn -0.003921509 0.8980323 -0.439912
vn -0.003921509 0.8980323 -0.439912
vn -0.003921509 0.9764631 -0.215649
vn -0.003921509 0.9764631 -0.215649
vn 0.9921493 0.003921509 -0.1249976
vn 0.9999924 0.003921509 0
vn 0.9999924 0.003921509 0
vn 0.9921493 0.003921509 -0.1249976
vn 0.9921493 0.003921509 -0.1249976
vn 0.9921493 0.003921509 -0.1249976
vn 0.9215616 0.003921509 -0.3882124
vn 0.9372478 0.003921509 -0.3486421
vn 0.9921493 0.003921509 0.1249976
vn 0.9215616 0.003921509 0.3882124
vn 0.9372478 0.003921509 0.3486421
vn 0.9921493 0.003921509 0.1249976
vn 0.9921493 0.003921509 0.1249976
vn 0.9921493 0.003921509 0.1249976
vn 0.9999924 0.003921509 0
vn 0.9999924 0.003921509 0
vn -0.003921509 -0.9921493 0.1249976
vn -0.003921509 -0.8039154 0.5947307
vn -0.003921509 -0.8039154 0.5947307
vn -0.003921509 -0.9921493 0.1249976
vn -0.003921509 -0.9921493 0.1249976
vn -0.003921509 -0.9921493 0.1249976
vn -0.003921509 -0.9921493 0.1249976
vn -0.003921509 -0.9921493 0.1249976
vn -0.003921509 0.8980323 0.439912
vn -0.003921509 0.6548969 0.7557081
vn -0.003921509 0.6548969 0.7557081
vn -0.003921509 0.8980323 0.439912
vn -0.003921509 0.8980323 0.439912
vn -0.003921509 0.8980323 0.439912
vn -0.003921509 0.9764631 0.215649
vn -0.003921509 0.9764631 0.215649
vn -0.9921492 0.003921509 0.1249981
vn -0.9999923 0.003921509 -0.0003449296
vn -0.9999923 0.003921509 -0.0003449296
vn -0.9921492 0.003921509 0.1249981
vn -0.9921492 0.003921509 0.1249981
vn -0.9921492 0.003921509 0.1249981
vn -0.9215615 0.003921509 0.3882126
vn -0.9372476 0.003921509 0.3486424
vn -0.9921492 0.003921509 -0.1249981
vn -0.9215615 0.003921509 -0.3882126
vn -0.9372476 0.003921509 -0.3486424
vn -0.9921492 0.003921509 -0.1249981
vn -0.9921492 0.003921509 -0.1249981
vn -0.9921492 0.003921509 -0.1249981
vn -0.9999923 0.003921509 -0.0003449296
vn -0.9999923 0.003921509 -0.0003449296
vn -0.003921509 -0.9921493 -0.1249976
vn -0.003921509 -0.8039154 -0.5947307
vn -0.003921509 -0.8039154 -0.5947307
vn -0.003921509 -0.9921493 -0.1249976
vn -0.003921509 -0.9921493 -0.1249976
vn -0.003921509 -0.9921493 -0.1249976
vn -0.003921509 -0.9921493 -0.1249976
vn -0.003921509 -0.9921493 -0.1249976
vn -0.003921509 0.8980323 -0.439912
vn -0.003921509 0.6548969 -0.7557081
vn -0.003921509 0.6548969 -0.7557081
vn -0.003921509 0.8980323 -0.439912
vn -0.003921509 0.8980323 -0.439912
vn -0.003921509 0.8980323 -0.439912
vn -0.003921509 0.9764631 -0.215649
vn -0.003921509 0.9764631 -0.215649
vn 0.9921493 0.003921509 -0.1249976
vn 0.9999924 0.003921509 0
vn 0.9999924 0.003921509 0
vn 0.9921493 0.003921509 -0.1249976
vn 0.9921493 0.003921509 -0.1249976
vn 0.9921493 0.003921509 -0.1249976
vn 0.9215616 0.003921509 -0.3882124
vn 0.9372478 0.003921509 -0.3486421
vn 0.9921493 0.003921509 0.1249976
vn 0.9215616 0.003921509 0.3882124
vn 0.9372478 0.003921509 0.3486421
vn 0.9921493 0.003921509 0.1249976
vn 0.9921493 0.003921509 0.1249976
vn 0.9921493 0.003921509 0.1249976
vn 0.9999924 0.003921509 0
vn 0.9999924 0.003921509 0
vn -0.003921509 -0.9921493 0.1249976
vn -0.003921509 -0.8039154 0.5947307
vn -0.003921509 -0.8039154 0.5947307
vn -0.003921509 -0.9921493 0.1249976
vn -0.003921509 -0.9921493 0.1249976
vn -0.003921509 -0.9921493 0.1249976
vn -0.003921509 -0.9921493 0.1249976
vn -0.003921509 -0.9921493 0.1249976
vn -0.003921509 0.8980323 0.439912
vn -0.003921509 0.6548969 0.7557081
vn -0.003921509 0.6548969 0.7557081
vn -0.003921509 0.8980323 0.439912
vn -0.003921509 0.8980323 0.439912
vn -0.003921509 0.8980323 0.439912
vn -0.003921509 0.9764631 0.215649
vn -0.003921509 0.9764631 0.215649
vn -0.9921492 0.003921509 0.1249981
vn -0.9999923 0.003921509 -0.0003449296
vn -0.9999923 0.003921509 -0.0003449296
vn -0.9921492 0.003921509 0.1249981
vn -0.9921492 0.003921509 0.1249981
vn -0.9921492 0.003921509 0.1249981
vn -0.9215615 0.003921509 0.3882126
vn -0.9372476 0.003921509 0.3486424
vn -0.9921492 0.003921509 -0.1249981
vn -0.9215615 0.003921509 -0.3882126
vn -0.9372476 0.003921509 -0.3486424
vn -0.9921492 0.003921509 -0.1249981
vn -0.9921492 0.003921509 -0.1249981
vn -0.9921492 0.003921509 -0.1249981
vn -0.9999923 0.003921509 -0.0003449296
vn -0.9999923 0.003921509 -0.0003449296
vn -0.003921509 -0.9921493 -0.1249976
vn -0.003921509 -0.8039154 -0.5947307
vn -0.003921509 -0.8039154 -0.5947307
vn -0.003921509 -0.9921493 -0.1249976
vn -0.003921509 -0.9921493 -0.1249976
vn -0.003921509 -0.9921493 -0.1249976
vn -0.003921509 -0.9921493 -0.1249976
vn -0.003921509 -0.9921493 -0.1249976
vn -0.003921509 0.8980323 -0.439912
vn -0.003921509 0.6548969 -0.7557081
vn -0.003921509 0.6548969 -0.7557081
vn -0.003921509 0.8980323 -0.439912
vn -0.003921509 0.8980323 -0.439912
vn -0.003921509 0.8980323 -0.439912
vn -0.003921509 0.9764631 -0.215649
vn -0.003921509 0.9764631 -0.215649
vn 0.9921493 0.003921509 -0.1249976
vn 0.9999924 0.003921509 0
vn 0.9999924 0.003921509 0
vn 0.9921493 0.003921509 -0.1249976
vn 0.9921493 0.003921509 -0.1249976
vn 0.9921493 0.003921509 -0.1249976
vn 0.9215616 0.003921509 -0.3882124
vn 0.9372478 0.003921509 -0.3486421
vn 0.9921493 0.003921509 0.1249976
vn 0.9215616 0.003921509 0.3882124
vn 0.9372478 0.003921509 0.3486421
vn 0.9921493 0.003921509 0.1249976
vn 0.9921493 0.003921509 0.1249976
vn 0.9921493 0.003921509 0.1249976
vn 0.9999924 0.003921509 0
vn 0.9999924 0.003921509 0
vn -0.003921509 -0.9921493 0.1249976
vn -0.003921509 -0.8039154 0.5947307
vn -0.003921509 -0.8039154 0.5947307
vn -0.003921509 -0.9921493 0.1249976
vn -0.003921509 -0.9921493 0.1249976
vn -0.003921509 -0.9921493 0.1249976
vn -0.003921509 -0.9921493 0.1249976
vn -0.003921509 -0.9921493 0.1249976
vn -0.003921509 0.8980323 0.439912
vn -0.003921509 0.6548969 0.7557081
vn -0.003921509 0.6548969 0.7557081
vn -0.003921509 0.8980323 0.439912
vn -0.003921509 0.8980323 0.439912
vn -0.003921509 0.8980323 0.439912
vn -0.003921509 0.9764631 0.215649
vn -0.003921509 0.9764631 0.215649
vn -0.9921492 0.003921509 0.1249981
vn -0.9999923 0.003921509 -0.0003449296
vn -0.9999923 0.003921509 -0.0003449296
vn -0.9921492 0.003921509 0.1249981
vn -0.9921492 0.003921509 0.1249981
vn -0.9921492 0.003921509 0.1249981
vn -0.9215615 0.003921509 0.3882126
vn -0.9372476 0.003921509 0.3486424
vn -0.9921492 0.003921509 -0.1249981
vn -0.9215615 0.003921509 -0.3882126
vn -0.9372476 0.003921509 -0.3486424
vn -0.9921492 0.003921509 -0.1249981
vn -0.9921492 0.003921509 -0.1249981
vn -0.9921492 0.003921509 -0.1249981
vn -0.9999923 0.003921509 -0.0003449296
vn -0.9999923 0.003921509 -0.0003449296
vn -0.003921509 -0.9921493 -0.1249976
vn -0.003921509 -0.8039154 -0.5947307
vn -0.003921509 -0.8039154 -0.5947307
vn -0.003921509 -0.9921493 -0.1249976
vn -0.003921509 -0.9921493 -0.1249976
vn -0.003921509 -0.9921493 -0.1249976
vn -0.003921509 -0.9921493 -0.1249976
vn -0.003921509 -0.9921493 -0.1249976
vn -0.003921509 0.8980323 -0.439912
vn -0.003921509 0.6548969 -0.7557081
vn -0.003921509 0.6548969 -0.7557081
vn -0.003921509 0.8980323 -0.439912
vn -0.003921509 0.8980323 -0.439912
vn -0.003921509 0.8980323 -0.439912
vn -0.003921509 0.9764631 -0.215649
vn -0.003921509 0.9764631 -0.215649
vn 0.9921493 0.003921509 -0.1249976
vn 0.9999924 0.003921509 0
vn 0.9999924 0.003921509 0
vn 0.9921493 0.003921509 -0.1249976
vn 0.9921493 0.003921509 -0.1249976
vn 0.9921493 0.003921509 -0.1249976
vn 0.9215616 0.003921509 -0.3882124
vn 0.9372478 0.003921509 -0.3486421
vn 0.9921493 0.003921509 0.1249976
vn 0.9215616 0.003921509 0.3882124
vn 0.9372478 0.003921509 0.3486421
vn 0.9921493 0.003921509 0.1249976
vn 0.9921493 0.003921509 0.1249976
vn 0.9921493 0.003921509 0.1249976
vn 0.9999924 0.003921509 0
vn 0.9999924 0.003921509 0
vn -0.003921509 -0.9921493 0.1249976
vn -0.003921509 -0.8039154 0.5947307
vn -0.003921509 -0.8039154 0.5947307
vn -0.003921509 -0.9921493 0.1249976
vn -0.003921509 -0.9921493 0.1249976
vn -0.003921509 -0.9921493 0.1249976
vn -0.003921509 -0.9921493 0.1249976
vn -0.003921509 -0.9921493 0.1249976
vn -0.003921509 0.8980323 0.439912
vn -0.003921509 0.6548969 0.7557081
vn -0.003921509 0.6548969 0.7557081
vn -0.003921509 0.8980323 0.439912
vn -0.003921509 0.8980323 0.439912
vn -0.003921509 0.8980323 0.439912
vn -0.003921509 0.9764631 0.215649
vn -0.003921509 0.9764631 0.215649
vn -0.9921492 0.003921509 0.1249981
vn -0.9999923 0.003921509 -0.0003449296
vn -0.9999923 0.003921509 -0.0003449296
vn -0.9921492 0.003921509 0.1249981
vn -0.9921492 0.003921509 0.1249981
vn -0.9921492 0.003921509 0.1249981
vn -0.9215615 0.003921509 0.3882126
vn -0.9372476 0.003921509 0.3486424
vn -0.9921492 0.003921509 -0.1249981
vn -0.9215615 0.003921509 -0.3882126
vn -0.9372476 0.003921509 -0.3486424
vn -0.9921492 0.003921509 -0.1249981
vn -0.9921492 0.003921509 -0.1249981
vn -0.9921492 0.003921509 -0.1249981
vn -0.9999923 0.003921509 -0.0003449296
vn -0.9999923 0.003921509 -0.0003449296
vn -0.003921509 -0.9921493 -0.1249976
vn -0.003921509 -0.8039154 -0.5947307
vn -0.003921509 -0.8039154 -0.5947307
vn -0.003921509 -0.9921493 -0.1249976
vn -0.003921509 -0.9921493 -0.1249976
vn -0.003921509 -0.9921493 -0.1249976
vn -0.003921509 -0.9921493 -0.1249976
vn -0.003921509 -0.9921493 -0.1249976
vn -0.003921509 0.8980323 -0.439912
vn -0.003921509 0.6548969 -0.7557081
vn -0.003921509 0.6548969 -0.7557081
vn -0.003921509 0.8980323 -0.439912
vn -0.003921509 0.8980323 -0.439912
vn -0.003921509 0.8980323 -0.439912
vn -0.003921509 0.9764631 -0.215649
vn -0.003921509 0.9764631 -0.215649
vn 0.9921493 0.003921509 -0.1249976
vn 0.9999924 0.003921509 0
vn 0.9999924 0.003921509 0
vn 0.9921493 0.003921509 -0.1249976
vn 0.9921493 0.003921509 -0.1249976
vn 0.9921493 0.003921509 -0.1249976
vn 0.9215616 0.003921509 -0.3882124
vn 0.9372478 0.003921509 -0.3486421
vn 0.9921493 0.003921509 0.1249976
vn 0.9215616 0.003921509 0.3882124
vn 0.9372478 0.003921509 0.3486421
vn 0.9921493 0.003921509 0.1249976
vn 0.9921493 0.003921509 0.1249976
vn 0.9921493 0.003921509 0.1249976
vn 0.9999924 0.003921509 0
vn 0.9999924 0.003921509 0
vn -0.003921509 -0.9921493 0.1249976
vn -0.003921509 -0.8039154 0.5947307
vn -0.003921509 -0.8039154 0.5947307
vn -0.003921509 -0.9921493 0.1249976
vn -0.003921509 -0.9921493 0.1249976
vn -0.003921509 -0.9921493 0.1249976
vn -0.003921509 -0.9921493 0.1249976
vn -0.003921509 -0.9921493 0.1249976
vn -0.003921509 0.8980323 0.439912
vn -0.003921509 0.6548969 0.7557081
vn -0.003921509 0.6548969 0.7557081
vn -0.003921509 0.8980323 0.439912
vn -0.003921509 0.8980323 0.439912
vn -0.003921509 0.8980323 0.439912
vn -0.003921509 0.9764631 0.215649
vn -0.003921509 0.9764631 0.215649
vn -0.9921492 0.003921509 0.1249981
vn -0.9999923 0.003921509 -0.0003449296
vn -0.9999923 0.003921509 -0.0003449296
vn -0.9921492 0.003921509 0.1249981
vn -0.9921492 0.003921509 0.1249981
vn -0.9921492 0.003921509 0.1249981
vn -0.9215615 0.003921509 0.3882126
vn -0.9372476 0.003921509 0.3486424
vn -0.9921492 0.003921509 -0.1249981
vn -0.9215615 0.003921509 -0.3882126
vn -0.9372476 0.003921509 -0.3486424
vn -0.9921492 0.003921509 -0.1249981
vn -0.9921492 0.003921509 -0.1249981
vn -0.9921492 0.003921509 -0.1249981
vn -0.9999923 0.003921509 -0.0003449296
vn -0.9999923 0.003921509 -0.0003449296
vn -0.003921509 -0.9921493 -0.1249976
vn -0.003921509 -0.8039154 -0.5947307
vn -0.003921509 -0.8039154 -0.5947307
vn -0.003921509 -0.9921493 -0.1249976
vn -0.003921509 -0.9921493 -0.1249976
vn -0.003921509 -0.9921493 -0.1249976
vn -0.003921509 -0.9921493 -0.1249976
vn -0.003921509 -0.9921493 -0.1249976
vn -0.003921509 0.8980323 -0.439912
vn -0.003921509 0.6548969 -0.7557081
vn -0.003921509 0.6548969 -0.7557081
vn -0.003921509 0.8980323 -0.439912
vn -0.003921509 0.8980323 -0.439912
vn -0.003921509 0.8980323 -0.439912
vn -0.003921509 0.9764631 -0.215649
vn -0.003921509 0.9764631 -0.215649
vn 0.9921493 0.003921509 -0.1249976
vn 0.9999924 0.003921509 0
vn 0.9999924 0.003921509 0
vn 0.9921493 0.003921509 -0.1249976
vn 0.9921493 0.003921509 -0.1249976
vn 0.9921493 0.003921509 -0.1249976
vn 0.9215616 0.003921509 -0.3882124
vn 0.9372478 0.003921509 -0.3486421
vn 0.9921493 0.003921509 0.1249976
vn 0.9215616 0.003921509 0.3882124
vn 0.9372478 0.003921509 0.3486421
vn 0.9921493 0.003921509 0.1249976
vn 0.9921493 0.003921509 0.1249976
vn 0.9921493 0.003921509 0.1249976
vn 0.9999924 0.003921509 0
vn 0.9999924 0.003921509 0
vn -0.003921509 -0.9921493 0.1249976
vn -0.003921509 -0.8039154 0.5947307
vn -0.003921509 -0.8039154 0.5947307
vn -0.003921509 -0.9921493 0.1249976
vn -0.003921509 -0.9921493 0.1249976
vn -0.003921509 -0.9921493 0.1249976
vn -0.003921509 -0.9921493 0.1249976
vn -0.003921509 -0.9921493 0.1249976
vn -0.003921509 0.8980323 0.439912
vn -0.003921509 0.6548969 0.7557081
vn -0.003921509 0.6548969 0.7557081
vn -0.003921509 0.8980323 0.439912
vn -0.003921509 0.8980323 0.439912
vn -0.003921509 0.8980323 0.439912
vn -0.003921509 0.9764631 0.215649
vn -0.003921509 0.9764631 0.215649
vn -0.9921492 0.003921509 0.1249981
vn -0.9999923 0.003921509 -0.0003449296
vn -0.9999923 0.003921509 -0.0003449296
vn -0.9921492 0.003921509 0.1249981
vn -0.9921492 0.003921509 0.1249981
vn -0.9921492 0.003921509 0.1249981
vn -0.9215615 0.003921509 0.3882126
vn -0.9372476 0.003921509 0.3486424
vn -0.9921492 0.003921509 -0.1249981
vn -0.9215615 0.003921509 -0.3882126
vn -0.9372476 0.003921509 -0.3486424
vn -0.9921492 0.003921509 -0.1249981
vn -0.9921492 0.003921509 -0.1249981
vn -0.9921492 0.003921509 -0.1249981
vn -0.9999923 0.003921509 -0.0003449296
vn -0.9999923 0.003921509 -0.0003449296
vn -0.003921509 -0.9921493 -0.1249976
vn -0.003921509 -0.8039154 -0.5947307
vn -0.003921509 -0.8039154 -0.5947307
vn -0.003921509 -0.9921493 -0.1249976
vn -0.003921509 -0.9921493 -0.1249976
vn -0.003921509 -0.9921493 -0.1249976
vn -0.003921509 -0.9921493 -0.1249976
vn -0.003921509 -0.9921493 -0.1249976
vn -0.003921509 0.8980323 -0.439912
vn -0.003921509 0.6548969 -0.7557081
vn -0.003921509 0.6548969 -0.7557081
vn -0.003921509 0.8980323 -0.439912
vn -0.003921509 0.8980323 -0.439912
vn -0.003921509 0.8980323 -0.439912
vn -0.003921509 0.9764631 -0.215649
vn -0.003921509 0.9764631 -0.215649
vn 0.9921493 0.003921509 -0.1249976
vn 0.9999924 0.003921509 0
vn 0.9999924 0.003921509 0
vn 0.9921493 0.003921509 -0.1249976
vn 0.9921493 0.003921509 -0.1249976
vn 0.9921493 0.003921509 -0.1249976
vn 0.9215616 0.003921509 -0.3882124
vn 0.9372478 0.003921509 -0.3486421
vn 0.9921493 0.003921509 0.1249976
vn 0.9215616 0.003921509 0.3882124
vn 0.9372478 0.003921509 0.3486421
vn 0.9921493 0.003921509 0.1249976
vn 0.9921493 0.003921509 0.1249976
vn 0.9921493 0.003921509 0.1249976
vn 0.9999924 0.003921509 0
vn 0.9999924 0.003921509 0
vn -0.003921509 -0.9921493 0.1249976
vn -0.003921509 -0.8039154 0.5947307
vn -0.003921509 -0.8039154 0.5947307
vn -0.003921509 -0.9921493 0.1249976
vn -0.003921509 -0.9921493 0.1249976
vn -0.003921509 -0.9921493 0.1249976
vn -0.003921509 -0.9921493 0.1249976
vn -0.003921509 -0.9921493 0.1249976
vn -0.003921509 0.8980323 0.439912
vn -0.003921509 0.6548969 0.7557081
vn -0.003921509 0.6548969 0.7557081
vn -0.003921509 0.8980323 0.439912
vn -0.003921509 0.8980323 0.439912
vn -0.003921509 0.8980323 0.439912
vn -0.003921509 0.9764631 0.215649
vn -0.003921509 0.9764631 0.215649
vn -0.9921492 0.003921509 0.1249981
vn -0.9999923 0.003921509 -0.0003449296
vn -0.9999923 0.003921509 -0.0003449296
vn -0.9921492 0.003921509 0.1249981
vn -0.9921492 0.003921509 0.1249981
vn -0.9921492 0.003921509 0.1249981
vn -0.9215615 0.003921509 0.3882126
vn -0.9372476 0.003921509 0.3486424
vn -0.9921492 0.003921509 -0.1249981
vn -0.9215615 0.003921509 -0.3882126
vn -0.9372476 0.003921509 -0.3486424
vn -0.9921492 0.003921509 -0.1249981
vn -0.9921492 0.003921509 -0.1249981
vn -0.9921492 0.003921509 -0.1249981
vn -0.9999923 0.003921509 -0.0003449296
vn -0.9999923 0.003921509 -0.0003449296
vn -0.003921509 -0.9921493 -0.1249976
vn -0.003921509 -0.8039154 -0.5947307
vn -0.003921509 -0.8039154 -0.5947307
vn -0.003921509 -0.9921493 -0.1249976
vn -0.003921509 -0.9921493 -0.1249976
vn -0.003921509 -0.9921493 -0.1249976
vn -0.003921509 -0.9921493 -0.1249976
vn -0.003921509 -0.9921493 -0.1249976
vn -0.003921509 0.8980323 -0.439912
vn -0.003921509 0.6548969 -0.7557081
vn -0.003921509 0.6548969 -0.7557081
vn -0.003921509 0.8980323 -0.439912
vn -0.003921509 0.8980323 -0.439912
vn -0.003921509 0.8980323 -0.439912
vn -0.003921509 0.9764631 -0.215649
vn -0.003921509 0.9764631 -0.215649
vn 0.9921493 0.003921509 -0.1249976
vn 0.9999924 0.003921509 0
vn 0.9999924 0.003921509 0
vn 0.9921493 0.003921509 -0.1249976
vn 0.9921493 0.003921509 -0.1249976
vn 0.9921493 0.003921509 -0.1249976
vn 0.9215616 0.003921509 -0.3882124
vn 0.9372478 0.003921509 -0.3486421
vn 0.9921493 0.003921509 0.1249976
vn 0.9215616 0.003921509 0.3882124
vn 0.9372478 0.003921509 0.3486421
vn 0.9921493 0.003921509 0.1249976
vn 0.9921493 0.003921509 0.1249976
vn 0.9921493 0.003921509 0.1249976
vn 0.9999924 0.003921509 0
vn 0.9999924 0.003921509 0
vn -0.003921509 -0.9921493 0.1249976
vn -0.003921509 -0.8039154 0.5947307
vn -0.003921509 -0.8039154 0.5947307
vn -0.003921509 -0.9921493 0.1249976
vn -0.003921509 -0.9921493 0.1249976
vn -0.003921509 -0.9921493 0.1249976
vn -0.003921509 -0.9921493 0.1249976
vn -0.003921509 -0.9921493 0.1249976
vn -0.003921509 0.8980323 0.439912
vn -0.003921509 0.6548969 0.7557081
vn -0.003921509 0.6548969 0.7557081
vn -0.003921509 0.8980323 0.439912
vn -0.003921509 0.8980323 0.439912
vn -0.003921509 0.8980323 0.439912
vn -0.003921509 0.9764631 0.215649
vn -0.003921509 0.9764631 0.215649
vn -0.9921492 0.003921509 0.1249981
vn -0.9999923 0.003921509 -0.0003449296
vn -0.9999923 0.003921509 -0.0003449296
vn -0.9921492 0.003921509 0.1249981
vn -0.9921492 0.003921509 0.1249981
vn -0.9921492 0.003921509 0.1249981
vn -0.9215615 0.003921509 0.3882126
vn -0.9372476 0.003921509 0.3486424
vn -0.9921492 0.003921509 -0.1249981
vn -0.9215615 0.003921509 -0.3882126
vn -0.9372476 0.003921509 -0.3486424
vn -0.9921492 0.003921509 -0.1249981
vn -0.9921492 0.003921509 -0.1249981
vn -0.9921492 0.003921509 -0.1249981
vn -0.9999923 0.003921509 -0.0003449296
vn -0.9999923 0.003921509 -0.0003449296
vn -0.003921509 -0.9921493 -0.1249976
vn -0.003921509 -0.8039154 -0.5947307
vn -0.003921509 -0.8039154 -0.5947307
vn -0.003921509 -0.9921493 -0.1249976
vn -0.003921509 -0.9921493 -0.1249976
vn -0.003921509 -0.9921493 -0.1249976
vn -0.003921509 -0.9921493 -0.1249976
vn -0.003921509 -0.9921493 -0.1249976
vn -0.003921509 0.8980323 -0.439912
vn -0.003921509 0.6548969 -0.7557081
vn -0.003921509 0.6548969 -0.7557081
vn -0.003921509 0.8980323 -0.439912
vn -0.003921509 0.8980323 -0.439912
vn -0.003921509 0.8980323 -0.439912
vn -0.003921509 0.9764631 -0.215649
vn -0.003921509 0.9764631 -0.215649
vn 0.9921493 0.003921509 -0.1249976
vn 0.9999924 0.003921509 0
vn 0.9999924 0.003921509 0
vn 0.9921493 0.003921509 -0.1249976
vn 0.9921493 0.003921509 -0.1249976
vn 0.9921493 0.003921509 -0.1249976
vn 0.9215616 0.003921509 -0.3882124
vn 0.9372478 0.003921509 -0.3486421
vn 0.9921493 0.003921509 0.1249976
vn 0.9215616 0.003921509 0.3882124
vn 0.9372478 0.003921509 0.3486421
vn 0.9921493 0.003921509 0.1249976
vn 0.9921493 0.003921509 0.1249976
vn 0.9921493 0.003921509 0.1249976
vn 0.9999924 0.003921509 0
vn 0.9999924 0.003921509 0
vn -0.003921509 -0.9921493 0.1249976
vn -0.003921509 -0.8039154 0.5947307
vn -0.003921509 -0.8039154 0.5947307
vn -0.003921509 -0.9921493 0.1249976
vn -0.003921509 -0.9921493 0.1249976
vn -0.003921509 -0.9921493 0.1249976
vn -0.003921509 -0.9921493 0.1249976
vn -0.003921509 -0.9921493 0.1249976
vn -0.003921509 0.8980323 0.439912
vn -0.003921509 0.6548969 0.7557081
vn -0.003921509 0.6548969 0.7557081
vn -0.003921509 0.8980323 0.439912
vn -0.003921509 0.8980323 0.439912
vn -0.003921509 0.8980323 0.439912
vn -0.003921509 0.9764631 0.215649
vn -0.003921509 0.9764631 0.215649
vn -0.9921492 0.003921509 0.1249981
vn -0.9999923 0.003921509 -0.0003449296
vn -0.9999923 0.003921509 -0.0003449296
vn -0.9921492 0.003921509 0.1249981
vn -0.9921492 0.003921509 0.1249981
vn -0.9921492 0.003921509 0.1249981
vn -0.9215615 0.003921509 0.3882126
vn -0.9372476 0.003921509 0.3486424
vn -0.9921492 0.003921509 -0.1249981
vn -0.9215615 0.003921509 -0.3882126
vn -0.9372476 0.003921509 -0.3486424
vn -0.9921492 0.003921509 -0.1249981
vn -0.9921492 0.003921509 -0.1249981
vn -0.9921492 0.003921509 -0.1249981
vn -0.9999923 0.003921509 -0.0003449296
vn -0.9999923 0.003921509 -0.0003449296
vn -0.003921509 -0.9921493 -0.1249976
vn -0.003921509 -0.8039154 -0.5947307
vn -0.003921509 -0.8039154 -0.5947307
vn -0.003921509 -0.9921493 -0.1249976
vn -0.003921509 -0.9921493 -0.1249976
vn -0.003921509 -0.9921493 -0.1249976
vn -0.003921509 -0.9921493 -0.1249976
vn -0.003921509 -0.9921493 -0.1249976
vn -0.003921509 0.8980323 -0.439912
vn -0.003921509 0.6548969 -0.7557081
vn -0.003921509 0.6548969 -0.7557081
vn -0.003921509 0.8980323 -0.439912
vn -0.003921509 0.8980323 -0.439912
vn -0.003921509 0.8980323 -0.439912
vn -0.003921509 0.9764631 -0.215649
vn -0.003921509 0.9764631 -0.215649
vn 0.9921493 0.003921509 -0.1249976
vn 0.9999924 0.003921509 0
vn 0.9999924 0.003921509 0
vn 0.9921493 0.003921509 -0.1249976
vn 0.9921493 0.003921509 -0.1249976
vn 0.9921493 0.003921509 -0.1249976
vn 0.9215616 0.003921509 -0.3882124
vn 0.9372478 0.003921509 -0.3486421
vn 0.9921493 0.003921509 0.1249976
vn 0.9215616 0.003921509 0.3882124
vn 0.9372478 0.003921509 0.3486421
vn 0.9921493 0.003921509 0.1249976
vn 0.9921493 0.003921509 0.1249976
vn 0.9921493 0.003921509 0.1249976
vn 0.9999924 0.003921509 0
vn 0.9999924 0.003921509 0
vn -0.003921509 -0.9921493 0.1249976
vn -0.003921509 -0.8039154 0.5947307
vn -0.003921509 -0.8039154 0.5947307
vn -0.003921509 -0.9921493 0.1249976
vn -0.003921509 -0.9921493 0.1249976
vn -0.003921509 -0.9921493 0.1249976
vn -0.003921509 -0.9921493 0.1249976
vn -0.003921509 -0.9921493 0.1249976
vn -0.003921509 0.8980323 0.439912
vn -0.003921509 0.6548969 0.7557081
vn -0.003921509 0.6548969 0.7557081
vn -0.003921509 0.8980323 0.439912
vn -0.003921509 0.8980323 0.439912
vn -0.003921509 0.8980323 0.439912
vn -0.003921509 0.9764631 0.215649
vn -0.003921509 0.9764631 0.215649
vn -0.9921492 0.003921509 0.1249981
vn -0.9999923 0.003921509 -0.0003449296
vn -0.9999923 0.003921509 -0.0003449296
vn -0.9921492 0.003921509 0.1249981
vn -0.9921492 0.003921509 0.1249981
vn -0.9921492 0.003921509 0.1249981
vn -0.9215615 0.003921509 0.3882126
vn -0.9372476 0.003921509 0.3486424
vn -0.9921492 0.003921509 -0.1249981
vn -0.9215615 0.003921509 -0.3882126
vn -0.9372476 0.003921509 -0.3486424
vn -0.9921492 0.003921509 -0.1249981
vn -0.9921492 0.003921509 -0.1249981
vn -0.9921492 0.003921509 -0.1249981
vn -0.9999923 0.003921509 -0.0003449296
vn -0.9999923 0.003921509 -0.0003449296
vn -0.003921509 -0.9921493 -0.1249976
vn -0.003921509 -0.8039154 -0.5947307
vn -0.003921509 -0.8039154 -0.5947307
vn -0.003921509 -0.9921493 -0.1249976
vn -0.003921509 -0.9921493 -0.1249976
vn -0.003921509 -0.9921493 -0.1249976
vn -0.003921509 -0.9921493 -0.1249976
vn -0.003921509 -0.9921493 -0.1249976
vn -0.003921509 0.8980323 -0.439912
vn -0.003921509 0.6548969 -0.7557081
vn -0.003921509 0.6548969 -0.7557081
vn -0.003921509 0.8980323 -0.439912
vn -0.003921509 0.8980323 -0.439912
vn -0.003921509 0.8980323 -0.439912
vn -0.003921509 0.9764631 -0.215649
vn -0.003921509 0.9764631 -0.215649
vn 0.9921493 0.003921509 -0.1249976
vn 0.9999924 0.003921509 0
vn 0.9999924 0.003921509 0
vn 0.9921493 0.003921509 -0.1249976
vn 0.9921493 0.003921509 -0.1249976
vn 0.9921493 0.003921509 -0.1249976
vn 0.9215616 0.003921509 -0.3882124
vn 0.9372478 0.003921509 -0.3486421
vn 0.9921493 0.003921509 0.1249976
vn 0.9215616 0.003921509 0.3882124
vn 0.9372478 0.003921509 0.3486421
vn 0.9921493 0.003921509 0.1249976
vn 0.9921493 0.003921509 0.1249976
vn 0.9921493 0.003921509 0.1249976
vn 0.9999924 0.003921509 0
vn 0.9999924 0.003921509 0
vn -0.003921509 -0.9921493 0.1249976
vn -0.003921509 -0.8039154 0.5947307
vn -0.003921509 -0.8039154 0.5947307
vn -0.003921509 -0.9921493 0.1249976
vn -0.003921509 -0.9921493 0.1249976
vn -0.003921509 -0.9921493 0.1249976
vn -0.003921509 -0.9921493 0.1249976
vn -0.003921509 -0.9921493 0.1249976
vn -0.003921509 0.8980323 0.439912
vn -0.003921509 0.6548969 0.7557081
vn -0.003921509 0.6548969 0.7557081
vn -0.003921509 0.8980323 0.439912
vn -0.003921509 0.8980323 0.439912
vn -0.003921509 0.8980323 0.439912
vn -0.003921509 0.9764631 0.215649
vn -0.003921509 0.9764631 0.215649
vn -0.9921492 0.003921509 0.1249981
vn -0.9999923 0.003921509 -0.0003449296
vn -0.9999923 0.003921509 -0.0003449296
vn -0.9921492 0.003921509 0.1249981
vn -0.9921492 0.003921509 0.1249981
vn -0.9921492 0.003921509 0.1249981
vn -0.9215615 0.003921509 0.3882126
vn -0.9372476 0.003921509 0.3486424
vn -0.9921492 0.003921509 -0.1249981
vn -0.9215615 0.003921509 -0.3882126
vn -0.9372476 0.003921509 -0.3486424
vn -0.9921492 0.003921509 -0.1249981
vn -0.9921492 0.003921509 -0.1249981
vn -0.9921492 0.003921509 -0.1249981
vn -0.9999923 0.003921509 -0.0003449296
vn -0.9999923 0.003921509 -0.0003449296
vn -0.003921509 -0.9921493 -0.1249976
vn -0.003921509 -0.8039154 -0.5947307
vn -0.003921509 -0.8039154 -0.5947307
vn -0.003921509 -0.9921493 -0.1249976
vn -0.003921509 -0.9921493 -0.1249976
vn -0.003921509 -0.9921493 -0.1249976
vn -0.003921509 -0.9921493 -0.1249976
vn -0.003921509 -0.9921493 -0.1249976
vn -0.003921509 0.8980323 -0.439912
vn -0.003921509 0.6548969 -0.7557081
vn -0.003921509 0.6548969 -0.7557081
vn -0.003921509 0.8980323 -0.439912
vn -0.003921509 0.8980323 -0.439912
vn -0.003921509 0.8980323 -0.439912
vn -0.003921509 0.9764631 -0.215649
vn -0.003921509 0.9764631 -0.215649
vn 0.9921493 0.003921509 -0.1249976
vn 0.9999924 0.003921509 0
vn 0.9999924 0.003921509 0
vn 0.9921493 0.003921509 -0.1249976
vn 0.9921493 0.003921509 -0.1249976
vn 0.9921493 0.003921509 -0.1249976
vn 0.9215616 0.003921509 -0.3882124
vn 0.9372478 0.003921509 -0.3486421
vn 0.9921493 0.003921509 0.1249976
vn 0.9215616 0.003921509 0.3882124
vn 0.9372478 0.003921509 0.3486421
vn 0.9921493 0.003921509 0.1249976
vn 0.9921493 0.003921509 0.1249976
vn 0.9921493 0.003921509 0.1249976
vn 0.9999924 0.003921509 0
vn 0.9999924 0.003921509 0
vn -0.003921509 -0.9921493 0.1249976
vn -0.003921509 -0.8039154 0.5947307
vn -0.003921509 -0.8039154 0.5947307
vn -0.003921509 -0.9921493 0.1249976
vn -0.003921509 -0.9921493 0.1249976
vn -0.003921509 -0.9921493 0.1249976
vn -0.003921509 -0.9921493 0.1249976
vn -0.003921509 -0.9921493 0.1249976
vn -0.003921509 0.8980323 0.439912
vn -0.003921509 0.6548969 0.7557081
vn -0.003921509 0.6548969 0.7557081
vn -0.003921509 0.8980323 0.439912
vn -0.003921509 0.8980323 0.439912
vn -0.003921509 0.8980323 0.439912
vn -0.003921509 0.9764631 0.215649
vn -0.003921509 0.9764631 0.215649
vn -0.9921492 0.003921509 0.1249981
vn -0.9999923 0.003921509 -0.0003449296
vn -0.9999923 0.003921509 -0.0003449296
vn -0.9921492 0.003921509 0.1249981
vn -0.9921492 0.003921509 0.1249981
vn -0.9921492 0.003921509 0.1249981
vn -0.9215615 0.003921509 0.3882126
vn -0.9372476 0.003921509 0.3486424
vn -0.9921492 0.003921509 -0.1249981
vn -0.9215615 0.003921509 -0.3882126
vn -0.9372476 0.003921509 -0.3486424
vn -0.9921492 0.003921509 -0.1249981
vn -0.9921492 0.003921509 -0.1249981
vn -0.9921492 0.003921509 -0.1249981
vn -0.9999923 0.003921509 -0.0003449296
vn -0.9999923 0.003921509 -0.0003449296
vn -0.003921509 -0.9921493 -0.1249976
vn -0.003921509 -0.8039154 -0.5947307
vn -0.003921509 -0.8039154 -0.5947307
vn -0.003921509 -0.9921493 -0.1249976
vn -0.003921509 -0.9921493 -0.1249976
vn -0.003921509 -0.9921493 -0.1249976
vn -0.003921509 -0.9921493 -0.1249976
vn -0.003921509 -0.9921493 -0.1249976
vn -0.003921509 0.8980323 -0.439912
vn -0.003921509 0.6548969 -0.7557081
vn -0.003921509 0.6548969 -0.7557081
vn -0.003921509 0.8980323 -0.439912
vn -0.003921509 0.8980323 -0.439912
vn -0.003921509 0.8980323 -0.439912
vn -0.003921509 0.9764631 -0.215649
vn -0.003921509 0.9764631 -0.215649
vn 0.9921493 0.003921509 -0.1249976
vn 0.9999924 0.003921509 0
vn 0.9999924 0.003921509 0
vn 0.9921493 0.003921509 -0.1249976
vn 0.9921493 0.003921509 -0.1249976
vn 0.9921493 0.003921509 -0.1249976
vn 0.9215616 0.003921509 -0.3882124
vn 0.9372478 0.003921509 -0.3486421
vn 0.9921493 0.003921509 0.1249976
vn 0.9215616 0.003921509 0.3882124
vn 0.9372478 0.003921509 0.3486421
vn 0.9921493 0.003921509 0.1249976
vn 0.9921493 0.003921509 0.1249976
vn 0.9921493 0.003921509 0.1249976
vn 0.9999924 0.003921509 0
vn 0.9999924 0.003921509 0
vn -0.003921509 -0.9921493 0.1249976
vn -0.003921509 -0.8039154 0.5947307
vn -0.003921509 -0.8039154 0.5947307
vn -0.003921509 -0.9921493 0.1249976
vn -0.003921509 -0.9921493 0.1249976
vn -0.003921509 -0.9921493 0.1249976
vn -0.003921509 -0.9921493 0.1249976
vn -0.003921509 -0.9921493 0.1249976
vn -0.003921509 0.8980323 0.439912
vn -0.003921509 0.6548969 0.7557081
vn -0.003921509 0.6548969 0.7557081
vn -0.003921509 0.8980323 0.439912
vn -0.003921509 0.8980323 0.439912
vn -0.003921509 0.8980323 0.439912
vn -0.003921509 0.9764631 0.215649
vn -0.003921509 0.9764631 0.215649
vn -0.9921492 0.003921509 0.1249981
vn -0.9999923 0.003921509 -0.0003449296
vn -0.9999923 0.003921509 -0.0003449296
vn -0.9921492 0.003921509 0.1249981
vn -0.9921492 0.003921509 0.1249981
vn -0.9921492 0.003921509 0.1249981
vn -0.9215615 0.003921509 0.3882126
vn -0.9372476 0.003921509 0.3486424
vn -0.9921492 0.003921509 -0.1249981
vn -0.9215615 0.003921509 -0.3882126
vn -0.9372476 0.003921509 -0.3486424
vn -0.9921492 0.003921509 -0.1249981
vn -0.9921492 0.003921509 -0.1249981
vn -0.9921492 0.003921509 -0.1249981
vn -0.9999923 0.003921509 -0.0003449296
vn -0.9999923 0.003921509 -0.0003449296
vn -0.003921509 -0.9921493 -0.1249976
vn -0.003921509 -0.8039154 -0.5947307
vn -0.003921509 -0.8039154 -0.5947307
vn -0.003921509 -0.9921493 -0.1249976
vn -0.003921509 -0.9921493 -0.1249976
vn -0.003921509 -0.9921493 -0.1249976
vn -0.003921509 -0.9921493 -0.1249976
vn -0.003921509 -0.9921493 -0.1249976
vn -0.003921509 0.8980323 -0.439912
vn -0.003921509 0.6548969 -0.7557081
vn -0.003921509 0.6548969 -0.7557081
vn -0.003921509 0.8980323 -0.439912
vn -0.003921509 0.8980323 -0.439912
vn -0.003921509 0.8980323 -0.439912
vn -0.003921509 0.9764631 -0.215649
vn -0.003921509 0.9764631 -0.215649
vn 0.9921493 0.003921509 -0.1249976
vn 0.9999924 0.003921509 0
vn 0.9999924 0.003921509 0
vn 0.9921493 0.003921509 -0.1249976
vn 0.9921493 0.003921509 -0.1249976
vn 0.9921493 0.003921509 -0.1249976
vn 0.9215616 0.003921509 -0.3882124
vn 0.9372478 0.003921509 -0.3486421
vn 0.09019542 0.003921509 -0.9959164
vn 0.3882324 0.003921509 -0.9215532
vn 0.349017 0.003921509 -0.9371082
vn 0.09019542 0.003921509 -0.9959164
vn 0.09019542 0.003921509 -0.9959164
vn 0.09019542 0.003921509 -0.9959164
vn 0.04313695 0.003921509 -0.9990615
vn 0.03529388 0.003921509 -0.9993693
vn 0.1293392 -0.9916005 0
vn 0.5921524 -0.8039154 -0.05545755
vn 0.5921524 -0.8039154 -0.05545755
vn 0.1293392 -0.9916005 0
vn 0.1293392 -0.9916005 0
vn 0.1293392 -0.9916005 0
vn 0.1293392 -0.9916005 0
vn 0.1293392 -0.9916005 0
vn 0.4425083 0.8967644 0
vn 0.756206 0.6543336 0
vn 0.756206 0.6543336 0
vn 0.4425083 0.8967644 0
vn 0.4425083 0.8967644 0
vn 0.4425083 0.8967644 0
vn 0.2231437 0.9747856 0
vn 0.2231437 0.9747856 0
vn 0.09019542 0.003921509 0.9959164
vn 0.04313695 0.003921509 0.9990615
vn 0.03529388 0.003921509 0.9993693
vn 0.09019542 0.003921509 0.9959164
vn 0.09019542 0.003921509 0.9959164
vn 0.09019542 0.003921509 0.9959164
vn 0.3882324 0.003921509 0.9215532
vn 0.349017 0.003921509 0.9371082
vn -0.0901953 0.003921509 0.9959164
vn -0.3882322 0.003921509 0.9215532
vn -0.3490169 0.003921509 0.9371082
vn -0.0901953 0.003921509 0.9959164
vn -0.0901953 0.003921509 0.9959164
vn -0.0901953 0.003921509 0.9959164
vn -0.04313684 0.003921509 0.9990615
vn -0.03529382 0.003921509 0.9993693
vn -0.1293392 -0.9916005 0
vn -0.5921522 -0.8039154 -0.05545916
vn -0.5921522 -0.8039154 -0.05545916
vn -0.1293392 -0.9916005 0
vn -0.1293392 -0.9916005 0
vn -0.1293392 -0.9916005 0
vn -0.1293392 -0.9916005 0
vn -0.1293392 -0.9916005 0
vn -0.4425082 0.8967644 0
vn -0.756206 0.6543336 0
vn -0.756206 0.6543336 0
vn -0.4425082 0.8967644 0
vn -0.4425082 0.8967644 0
vn -0.4425082 0.8967644 0
vn -0.2231437 0.9747856 0
vn -0.2231437 0.9747856 0
vn -0.0901953 0.003921509 -0.9959164
vn -0.04313684 0.003921509 -0.9990615
vn -0.03529382 0.003921509 -0.9993693
vn -0.0901953 0.003921509 -0.9959164
vn -0.0901953 0.003921509 -0.9959164
vn -0.0901953 0.003921509 -0.9959164
vn -0.3882322 0.003921509 -0.9215532
vn -0.3490169 0.003921509 -0.9371082
vn 0.09019542 0.003921509 -0.9959164
vn 0.3882324 0.003921509 -0.9215532
vn 0.349017 0.003921509 -0.9371082
vn 0.09019542 0.003921509 -0.9959164
vn 0.09019542 0.003921509 -0.9959164
vn 0.09019542 0.003921509 -0.9959164
vn 0.04313695 0.003921509 -0.9990615
vn 0.03529388 0.003921509 -0.9993693
vn 0.1293392 -0.9916005 0
vn 0.5921524 -0.8039154 -0.05545755
vn 0.5921524 -0.8039154 -0.05545755
vn 0.1293392 -0.9916005 0
vn 0.1293392 -0.9916005 0
vn 0.1293392 -0.9916005 0
vn 0.1293392 -0.9916005 0
vn 0.1293392 -0.9916005 0
vn 0.4425083 0.8967644 0
vn 0.756206 0.6543336 0
vn 0.756206 0.6543336 0
vn 0.4425083 0.8967644 0
vn 0.4425083 0.8967644 0
vn 0.4425083 0.8967644 0
vn 0.2231437 0.9747856 0
vn 0.2231437 0.9747856 0
vn 0.09019542 0.003921509 0.9959164
vn 0.04313695 0.003921509 0.9990615
vn 0.03529388 0.003921509 0.9993693
vn 0.09019542 0.003921509 0.9959164
vn 0.09019542 0.003921509 0.9959164
vn 0.09019542 0.003921509 0.9959164
vn 0.3882324 0.003921509 0.9215532
vn 0.349017 0.003921509 0.9371082
vn -0.0901953 0.003921509 0.9959164
vn -0.3882322 0.003921509 0.9215532
vn -0.3490169 0.003921509 0.9371082
vn -0.0901953 0.003921509 0.9959164
vn -0.0901953 0.003921509 0.9959164
vn -0.0901953 0.003921509 0.9959164
vn -0.04313684 0.003921509 0.9990615
vn -0.03529382 0.003921509 0.9993693
vn -0.1293392 -0.9916005 0
vn -0.5921522 -0.8039154 -0.05545916
vn -0.5921522 -0.8039154 -0.05545916
vn -0.1293392 -0.9916005 0
vn -0.1293392 -0.9916005 0
vn -0.1293392 -0.9916005 0
vn -0.1293392 -0.9916005 0
vn -0.1293392 -0.9916005 0
vn -0.4425082 0.8967644 0
vn -0.756206 0.6543336 0
vn -0.756206 0.6543336 0
vn -0.4425082 0.8967644 0
vn -0.4425082 0.8967644 0
vn -0.4425082 0.8967644 0
vn -0.2231437 0.9747856 0
vn -0.2231437 0.9747856 0
vn -0.0901953 0.003921509 -0.9959164
vn -0.04313684 0.003921509 -0.9990615
vn -0.03529382 0.003921509 -0.9993693
vn -0.0901953 0.003921509 -0.9959164
vn -0.0901953 0.003921509 -0.9959164
vn -0.0901953 0.003921509 -0.9959164
vn -0.3882322 0.003921509 -0.9215532
vn -0.3490169 0.003921509 -0.9371082
vn 0.09019542 0.003921509 -0.9959164
vn 0.3882324 0.003921509 -0.9215532
vn 0.349017 0.003921509 -0.9371082
vn 0.09019542 0.003921509 -0.9959164
vn 0.09019542 0.003921509 -0.9959164
vn 0.09019542 0.003921509 -0.9959164
vn 0.04313695 0.003921509 -0.9990615
vn 0.03529388 0.003921509 -0.9993693
vn 0.1293392 -0.9916005 0
vn 0.5921524 -0.8039154 -0.05545755
vn 0.5921524 -0.8039154 -0.05545755
vn 0.1293392 -0.9916005 0
vn 0.1293392 -0.9916005 0
vn 0.1293392 -0.9916005 0
vn 0.1293392 -0.9916005 0
vn 0.1293392 -0.9916005 0
vn 0.4425083 0.8967644 0
vn 0.756206 0.6543336 0
vn 0.756206 0.6543336 0
vn 0.4425083 0.8967644 0
vn 0.4425083 0.8967644 0
vn 0.4425083 0.8967644 0
vn 0.2231437 0.9747856 0
vn 0.2231437 0.9747856 0
vn 0.09019542 0.003921509 0.9959164
vn 0.04313695 0.003921509 0.9990615
vn 0.03529388 0.003921509 0.9993693
vn 0.09019542 0.003921509 0.9959164
vn 0.09019542 0.003921509 0.9959164
vn 0.09019542 0.003921509 0.9959164
vn 0.3882324 0.003921509 0.9215532
vn 0.349017 0.003921509 0.9371082
vn -0.0901953 0.003921509 0.9959164
vn -0.3882322 0.003921509 0.9215532
vn -0.3490169 0.003921509 0.9371082
vn -0.0901953 0.003921509 0.9959164
vn -0.0901953 0.003921509 0.9959164
vn -0.0901953 0.003921509 0.9959164
vn -0.04313684 0.003921509 0.9990615
vn -0.03529382 0.003921509 0.9993693
vn -0.1293392 -0.9916005 0
vn -0.5921522 -0.8039154 -0.05545916
vn -0.5921522 -0.8039154 -0.05545916
vn -0.1293392 -0.9916005 0
vn -0.1293392 -0.9916005 0
vn -0.1293392 -0.9916005 0
vn -0.1293392 -0.9916005 0
vn -0.1293392 -0.9916005 0
vn -0.4425082 0.8967644 0
vn -0.756206 0.6543336 0
vn -0.756206 0.6543336 0
vn -0.4425082 0.8967644 0
vn -0.4425082 0.8967644 0
vn -0.4425082 0.8967644 0
vn -0.2231437 0.9747856 0
vn -0.2231437 0.9747856 0
vn -0.0901953 0.003921509 -0.9959164
vn -0.04313684 0.003921509 -0.9990615
vn -0.03529382 0.003921509 -0.9993693
vn -0.0901953 0.003921509 -0.9959164
vn -0.0901953 0.003921509 -0.9959164
vn -0.0901953 0.003921509 -0.9959164
vn -0.3882322 0.003921509 -0.9215532
vn -0.3490169 0.003921509 -0.9371082
vn 0.9215616 0.003921509 0.3882124
vn -0.003921509 0.003921509 0.9999846
vn -0.003921509 0.003921509 0.9999846
vn 0.9372478 0.003921509 0.3486421
vn -0.003921509 -0.8039154 0.5947307
vn -0.003921509 0.003921509 0.9999846
vn -0.003921509 -0.8039154 0.5947307
vn -0.9372476 0.003921509 0.3486424
vn -0.003921509 0.003921509 0.9999846
vn -0.9215615 0.003921509 0.3882126
vn -0.003921509 0.6548969 0.7557081
vn -0.003921509 0.6548969 0.7557081
vn -0.9215615 0.003921509 -0.3882126
vn -0.003921509 0.003921509 -0.9999846
vn -0.003921509 0.003921509 -0.9999846
vn -0.9372476 0.003921509 -0.3486424
vn -0.003921509 -0.8039154 -0.5947307
vn -0.003921509 0.003921509 -0.9999846
vn -0.003921509 -0.8039154 -0.5947307
vn 0.9372478 0.003921509 -0.3486421
vn -0.003921509 0.003921509 -0.9999846
vn 0.9215616 0.003921509 -0.3882124
vn -0.003921509 0.6548969 -0.7557081
vn -0.003921509 0.6548969 -0.7557081
vn 0.9215616 0.003921509 0.3882124
vn -0.003921509 0.003921509 0.9999846
vn -0.003921509 0.003921509 0.9999846
vn 0.9372478 0.003921509 0.3486421
vn -0.003921509 -0.8039154 0.5947307
vn -0.003921509 0.003921509 0.9999846
vn -0.003921509 -0.8039154 0.5947307
vn -0.9372476 0.003921509 0.3486424
vn -0.003921509 0.003921509 0.9999846
vn -0.9215615 0.003921509 0.3882126
vn -0.003921509 0.6548969 0.7557081
vn -0.003921509 0.6548969 0.7557081
vn -0.9215615 0.003921509 -0.3882126
vn -0.003921509 0.003921509 -0.9999846
vn -0.003921509 0.003921509 -0.9999846
vn -0.9372476 0.003921509 -0.3486424
vn -0.003921509 -0.8039154 -0.5947307
vn -0.003921509 0.003921509 -0.9999846
vn -0.003921509 -0.8039154 -0.5947307
vn 0.9372478 0.003921509 -0.3486421
vn -0.003921509 0.003921509 -0.9999846
vn 0.9215616 0.003921509 -0.3882124
vn -0.003921509 0.6548969 -0.7557081
vn -0.003921509 0.6548969 -0.7557081
vn 0.9215616 0.003921509 0.3882124
vn -0.003921509 0.003921509 0.9999846
vn -0.003921509 0.003921509 0.9999846
vn 0.9372478 0.003921509 0.3486421
vn -0.003921509 -0.8039154 0.5947307
vn -0.003921509 0.003921509 0.9999846
vn -0.003921509 -0.8039154 0.5947307
vn -0.9372476 0.003921509 0.3486424
vn -0.003921509 0.003921509 0.9999846
vn -0.9215615 0.003921509 0.3882126
vn -0.003921509 0.6548969 0.7557081
vn -0.003921509 0.6548969 0.7557081
vn -0.9215615 0.003921509 -0.3882126
vn -0.003921509 0.003921509 -0.9999846
vn -0.003921509 0.003921509 -0.9999846
vn -0.9372476 0.003921509 -0.3486424
vn -0.003921509 -0.8039154 -0.5947307
vn -0.003921509 0.003921509 -0.9999846
vn -0.003921509 -0.8039154 -0.5947307
vn 0.9372478 0.003921509 -0.3486421
vn -0.003921509 0.003921509 -0.9999846
vn 0.9215616 0.003921509 -0.3882124
vn -0.003921509 0.6548969 -0.7557081
vn -0.003921509 0.6548969 -0.7557081
vn 0.9215616 0.003921509 0.3882124
vn -0.003921509 0.003921509 0.9999846
vn -0.003921509 0.003921509 0.9999846
vn 0.9372478 0.003921509 0.3486421
vn -0.003921509 -0.8039154 0.5947307
vn -0.003921509 0.003921509 0.9999846
vn -0.003921509 -0.8039154 0.5947307
vn -0.9372476 0.003921509 0.3486424
vn -0.003921509 0.003921509 0.9999846
vn -0.9215615 0.003921509 0.3882126
vn -0.003921509 0.6548969 0.7557081
vn -0.003921509 0.6548969 0.7557081
vn -0.9215615 0.003921509 -0.3882126
vn -0.003921509 0.003921509 -0.9999846
vn -0.003921509 0.003921509 -0.9999846
vn -0.9372476 0.003921509 -0.3486424
vn -0.003921509 -0.8039154 -0.5947307
vn -0.003921509 0.003921509 -0.9999846
vn -0.003921509 -0.8039154 -0.5947307
vn 0.9372478 0.003921509 -0.3486421
vn -0.003921509 0.003921509 -0.9999846
vn 0.9215616 0.003921509 -0.3882124
vn -0.003921509 0.6548969 -0.7557081
vn -0.003921509 0.6548969 -0.7557081
vn 0.9215616 0.003921509 0.3882124
vn -0.003921509 0.003921509 0.9999846
vn -0.003921509 0.003921509 0.9999846
vn 0.9372478 0.003921509 0.3486421
vn -0.003921509 -0.8039154 0.5947307
vn -0.003921509 0.003921509 0.9999846
vn -0.003921509 -0.8039154 0.5947307
vn -0.9372476 0.003921509 0.3486424
vn -0.003921509 0.003921509 0.9999846
vn -0.9215615 0.003921509 0.3882126
vn -0.003921509 0.6548969 0.7557081
vn -0.003921509 0.6548969 0.7557081
vn -0.9215615 0.003921509 -0.3882126
vn -0.003921509 0.003921509 -0.9999846
vn -0.003921509 0.003921509 -0.9999846
vn -0.9372476 0.003921509 -0.3486424
vn -0.003921509 -0.8039154 -0.5947307
vn -0.003921509 0.003921509 -0.9999846
vn -0.003921509 -0.8039154 -0.5947307
vn 0.9372478 0.003921509 -0.3486421
vn -0.003921509 0.003921509 -0.9999846
vn 0.9215616 0.003921509 -0.3882124
vn -0.003921509 0.6548969 -0.7557081
vn -0.003921509 0.6548969 -0.7557081
vn 0.9215616 0.003921509 0.3882124
vn -0.003921509 0.003921509 0.9999846
vn -0.003921509 0.003921509 0.9999846
vn 0.9372478 0.003921509 0.3486421
vn -0.003921509 -0.8039154 0.5947307
vn -0.003921509 0.003921509 0.9999846
vn -0.003921509 -0.8039154 0.5947307
vn -0.9372476 0.003921509 0.3486424
vn -0.003921509 0.003921509 0.9999846
vn -0.9215615 0.003921509 0.3882126
vn -0.003921509 0.6548969 0.7557081
vn -0.003921509 0.6548969 0.7557081
vn -0.9215615 0.003921509 -0.3882126
vn -0.003921509 0.003921509 -0.9999846
vn -0.003921509 0.003921509 -0.9999846
vn -0.9372476 0.003921509 -0.3486424
vn -0.003921509 -0.8039154 -0.5947307
vn -0.003921509 0.003921509 -0.9999846
vn -0.003921509 -0.8039154 -0.5947307
vn 0.9372478 0.003921509 -0.3486421
vn -0.003921509 0.003921509 -0.9999846
vn 0.9215616 0.003921509 -0.3882124
vn -0.003921509 0.6548969 -0.7557081
vn -0.003921509 0.6548969 -0.7557081
vn 0.9215616 0.003921509 0.3882124
vn -0.003921509 0.003921509 0.9999846
vn -0.003921509 0.003921509 0.9999846
vn 0.9372478 0.003921509 0.3486421
vn -0.003921509 -0.8039154 0.5947307
vn -0.003921509 0.003921509 0.9999846
vn -0.003921509 -0.8039154 0.5947307
vn -0.9372476 0.003921509 0.3486424
vn -0.003921509 0.003921509 0.9999846
vn -0.9215615 0.003921509 0.3882126
vn -0.003921509 0.6548969 0.7557081
vn -0.003921509 0.6548969 0.7557081
vn -0.9215615 0.003921509 -0.3882126
vn -0.003921509 0.003921509 -0.9999846
vn -0.003921509 0.003921509 -0.9999846
vn -0.9372476 0.003921509 -0.3486424
vn -0.003921509 -0.8039154 -0.5947307
vn -0.003921509 0.003921509 -0.9999846
vn -0.003921509 -0.8039154 -0.5947307
vn 0.9372478 0.003921509 -0.3486421
vn -0.003921509 0.003921509 -0.9999846
vn 0.9215616 0.003921509 -0.3882124
vn -0.003921509 0.6548969 -0.7557081
vn -0.003921509 0.6548969 -0.7557081
vn 0.9215616 0.003921509 0.3882124
vn -0.003921509 0.003921509 0.9999846
vn -0.003921509 0.003921509 0.9999846
vn 0.9372478 0.003921509 0.3486421
vn -0.003921509 -0.8039154 0.5947307
vn -0.003921509 0.003921509 0.9999846
vn -0.003921509 -0.8039154 0.5947307
vn -0.9372476 0.003921509 0.3486424
vn -0.003921509 0.003921509 0.9999846
vn -0.9215615 0.003921509 0.3882126
vn -0.003921509 0.6548969 0.7557081
vn -0.003921509 0.6548969 0.7557081
vn -0.9215615 0.003921509 -0.3882126
vn -0.003921509 0.003921509 -0.9999846
vn -0.003921509 0.003921509 -0.9999846
vn -0.9372476 0.003921509 -0.3486424
vn -0.003921509 -0.8039154 -0.5947307
vn -0.003921509 0.003921509 -0.9999846
vn -0.003921509 -0.8039154 -0.5947307
vn 0.9372478 0.003921509 -0.3486421
vn -0.003921509 0.003921509 -0.9999846
vn 0.9215616 0.003921509 -0.3882124
vn -0.003921509 0.6548969 -0.7557081
vn -0.003921509 0.6548969 -0.7557081
vn 0.9215616 0.003921509 0.3882124
vn -0.003921509 0.003921509 0.9999846
vn -0.003921509 0.003921509 0.9999846
vn 0.9372478 0.003921509 0.3486421
vn -0.003921509 -0.8039154 0.5947307
vn -0.003921509 0.003921509 0.9999846
vn -0.003921509 -0.8039154 0.5947307
vn -0.9372476 0.003921509 0.3486424
vn -0.003921509 0.003921509 0.9999846
vn -0.9215615 0.003921509 0.3882126
vn -0.003921509 0.6548969 0.7557081
vn -0.003921509 0.6548969 0.7557081
vn -0.9215615 0.003921509 -0.3882126
vn -0.003921509 0.003921509 -0.9999846
vn -0.003921509 0.003921509 -0.9999846
vn -0.9372476 0.003921509 -0.3486424
vn -0.003921509 -0.8039154 -0.5947307
vn -0.003921509 0.003921509 -0.9999846
vn -0.003921509 -0.8039154 -0.5947307
vn 0.9372478 0.003921509 -0.3486421
vn -0.003921509 0.003921509 -0.9999846
vn 0.9215616 0.003921509 -0.3882124
vn -0.003921509 0.6548969 -0.7557081
vn -0.003921509 0.6548969 -0.7557081
vn 0.9215616 0.003921509 0.3882124
vn -0.003921509 0.003921509 0.9999846
vn -0.003921509 0.003921509 0.9999846
vn 0.9372478 0.003921509 0.3486421
vn -0.003921509 -0.8039154 0.5947307
vn -0.003921509 0.003921509 0.9999846
vn -0.003921509 -0.8039154 0.5947307
vn -0.9372476 0.003921509 0.3486424
vn -0.003921509 0.003921509 0.9999846
vn -0.9215615 0.003921509 0.3882126
vn -0.003921509 0.6548969 0.7557081
vn -0.003921509 0.6548969 0.7557081
vn -0.9215615 0.003921509 -0.3882126
vn -0.003921509 0.003921509 -0.9999846
vn -0.003921509 0.003921509 -0.9999846
vn -0.9372476 0.003921509 -0.3486424
vn -0.003921509 -0.8039154 -0.5947307
vn -0.003921509 0.003921509 -0.9999846
vn -0.003921509 -0.8039154 -0.5947307
vn 0.9372478 0.003921509 -0.3486421
vn -0.003921509 0.003921509 -0.9999846
vn 0.9215616 0.003921509 -0.3882124
vn -0.003921509 0.6548969 -0.7557081
vn -0.003921509 0.6548969 -0.7557081
vn 0.9215616 0.003921509 0.3882124
vn -0.003921509 0.003921509 0.9999846
vn -0.003921509 0.003921509 0.9999846
vn 0.9372478 0.003921509 0.3486421
vn -0.003921509 -0.8039154 0.5947307
vn -0.003921509 0.003921509 0.9999846
vn -0.003921509 -0.8039154 0.5947307
vn -0.9372476 0.003921509 0.3486424
vn -0.003921509 0.003921509 0.9999846
vn -0.9215615 0.003921509 0.3882126
vn -0.003921509 0.6548969 0.7557081
vn -0.003921509 0.6548969 0.7557081
vn -0.9215615 0.003921509 -0.3882126
vn -0.003921509 0.003921509 -0.9999846
vn -0.003921509 0.003921509 -0.9999846
vn -0.9372476 0.003921509 -0.3486424
vn -0.003921509 -0.8039154 -0.5947307
vn -0.003921509 0.003921509 -0.9999846
vn -0.003921509 -0.8039154 -0.5947307
vn 0.9372478 0.003921509 -0.3486421
vn -0.003921509 0.003921509 -0.9999846
vn 0.9215616 0.003921509 -0.3882124
vn -0.003921509 0.6548969 -0.7557081
vn -0.003921509 0.6548969 -0.7557081
vn 0.9215616 0.003921509 0.3882124
vn -0.003921509 0.003921509 0.9999846
vn -0.003921509 0.003921509 0.9999846
vn 0.9372478 0.003921509 0.3486421
vn -0.003921509 -0.8039154 0.5947307
vn -0.003921509 0.003921509 0.9999846
vn -0.003921509 -0.8039154 0.5947307
vn -0.9372476 0.003921509 0.3486424
vn -0.003921509 0.003921509 0.9999846
vn -0.9215615 0.003921509 0.3882126
vn -0.003921509 0.6548969 0.7557081
vn -0.003921509 0.6548969 0.7557081
vn -0.9215615 0.003921509 -0.3882126
vn -0.003921509 0.003921509 -0.9999846
vn -0.003921509 0.003921509 -0.9999846
vn -0.9372476 0.003921509 -0.3486424
vn -0.003921509 -0.8039154 -0.5947307
vn -0.003921509 0.003921509 -0.9999846
vn -0.003921509 -0.8039154 -0.5947307
vn 0.9372478 0.003921509 -0.3486421
vn -0.003921509 0.003921509 -0.9999846
vn 0.9215616 0.003921509 -0.3882124
vn -0.003921509 0.6548969 -0.7557081
vn -0.003921509 0.6548969 -0.7557081
vn 0.9215616 0.003921509 0.3882124
vn -0.003921509 0.003921509 0.9999846
vn -0.003921509 0.003921509 0.9999846
vn 0.9372478 0.003921509 0.3486421
vn -0.003921509 -0.8039154 0.5947307
vn -0.003921509 0.003921509 0.9999846
vn -0.003921509 -0.8039154 0.5947307
vn -0.9372476 0.003921509 0.3486424
vn -0.003921509 0.003921509 0.9999846
vn -0.9215615 0.003921509 0.3882126
vn -0.003921509 0.6548969 0.7557081
vn -0.003921509 0.6548969 0.7557081
vn -0.9215615 0.003921509 -0.3882126
vn -0.003921509 0.003921509 -0.9999846
vn -0.003921509 0.003921509 -0.9999846
vn -0.9372476 0.003921509 -0.3486424
vn -0.003921509 -0.8039154 -0.5947307
vn -0.003921509 0.003921509 -0.9999846
vn -0.003921509 -0.8039154 -0.5947307
vn 0.9372478 0.003921509 -0.3486421
vn -0.003921509 0.003921509 -0.9999846
vn 0.9215616 0.003921509 -0.3882124
vn -0.003921509 0.6548969 -0.7557081
vn -0.003921509 0.6548969 -0.7557081
vn 0.9215616 0.003921509 0.3882124
vn -0.003921509 0.003921509 0.9999846
vn -0.003921509 0.003921509 0.9999846
vn 0.9372478 0.003921509 0.3486421
vn -0.003921509 -0.8039154 0.5947307
vn -0.003921509 0.003921509 0.9999846
vn -0.003921509 -0.8039154 0.5947307
vn -0.9372476 0.003921509 0.3486424
vn -0.003921509 0.003921509 0.9999846
vn -0.9215615 0.003921509 0.3882126
vn -0.003921509 0.6548969 0.7557081
vn -0.003921509 0.6548969 0.7557081
vn -0.9215615 0.003921509 -0.3882126
vn -0.003921509 0.003921509 -0.9999846
vn -0.003921509 0.003921509 -0.9999846
vn -0.9372476 0.003921509 -0.3486424
vn -0.003921509 -0.8039154 -0.5947307
vn -0.003921509 0.003921509 -0.9999846
vn -0.003921509 -0.8039154 -0.5947307
vn 0.9372478 0.003921509 -0.3486421
vn -0.003921509 0.003921509 -0.9999846
vn 0.9215616 0.003921509 -0.3882124
vn -0.003921509 0.6548969 -0.7557081
vn -0.003921509 0.6548969 -0.7557081
vn 0.9215616 0.003921509 0.3882124
vn -0.003921509 0.003921509 0.9999846
vn -0.003921509 0.003921509 0.9999846
vn 0.9372478 0.003921509 0.3486421
vn -0.003921509 -0.8039154 0.5947307
vn -0.003921509 0.003921509 0.9999846
vn -0.003921509 -0.8039154 0.5947307
vn -0.9372476 0.003921509 0.3486424
vn -0.003921509 0.003921509 0.9999846
vn -0.9215615 0.003921509 0.3882126
vn -0.003921509 0.6548969 0.7557081
vn -0.003921509 0.6548969 0.7557081
vn -0.9215615 0.003921509 -0.3882126
vn -0.003921509 0.003921509 -0.9999846
vn -0.003921509 0.003921509 -0.9999846
vn -0.9372476 0.003921509 -0.3486424
vn -0.003921509 -0.8039154 -0.5947307
vn -0.003921509 0.003921509 -0.9999846
vn -0.003921509 -0.8039154 -0.5947307
vn 0.9372478 0.003921509 -0.3486421
vn -0.003921509 0.003921509 -0.9999846
vn 0.9215616 0.003921509 -0.3882124
vn -0.003921509 0.6548969 -0.7557081
vn -0.003921509 0.6548969 -0.7557081
vn 0.9215616 0.003921509 0.3882124
vn -0.003921509 0.003921509 0.9999846
vn -0.003921509 0.003921509 0.9999846
vn 0.9372478 0.003921509 0.3486421
vn -0.003921509 -0.8039154 0.5947307
vn -0.003921509 0.003921509 0.9999846
vn -0.003921509 -0.8039154 0.5947307
vn -0.9372476 0.003921509 0.3486424
vn -0.003921509 0.003921509 0.9999846
vn -0.9215615 0.003921509 0.3882126
vn -0.003921509 0.6548969 0.7557081
vn -0.003921509 0.6548969 0.7557081
vn -0.9215615 0.003921509 -0.3882126
vn -0.003921509 0.003921509 -0.9999846
vn -0.003921509 0.003921509 -0.9999846
vn -0.9372476 0.003921509 -0.3486424
vn -0.003921509 -0.8039154 -0.5947307
vn -0.003921509 0.003921509 -0.9999846
vn -0.003921509 -0.8039154 -0.5947307
vn 0.9372478 0.003921509 -0.3486421
vn -0.003921509 0.003921509 -0.9999846
vn 0.9215616 0.003921509 -0.3882124
vn -0.003921509 0.6548969 -0.7557081
vn -0.003921509 0.6548969 -0.7557081
vn 0.9215616 0.003921509 0.3882124
vn -0.003921509 0.003921509 0.9999846
vn -0.003921509 0.003921509 0.9999846
vn 0.9372478 0.003921509 0.3486421
vn -0.003921509 -0.8039154 0.5947307
vn -0.003921509 0.003921509 0.9999846
vn -0.003921509 -0.8039154 0.5947307
vn -0.9372476 0.003921509 0.3486424
vn -0.003921509 0.003921509 0.9999846
vn -0.9215615 0.003921509 0.3882126
vn -0.003921509 0.6548969 0.7557081
vn -0.003921509 0.6548969 0.7557081
vn -0.9215615 0.003921509 -0.3882126
vn -0.003921509 0.003921509 -0.9999846
vn -0.003921509 0.003921509 -0.9999846
vn -0.9372476 0.003921509 -0.3486424
vn -0.003921509 -0.8039154 -0.5947307
vn -0.003921509 0.003921509 -0.9999846
vn -0.003921509 -0.8039154 -0.5947307
vn 0.9372478 0.003921509 -0.3486421
vn -0.003921509 0.003921509 -0.9999846
vn 0.9215616 0.003921509 -0.3882124
vn -0.003921509 0.6548969 -0.7557081
vn -0.003921509 0.6548969 -0.7557081
vn 0.9215616 0.003921509 0.3882124
vn -0.003921509 0.003921509 0.9999846
vn -0.003921509 0.003921509 0.9999846
vn 0.9372478 0.003921509 0.3486421
vn -0.003921509 -0.8039154 0.5947307
vn -0.003921509 0.003921509 0.9999846
vn -0.003921509 -0.8039154 0.5947307
vn -0.9372476 0.003921509 0.3486424
vn -0.003921509 0.003921509 0.9999846
vn -0.9215615 0.003921509 0.3882126
vn -0.003921509 0.6548969 0.7557081
vn -0.003921509 0.6548969 0.7557081
vn -0.9215615 0.003921509 -0.3882126
vn -0.003921509 0.003921509 -0.9999846
vn -0.003921509 0.003921509 -0.9999846
vn -0.9372476 0.003921509 -0.3486424
vn -0.003921509 -0.8039154 -0.5947307
vn -0.003921509 0.003921509 -0.9999846
vn -0.003921509 -0.8039154 -0.5947307
vn 0.9372478 0.003921509 -0.3486421
vn -0.003921509 0.003921509 -0.9999846
vn 0.9215616 0.003921509 -0.3882124
vn -0.003921509 0.6548969 -0.7557081
vn -0.003921509 0.6548969 -0.7557081
vn 0.9215616 0.003921509 0.3882124
vn -0.003921509 0.003921509 0.9999846
vn -0.003921509 0.003921509 0.9999846
vn 0.9372478 0.003921509 0.3486421
vn -0.003921509 -0.8039154 0.5947307
vn -0.003921509 0.003921509 0.9999846
vn -0.003921509 -0.8039154 0.5947307
vn -0.9372476 0.003921509 0.3486424
vn -0.003921509 0.003921509 0.9999846
vn -0.9215615 0.003921509 0.3882126
vn -0.003921509 0.6548969 0.7557081
vn -0.003921509 0.6548969 0.7557081
vn -0.9215615 0.003921509 -0.3882126
vn -0.003921509 0.003921509 -0.9999846
vn -0.003921509 0.003921509 -0.9999846
vn -0.9372476 0.003921509 -0.3486424
vn -0.003921509 -0.8039154 -0.5947307
vn -0.003921509 0.003921509 -0.9999846
vn -0.003921509 -0.8039154 -0.5947307
vn 0.9372478 0.003921509 -0.3486421
vn -0.003921509 0.003921509 -0.9999846
vn 0.9215616 0.003921509 -0.3882124
vn -0.003921509 0.6548969 -0.7557081
vn -0.003921509 0.6548969 -0.7557081
vn 0.9215616 0.003921509 0.3882124
vn -0.003921509 0.003921509 0.9999846
vn -0.003921509 0.003921509 0.9999846
vn 0.9372478 0.003921509 0.3486421
vn -0.003921509 -0.8039154 0.5947307
vn -0.003921509 0.003921509 0.9999846
vn -0.003921509 -0.8039154 0.5947307
vn -0.9372476 0.003921509 0.3486424
vn -0.003921509 0.003921509 0.9999846
vn -0.9215615 0.003921509 0.3882126
vn -0.003921509 0.6548969 0.7557081
vn -0.003921509 0.6548969 0.7557081
vn -0.9215615 0.003921509 -0.3882126
vn -0.003921509 0.003921509 -0.9999846
vn -0.003921509 0.003921509 -0.9999846
vn -0.9372476 0.003921509 -0.3486424
vn -0.003921509 -0.8039154 -0.5947307
vn -0.003921509 0.003921509 -0.9999846
vn -0.003921509 -0.8039154 -0.5947307
vn 0.9372478 0.003921509 -0.3486421
vn -0.003921509 0.003921509 -0.9999846
vn 0.9215616 0.003921509 -0.3882124
vn -0.003921509 0.6548969 -0.7557081
vn -0.003921509 0.6548969 -0.7557081
vn 0.9215616 0.003921509 0.3882124
vn -0.003921509 0.003921509 0.9999846
vn -0.003921509 0.003921509 0.9999846
vn 0.9372478 0.003921509 0.3486421
vn -0.003921509 -0.8039154 0.5947307
vn -0.003921509 0.003921509 0.9999846
vn -0.003921509 -0.8039154 0.5947307
vn -0.9372476 0.003921509 0.3486424
vn -0.003921509 0.003921509 0.9999846
vn -0.9215615 0.003921509 0.3882126
vn -0.003921509 0.6548969 0.7557081
vn -0.003921509 0.6548969 0.7557081
vn -0.9215615 0.003921509 -0.3882126
vn -0.003921509 0.003921509 -0.9999846
vn -0.003921509 0.003921509 -0.9999846
vn -0.9372476 0.003921509 -0.3486424
vn -0.003921509 -0.8039154 -0.5947307
vn -0.003921509 0.003921509 -0.9999846
vn -0.003921509 -0.8039154 -0.5947307
vn 0.9372478 0.003921509 -0.3486421
vn -0.003921509 0.003921509 -0.9999846
vn 0.9215616 0.003921509 -0.3882124
vn -0.003921509 0.6548969 -0.7557081
vn -0.003921509 0.6548969 -0.7557081
vn 0.9215616 0.003921509 0.3882124
vn -0.003921509 0.003921509 0.9999846
vn -0.003921509 0.003921509 0.9999846
vn 0.9372478 0.003921509 0.3486421
vn -0.003921509 -0.8039154 0.5947307
vn -0.003921509 0.003921509 0.9999846
vn -0.003921509 -0.8039154 0.5947307
vn -0.9372476 0.003921509 0.3486424
vn -0.003921509 0.003921509 0.9999846
vn -0.9215615 0.003921509 0.3882126
vn -0.003921509 0.6548969 0.7557081
vn -0.003921509 0.6548969 0.7557081
vn -0.9215615 0.003921509 -0.3882126
vn -0.003921509 0.003921509 -0.9999846
vn -0.003921509 0.003921509 -0.9999846
vn -0.9372476 0.003921509 -0.3486424
vn -0.003921509 -0.8039154 -0.5947307
vn -0.003921509 0.003921509 -0.9999846
vn -0.003921509 -0.8039154 -0.5947307
vn 0.9372478 0.003921509 -0.3486421
vn -0.003921509 0.003921509 -0.9999846
vn 0.9215616 0.003921509 -0.3882124
vn -0.003921509 0.6548969 -0.7557081
vn -0.003921509 0.6548969 -0.7557081
vn 0.9215616 0.003921509 0.3882124
vn -0.003921509 0.003921509 0.9999846
vn -0.003921509 0.003921509 0.9999846
vn 0.9372478 0.003921509 0.3486421
vn -0.003921509 -0.8039154 0.5947307
vn -0.003921509 0.003921509 0.9999846
vn -0.003921509 -0.8039154 0.5947307
vn -0.9372476 0.003921509 0.3486424
vn -0.003921509 0.003921509 0.9999846
vn -0.9215615 0.003921509 0.3882126
vn -0.003921509 0.6548969 0.7557081
vn -0.003921509 0.6548969 0.7557081
vn -0.9215615 0.003921509 -0.3882126
vn -0.003921509 0.003921509 -0.9999846
vn -0.003921509 0.003921509 -0.9999846
vn -0.9372476 0.003921509 -0.3486424
vn -0.003921509 -0.8039154 -0.5947307
vn -0.003921509 0.003921509 -0.9999846
vn -0.003921509 -0.8039154 -0.5947307
vn 0.9372478 0.003921509 -0.3486421
vn -0.003921509 0.003921509 -0.9999846
vn 0.9215616 0.003921509 -0.3882124
vn -0.003921509 0.6548969 -0.7557081
vn -0.003921509 0.6548969 -0.7557081
vn 0.9215616 0.003921509 0.3882124
vn -0.003921509 0.003921509 0.9999846
vn -0.003921509 0.003921509 0.9999846
vn 0.9372478 0.003921509 0.3486421
vn -0.003921509 -0.8039154 0.5947307
vn -0.003921509 0.003921509 0.9999846
vn -0.003921509 -0.8039154 0.5947307
vn -0.9372476 0.003921509 0.3486424
vn -0.003921509 0.003921509 0.9999846
vn -0.9215615 0.003921509 0.3882126
vn -0.003921509 0.6548969 0.7557081
vn -0.003921509 0.6548969 0.7557081
vn -0.9215615 0.003921509 -0.3882126
vn -0.003921509 0.003921509 -0.9999846
vn -0.003921509 0.003921509 -0.9999846
vn -0.9372476 0.003921509 -0.3486424
vn -0.003921509 -0.8039154 -0.5947307
vn -0.003921509 0.003921509 -0.9999846
vn -0.003921509 -0.8039154 -0.5947307
vn 0.9372478 0.003921509 -0.3486421
vn -0.003921509 0.003921509 -0.9999846
vn 0.9215616 0.003921509 -0.3882124
vn -0.003921509 0.6548969 -0.7557081
vn -0.003921509 0.6548969 -0.7557081
vn 0.3882324 0.003921509 -0.9215532
vn 0.9999924 0.003921509 0
vn 0.9999924 0.003921509 0
vn 0.349017 0.003921509 -0.9371082
vn 0.5921524 -0.8039154 -0.05545755
vn 0.9999924 0.003921509 0
vn 0.5921524 -0.8039154 -0.05545755
vn 0.349017 0.003921509 0.9371082
vn 0.9999924 0.003921509 0
vn 0.3882324 0.003921509 0.9215532
vn 0.756206 0.6543336 0
vn 0.756206 0.6543336 0
vn -0.3882322 0.003921509 0.9215532
vn -0.9999923 0.003921509 -0.0003449296
vn -0.9999923 0.003921509 -0.0003449296
vn -0.3490169 0.003921509 0.9371082
vn -0.5921522 -0.8039154 -0.05545916
vn -0.9999923 0.003921509 -0.0003449296
vn -0.5921522 -0.8039154 -0.05545916
vn -0.3490169 0.003921509 -0.9371082
vn -0.9999923 0.003921509 -0.0003449296
vn -0.3882322 0.003921509 -0.9215532
vn -0.756206 0.6543336 0
vn -0.756206 0.6543336 0
vn 0.3882324 0.003921509 -0.9215532
vn 0.9999924 0.003921509 0
vn 0.9999924 0.003921509 0
vn 0.349017 0.003921509 -0.9371082
vn 0.5921524 -0.8039154 -0.05545755
vn 0.9999924 0.003921509 0
vn 0.5921524 -0.8039154 -0.05545755
vn 0.349017 0.003921509 0.9371082
vn 0.9999924 0.003921509 0
vn 0.3882324 0.003921509 0.9215532
vn 0.756206 0.6543336 0
vn 0.756206 0.6543336 0
vn -0.3882322 0.003921509 0.9215532
vn -0.9999923 0.003921509 -0.0003449296
vn -0.9999923 0.003921509 -0.0003449296
vn -0.3490169 0.003921509 0.9371082
vn -0.5921522 -0.8039154 -0.05545916
vn -0.9999923 0.003921509 -0.0003449296
vn -0.5921522 -0.8039154 -0.05545916
vn -0.3490169 0.003921509 -0.9371082
vn -0.9999923 0.003921509 -0.0003449296
vn -0.3882322 0.003921509 -0.9215532
vn -0.756206 0.6543336 0
vn -0.756206 0.6543336 0
vn 0.3882324 0.003921509 -0.9215532
vn 0.9999924 0.003921509 0
vn 0.9999924 0.003921509 0
vn 0.349017 0.003921509 -0.9371082
vn 0.5921524 -0.8039154 -0.05545755
vn 0.9999924 0.003921509 0
vn 0.5921524 -0.8039154 -0.05545755
vn 0.349017 0.003921509 0.9371082
vn 0.9999924 0.003921509 0
vn 0.3882324 0.003921509 0.9215532
vn 0.756206 0.6543336 0
vn 0.756206 0.6543336 0
vn -0.3882322 0.003921509 0.9215532
vn -0.9999923 0.003921509 -0.0003449296
vn -0.9999923 0.003921509 -0.0003449296
vn -0.3490169 0.003921509 0.9371082
vn -0.5921522 -0.8039154 -0.05545916
vn -0.9999923 0.003921509 -0.0003449296
vn -0.5921522 -0.8039154 -0.05545916
vn -0.3490169 0.003921509 -0.9371082
vn -0.9999923 0.003921509 -0.0003449296
vn -0.3882322 0.003921509 -0.9215532
vn -0.756206 0.6543336 0
vn -0.756206 0.6543336 0
vn -0.003921509 0.003921509 0.9999846
vn -0.003921509 0.003921509 0.9999846
vn -0.003921509 0.003921509 0.9999846
vn -0.003921509 0.003921509 0.9999846
vn -0.003921509 0.003921509 -0.9999846
vn -0.003921509 0.003921509 -0.9999846
vn -0.003921509 0.003921509 -0.9999846
vn -0.003921509 0.003921509 -0.9999846
vn -0.003921509 0.003921509 0.9999846
vn -0.003921509 0.003921509 0.9999846
vn -0.003921509 0.003921509 0.9999846
vn -0.003921509 0.003921509 0.9999846
vn -0.003921509 0.003921509 -0.9999846
vn -0.003921509 0.003921509 -0.9999846
vn -0.003921509 0.003921509 -0.9999846
vn -0.003921509 0.003921509 -0.9999846
vn -0.003921509 0.003921509 0.9999846
vn -0.003921509 0.003921509 0.9999846
vn -0.003921509 0.003921509 0.9999846
vn -0.003921509 0.003921509 0.9999846
vn -0.003921509 0.003921509 -0.9999846
vn -0.003921509 0.003921509 -0.9999846
vn -0.003921509 0.003921509 -0.9999846
vn -0.003921509 0.003921509 -0.9999846
vn -0.003921509 0.003921509 0.9999846
vn -0.003921509 0.003921509 0.9999846
vn -0.003921509 0.003921509 0.9999846
vn -0.003921509 0.003921509 0.9999846
vn -0.003921509 0.003921509 -0.9999846
vn -0.003921509 0.003921509 -0.9999846
vn -0.003921509 0.003921509 -0.9999846
vn -0.003921509 0.003921509 -0.9999846
vn -0.003921509 0.003921509 0.9999846
vn -0.003921509 0.003921509 0.9999846
vn -0.003921509 0.003921509 0.9999846
vn -0.003921509 0.003921509 0.9999846
vn -0.003921509 0.003921509 -0.9999846
vn -0.003921509 0.003921509 -0.9999846
vn -0.003921509 0.003921509 -0.9999846
vn -0.003921509 0.003921509 -0.9999846
vn -0.003921509 0.003921509 0.9999846
vn -0.003921509 0.003921509 0.9999846
vn -0.003921509 0.003921509 0.9999846
vn -0.003921509 0.003921509 0.9999846
vn -0.003921509 0.003921509 -0.9999846
vn -0.003921509 0.003921509 -0.9999846
vn -0.003921509 0.003921509 -0.9999846
vn -0.003921509 0.003921509 -0.9999846
vn -0.003921509 0.003921509 0.9999846
vn -0.003921509 0.003921509 0.9999846
vn -0.003921509 0.003921509 0.9999846
vn -0.003921509 0.003921509 0.9999846
vn -0.003921509 0.003921509 -0.9999846
vn -0.003921509 0.003921509 -0.9999846
vn -0.003921509 0.003921509 -0.9999846
vn -0.003921509 0.003921509 -0.9999846
vn -0.003921509 0.003921509 0.9999846
vn -0.003921509 0.003921509 0.9999846
vn -0.003921509 0.003921509 0.9999846
vn -0.003921509 0.003921509 0.9999846
vn -0.003921509 0.003921509 -0.9999846
vn -0.003921509 0.003921509 -0.9999846
vn -0.003921509 0.003921509 -0.9999846
vn -0.003921509 0.003921509 -0.9999846
vn -0.003921509 0.003921509 0.9999846
vn -0.003921509 0.003921509 0.9999846
vn -0.003921509 0.003921509 0.9999846
vn -0.003921509 0.003921509 0.9999846
vn -0.003921509 0.003921509 -0.9999846
vn -0.003921509 0.003921509 -0.9999846
vn -0.003921509 0.003921509 -0.9999846
vn -0.003921509 0.003921509 -0.9999846
vn -0.003921509 0.003921509 0.9999846
vn -0.003921509 0.003921509 0.9999846
vn -0.003921509 0.003921509 0.9999846
vn -0.003921509 0.003921509 0.9999846
vn -0.003921509 0.003921509 -0.9999846
vn -0.003921509 0.003921509 -0.9999846
vn -0.003921509 0.003921509 -0.9999846
vn -0.003921509 0.003921509 -0.9999846
vn -0.003921509 0.003921509 0.9999846
vn -0.003921509 0.003921509 0.9999846
vn -0.003921509 0.003921509 0.9999846
vn -0.003921509 0.003921509 0.9999846
vn -0.003921509 0.003921509 -0.9999846
vn -0.003921509 0.003921509 -0.9999846
vn -0.003921509 0.003921509 -0.9999846
vn -0.003921509 0.003921509 -0.9999846
vn -0.003921509 0.003921509 0.9999846
vn -0.003921509 0.003921509 0.9999846
vn -0.003921509 0.003921509 0.9999846
vn -0.003921509 0.003921509 0.9999846
vn -0.003921509 0.003921509 -0.9999846
vn -0.003921509 0.003921509 -0.9999846
vn -0.003921509 0.003921509 -0.9999846
vn -0.003921509 0.003921509 -0.9999846
vn -0.003921509 0.003921509 0.9999846
vn -0.003921509 0.003921509 0.9999846
vn -0.003921509 0.003921509 0.9999846
vn -0.003921509 0.003921509 0.9999846
vn -0.003921509 0.003921509 -0.9999846
vn -0.003921509 0.003921509 -0.9999846
vn -0.003921509 0.003921509 -0.9999846
vn -0.003921509 0.003921509 -0.9999846
vn -0.003921509 0.003921509 0.9999846
vn -0.003921509 0.003921509 0.9999846
vn -0.003921509 0.003921509 0.9999846
vn -0.003921509 0.003921509 0.9999846
vn -0.003921509 0.003921509 -0.9999846
vn -0.003921509 0.003921509 -0.9999846
vn -0.003921509 0.003921509 -0.9999846
vn -0.003921509 0.003921509 -0.9999846
vn -0.003921509 0.003921509 0.9999846
vn -0.003921509 0.003921509 0.9999846
vn -0.003921509 0.003921509 0.9999846
vn -0.003921509 0.003921509 0.9999846
vn -0.003921509 0.003921509 -0.9999846
vn -0.003921509 0.003921509 -0.9999846
vn -0.003921509 0.003921509 -0.9999846
vn -0.003921509 0.003921509 -0.9999846
vn -0.003921509 0.003921509 0.9999846
vn -0.003921509 0.003921509 0.9999846
vn -0.003921509 0.003921509 0.9999846
vn -0.003921509 0.003921509 0.9999846
vn -0.003921509 0.003921509 -0.9999846
vn -0.003921509 0.003921509 -0.9999846
vn -0.003921509 0.003921509 -0.9999846
vn -0.003921509 0.003921509 -0.9999846
vn -0.003921509 0.003921509 0.9999846
vn -0.003921509 0.003921509 0.9999846
vn -0.003921509 0.003921509 0.9999846
vn -0.003921509 0.003921509 0.9999846
vn -0.003921509 0.003921509 -0.9999846
vn -0.003921509 0.003921509 -0.9999846
vn -0.003921509 0.003921509 -0.9999846
vn -0.003921509 0.003921509 -0.9999846
vn -0.003921509 0.003921509 0.9999846
vn -0.003921509 0.003921509 0.9999846
vn -0.003921509 0.003921509 0.9999846
vn -0.003921509 0.003921509 0.9999846
vn -0.003921509 0.003921509 -0.9999846
vn -0.003921509 0.003921509 -0.9999846
vn -0.003921509 0.003921509 -0.9999846
vn -0.003921509 0.003921509 -0.9999846
vn -0.003921509 0.003921509 0.9999846
vn -0.003921509 0.003921509 0.9999846
vn -0.003921509 0.003921509 0.9999846
vn -0.003921509 0.003921509 0.9999846
vn -0.003921509 0.003921509 -0.9999846
vn -0.003921509 0.003921509 -0.9999846
vn -0.003921509 0.003921509 -0.9999846
vn -0.003921509 0.003921509 -0.9999846
vn -0.003921509 0.003921509 0.9999846
vn -0.003921509 0.003921509 0.9999846
vn -0.003921509 0.003921509 0.9999846
vn -0.003921509 0.003921509 0.9999846
vn -0.003921509 0.003921509 -0.9999846
vn -0.003921509 0.003921509 -0.9999846
vn -0.003921509 0.003921509 -0.9999846
vn -0.003921509 0.003921509 -0.9999846
vn -0.003921509 0.003921509 0.9999846
vn -0.003921509 0.003921509 0.9999846
vn -0.003921509 0.003921509 0.9999846
vn -0.003921509 0.003921509 0.9999846
vn -0.003921509 0.003921509 -0.9999846
vn -0.003921509 0.003921509 -0.9999846
vn -0.003921509 0.003921509 -0.9999846
vn -0.003921509 0.003921509 -0.9999846
vn -0.003921509 0.003921509 0.9999846
vn -0.003921509 0.003921509 0.9999846
vn -0.003921509 0.003921509 0.9999846
vn -0.003921509 0.003921509 0.9999846
vn -0.003921509 0.003921509 -0.9999846
vn -0.003921509 0.003921509 -0.9999846
vn -0.003921509 0.003921509 -0.9999846
vn -0.003921509 0.003921509 -0.9999846
vn -0.003921509 0.003921509 0.9999846
vn -0.003921509 0.003921509 0.9999846
vn -0.003921509 0.003921509 0.9999846
vn -0.003921509 0.003921509 0.9999846
vn -0.003921509 0.003921509 -0.9999846
vn -0.003921509 0.003921509 -0.9999846
vn -0.003921509 0.003921509 -0.9999846
vn -0.003921509 0.003921509 -0.9999846
vn -0.003921509 0.003921509 0.9999846
vn -0.003921509 0.003921509 0.9999846
vn -0.003921509 0.003921509 0.9999846
vn -0.003921509 0.003921509 0.9999846
vn -0.003921509 0.003921509 -0.9999846
vn -0.003921509 0.003921509 -0.9999846
vn -0.003921509 0.003921509 -0.9999846
vn -0.003921509 0.003921509 -0.9999846
vn 0.9999924 0.003921509 0
vn 0.9999924 0.003921509 0
vn 0.9999924 0.003921509 0
vn 0.9999924 0.003921509 0
vn -0.9999923 0.003921509 -0.0003449296
vn -0.9999923 0.003921509 -0.0003449296
vn -0.9999923 0.003921509 -0.0003449296
vn -0.9999923 0.003921509 -0.0003449296
vn 0.9999924 0.003921509 0
vn 0.9999924 0.003921509 0
vn 0.9999924 0.003921509 0
vn 0.9999924 0.003921509 0
vn -0.9999923 0.003921509 -0.0003449296
vn -0.9999923 0.003921509 -0.0003449296
vn -0.9999923 0.003921509 -0.0003449296
vn -0.9999923 0.003921509 -0.0003449296
vn 0.9999924 0.003921509 0
vn 0.9999924 0.003921509 0
vn 0.9999924 0.003921509 0
vn 0.9999924 0.003921509 0
vn -0.9999923 0.003921509 -0.0003449296
vn -0.9999923 0.003921509 -0.0003449296
vn -0.9999923 0.003921509 -0.0003449296
vn -0.9999923 0.003921509 -0.0003449296
g Furniture_006_0
f 3/3/3 2/2/2 1/1/1
f 4/4/4 3/3/3 1/1/1
f 4/4/4 1/1/1 5/5/5
f 6/6/6 4/4/4 5/5/5
f 9/9/9 8/8/8 7/7/7
f 10/10/10 9/9/9 7/7/7
f 13/13/13 12/12/12 11/11/11
f 14/14/14 13/13/13 11/11/11
f 14/14/14 11/11/11 15/15/15
f 16/16/16 14/14/14 15/15/15
f 19/19/19 18/18/18 17/17/17
f 20/20/20 19/19/19 17/17/17
f 17/17/17 21/21/21 20/20/20
f 21/21/21 22/22/22 20/20/20
f 25/25/25 24/24/24 23/23/23
f 26/26/26 25/25/25 23/23/23
f 26/26/26 23/23/23 27/27/27
f 28/28/28 26/26/26 27/27/27
f 31/31/31 30/30/30 29/29/29
f 32/32/32 31/31/31 29/29/29
f 35/35/35 34/34/34 33/33/33
f 36/36/36 35/35/35 33/33/33
f 36/36/36 33/33/33 37/37/37
f 38/38/38 36/36/36 37/37/37
f 41/41/41 40/40/40 39/39/39
f 42/42/42 41/41/41 39/39/39
f 39/39/39 43/43/43 42/42/42
f 43/43/43 44/44/44 42/42/42
f 47/47/47 46/46/46 45/45/45
f 48/48/48 47/47/47 45/45/45
f 48/48/48 45/45/45 49/49/49
f 50/50/50 48/48/48 49/49/49
f 53/53/53 52/52/52 51/51/51
f 54/54/54 53/53/53 51/51/51
f 57/57/57 56/56/56 55/55/55
f 58/58/58 57/57/57 55/55/55
f 58/58/58 55/55/55 59/59/59
f 60/60/60 58/58/58 59/59/59
f 63/63/63 62/62/62 61/61/61
f 64/64/64 63/63/63 61/61/61
f 61/61/61 65/65/65 64/64/64
f 65/65/65 66/66/66 64/64/64
f 69/69/69 68/68/68 67/67/67
f 70/70/70 69/69/69 67/67/67
f 70/70/70 67/67/67 71/71/71
f 72/72/72 70/70/70 71/71/71
f 75/75/75 74/74/74 73/73/73
f 76/76/76 75/75/75 73/73/73
f 79/79/79 78/78/78 77/77/77
f 80/80/80 79/79/79 77/77/77
f 80/80/80 77/77/77 81/81/81
f 82/82/82 80/80/80 81/81/81
f 85/85/85 84/84/84 83/83/83
f 86/86/86 85/85/85 83/83/83
f 83/83/83 87/87/87 86/86/86
f 87/87/87 88/88/88 86/86/86
f 91/91/91 90/90/90 89/89/89
f 92/92/92 91/91/91 89/89/89
f 92/92/92 89/89/89 93/93/93
f 94/94/94 92/92/92 93/93/93
f 97/97/97 96/96/96 95/95/95
f 98/98/98 97/97/97 95/95/95
f 101/101/101 100/100/100 99/99/99
f 102/102/102 101/101/101 99/99/99
f 102/102/102 99/99/99 103/103/103
f 104/104/104 102/102/102 103/103/103
f 107/107/107 106/106/106 105/105/105
f 108/108/108 107/107/107 105/105/105
f 105/105/105 109/109/109 108/108/108
f 109/109/109 110/110/110 108/108/108
f 113/113/113 112/112/112 111/111/111
f 114/114/114 113/113/113 111/111/111
f 114/114/114 111/111/111 115/115/115
f 116/116/116 114/114/114 115/115/115
f 119/119/119 118/118/118 117/117/117
f 120/120/120 119/119/119 117/117/117
f 123/123/123 122/122/122 121/121/121
f 124/124/124 123/123/123 121/121/121
f 124/124/124 121/121/121 125/125/125
f 126/126/126 124/124/124 125/125/125
f 129/129/129 128/128/128 127/127/127
f 130/130/130 129/129/129 127/127/127
f 127/127/127 131/131/131 130/130/130
f 131/131/131 132/132/132 130/130/130
f 135/135/135 134/134/134 133/133/133
f 136/136/136 135/135/135 133/133/133
f 136/136/136 133/133/133 137/137/137
f 138/138/138 136/136/136 137/137/137
f 141/141/141 140/140/140 139/139/139
f 142/142/142 141/141/141 139/139/139
f 145/145/145 144/144/144 143/143/143
f 146/146/146 145/145/145 143/143/143
f 146/146/146 143/143/143 147/147/147
f 148/148/148 146/146/146 147/147/147
f 151/151/151 150/150/150 149/149/149
f 152/152/152 151/151/151 149/149/149
f 149/149/149 153/153/153 152/152/152
f 153/153/153 154/154/154 152/152/152
f 157/157/157 156/156/156 155/155/155
f 158/158/158 157/157/157 155/155/155
f 158/158/158 155/155/155 159/159/159
f 160/160/160 158/158/158 159/159/159
f 163/163/163 162/162/162 161/161/161
f 164/164/164 163/163/163 161/161/161
f 167/167/167 166/166/166 165/165/165
f 168/168/168 167/167/167 165/165/165
f 168/168/168 165/165/165 169/169/169
f 170/170/170 168/168/168 169/169/169
f 173/173/173 172/172/172 171/171/171
f 174/174/174 173/173/173 171/171/171
f 171/171/171 175/175/175 174/174/174
f 175/175/175 176/176/176 174/174/174
f 179/179/179 178/178/178 177/177/177
f 180/180/180 179/179/179 177/177/177
f 180/180/180 177/177/177 181/181/181
f 182/182/182 180/180/180 181/181/181
f 185/185/185 184/184/184 183/183/183
f 186/186/186 185/185/185 183/183/183
f 189/189/189 188/188/188 187/187/187
f 190/190/190 189/189/189 187/187/187
f 190/190/190 187/187/187 191/191/191
f 192/192/192 190/190/190 191/191/191
f 195/195/195 194/194/194 193/193/193
f 196/196/196 195/195/195 193/193/193
f 193/193/193 197/197/197 196/196/196
f 197/197/197 198/198/198 196/196/196
f 201/201/201 200/200/200 199/199/199
f 202/202/202 201/201/201 199/199/199
f 202/202/202 199/199/199 203/203/203
f 204/204/204 202/202/202 203/203/203
f 207/207/207 206/206/206 205/205/205
f 208/208/208 207/207/207 205/205/205
f 211/211/211 210/210/210 209/209/209
f 212/212/212 211/211/211 209/209/209
f 212/212/212 209/209/209 213/213/213
f 214/214/214 212/212/212 213/213/213
f 217/217/217 216/216/216 215/215/215
f 218/218/218 217/217/217 215/215/215
f 215/215/215 219/219/219 218/218/218
f 219/219/219 220/220/220 218/218/218
f 223/223/223 222/222/222 221/221/221
f 224/224/224 223/223/223 221/221/221
f 224/224/224 221/221/221 225/225/225
f 226/226/226 224/224/224 225/225/225
f 229/229/229 228/228/228 227/227/227
f 230/230/230 229/229/229 227/227/227
f 233/233/233 232/232/232 231/231/231
f 234/234/234 233/233/233 231/231/231
f 234/234/234 231/231/231 235/235/235
f 236/236/236 234/234/234 235/235/235
f 239/239/239 238/238/238 237/237/237
f 240/240/240 239/239/239 237/237/237
f 237/237/237 241/241/241 240/240/240
f 241/241/241 242/242/242 240/240/240
f 245/245/245 244/244/244 243/243/243
f 246/246/246 245/245/245 243/243/243
f 246/246/246 243/243/243 247/247/247
f 248/248/248 246/246/246 247/247/247
f 251/251/251 250/250/250 249/249/249
f 252/252/252 251/251/251 249/249/249
f 255/255/255 254/254/254 253/253/253
f 256/256/256 255/255/255 253/253/253
f 256/256/256 253/253/253 257/257/257
f 258/258/258 256/256/256 257/257/257
f 261/261/261 260/260/260 259/259/259
f 262/262/262 261/261/261 259/259/259
f 259/259/259 263/263/263 262/262/262
f 263/263/263 264/264/264 262/262/262
f 267/267/267 266/266/266 265/265/265
f 268/268/268 267/267/267 265/265/265
f 268/268/268 265/265/265 269/269/269
f 270/270/270 268/268/268 269/269/269
f 273/273/273 272/272/272 271/271/271
f 274/274/274 273/273/273 271/271/271
f 277/277/277 276/276/276 275/275/275
f 278/278/278 277/277/277 275/275/275
f 278/278/278 275/275/275 279/279/279
f 280/280/280 278/278/278 279/279/279
f 283/283/283 282/282/282 281/281/281
f 284/284/284 283/283/283 281/281/281
f 281/281/281 285/285/285 284/284/284
f 285/285/285 286/286/286 284/284/284
f 289/289/289 288/288/288 287/287/287
f 290/290/290 289/289/289 287/287/287
f 290/290/290 287/287/287 291/291/291
f 292/292/292 290/290/290 291/291/291
f 295/295/295 294/294/294 293/293/293
f 296/296/296 295/295/295 293/293/293
f 299/299/299 298/298/298 297/297/297
f 300/300/300 299/299/299 297/297/297
f 300/300/300 297/297/297 301/301/301
f 302/302/302 300/300/300 301/301/301
f 305/305/305 304/304/304 303/303/303
f 306/306/306 305/305/305 303/303/303
f 303/303/303 307/307/307 306/306/306
f 307/307/307 308/308/308 306/306/306
f 311/311/311 310/310/310 309/309/309
f 312/312/312 311/311/311 309/309/309
f 312/312/312 309/309/309 313/313/313
f 314/314/314 312/312/312 313/313/313
f 317/317/317 316/316/316 315/315/315
f 318/318/318 317/317/317 315/315/315
f 321/321/321 320/320/320 319/319/319
f 322/322/322 321/321/321 319/319/319
f 322/322/322 319/319/319 323/323/323
f 324/324/324 322/322/322 323/323/323
f 327/327/327 326/326/326 325/325/325
f 328/328/328 327/327/327 325/325/325
f 325/325/325 329/329/329 328/328/328
f 329/329/329 330/330/330 328/328/328
f 333/333/333 332/332/332 331/331/331
f 334/334/334 333/333/333 331/331/331
f 334/334/334 331/331/331 335/335/335
f 336/336/336 334/334/334 335/335/335
f 339/339/339 338/338/338 337/337/337
f 340/340/340 339/339/339 337/337/337
f 343/343/343 342/342/342 341/341/341
f 344/344/344 343/343/343 341/341/341
f 344/344/344 341/341/341 345/345/345
f 346/346/346 344/344/344 345/345/345
f 349/349/349 348/348/348 347/347/347
f 350/350/350 349/349/349 347/347/347
f 347/347/347 351/351/351 350/350/350
f 351/351/351 352/352/352 350/350/350
f 355/355/355 354/354/354 353/353/353
f 356/356/356 355/355/355 353/353/353
f 356/356/356 353/353/353 357/357/357
f 358/358/358 356/356/356 357/357/357
f 361/361/361 360/360/360 359/359/359
f 362/362/362 361/361/361 359/359/359
f 365/365/365 364/364/364 363/363/363
f 366/366/366 365/365/365 363/363/363
f 366/366/366 363/363/363 367/367/367
f 368/368/368 366/366/366 367/367/367
f 371/371/371 370/370/370 369/369/369
f 372/372/372 371/371/371 369/369/369
f 369/369/369 373/373/373 372/372/372
f 373/373/373 374/374/374 372/372/372
f 377/377/377 376/376/376 375/375/375
f 378/378/378 377/377/377 375/375/375
f 378/378/378 375/375/375 379/379/379
f 380/380/380 378/378/378 379/379/379
f 383/383/383 382/382/382 381/381/381
f 384/384/384 383/383/383 381/381/381
f 387/387/387 386/386/386 385/385/385
f 388/388/388 387/387/387 385/385/385
f 388/388/388 385/385/385 389/389/389
f 390/390/390 388/388/388 389/389/389
f 393/393/393 392/392/392 391/391/391
f 394/394/394 393/393/393 391/391/391
f 391/391/391 395/395/395 394/394/394
f 395/395/395 396/396/396 394/394/394
f 399/399/399 398/398/398 397/397/397
f 400/400/400 399/399/399 397/397/397
f 400/400/400 397/397/397 401/401/401
f 402/402/402 400/400/400 401/401/401
f 405/405/405 404/404/404 403/403/403
f 406/406/406 405/405/405 403/403/403
f 409/409/409 408/408/408 407/407/407
f 410/410/410 409/409/409 407/407/407
f 410/410/410 407/407/407 411/411/411
f 412/412/412 410/410/410 411/411/411
f 415/415/415 414/414/414 413/413/413
f 416/416/416 415/415/415 413/413/413
f 413/413/413 417/417/417 416/416/416
f 417/417/417 418/418/418 416/416/416
f 421/421/421 420/420/420 419/419/419
f 422/422/422 421/421/421 419/419/419
f 422/422/422 419/419/419 423/423/423
f 424/424/424 422/422/422 423/423/423
f 427/427/427 426/426/426 425/425/425
f 428/428/428 427/427/427 425/425/425
f 431/431/431 430/430/430 429/429/429
f 432/432/432 431/431/431 429/429/429
f 432/432/432 429/429/429 433/433/433
f 434/434/434 432/432/432 433/433/433
f 437/437/437 436/436/436 435/435/435
f 438/438/438 437/437/437 435/435/435
f 435/435/435 439/439/439 438/438/438
f 439/439/439 440/440/440 438/438/438
f 443/443/443 442/442/442 441/441/441
f 444/444/444 443/443/443 441/441/441
f 444/444/444 441/441/441 445/445/445
f 446/446/446 444/444/444 445/445/445
f 449/449/449 448/448/448 447/447/447
f 450/450/450 449/449/449 447/447/447
f 453/453/453 452/452/452 451/451/451
f 454/454/454 453/453/453 451/451/451
f 454/454/454 451/451/451 455/455/455
f 456/456/456 454/454/454 455/455/455
f 459/459/459 458/458/458 457/457/457
f 460/460/460 459/459/459 457/457/457
f 457/457/457 461/461/461 460/460/460
f 461/461/461 462/462/462 460/460/460
f 465/465/465 464/464/464 463/463/463
f 466/466/466 465/465/465 463/463/463
f 466/466/466 463/463/463 467/467/467
f 468/468/468 466/466/466 467/467/467
f 471/471/471 470/470/470 469/469/469
f 472/472/472 471/471/471 469/469/469
f 475/475/475 474/474/474 473/473/473
f 476/476/476 475/475/475 473/473/473
f 476/476/476 473/473/473 477/477/477
f 478/478/478 476/476/476 477/477/477
f 481/481/481 480/480/480 479/479/479
f 482/482/482 481/481/481 479/479/479
f 479/479/479 483/483/483 482/482/482
f 483/483/483 484/484/484 482/482/482
f 487/487/487 486/486/486 485/485/485
f 488/488/488 487/487/487 485/485/485
f 488/488/488 485/485/485 489/489/489
f 490/490/490 488/488/488 489/489/489
f 493/493/493 492/492/492 491/491/491
f 494/494/494 493/493/493 491/491/491
f 497/497/497 496/496/496 495/495/495
f 498/498/498 497/497/497 495/495/495
f 498/498/498 495/495/495 499/499/499
f 500/500/500 498/498/498 499/499/499
f 503/503/503 502/502/502 501/501/501
f 504/504/504 503/503/503 501/501/501
f 501/501/501 505/505/505 504/504/504
f 505/505/505 506/506/506 504/504/504
f 509/509/509 508/508/508 507/507/507
f 510/510/510 509/509/509 507/507/507
f 510/510/510 507/507/507 511/511/511
f 512/512/512 510/510/510 511/511/511
f 515/515/515 514/514/514 513/513/513
f 516/516/516 515/515/515 513/513/513
f 519/519/519 518/518/518 517/517/517
f 520/520/520 519/519/519 517/517/517
f 520/520/520 517/517/517 521/521/521
f 522/522/522 520/520/520 521/521/521
f 525/525/525 524/524/524 523/523/523
f 526/526/526 525/525/525 523/523/523
f 523/523/523 527/527/527 526/526/526
f 527/527/527 528/528/528 526/526/526
f 531/531/531 530/530/530 529/529/529
f 532/532/532 531/531/531 529/529/529
f 532/532/532 529/529/529 533/533/533
f 534/534/534 532/532/532 533/533/533
f 537/537/537 536/536/536 535/535/535
f 538/538/538 537/537/537 535/535/535
f 541/541/541 540/540/540 539/539/539
f 542/542/542 541/541/541 539/539/539
f 542/542/542 539/539/539 543/543/543
f 544/544/544 542/542/542 543/543/543
f 547/547/547 546/546/546 545/545/545
f 548/548/548 547/547/547 545/545/545
f 545/545/545 549/549/549 548/548/548
f 549/549/549 550/550/550 548/548/548
f 553/553/553 552/552/552 551/551/551
f 554/554/554 553/553/553 551/551/551
f 554/554/554 551/551/551 555/555/555
f 556/556/556 554/554/554 555/555/555
f 559/559/559 558/558/558 557/557/557
f 560/560/560 559/559/559 557/557/557
f 563/563/563 562/562/562 561/561/561
f 564/564/564 563/563/563 561/561/561
f 564/564/564 561/561/561 565/565/565
f 566/566/566 564/564/564 565/565/565
f 569/569/569 568/568/568 567/567/567
f 570/570/570 569/569/569 567/567/567
f 567/567/567 571/571/571 570/570/570
f 571/571/571 572/572/572 570/570/570
f 575/575/575 574/574/574 573/573/573
f 576/576/576 575/575/575 573/573/573
f 576/576/576 573/573/573 577/577/577
f 578/578/578 576/576/576 577/577/577
f 581/581/581 580/580/580 579/579/579
f 582/582/582 581/581/581 579/579/579
f 585/585/585 584/584/584 583/583/583
f 586/586/586 585/585/585 583/583/583
f 586/586/586 583/583/583 587/587/587
f 588/588/588 586/586/586 587/587/587
f 591/591/591 590/590/590 589/589/589
f 592/592/592 591/591/591 589/589/589
f 589/589/589 593/593/593 592/592/592
f 593/593/593 594/594/594 592/592/592
f 597/597/597 596/596/596 595/595/595
f 598/598/598 597/597/597 595/595/595
f 598/598/598 595/595/595 599/599/599
f 600/600/600 598/598/598 599/599/599
f 603/603/603 602/602/602 601/601/601
f 604/604/604 603/603/603 601/601/601
f 607/607/607 606/606/606 605/605/605
f 608/608/608 607/607/607 605/605/605
f 608/608/608 605/605/605 609/609/609
f 610/610/610 608/608/608 609/609/609
f 613/613/613 612/612/612 611/611/611
f 614/614/614 613/613/613 611/611/611
f 611/611/611 615/615/615 614/614/614
f 615/615/615 616/616/616 614/614/614
f 619/619/619 618/618/618 617/617/617
f 620/620/620 619/619/619 617/617/617
f 620/620/620 617/617/617 621/621/621
f 622/622/622 620/620/620 621/621/621
f 625/625/625 624/624/624 623/623/623
f 626/626/626 625/625/625 623/623/623
f 629/629/629 628/628/628 627/627/627
f 630/630/630 629/629/629 627/627/627
f 630/630/630 627/627/627 631/631/631
f 632/632/632 630/630/630 631/631/631
f 635/635/635 634/634/634 633/633/633
f 636/636/636 635/635/635 633/633/633
f 633/633/633 637/637/637 636/636/636
f 637/637/637 638/638/638 636/636/636
f 641/641/641 640/640/640 639/639/639
f 642/642/642 641/641/641 639/639/639
f 642/642/642 639/639/639 643/643/643
f 644/644/644 642/642/642 643/643/643
f 647/647/647 646/646/646 645/645/645
f 648/648/648 647/647/647 645/645/645
f 651/651/651 650/650/650 649/649/649
f 652/652/652 651/651/651 649/649/649
f 652/652/652 649/649/649 653/653/653
f 654/654/654 652/652/652 653/653/653
f 657/657/657 656/656/656 655/655/655
f 658/658/658 657/657/657 655/655/655
f 655/655/655 659/659/659 658/658/658
f 659/659/659 660/660/660 658/658/658
f 663/663/663 662/662/662 661/661/661
f 664/664/664 663/663/663 661/661/661
f 664/664/664 661/661/661 665/665/665
f 666/666/666 664/664/664 665/665/665
f 669/669/669 668/668/668 667/667/667
f 670/670/670 669/669/669 667/667/667
f 673/673/673 672/672/672 671/671/671
f 674/674/674 673/673/673 671/671/671
f 674/674/674 671/671/671 675/675/675
f 676/676/676 674/674/674 675/675/675
f 679/679/679 678/678/678 677/677/677
f 680/680/680 679/679/679 677/677/677
f 677/677/677 681/681/681 680/680/680
f 681/681/681 682/682/682 680/680/680
f 685/685/685 684/684/684 683/683/683
f 686/686/686 685/685/685 683/683/683
f 686/686/686 683/683/683 687/687/687
f 688/688/688 686/686/686 687/687/687
f 691/691/691 690/690/690 689/689/689
f 692/692/692 691/691/691 689/689/689
f 695/695/695 694/694/694 693/693/693
f 696/696/696 695/695/695 693/693/693
f 696/696/696 693/693/693 697/697/697
f 698/698/698 696/696/696 697/697/697
f 701/701/701 700/700/700 699/699/699
f 702/702/702 701/701/701 699/699/699
f 699/699/699 703/703/703 702/702/702
f 703/703/703 704/704/704 702/702/702
f 707/707/707 706/706/706 705/705/705
f 708/708/708 707/707/707 705/705/705
f 708/708/708 705/705/705 709/709/709
f 710/710/710 708/708/708 709/709/709
f 713/713/713 712/712/712 711/711/711
f 714/714/714 713/713/713 711/711/711
f 717/717/717 716/716/716 715/715/715
f 718/718/718 717/717/717 715/715/715
f 718/718/718 715/715/715 719/719/719
f 720/720/720 718/718/718 719/719/719
f 723/723/723 722/722/722 721/721/721
f 724/724/724 723/723/723 721/721/721
f 721/721/721 725/725/725 724/724/724
f 725/725/725 726/726/726 724/724/724
f 729/729/729 728/728/728 727/727/727
f 730/730/730 729/729/729 727/727/727
f 730/730/730 727/727/727 731/731/731
f 732/732/732 730/730/730 731/731/731
f 735/735/735 734/734/734 733/733/733
f 736/736/736 735/735/735 733/733/733
f 739/739/739 738/738/738 737/737/737
f 740/740/740 739/739/739 737/737/737
f 740/740/740 737/737/737 741/741/741
f 742/742/742 740/740/740 741/741/741
f 745/745/745 744/744/744 743/743/743
f 746/746/746 745/745/745 743/743/743
f 743/743/743 747/747/747 746/746/746
f 747/747/747 748/748/748 746/746/746
f 751/751/751 750/750/750 749/749/749
f 752/752/752 751/751/751 749/749/749
f 752/752/752 749/749/749 753/753/753
f 754/754/754 752/752/752 753/753/753
f 757/757/757 756/756/756 755/755/755
f 758/758/758 757/757/757 755/755/755
f 761/761/761 760/760/760 759/759/759
f 762/762/762 761/761/761 759/759/759
f 762/762/762 759/759/759 763/763/763
f 764/764/764 762/762/762 763/763/763
f 767/767/767 766/766/766 765/765/765
f 768/768/768 767/767/767 765/765/765
f 765/765/765 769/769/769 768/768/768
f 769/769/769 770/770/770 768/768/768
f 773/773/773 772/772/772 771/771/771
f 774/774/774 773/773/773 771/771/771
f 774/774/774 771/771/771 775/775/775
f 776/776/776 774/774/774 775/775/775
f 779/779/779 778/778/778 777/777/777
f 780/780/780 779/779/779 777/777/777
f 783/783/783 782/782/782 781/781/781
f 784/784/784 783/783/783 781/781/781
f 784/784/784 781/781/781 785/785/785
f 786/786/786 784/784/784 785/785/785
f 789/789/789 788/788/788 787/787/787
f 790/790/790 789/789/789 787/787/787
f 787/787/787 791/791/791 790/790/790
f 791/791/791 792/792/792 790/790/790
f 795/795/795 794/794/794 793/793/793
f 796/796/796 795/795/795 793/793/793
f 796/796/796 793/793/793 797/797/797
f 798/798/798 796/796/796 797/797/797
f 801/801/801 800/800/800 799/799/799
f 802/802/802 801/801/801 799/799/799
f 805/805/805 804/804/804 803/803/803
f 806/806/806 805/805/805 803/803/803
f 806/806/806 803/803/803 807/807/807
f 808/808/808 806/806/806 807/807/807
f 811/811/811 810/810/810 809/809/809
f 812/812/812 811/811/811 809/809/809
f 809/809/809 813/813/813 812/812/812
f 813/813/813 814/814/814 812/812/812
f 817/817/817 816/816/816 815/815/815
f 818/818/818 817/817/817 815/815/815
f 818/818/818 815/815/815 819/819/819
f 820/820/820 818/818/818 819/819/819
f 823/823/823 822/822/822 821/821/821
f 824/824/824 823/823/823 821/821/821
f 827/827/827 826/826/826 825/825/825
f 828/828/828 827/827/827 825/825/825
f 828/828/828 825/825/825 829/829/829
f 830/830/830 828/828/828 829/829/829
f 833/833/833 832/832/832 831/831/831
f 834/834/834 833/833/833 831/831/831
f 831/831/831 835/835/835 834/834/834
f 835/835/835 836/836/836 834/834/834
f 839/839/839 838/838/838 837/837/837
f 840/840/840 839/839/839 837/837/837
f 840/840/840 837/837/837 841/841/841
f 842/842/842 840/840/840 841/841/841
f 845/845/845 844/844/844 843/843/843
f 846/846/846 845/845/845 843/843/843
f 849/849/849 848/848/848 847/847/847
f 850/850/850 849/849/849 847/847/847
f 850/850/850 847/847/847 851/851/851
f 852/852/852 850/850/850 851/851/851
f 855/855/855 854/854/854 853/853/853
f 856/856/856 855/855/855 853/853/853
f 853/853/853 857/857/857 856/856/856
f 857/857/857 858/858/858 856/856/856
f 861/861/861 860/860/860 859/859/859
f 862/862/862 861/861/861 859/859/859
f 862/862/862 859/859/859 863/863/863
f 864/864/864 862/862/862 863/863/863
f 867/867/867 866/866/866 865/865/865
f 868/868/868 867/867/867 865/865/865
f 871/871/871 870/870/870 869/869/869
f 872/872/872 871/871/871 869/869/869
f 872/872/872 869/869/869 873/873/873
f 874/874/874 872/872/872 873/873/873
f 877/877/877 876/876/876 875/875/875
f 878/878/878 877/877/877 875/875/875
f 875/875/875 879/879/879 878/878/878
f 879/879/879 880/880/880 878/878/878
f 883/883/883 882/882/882 881/881/881
f 884/884/884 883/883/883 881/881/881
f 884/884/884 881/881/881 885/885/885
f 886/886/886 884/884/884 885/885/885
f 889/889/889 888/888/888 887/887/887
f 890/890/890 889/889/889 887/887/887
f 893/893/893 892/892/892 891/891/891
f 894/894/894 893/893/893 891/891/891
f 894/894/894 891/891/891 895/895/895
f 896/896/896 894/894/894 895/895/895
f 899/899/899 898/898/898 897/897/897
f 900/900/900 899/899/899 897/897/897
f 897/897/897 901/901/901 900/900/900
f 901/901/901 902/902/902 900/900/900
f 905/905/905 904/904/904 903/903/903
f 906/906/906 905/905/905 903/903/903
f 906/906/906 903/903/903 907/907/907
f 908/908/908 906/906/906 907/907/907
f 911/911/911 910/910/910 909/909/909
f 912/912/912 911/911/911 909/909/909
f 915/915/915 914/914/914 913/913/913
f 916/916/916 915/915/915 913/913/913
f 916/916/916 913/913/913 917/917/917
f 918/918/918 916/916/916 917/917/917
f 921/921/921 920/920/920 919/919/919
f 922/922/922 921/921/921 919/919/919
f 919/919/919 923/923/923 922/922/922
f 923/923/923 924/924/924 922/922/922
f 927/927/927 926/926/926 925/925/925
f 928/928/928 927/927/927 925/925/925
f 928/928/928 925/925/925 929/929/929
f 930/930/930 928/928/928 929/929/929
f 933/933/933 932/932/932 931/931/931
f 934/934/934 933/933/933 931/931/931
f 937/937/937 936/936/936 935/935/935
f 938/938/938 937/937/937 935/935/935
f 938/938/938 935/935/935 939/939/939
f 940/940/940 938/938/938 939/939/939
f 943/943/943 942/942/942 941/941/941
f 944/944/944 943/943/943 941/941/941
f 941/941/941 945/945/945 944/944/944
f 945/945/945 946/946/946 944/944/944
f 949/949/949 948/948/948 947/947/947
f 950/950/950 949/949/949 947/947/947
f 950/950/950 947/947/947 951/951/951
f 952/952/952 950/950/950 951/951/951
f 955/955/955 954/954/954 953/953/953
f 956/956/956 955/955/955 953/953/953
f 959/959/959 958/958/958 957/957/957
f 960/960/960 959/959/959 957/957/957
f 960/960/960 957/957/957 961/961/961
f 962/962/962 960/960/960 961/961/961
f 965/965/965 964/964/964 963/963/963
f 966/966/966 965/965/965 963/963/963
f 963/963/963 967/967/967 966/966/966
f 967/967/967 968/968/968 966/966/966
f 971/971/971 970/970/970 969/969/969
f 972/972/972 971/971/971 969/969/969
f 972/972/972 969/969/969 973/973/973
f 974/974/974 972/972/972 973/973/973
f 977/977/977 976/976/976 975/975/975
f 978/978/978 977/977/977 975/975/975
f 981/981/981 980/980/980 979/979/979
f 982/982/982 981/981/981 979/979/979
f 982/982/982 979/979/979 983/983/983
f 984/984/984 982/982/982 983/983/983
f 987/987/987 986/986/986 985/985/985
f 988/988/988 987/987/987 985/985/985
f 985/985/985 989/989/989 988/988/988
f 989/989/989 990/990/990 988/988/988
f 993/993/993 992/992/992 991/991/991
f 994/994/994 993/993/993 991/991/991
f 994/994/994 991/991/991 995/995/995
f 996/996/996 994/994/994 995/995/995
f 999/999/999 998/998/998 997/997/997
f 1000/1000/1000 999/999/999 997/997/997
f 1003/1003/1003 1002/1002/1002 1001/1001/1001
f 1004/1004/1004 1003/1003/1003 1001/1001/1001
f 1004/1004/1004 1001/1001/1001 1005/1005/1005
f 1006/1006/1006 1004/1004/1004 1005/1005/1005
f 1009/1009/1009 1008/1008/1008 1007/1007/1007
f 1010/1010/1010 1009/1009/1009 1007/1007/1007
f 1007/1007/1007 1011/1011/1011 1010/1010/1010
f 1011/1011/1011 1012/1012/1012 1010/1010/1010
f 1015/1015/1015 1014/1014/1014 1013/1013/1013
f 1016/1016/1016 1015/1015/1015 1013/1013/1013
f 1016/1016/1016 1013/1013/1013 1017/1017/1017
f 1018/1018/1018 1016/1016/1016 1017/1017/1017
f 1021/1021/1021 1020/1020/1020 1019/1019/1019
f 1022/1022/1022 1021/1021/1021 1019/1019/1019
f 1025/1025/1025 1024/1024/1024 1023/1023/1023
f 1026/1026/1026 1025/1025/1025 1023/1023/1023
f 1026/1026/1026 1023/1023/1023 1027/1027/1027
f 1028/1028/1028 1026/1026/1026 1027/1027/1027
f 1031/1031/1031 1030/1030/1030 1029/1029/1029
f 1032/1032/1032 1031/1031/1031 1029/1029/1029
f 1029/1029/1029 1033/1033/1033 1032/1032/1032
f 1033/1033/1033 1034/1034/1034 1032/1032/1032
f 1037/1037/1037 1036/1036/1036 1035/1035/1035
f 1038/1038/1038 1037/1037/1037 1035/1035/1035
f 1038/1038/1038 1035/1035/1035 1039/1039/1039
f 1040/1040/1040 1038/1038/1038 1039/1039/1039
f 1043/1043/1043 1042/1042/1042 1041/1041/1041
f 1044/1044/1044 1043/1043/1043 1041/1041/1041
f 1047/1047/1047 1046/1046/1046 1045/1045/1045
f 1048/1048/1048 1047/1047/1047 1045/1045/1045
f 1048/1048/1048 1045/1045/1045 1049/1049/1049
f 1050/1050/1050 1048/1048/1048 1049/1049/1049
f 1053/1053/1053 1052/1052/1052 1051/1051/1051
f 1054/1054/1054 1053/1053/1053 1051/1051/1051
f 1051/1051/1051 1055/1055/1055 1054/1054/1054
f 1055/1055/1055 1056/1056/1056 1054/1054/1054
f 1059/1059/1059 1058/1058/1058 1057/1057/1057
f 1060/1060/1060 1059/1059/1059 1057/1057/1057
f 1060/1060/1060 1057/1057/1057 1061/1061/1061
f 1062/1062/1062 1060/1060/1060 1061/1061/1061
f 1065/1065/1065 1064/1064/1064 1063/1063/1063
f 1066/1066/1066 1065/1065/1065 1063/1063/1063
f 1069/1069/1069 1068/1068/1068 1067/1067/1067
f 1070/1070/1070 1069/1069/1069 1067/1067/1067
f 1070/1070/1070 1067/1067/1067 1071/1071/1071
f 1072/1072/1072 1070/1070/1070 1071/1071/1071
f 1075/1075/1075 1074/1074/1074 1073/1073/1073
f 1076/1076/1076 1075/1075/1075 1073/1073/1073
f 1073/1073/1073 1077/1077/1077 1076/1076/1076
f 1077/1077/1077 1078/1078/1078 1076/1076/1076
f 1081/1081/1081 1080/1080/1080 1079/1079/1079
f 1082/1082/1082 1081/1081/1081 1079/1079/1079
f 1082/1082/1082 1079/1079/1079 1083/1083/1083
f 1084/1084/1084 1082/1082/1082 1083/1083/1083
f 1087/1087/1087 1086/1086/1086 1085/1085/1085
f 1088/1088/1088 1087/1087/1087 1085/1085/1085
f 1091/1091/1091 1090/1090/1090 1089/1089/1089
f 1092/1092/1092 1091/1091/1091 1089/1089/1089
f 1092/1092/1092 1089/1089/1089 1093/1093/1093
f 1094/1094/1094 1092/1092/1092 1093/1093/1093
f 1097/1097/1097 1096/1096/1096 1095/1095/1095
f 1098/1098/1098 1097/1097/1097 1095/1095/1095
f 1095/1095/1095 1099/1099/1099 1098/1098/1098
f 1099/1099/1099 1100/1100/1100 1098/1098/1098
f 1103/1103/1103 1102/1102/1102 1101/1101/1101
f 1104/1104/1104 1103/1103/1103 1101/1101/1101
f 1104/1104/1104 1101/1101/1101 1105/1105/1105
f 1106/1106/1106 1104/1104/1104 1105/1105/1105
f 1109/1109/1109 1108/1108/1108 1107/1107/1107
f 1110/1110/1110 1109/1109/1109 1107/1107/1107
f 1113/1113/1113 1112/1112/1112 1111/1111/1111
f 1114/1114/1114 1113/1113/1113 1111/1111/1111
f 1114/1114/1114 1111/1111/1111 1115/1115/1115
f 1116/1116/1116 1114/1114/1114 1115/1115/1115
f 1119/1119/1119 1118/1118/1118 1117/1117/1117
f 1120/1120/1120 1119/1119/1119 1117/1117/1117
f 1117/1117/1117 1121/1121/1121 1120/1120/1120
f 1121/1121/1121 1122/1122/1122 1120/1120/1120
f 1125/1125/1125 1124/1124/1124 1123/1123/1123
f 1126/1126/1126 1125/1125/1125 1123/1123/1123
f 1126/1126/1126 1123/1123/1123 1127/1127/1127
f 1128/1128/1128 1126/1126/1126 1127/1127/1127
f 1131/1131/1131 1130/1130/1130 1129/1129/1129
f 1132/1132/1132 1131/1131/1131 1129/1129/1129
f 1135/1135/1135 1134/1134/1134 1133/1133/1133
f 1136/1136/1136 1135/1135/1135 1133/1133/1133
f 1136/1136/1136 1133/1133/1133 1137/1137/1137
f 1138/1138/1138 1136/1136/1136 1137/1137/1137
f 1141/1141/1141 1140/1140/1140 1139/1139/1139
f 1142/1142/1142 1141/1141/1141 1139/1139/1139
f 1139/1139/1139 1143/1143/1143 1142/1142/1142
f 1143/1143/1143 1144/1144/1144 1142/1142/1142
f 1147/1147/1147 1146/1146/1146 1145/1145/1145
f 1148/1148/1148 1147/1147/1147 1145/1145/1145
f 1148/1148/1148 1145/1145/1145 1149/1149/1149
f 1150/1150/1150 1148/1148/1148 1149/1149/1149
f 1153/1153/1153 1152/1152/1152 1151/1151/1151
f 1154/1154/1154 1153/1153/1153 1151/1151/1151
f 1157/1157/1157 1156/1156/1156 1155/1155/1155
f 1158/1158/1158 1157/1157/1157 1155/1155/1155
f 1158/1158/1158 1155/1155/1155 1159/1159/1159
f 1160/1160/1160 1158/1158/1158 1159/1159/1159
f 1163/1163/1163 1162/1162/1162 1161/1161/1161
f 1164/1164/1164 1163/1163/1163 1161/1161/1161
f 1161/1161/1161 1165/1165/1165 1164/1164/1164
f 1165/1165/1165 1166/1166/1166 1164/1164/1164
f 1169/1169/1169 1168/1168/1168 1167/1167/1167
f 1170/1170/1170 1169/1169/1169 1167/1167/1167
f 1170/1170/1170 1167/1167/1167 1171/1171/1171
f 1172/1172/1172 1170/1170/1170 1171/1171/1171
f 1175/1175/1175 1174/1174/1174 1173/1173/1173
f 1176/1176/1176 1175/1175/1175 1173/1173/1173
f 1179/1179/1179 1178/1178/1178 1177/1177/1177
f 1180/1180/1180 1179/1179/1179 1177/1177/1177
f 1180/1180/1180 1177/1177/1177 1181/1181/1181
f 1182/1182/1182 1180/1180/1180 1181/1181/1181
f 1185/1185/1185 1184/1184/1184 1183/1183/1183
f 1186/1186/1186 1185/1185/1185 1183/1183/1183
f 1183/1183/1183 1187/1187/1187 1186/1186/1186
f 1187/1187/1187 1188/1188/1188 1186/1186/1186
g Furniture_006_1
f 597/597/597 596/596/596 595/595/595
f 598/598/598 597/597/597 595/595/595
f 598/598/598 595/595/595 599/599/599
f 600/600/600 598/598/598 599/599/599
f 603/603/603 602/602/602 601/601/601
f 604/604/604 603/603/603 601/601/601
f 607/607/607 606/606/606 605/605/605
f 608/608/608 607/607/607 605/605/605
f 608/608/608 605/605/605 609/609/609
f 610/610/610 608/608/608 609/609/609
f 613/613/613 612/612/612 611/611/611
f 614/614/614 613/613/613 611/611/611
f 611/611/611 615/615/615 614/614/614
f 615/615/615 616/616/616 614/614/614
f 619/619/619 618/618/618 617/617/617
f 620/620/620 619/619/619 617/617/617
f 620/620/620 617/617/617 621/621/621
f 622/622/622 620/620/620 621/621/621
f 625/625/625 624/624/624 623/623/623
f 626/626/626 625/625/625 623/623/623
f 629/629/629 628/628/628 627/627/627
f 630/630/630 629/629/629 627/627/627
f 630/630/630 627/627/627 631/631/631
f 632/632/632 630/630/630 631/631/631
f 635/635/635 634/634/634 633/633/633
f 636/636/636 635/635/635 633/633/633
f 633/633/633 637/637/637 636/636/636
f 637/637/637 638/638/638 636/636/636
f 641/641/641 640/640/640 639/639/639
f 642/642/642 641/641/641 639/639/639
f 642/642/642 639/639/639 643/643/643
f 644/644/644 642/642/642 643/643/643
f 647/647/647 646/646/646 645/645/645
f 648/648/648 647/647/647 645/645/645
f 651/651/651 650/650/650 649/649/649
f 652/652/652 651/651/651 649/649/649
f 652/652/652 649/649/649 653/653/653
f 654/654/654 652/652/652 653/653/653
f 657/657/657 656/656/656 655/655/655
f 658/658/658 657/657/657 655/655/655
f 655/655/655 659/659/659 658/658/658
f 659/659/659 660/660/660 658/658/658
f 663/663/663 662/662/662 661/661/661
f 664/664/664 663/663/663 661/661/661
f 664/664/664 661/661/661 665/665/665
f 666/666/666 664/664/664 665/665/665
f 669/669/669 668/668/668 667/667/667
f 670/670/670 669/669/669 667/667/667
f 673/673/673 672/672/672 671/671/671
f 674/674/674 673/673/673 671/671/671
f 674/674/674 671/671/671 675/675/675
f 676/676/676 674/674/674 675/675/675
f 679/679/679 678/678/678 677/677/677
f 680/680/680 679/679/679 677/677/677
f 677/677/677 681/681/681 680/680/680
f 681/681/681 682/682/682 680/680/680
f 685/685/685 684/684/684 683/683/683
f 686/686/686 685/685/685 683/683/683
f 686/686/686 683/683/683 687/687/687
f 688/688/688 686/686/686 687/687/687
f 691/691/691 690/690/690 689/689/689
f 692/692/692 691/691/691 689/689/689
f 695/695/695 694/694/694 693/693/693
f 696/696/696 695/695/695 693/693/693
f 696/696/696 693/693/693 697/697/697
f 698/698/698 696/696/696 697/697/697
f 701/701/701 700/700/700 699/699/699
f 702/702/702 701/701/701 699/699/699
f 699/699/699 703/703/703 702/702/702
f 703/703/703 704/704/704 702/702/702
f 707/707/707 706/706/706 705/705/705
f 708/708/708 707/707/707 705/705/705
f 708/708/708 705/705/705 709/709/709
f 710/710/710 708/708/708 709/709/709
f 713/713/713 712/712/712 711/711/711
f 714/714/714 713/713/713 711/711/711
f 717/717/717 716/716/716 715/715/715
f 718/718/718 717/717/717 715/715/715
f 718/718/718 715/715/715 719/719/719
f 720/720/720 718/718/718 719/719/719
f 723/723/723 722/722/722 721/721/721
f 724/724/724 723/723/723 721/721/721
f 721/721/721 725/725/725 724/724/724
f 725/725/725 726/726/726 724/724/724
f 729/729/729 728/728/728 727/727/727
f 730/730/730 729/729/729 727/727/727
f 730/730/730 727/727/727 731/731/731
f 732/732/732 730/730/730 731/731/731
f 735/735/735 734/734/734 733/733/733
f 736/736/736 735/735/735 733/733/733
f 739/739/739 738/738/738 737/737/737
f 740/740/740 739/739/739 737/737/737
f 740/740/740 737/737/737 741/741/741
f 742/742/742 740/740/740 741/741/741
f 745/745/745 744/744/744 743/743/743
f 746/746/746 745/745/745 743/743/743
f 743/743/743 747/747/747 746/746/746
f 747/747/747 748/748/748 746/746/746
f 751/751/751 750/750/750 749/749/749
f 752/752/752 751/751/751 749/749/749
f 752/752/752 749/749/749 753/753/753
f 754/754/754 752/752/752 753/753/753
f 757/757/757 756/756/756 755/755/755
f 758/758/758 757/757/757 755/755/755
f 761/761/761 760/760/760 759/759/759
f 762/762/762 761/761/761 759/759/759
f 762/762/762 759/759/759 763/763/763
f 764/764/764 762/762/762 763/763/763
f 767/767/767 766/766/766 765/765/765
f 768/768/768 767/767/767 765/765/765
f 765/765/765 769/769/769 768/768/768
f 769/769/769 770/770/770 768/768/768
f 773/773/773 772/772/772 771/771/771
f 774/774/774 773/773/773 771/771/771
f 774/774/774 771/771/771 775/775/775
f 776/776/776 774/774/774 775/775/775
f 779/779/779 778/778/778 777/777/777
f 780/780/780 779/779/779 777/777/777
f 783/783/783 782/782/782 781/781/781
f 784/784/784 783/783/783 781/781/781
f 784/784/784 781/781/781 785/785/785
f 786/786/786 784/784/784 785/785/785
f 789/789/789 788/788/788 787/787/787
f 790/790/790 789/789/789 787/787/787
f 787/787/787 791/791/791 790/790/790
f 791/791/791 792/792/792 790/790/790
f 795/795/795 794/794/794 793/793/793
f 796/796/796 795/795/795 793/793/793
f 796/796/796 793/793/793 797/797/797
f 798/798/798 796/796/796 797/797/797
f 801/801/801 800/800/800 799/799/799
f 802/802/802 801/801/801 799/799/799
f 805/805/805 804/804/804 803/803/803
f 806/806/806 805/805/805 803/803/803
f 806/806/806 803/803/803 807/807/807
f 808/808/808 806/806/806 807/807/807
f 811/811/811 810/810/810 809/809/809
f 812/812/812 811/811/811 809/809/809
f 809/809/809 813/813/813 812/812/812
f 813/813/813 814/814/814 812/812/812
f 817/817/817 816/816/816 815/815/815
f 818/818/818 817/817/817 815/815/815
f 818/818/818 815/815/815 819/819/819
f 820/820/820 818/818/818 819/819/819
f 823/823/823 822/822/822 821/821/821
f 824/824/824 823/823/823 821/821/821
f 827/827/827 826/826/826 825/825/825
f 828/828/828 827/827/827 825/825/825
f 828/828/828 825/825/825 829/829/829
f 830/830/830 828/828/828 829/829/829
f 833/833/833 832/832/832 831/831/831
f 834/834/834 833/833/833 831/831/831
f 831/831/831 835/835/835 834/834/834
f 835/835/835 836/836/836 834/834/834
f 839/839/839 838/838/838 837/837/837
f 840/840/840 839/839/839 837/837/837
f 840/840/840 837/837/837 841/841/841
f 842/842/842 840/840/840 841/841/841
f 845/845/845 844/844/844 843/843/843
f 846/846/846 845/845/845 843/843/843
f 849/849/849 848/848/848 847/847/847
f 850/850/850 849/849/849 847/847/847
f 850/850/850 847/847/847 851/851/851
f 852/852/852 850/850/850 851/851/851
f 855/855/855 854/854/854 853/853/853
f 856/856/856 855/855/855 853/853/853
f 853/853/853 857/857/857 856/856/856
f 857/857/857 858/858/858 856/856/856
f 861/861/861 860/860/860 859/859/859
f 862/862/862 861/861/861 859/859/859
f 862/862/862 859/859/859 863/863/863
f 864/864/864 862/862/862 863/863/863
f 867/867/867 866/866/866 865/865/865
f 868/868/868 867/867/867 865/865/865
f 871/871/871 870/870/870 869/869/869
f 872/872/872 871/871/871 869/869/869
f 872/872/872 869/869/869 873/873/873
f 874/874/874 872/872/872 873/873/873
f 877/877/877 876/876/876 875/875/875
f 878/878/878 877/877/877 875/875/875
f 875/875/875 879/879/879 878/878/878
f 879/879/879 880/880/880 878/878/878
f 883/883/883 882/882/882 881/881/881
f 884/884/884 883/883/883 881/881/881
f 884/884/884 881/881/881 885/885/885
f 886/886/886 884/884/884 885/885/885
f 889/889/889 888/888/888 887/887/887
f 890/890/890 889/889/889 887/887/887
f 893/893/893 892/892/892 891/891/891
f 894/894/894 893/893/893 891/891/891
f 894/894/894 891/891/891 895/895/895
f 896/896/896 894/894/894 895/895/895
f 899/899/899 898/898/898 897/897/897
f 900/900/900 899/899/899 897/897/897
f 897/897/897 901/901/901 900/900/900
f 901/901/901 902/902/902 900/900/900
f 905/905/905 904/904/904 903/903/903
f 906/906/906 905/905/905 903/903/903
f 906/906/906 903/903/903 907/907/907
f 908/908/908 906/906/906 907/907/907
f 911/911/911 910/910/910 909/909/909
f 912/912/912 911/911/911 909/909/909
f 915/915/915 914/914/914 913/913/913
f 916/916/916 915/915/915 913/913/913
f 916/916/916 913/913/913 917/917/917
f 918/918/918 916/916/916 917/917/917
f 921/921/921 920/920/920 919/919/919
f 922/922/922 921/921/921 919/919/919
f 919/919/919 923/923/923 922/922/922
f 923/923/923 924/924/924 922/922/922
f 927/927/927 926/926/926 925/925/925
f 928/928/928 927/927/927 925/925/925
f 928/928/928 925/925/925 929/929/929
f 930/930/930 928/928/928 929/929/929
f 933/933/933 932/932/932 931/931/931
f 934/934/934 933/933/933 931/931/931
f 937/937/937 936/936/936 935/935/935
f 938/938/938 937/937/937 935/935/935
f 938/938/938 935/935/935 939/939/939
f 940/940/940 938/938/938 939/939/939
f 943/943/943 942/942/942 941/941/941
f 944/944/944 943/943/943 941/941/941
f 941/941/941 945/945/945 944/944/944
f 945/945/945 946/946/946 944/944/944
f 949/949/949 948/948/948 947/947/947
f 950/950/950 949/949/949 947/947/947
f 950/950/950 947/947/947 951/951/951
f 952/952/952 950/950/950 951/951/951
f 955/955/955 954/954/954 953/953/953
f 956/956/956 955/955/955 953/953/953
f 959/959/959 958/958/958 957/957/957
f 960/960/960 959/959/959 957/957/957
f 960/960/960 957/957/957 961/961/961
f 962/962/962 960/960/960 961/961/961
f 965/965/965 964/964/964 963/963/963
f 966/966/966 965/965/965 963/963/963
f 963/963/963 967/967/967 966/966/966
f 967/967/967 968/968/968 966/966/966
f 971/971/971 970/970/970 969/969/969
f 972/972/972 971/971/971 969/969/969
f 972/972/972 969/969/969 973/973/973
f 974/974/974 972/972/972 973/973/973
f 977/977/977 976/976/976 975/975/975
f 978/978/978 977/977/977 975/975/975
f 981/981/981 980/980/980 979/979/979
f 982/982/982 981/981/981 979/979/979
f 982/982/982 979/979/979 983/983/983
f 984/984/984 982/982/982 983/983/983
f 987/987/987 986/986/986 985/985/985
f 988/988/988 987/987/987 985/985/985
f 985/985/985 989/989/989 988/988/988
f 989/989/989 990/990/990 988/988/988
f 993/993/993 992/992/992 991/991/991
f 994/994/994 993/993/993 991/991/991
f 994/994/994 991/991/991 995/995/995
f 996/996/996 994/994/994 995/995/995
f 999/999/999 998/998/998 997/997/997
f 1000/1000/1000 999/999/999 997/997/997
f 1003/1003/1003 1002/1002/1002 1001/1001/1001
f 1004/1004/1004 1003/1003/1003 1001/1001/1001
f 1004/1004/1004 1001/1001/1001 1005/1005/1005
f 1006/1006/1006 1004/1004/1004 1005/1005/1005
f 1009/1009/1009 1008/1008/1008 1007/1007/1007
f 1010/1010/1010 1009/1009/1009 1007/1007/1007
f 1007/1007/1007 1011/1011/1011 1010/1010/1010
f 1011/1011/1011 1012/1012/1012 1010/1010/1010
f 1015/1015/1015 1014/1014/1014 1013/1013/1013
f 1016/1016/1016 1015/1015/1015 1013/1013/1013
f 1016/1016/1016 1013/1013/1013 1017/1017/1017
f 1018/1018/1018 1016/1016/1016 1017/1017/1017
f 1021/1021/1021 1020/1020/1020 1019/1019/1019
f 1022/1022/1022 1021/1021/1021 1019/1019/1019
f 1025/1025/1025 1024/1024/1024 1023/1023/1023
f 1026/1026/1026 1025/1025/1025 1023/1023/1023
f 1026/1026/1026 1023/1023/1023 1027/1027/1027
f 1028/1028/1028 1026/1026/1026 1027/1027/1027
f 1031/1031/1031 1030/1030/1030 1029/1029/1029
f 1032/1032/1032 1031/1031/1031 1029/1029/1029
f 1029/1029/1029 1033/1033/1033 1032/1032/1032
f 1033/1033/1033 1034/1034/1034 1032/1032/1032
f 1037/1037/1037 1036/1036/1036 1035/1035/1035
f 1038/1038/1038 1037/1037/1037 1035/1035/1035
f 1038/1038/1038 1035/1035/1035 1039/1039/1039
f 1040/1040/1040 1038/1038/1038 1039/1039/1039
f 1043/1043/1043 1042/1042/1042 1041/1041/1041
f 1044/1044/1044 1043/1043/1043 1041/1041/1041
f 1047/1047/1047 1046/1046/1046 1045/1045/1045
f 1048/1048/1048 1047/1047/1047 1045/1045/1045
f 1048/1048/1048 1045/1045/1045 1049/1049/1049
f 1050/1050/1050 1048/1048/1048 1049/1049/1049
f 1053/1053/1053 1052/1052/1052 1051/1051/1051
f 1054/1054/1054 1053/1053/1053 1051/1051/1051
f 1051/1051/1051 1055/1055/1055 1054/1054/1054
f 1055/1055/1055 1056/1056/1056 1054/1054/1054
f 1059/1059/1059 1058/1058/1058 1057/1057/1057
f 1060/1060/1060 1059/1059/1059 1057/1057/1057
f 1060/1060/1060 1057/1057/1057 1061/1061/1061
f 1062/1062/1062 1060/1060/1060 1061/1061/1061
f 1065/1065/1065 1064/1064/1064 1063/1063/1063
f 1066/1066/1066 1065/1065/1065 1063/1063/1063
f 1069/1069/1069 1068/1068/1068 1067/1067/1067
f 1070/1070/1070 1069/1069/1069 1067/1067/1067
f 1070/1070/1070 1067/1067/1067 1071/1071/1071
f 1072/1072/1072 1070/1070/1070 1071/1071/1071
f 1075/1075/1075 1074/1074/1074 1073/1073/1073
f 1076/1076/1076 1075/1075/1075 1073/1073/1073
f 1073/1073/1073 1077/1077/1077 1076/1076/1076
f 1077/1077/1077 1078/1078/1078 1076/1076/1076
f 1081/1081/1081 1080/1080/1080 1079/1079/1079
f 1082/1082/1082 1081/1081/1081 1079/1079/1079
f 1082/1082/1082 1079/1079/1079 1083/1083/1083
f 1084/1084/1084 1082/1082/1082 1083/1083/1083
f 1087/1087/1087 1086/1086/1086 1085/1085/1085
f 1088/1088/1088 1087/1087/1087 1085/1085/1085
f 1091/1091/1091 1090/1090/1090 1089/1089/1089
f 1092/1092/1092 1091/1091/1091 1089/1089/1089
f 1092/1092/1092 1089/1089/1089 1093/1093/1093
f 1094/1094/1094 1092/1092/1092 1093/1093/1093
f 1097/1097/1097 1096/1096/1096 1095/1095/1095
f 1098/1098/1098 1097/1097/1097 1095/1095/1095
f 1095/1095/1095 1099/1099/1099 1098/1098/1098
f 1099/1099/1099 1100/1100/1100 1098/1098/1098
f 1103/1103/1103 1102/1102/1102 1101/1101/1101
f 1104/1104/1104 1103/1103/1103 1101/1101/1101
f 1104/1104/1104 1101/1101/1101 1105/1105/1105
f 1106/1106/1106 1104/1104/1104 1105/1105/1105
f 1109/1109/1109 1108/1108/1108 1107/1107/1107
f 1110/1110/1110 1109/1109/1109 1107/1107/1107
f 1113/1113/1113 1112/1112/1112 1111/1111/1111
f 1114/1114/1114 1113/1113/1113 1111/1111/1111
f 1114/1114/1114 1111/1111/1111 1115/1115/1115
f 1116/1116/1116 1114/1114/1114 1115/1115/1115
f 1119/1119/1119 1118/1118/1118 1117/1117/1117
f 1120/1120/1120 1119/1119/1119 1117/1117/1117
f 1117/1117/1117 1121/1121/1121 1120/1120/1120
f 1121/1121/1121 1122/1122/1122 1120/1120/1120
f 1125/1125/1125 1124/1124/1124 1123/1123/1123
f 1126/1126/1126 1125/1125/1125 1123/1123/1123
f 1126/1126/1126 1123/1123/1123 1127/1127/1127
f 1128/1128/1128 1126/1126/1126 1127/1127/1127
f 1131/1131/1131 1130/1130/1130 1129/1129/1129
f 1132/1132/1132 1131/1131/1131 1129/1129/1129
f 1135/1135/1135 1134/1134/1134 1133/1133/1133
f 1136/1136/1136 1135/1135/1135 1133/1133/1133
f 1136/1136/1136 1133/1133/1133 1137/1137/1137
f 1138/1138/1138 1136/1136/1136 1137/1137/1137
f 1141/1141/1141 1140/1140/1140 1139/1139/1139
f 1142/1142/1142 1141/1141/1141 1139/1139/1139
f 1139/1139/1139 1143/1143/1143 1142/1142/1142
f 1143/1143/1143 1144/1144/1144 1142/1142/1142
f 1147/1147/1147 1146/1146/1146 1145/1145/1145
f 1148/1148/1148 1147/1147/1147 1145/1145/1145
f 1148/1148/1148 1145/1145/1145 1149/1149/1149
f 1150/1150/1150 1148/1148/1148 1149/1149/1149
f 1153/1153/1153 1152/1152/1152 1151/1151/1151
f 1154/1154/1154 1153/1153/1153 1151/1151/1151
f 1157/1157/1157 1156/1156/1156 1155/1155/1155
f 1158/1158/1158 1157/1157/1157 1155/1155/1155
f 1158/1158/1158 1155/1155/1155 1159/1159/1159
f 1160/1160/1160 1158/1158/1158 1159/1159/1159
f 1163/1163/1163 1162/1162/1162 1161/1161/1161
f 1164/1164/1164 1163/1163/1163 1161/1161/1161
f 1161/1161/1161 1165/1165/1165 1164/1164/1164
f 1165/1165/1165 1166/1166/1166 1164/1164/1164
f 1169/1169/1169 1168/1168/1168 1167/1167/1167
f 1170/1170/1170 1169/1169/1169 1167/1167/1167
f 1170/1170/1170 1167/1167/1167 1171/1171/1171
f 1172/1172/1172 1170/1170/1170 1171/1171/1171
f 1175/1175/1175 1174/1174/1174 1173/1173/1173
f 1176/1176/1176 1175/1175/1175 1173/1173/1173
f 1179/1179/1179 1178/1178/1178 1177/1177/1177
f 1180/1180/1180 1179/1179/1179 1177/1177/1177
f 1180/1180/1180 1177/1177/1177 1181/1181/1181
f 1182/1182/1182 1180/1180/1180 1181/1181/1181
f 1185/1185/1185 1184/1184/1184 1183/1183/1183
f 1186/1186/1186 1185/1185/1185 1183/1183/1183
f 1183/1183/1183 1187/1187/1187 1186/1186/1186
f 1187/1187/1187 1188/1188/1188 1186/1186/1186
f 1191/1191/1191 1190/1190/1190 1189/1189/1189
f 1192/1192/1192 1191/1191/1191 1189/1189/1189
f 1192/1192/1192 1189/1189/1189 1193/1193/1193
f 1194/1194/1194 1192/1192/1192 1193/1193/1193
f 1194/1194/1194 1193/1193/1193 1195/1195/1195
f 1196/1196/1196 1194/1194/1194 1195/1195/1195
f 1199/1199/1199 1198/1198/1198 1197/1197/1197
f 1200/1200/1200 1199/1199/1199 1197/1197/1197
f 1200/1200/1200 1197/1197/1197 1201/1201/1201
f 1202/1202/1202 1200/1200/1200 1201/1201/1201
f 1202/1202/1202 1201/1201/1201 1203/1203/1203
f 1204/1204/1204 1202/1202/1202 1203/1203/1203
f 1207/1207/1207 1206/1206/1206 1205/1205/1205
f 1208/1208/1208 1207/1207/1207 1205/1205/1205
f 1208/1208/1208 1205/1205/1205 1209/1209/1209
f 1210/1210/1210 1208/1208/1208 1209/1209/1209
f 1210/1210/1210 1209/1209/1209 1211/1211/1211
f 1212/1212/1212 1210/1210/1210 1211/1211/1211
f 1215/1215/1215 1214/1214/1214 1213/1213/1213
f 1216/1216/1216 1215/1215/1215 1213/1213/1213
f 1216/1216/1216 1213/1213/1213 1217/1217/1217
f 1218/1218/1218 1216/1216/1216 1217/1217/1217
f 1218/1218/1218 1217/1217/1217 1219/1219/1219
f 1220/1220/1220 1218/1218/1218 1219/1219/1219
f 1223/1223/1223 1222/1222/1222 1221/1221/1221
f 1224/1224/1224 1223/1223/1223 1221/1221/1221
f 1224/1224/1224 1221/1221/1221 1225/1225/1225
f 1226/1226/1226 1224/1224/1224 1225/1225/1225
f 1226/1226/1226 1225/1225/1225 1227/1227/1227
f 1228/1228/1228 1226/1226/1226 1227/1227/1227
f 1231/1231/1231 1230/1230/1230 1229/1229/1229
f 1232/1232/1232 1231/1231/1231 1229/1229/1229
f 1232/1232/1232 1229/1229/1229 1233/1233/1233
f 1234/1234/1234 1232/1232/1232 1233/1233/1233
f 1234/1234/1234 1233/1233/1233 1235/1235/1235
f 1236/1236/1236 1234/1234/1234 1235/1235/1235
f 1239/1239/1239 1238/1238/1238 1237/1237/1237
f 1240/1240/1240 1239/1239/1239 1237/1237/1237
f 1240/1240/1240 1237/1237/1237 1241/1241/1241
f 1242/1242/1242 1240/1240/1240 1241/1241/1241
f 1242/1242/1242 1241/1241/1241 1243/1243/1243
f 1244/1244/1244 1242/1242/1242 1243/1243/1243
f 1247/1247/1247 1246/1246/1246 1245/1245/1245
f 1248/1248/1248 1247/1247/1247 1245/1245/1245
f 1248/1248/1248 1245/1245/1245 1249/1249/1249
f 1250/1250/1250 1248/1248/1248 1249/1249/1249
f 1250/1250/1250 1249/1249/1249 1251/1251/1251
f 1252/1252/1252 1250/1250/1250 1251/1251/1251
f 1255/1255/1255 1254/1254/1254 1253/1253/1253
f 1256/1256/1256 1255/1255/1255 1253/1253/1253
f 1256/1256/1256 1253/1253/1253 1257/1257/1257
f 1258/1258/1258 1256/1256/1256 1257/1257/1257
f 1258/1258/1258 1257/1257/1257 1259/1259/1259
f 1260/1260/1260 1258/1258/1258 1259/1259/1259
f 1263/1263/1263 1262/1262/1262 1261/1261/1261
f 1264/1264/1264 1263/1263/1263 1261/1261/1261
f 1264/1264/1264 1261/1261/1261 1265/1265/1265
f 1266/1266/1266 1264/1264/1264 1265/1265/1265
f 1266/1266/1266 1265/1265/1265 1267/1267/1267
f 1268/1268/1268 1266/1266/1266 1267/1267/1267
f 1271/1271/1271 1270/1270/1270 1269/1269/1269
f 1272/1272/1272 1271/1271/1271 1269/1269/1269
f 1272/1272/1272 1269/1269/1269 1273/1273/1273
f 1274/1274/1274 1272/1272/1272 1273/1273/1273
f 1274/1274/1274 1273/1273/1273 1275/1275/1275
f 1276/1276/1276 1274/1274/1274 1275/1275/1275
f 1279/1279/1279 1278/1278/1278 1277/1277/1277
f 1280/1280/1280 1279/1279/1279 1277/1277/1277
f 1280/1280/1280 1277/1277/1277 1281/1281/1281
f 1282/1282/1282 1280/1280/1280 1281/1281/1281
f 1282/1282/1282 1281/1281/1281 1283/1283/1283
f 1284/1284/1284 1282/1282/1282 1283/1283/1283
f 1287/1287/1287 1286/1286/1286 1285/1285/1285
f 1288/1288/1288 1287/1287/1287 1285/1285/1285
f 1288/1288/1288 1285/1285/1285 1289/1289/1289
f 1290/1290/1290 1288/1288/1288 1289/1289/1289
f 1290/1290/1290 1289/1289/1289 1291/1291/1291
f 1292/1292/1292 1290/1290/1290 1291/1291/1291
f 1295/1295/1295 1294/1294/1294 1293/1293/1293
f 1296/1296/1296 1295/1295/1295 1293/1293/1293
f 1296/1296/1296 1293/1293/1293 1297/1297/1297
f 1298/1298/1298 1296/1296/1296 1297/1297/1297
f 1298/1298/1298 1297/1297/1297 1299/1299/1299
f 1300/1300/1300 1298/1298/1298 1299/1299/1299
f 1303/1303/1303 1302/1302/1302 1301/1301/1301
f 1304/1304/1304 1303/1303/1303 1301/1301/1301
f 1304/1304/1304 1301/1301/1301 1305/1305/1305
f 1306/1306/1306 1304/1304/1304 1305/1305/1305
f 1306/1306/1306 1305/1305/1305 1307/1307/1307
f 1308/1308/1308 1306/1306/1306 1307/1307/1307
f 1311/1311/1311 1310/1310/1310 1309/1309/1309
f 1312/1312/1312 1311/1311/1311 1309/1309/1309
f 1312/1312/1312 1309/1309/1309 1313/1313/1313
f 1314/1314/1314 1312/1312/1312 1313/1313/1313
f 1314/1314/1314 1313/1313/1313 1315/1315/1315
f 1316/1316/1316 1314/1314/1314 1315/1315/1315
f 1319/1319/1319 1318/1318/1318 1317/1317/1317
f 1320/1320/1320 1319/1319/1319 1317/1317/1317
f 1320/1320/1320 1317/1317/1317 1321/1321/1321
f 1322/1322/1322 1320/1320/1320 1321/1321/1321
f 1322/1322/1322 1321/1321/1321 1323/1323/1323
f 1324/1324/1324 1322/1322/1322 1323/1323/1323
f 1327/1327/1327 1326/1326/1326 1325/1325/1325
f 1328/1328/1328 1327/1327/1327 1325/1325/1325
f 1328/1328/1328 1325/1325/1325 1329/1329/1329
f 1330/1330/1330 1328/1328/1328 1329/1329/1329
f 1330/1330/1330 1329/1329/1329 1331/1331/1331
f 1332/1332/1332 1330/1330/1330 1331/1331/1331
f 1335/1335/1335 1334/1334/1334 1333/1333/1333
f 1336/1336/1336 1335/1335/1335 1333/1333/1333
f 1336/1336/1336 1333/1333/1333 1337/1337/1337
f 1338/1338/1338 1336/1336/1336 1337/1337/1337
f 1338/1338/1338 1337/1337/1337 1339/1339/1339
f 1340/1340/1340 1338/1338/1338 1339/1339/1339
f 1343/1343/1343 1342/1342/1342 1341/1341/1341
f 1344/1344/1344 1343/1343/1343 1341/1341/1341
f 1344/1344/1344 1341/1341/1341 1345/1345/1345
f 1346/1346/1346 1344/1344/1344 1345/1345/1345
f 1346/1346/1346 1345/1345/1345 1347/1347/1347
f 1348/1348/1348 1346/1346/1346 1347/1347/1347
f 1351/1351/1351 1350/1350/1350 1349/1349/1349
f 1352/1352/1352 1351/1351/1351 1349/1349/1349
f 1352/1352/1352 1349/1349/1349 1353/1353/1353
f 1354/1354/1354 1352/1352/1352 1353/1353/1353
f 1354/1354/1354 1353/1353/1353 1355/1355/1355
f 1356/1356/1356 1354/1354/1354 1355/1355/1355
f 1359/1359/1359 1358/1358/1358 1357/1357/1357
f 1360/1360/1360 1359/1359/1359 1357/1357/1357
f 1360/1360/1360 1357/1357/1357 1361/1361/1361
f 1362/1362/1362 1360/1360/1360 1361/1361/1361
f 1362/1362/1362 1361/1361/1361 1363/1363/1363
f 1364/1364/1364 1362/1362/1362 1363/1363/1363
f 1367/1367/1367 1366/1366/1366 1365/1365/1365
f 1368/1368/1368 1367/1367/1367 1365/1365/1365
f 1368/1368/1368 1365/1365/1365 1369/1369/1369
f 1370/1370/1370 1368/1368/1368 1369/1369/1369
f 1370/1370/1370 1369/1369/1369 1371/1371/1371
f 1372/1372/1372 1370/1370/1370 1371/1371/1371
f 1375/1375/1375 1374/1374/1374 1373/1373/1373
f 1376/1376/1376 1375/1375/1375 1373/1373/1373
f 1376/1376/1376 1373/1373/1373 1377/1377/1377
f 1378/1378/1378 1376/1376/1376 1377/1377/1377
f 1378/1378/1378 1377/1377/1377 1379/1379/1379
f 1380/1380/1380 1378/1378/1378 1379/1379/1379
f 1383/1383/1383 1382/1382/1382 1381/1381/1381
f 1384/1384/1384 1383/1383/1383 1381/1381/1381
f 1384/1384/1384 1381/1381/1381 1385/1385/1385
f 1386/1386/1386 1384/1384/1384 1385/1385/1385
f 1386/1386/1386 1385/1385/1385 1387/1387/1387
f 1388/1388/1388 1386/1386/1386 1387/1387/1387
f 1391/1391/1391 1390/1390/1390 1389/1389/1389
f 1392/1392/1392 1391/1391/1391 1389/1389/1389
f 1392/1392/1392 1389/1389/1389 1393/1393/1393
f 1394/1394/1394 1392/1392/1392 1393/1393/1393
f 1394/1394/1394 1393/1393/1393 1395/1395/1395
f 1396/1396/1396 1394/1394/1394 1395/1395/1395
f 1399/1399/1399 1398/1398/1398 1397/1397/1397
f 1400/1400/1400 1399/1399/1399 1397/1397/1397
f 1400/1400/1400 1397/1397/1397 1401/1401/1401
f 1402/1402/1402 1400/1400/1400 1401/1401/1401
f 1402/1402/1402 1401/1401/1401 1403/1403/1403
f 1404/1404/1404 1402/1402/1402 1403/1403/1403
f 1407/1407/1407 1406/1406/1406 1405/1405/1405
f 1408/1408/1408 1407/1407/1407 1405/1405/1405
f 1408/1408/1408 1405/1405/1405 1409/1409/1409
f 1410/1410/1410 1408/1408/1408 1409/1409/1409
f 1410/1410/1410 1409/1409/1409 1411/1411/1411
f 1412/1412/1412 1410/1410/1410 1411/1411/1411
f 1415/1415/1415 1414/1414/1414 1413/1413/1413
f 1416/1416/1416 1415/1415/1415 1413/1413/1413
f 1416/1416/1416 1413/1413/1413 1417/1417/1417
f 1418/1418/1418 1416/1416/1416 1417/1417/1417
f 1418/1418/1418 1417/1417/1417 1419/1419/1419
f 1420/1420/1420 1418/1418/1418 1419/1419/1419
f 1423/1423/1423 1422/1422/1422 1421/1421/1421
f 1424/1424/1424 1423/1423/1423 1421/1421/1421
f 1424/1424/1424 1421/1421/1421 1425/1425/1425
f 1426/1426/1426 1424/1424/1424 1425/1425/1425
f 1426/1426/1426 1425/1425/1425 1427/1427/1427
f 1428/1428/1428 1426/1426/1426 1427/1427/1427
f 1431/1431/1431 1430/1430/1430 1429/1429/1429
f 1432/1432/1432 1431/1431/1431 1429/1429/1429
f 1432/1432/1432 1429/1429/1429 1433/1433/1433
f 1434/1434/1434 1432/1432/1432 1433/1433/1433
f 1434/1434/1434 1433/1433/1433 1435/1435/1435
f 1436/1436/1436 1434/1434/1434 1435/1435/1435
f 1439/1439/1439 1438/1438/1438 1437/1437/1437
f 1440/1440/1440 1439/1439/1439 1437/1437/1437
f 1440/1440/1440 1437/1437/1437 1441/1441/1441
f 1442/1442/1442 1440/1440/1440 1441/1441/1441
f 1442/1442/1442 1441/1441/1441 1443/1443/1443
f 1444/1444/1444 1442/1442/1442 1443/1443/1443
f 1447/1447/1447 1446/1446/1446 1445/1445/1445
f 1448/1448/1448 1447/1447/1447 1445/1445/1445
f 1448/1448/1448 1445/1445/1445 1449/1449/1449
f 1450/1450/1450 1448/1448/1448 1449/1449/1449
f 1450/1450/1450 1449/1449/1449 1451/1451/1451
f 1452/1452/1452 1450/1450/1450 1451/1451/1451
f 1455/1455/1455 1454/1454/1454 1453/1453/1453
f 1456/1456/1456 1455/1455/1455 1453/1453/1453
f 1456/1456/1456 1453/1453/1453 1457/1457/1457
f 1458/1458/1458 1456/1456/1456 1457/1457/1457
f 1458/1458/1458 1457/1457/1457 1459/1459/1459
f 1460/1460/1460 1458/1458/1458 1459/1459/1459
f 1463/1463/1463 1462/1462/1462 1461/1461/1461
f 1464/1464/1464 1463/1463/1463 1461/1461/1461
f 1464/1464/1464 1461/1461/1461 1465/1465/1465
f 1466/1466/1466 1464/1464/1464 1465/1465/1465
f 1466/1466/1466 1465/1465/1465 1467/1467/1467
f 1468/1468/1468 1466/1466/1466 1467/1467/1467
f 1471/1471/1471 1470/1470/1470 1469/1469/1469
f 1472/1472/1472 1471/1471/1471 1469/1469/1469
f 1472/1472/1472 1469/1469/1469 1473/1473/1473
f 1474/1474/1474 1472/1472/1472 1473/1473/1473
f 1474/1474/1474 1473/1473/1473 1475/1475/1475
f 1476/1476/1476 1474/1474/1474 1475/1475/1475
f 1479/1479/1479 1478/1478/1478 1477/1477/1477
f 1480/1480/1480 1479/1479/1479 1477/1477/1477
f 1480/1480/1480 1477/1477/1477 1481/1481/1481
f 1482/1482/1482 1480/1480/1480 1481/1481/1481
f 1482/1482/1482 1481/1481/1481 1483/1483/1483
f 1484/1484/1484 1482/1482/1482 1483/1483/1483
f 1487/1487/1487 1486/1486/1486 1485/1485/1485
f 1488/1488/1488 1487/1487/1487 1485/1485/1485
f 1488/1488/1488 1485/1485/1485 1489/1489/1489
f 1490/1490/1490 1488/1488/1488 1489/1489/1489
f 1490/1490/1490 1489/1489/1489 1491/1491/1491
f 1492/1492/1492 1490/1490/1490 1491/1491/1491
f 1495/1495/1495 1494/1494/1494 1493/1493/1493
f 1496/1496/1496 1495/1495/1495 1493/1493/1493
f 1496/1496/1496 1493/1493/1493 1497/1497/1497
f 1498/1498/1498 1496/1496/1496 1497/1497/1497
f 1498/1498/1498 1497/1497/1497 1499/1499/1499
f 1500/1500/1500 1498/1498/1498 1499/1499/1499
f 1503/1503/1503 1502/1502/1502 1501/1501/1501
f 1504/1504/1504 1503/1503/1503 1501/1501/1501
f 1504/1504/1504 1501/1501/1501 1505/1505/1505
f 1506/1506/1506 1504/1504/1504 1505/1505/1505
f 1506/1506/1506 1505/1505/1505 1507/1507/1507
f 1508/1508/1508 1506/1506/1506 1507/1507/1507
f 1511/1511/1511 1510/1510/1510 1509/1509/1509
f 1512/1512/1512 1511/1511/1511 1509/1509/1509
f 1512/1512/1512 1509/1509/1509 1513/1513/1513
f 1514/1514/1514 1512/1512/1512 1513/1513/1513
f 1514/1514/1514 1513/1513/1513 1515/1515/1515
f 1516/1516/1516 1514/1514/1514 1515/1515/1515
f 1519/1519/1519 1518/1518/1518 1517/1517/1517
f 1520/1520/1520 1519/1519/1519 1517/1517/1517
f 1520/1520/1520 1517/1517/1517 1521/1521/1521
f 1522/1522/1522 1520/1520/1520 1521/1521/1521
f 1522/1522/1522 1521/1521/1521 1523/1523/1523
f 1524/1524/1524 1522/1522/1522 1523/1523/1523
f 1527/1527/1527 1526/1526/1526 1525/1525/1525
f 1528/1528/1528 1527/1527/1527 1525/1525/1525
f 1528/1528/1528 1525/1525/1525 1529/1529/1529
f 1530/1530/1530 1528/1528/1528 1529/1529/1529
f 1530/1530/1530 1529/1529/1529 1531/1531/1531
f 1532/1532/1532 1530/1530/1530 1531/1531/1531
f 1535/1535/1535 1534/1534/1534 1533/1533/1533
f 1536/1536/1536 1535/1535/1535 1533/1533/1533
f 1536/1536/1536 1533/1533/1533 1537/1537/1537
f 1538/1538/1538 1536/1536/1536 1537/1537/1537
f 1538/1538/1538 1537/1537/1537 1539/1539/1539
f 1540/1540/1540 1538/1538/1538 1539/1539/1539
f 1543/1543/1543 1542/1542/1542 1541/1541/1541
f 1544/1544/1544 1543/1543/1543 1541/1541/1541
f 1544/1544/1544 1541/1541/1541 1545/1545/1545
f 1546/1546/1546 1544/1544/1544 1545/1545/1545
f 1546/1546/1546 1545/1545/1545 1547/1547/1547
f 1548/1548/1548 1546/1546/1546 1547/1547/1547
f 1551/1551/1551 1550/1550/1550 1549/1549/1549
f 1552/1552/1552 1551/1551/1551 1549/1549/1549
f 1552/1552/1552 1549/1549/1549 1553/1553/1553
f 1554/1554/1554 1552/1552/1552 1553/1553/1553
f 1554/1554/1554 1553/1553/1553 1555/1555/1555
f 1556/1556/1556 1554/1554/1554 1555/1555/1555
f 1559/1559/1559 1558/1558/1558 1557/1557/1557
f 1560/1560/1560 1559/1559/1559 1557/1557/1557
f 1560/1560/1560 1557/1557/1557 1561/1561/1561
f 1562/1562/1562 1560/1560/1560 1561/1561/1561
f 1562/1562/1562 1561/1561/1561 1563/1563/1563
f 1564/1564/1564 1562/1562/1562 1563/1563/1563
f 1567/1567/1567 1566/1566/1566 1565/1565/1565
f 1568/1568/1568 1567/1567/1567 1565/1565/1565
f 1568/1568/1568 1565/1565/1565 1569/1569/1569
f 1570/1570/1570 1568/1568/1568 1569/1569/1569
f 1570/1570/1570 1569/1569/1569 1571/1571/1571
f 1572/1572/1572 1570/1570/1570 1571/1571/1571
f 1575/1575/1575 1574/1574/1574 1573/1573/1573
f 1576/1576/1576 1575/1575/1575 1573/1573/1573
f 1576/1576/1576 1573/1573/1573 1577/1577/1577
f 1578/1578/1578 1576/1576/1576 1577/1577/1577
f 1578/1578/1578 1577/1577/1577 1579/1579/1579
f 1580/1580/1580 1578/1578/1578 1579/1579/1579
f 1583/1583/1583 1582/1582/1582 1581/1581/1581
f 1584/1584/1584 1583/1583/1583 1581/1581/1581
f 1584/1584/1584 1581/1581/1581 1585/1585/1585
f 1586/1586/1586 1584/1584/1584 1585/1585/1585
f 1586/1586/1586 1585/1585/1585 1587/1587/1587
f 1588/1588/1588 1586/1586/1586 1587/1587/1587
f 1591/1591/1591 1590/1590/1590 1589/1589/1589
f 1592/1592/1592 1591/1591/1591 1589/1589/1589
f 1592/1592/1592 1589/1589/1589 1593/1593/1593
f 1594/1594/1594 1592/1592/1592 1593/1593/1593
f 1594/1594/1594 1593/1593/1593 1595/1595/1595
f 1596/1596/1596 1594/1594/1594 1595/1595/1595
f 1599/1599/1599 1598/1598/1598 1597/1597/1597
f 1600/1600/1600 1599/1599/1599 1597/1597/1597
f 1600/1600/1600 1597/1597/1597 1601/1601/1601
f 1602/1602/1602 1600/1600/1600 1601/1601/1601
f 1602/1602/1602 1601/1601/1601 1603/1603/1603
f 1604/1604/1604 1602/1602/1602 1603/1603/1603
f 1607/1607/1607 1606/1606/1606 1605/1605/1605
f 1608/1608/1608 1607/1607/1607 1605/1605/1605
f 1608/1608/1608 1605/1605/1605 1609/1609/1609
f 1610/1610/1610 1608/1608/1608 1609/1609/1609
f 1610/1610/1610 1609/1609/1609 1611/1611/1611
f 1612/1612/1612 1610/1610/1610 1611/1611/1611
f 1615/1615/1615 1614/1614/1614 1613/1613/1613
f 1616/1616/1616 1615/1615/1615 1613/1613/1613
f 1616/1616/1616 1613/1613/1613 1617/1617/1617
f 1618/1618/1618 1616/1616/1616 1617/1617/1617
f 1618/1618/1618 1617/1617/1617 1619/1619/1619
f 1620/1620/1620 1618/1618/1618 1619/1619/1619
f 1623/1623/1623 1622/1622/1622 1621/1621/1621
f 1624/1624/1624 1623/1623/1623 1621/1621/1621
f 1624/1624/1624 1621/1621/1621 1625/1625/1625
f 1626/1626/1626 1624/1624/1624 1625/1625/1625
f 1626/1626/1626 1625/1625/1625 1627/1627/1627
f 1628/1628/1628 1626/1626/1626 1627/1627/1627
f 1631/1631/1631 1630/1630/1630 1629/1629/1629
f 1632/1632/1632 1631/1631/1631 1629/1629/1629
f 1632/1632/1632 1629/1629/1629 1633/1633/1633
f 1634/1634/1634 1632/1632/1632 1633/1633/1633
f 1634/1634/1634 1633/1633/1633 1635/1635/1635
f 1636/1636/1636 1634/1634/1634 1635/1635/1635
f 1639/1639/1639 1638/1638/1638 1637/1637/1637
f 1640/1640/1640 1639/1639/1639 1637/1637/1637
f 1640/1640/1640 1637/1637/1637 1641/1641/1641
f 1642/1642/1642 1640/1640/1640 1641/1641/1641
f 1642/1642/1642 1641/1641/1641 1643/1643/1643
f 1644/1644/1644 1642/1642/1642 1643/1643/1643
f 1647/1647/1647 1646/1646/1646 1645/1645/1645
f 1648/1648/1648 1647/1647/1647 1645/1645/1645
f 1648/1648/1648 1645/1645/1645 1649/1649/1649
f 1650/1650/1650 1648/1648/1648 1649/1649/1649
f 1650/1650/1650 1649/1649/1649 1651/1651/1651
f 1652/1652/1652 1650/1650/1650 1651/1651/1651
f 1655/1655/1655 1654/1654/1654 1653/1653/1653
f 1656/1656/1656 1655/1655/1655 1653/1653/1653
f 1656/1656/1656 1653/1653/1653 1657/1657/1657
f 1658/1658/1658 1656/1656/1656 1657/1657/1657
f 1658/1658/1658 1657/1657/1657 1659/1659/1659
f 1660/1660/1660 1658/1658/1658 1659/1659/1659
f 1663/1663/1663 1662/1662/1662 1661/1661/1661
f 1664/1664/1664 1663/1663/1663 1661/1661/1661
f 1664/1664/1664 1661/1661/1661 1665/1665/1665
f 1666/1666/1666 1664/1664/1664 1665/1665/1665
f 1666/1666/1666 1665/1665/1665 1667/1667/1667
f 1668/1668/1668 1666/1666/1666 1667/1667/1667
f 1671/1671/1671 1670/1670/1670 1669/1669/1669
f 1672/1672/1672 1671/1671/1671 1669/1669/1669
f 1672/1672/1672 1669/1669/1669 1673/1673/1673
f 1674/1674/1674 1672/1672/1672 1673/1673/1673
f 1674/1674/1674 1673/1673/1673 1675/1675/1675
f 1676/1676/1676 1674/1674/1674 1675/1675/1675
f 1679/1679/1679 1678/1678/1678 1677/1677/1677
f 1680/1680/1680 1679/1679/1679 1677/1677/1677
f 1680/1680/1680 1677/1677/1677 1681/1681/1681
f 1682/1682/1682 1680/1680/1680 1681/1681/1681
f 1682/1682/1682 1681/1681/1681 1683/1683/1683
f 1684/1684/1684 1682/1682/1682 1683/1683/1683
f 1687/1687/1687 1686/1686/1686 1685/1685/1685
f 1688/1688/1688 1687/1687/1687 1685/1685/1685
f 1688/1688/1688 1685/1685/1685 1689/1689/1689
f 1690/1690/1690 1688/1688/1688 1689/1689/1689
f 1690/1690/1690 1689/1689/1689 1691/1691/1691
f 1692/1692/1692 1690/1690/1690 1691/1691/1691
f 1695/1695/1695 1694/1694/1694 1693/1693/1693
f 1696/1696/1696 1695/1695/1695 1693/1693/1693
f 1696/1696/1696 1693/1693/1693 1697/1697/1697
f 1698/1698/1698 1696/1696/1696 1697/1697/1697
f 1698/1698/1698 1697/1697/1697 1699/1699/1699
f 1700/1700/1700 1698/1698/1698 1699/1699/1699
f 1703/1703/1703 1702/1702/1702 1701/1701/1701
f 1704/1704/1704 1703/1703/1703 1701/1701/1701
f 1704/1704/1704 1701/1701/1701 1705/1705/1705
f 1706/1706/1706 1704/1704/1704 1705/1705/1705
f 1706/1706/1706 1705/1705/1705 1707/1707/1707
f 1708/1708/1708 1706/1706/1706 1707/1707/1707
f 1711/1711/1711 1710/1710/1710 1709/1709/1709
f 1712/1712/1712 1711/1711/1711 1709/1709/1709
f 1712/1712/1712 1709/1709/1709 1713/1713/1713
f 1714/1714/1714 1712/1712/1712 1713/1713/1713
f 1714/1714/1714 1713/1713/1713 1715/1715/1715
f 1716/1716/1716 1714/1714/1714 1715/1715/1715
f 1719/1719/1719 1718/1718/1718 1717/1717/1717
f 1720/1720/1720 1719/1719/1719 1717/1717/1717
f 1720/1720/1720 1717/1717/1717 1721/1721/1721
f 1722/1722/1722 1720/1720/1720 1721/1721/1721
f 1722/1722/1722 1721/1721/1721 1723/1723/1723
f 1724/1724/1724 1722/1722/1722 1723/1723/1723
f 1727/1727/1727 1726/1726/1726 1725/1725/1725
f 1728/1728/1728 1727/1727/1727 1725/1725/1725
f 1728/1728/1728 1725/1725/1725 1729/1729/1729
f 1730/1730/1730 1728/1728/1728 1729/1729/1729
f 1730/1730/1730 1729/1729/1729 1731/1731/1731
f 1732/1732/1732 1730/1730/1730 1731/1731/1731
f 1735/1735/1735 1734/1734/1734 1733/1733/1733
f 1736/1736/1736 1735/1735/1735 1733/1733/1733
f 1736/1736/1736 1733/1733/1733 1737/1737/1737
f 1738/1738/1738 1736/1736/1736 1737/1737/1737
f 1738/1738/1738 1737/1737/1737 1739/1739/1739
f 1740/1740/1740 1738/1738/1738 1739/1739/1739
f 1743/1743/1743 1742/1742/1742 1741/1741/1741
f 1744/1744/1744 1743/1743/1743 1741/1741/1741
f 1744/1744/1744 1741/1741/1741 1745/1745/1745
f 1746/1746/1746 1744/1744/1744 1745/1745/1745
f 1746/1746/1746 1745/1745/1745 1747/1747/1747
f 1748/1748/1748 1746/1746/1746 1747/1747/1747
f 1751/1751/1751 1750/1750/1750 1749/1749/1749
f 1752/1752/1752 1751/1751/1751 1749/1749/1749
f 1752/1752/1752 1749/1749/1749 1753/1753/1753
f 1754/1754/1754 1752/1752/1752 1753/1753/1753
f 1754/1754/1754 1753/1753/1753 1755/1755/1755
f 1756/1756/1756 1754/1754/1754 1755/1755/1755
f 1759/1759/1759 1758/1758/1758 1757/1757/1757
f 1760/1760/1760 1759/1759/1759 1757/1757/1757
f 1760/1760/1760 1757/1757/1757 1761/1761/1761
f 1762/1762/1762 1760/1760/1760 1761/1761/1761
f 1762/1762/1762 1761/1761/1761 1763/1763/1763
f 1764/1764/1764 1762/1762/1762 1763/1763/1763
f 1767/1767/1767 1766/1766/1766 1765/1765/1765
f 1768/1768/1768 1767/1767/1767 1765/1765/1765
f 1768/1768/1768 1765/1765/1765 1769/1769/1769
f 1770/1770/1770 1768/1768/1768 1769/1769/1769
f 1770/1770/1770 1769/1769/1769 1771/1771/1771
f 1772/1772/1772 1770/1770/1770 1771/1771/1771
f 1775/1775/1775 1774/1774/1774 1773/1773/1773
f 1776/1776/1776 1775/1775/1775 1773/1773/1773
f 1776/1776/1776 1773/1773/1773 1777/1777/1777
f 1778/1778/1778 1776/1776/1776 1777/1777/1777
f 1778/1778/1778 1777/1777/1777 1779/1779/1779
f 1780/1780/1780 1778/1778/1778 1779/1779/1779
f 1783/1783/1783 1782/1782/1782 1781/1781/1781
f 1784/1784/1784 1783/1783/1783 1781/1781/1781
f 1784/1784/1784 1781/1781/1781 1785/1785/1785
f 1786/1786/1786 1784/1784/1784 1785/1785/1785
f 1786/1786/1786 1785/1785/1785 1787/1787/1787
f 1788/1788/1788 1786/1786/1786 1787/1787/1787
f 1791/1791/1791 1790/1790/1790 1789/1789/1789
f 1792/1792/1792 1791/1791/1791 1789/1789/1789
f 1792/1792/1792 1789/1789/1789 1793/1793/1793
f 1794/1794/1794 1792/1792/1792 1793/1793/1793
f 1794/1794/1794 1793/1793/1793 1795/1795/1795
f 1796/1796/1796 1794/1794/1794 1795/1795/1795
f 1799/1799/1799 1798/1798/1798 1797/1797/1797
f 1800/1800/1800 1799/1799/1799 1797/1797/1797
f 1800/1800/1800 1797/1797/1797 1801/1801/1801
f 1802/1802/1802 1800/1800/1800 1801/1801/1801
f 1802/1802/1802 1801/1801/1801 1803/1803/1803
f 1804/1804/1804 1802/1802/1802 1803/1803/1803
f 1807/1807/1807 1806/1806/1806 1805/1805/1805
f 1808/1808/1808 1807/1807/1807 1805/1805/1805
f 1808/1808/1808 1805/1805/1805 1809/1809/1809
f 1810/1810/1810 1808/1808/1808 1809/1809/1809
f 1810/1810/1810 1809/1809/1809 1811/1811/1811
f 1812/1812/1812 1810/1810/1810 1811/1811/1811
f 1815/1815/1815 1814/1814/1814 1813/1813/1813
f 1816/1816/1816 1815/1815/1815 1813/1813/1813
f 1816/1816/1816 1813/1813/1813 1817/1817/1817
f 1818/1818/1818 1816/1816/1816 1817/1817/1817
f 1818/1818/1818 1817/1817/1817 1819/1819/1819
f 1820/1820/1820 1818/1818/1818 1819/1819/1819
f 1823/1823/1823 1822/1822/1822 1821/1821/1821
f 1824/1824/1824 1823/1823/1823 1821/1821/1821
f 1824/1824/1824 1821/1821/1821 1825/1825/1825
f 1826/1826/1826 1824/1824/1824 1825/1825/1825
f 1826/1826/1826 1825/1825/1825 1827/1827/1827
f 1828/1828/1828 1826/1826/1826 1827/1827/1827
f 1831/1831/1831 1830/1830/1830 1829/1829/1829
f 1832/1832/1832 1831/1831/1831 1829/1829/1829
f 1832/1832/1832 1829/1829/1829 1833/1833/1833
f 1834/1834/1834 1832/1832/1832 1833/1833/1833
f 1834/1834/1834 1833/1833/1833 1835/1835/1835
f 1836/1836/1836 1834/1834/1834 1835/1835/1835
f 1839/1839/1839 1838/1838/1838 1837/1837/1837
f 1840/1840/1840 1839/1839/1839 1837/1837/1837
f 1840/1840/1840 1837/1837/1837 1841/1841/1841
f 1842/1842/1842 1840/1840/1840 1841/1841/1841
f 1842/1842/1842 1841/1841/1841 1843/1843/1843
f 1844/1844/1844 1842/1842/1842 1843/1843/1843
f 1847/1847/1847 1846/1846/1846 1845/1845/1845
f 1848/1848/1848 1847/1847/1847 1845/1845/1845
f 1848/1848/1848 1845/1845/1845 1849/1849/1849
f 1850/1850/1850 1848/1848/1848 1849/1849/1849
f 1850/1850/1850 1849/1849/1849 1851/1851/1851
f 1852/1852/1852 1850/1850/1850 1851/1851/1851
f 1855/1855/1855 1854/1854/1854 1853/1853/1853
f 1856/1856/1856 1855/1855/1855 1853/1853/1853
f 1856/1856/1856 1853/1853/1853 1857/1857/1857
f 1858/1858/1858 1856/1856/1856 1857/1857/1857
f 1858/1858/1858 1857/1857/1857 1859/1859/1859
f 1860/1860/1860 1858/1858/1858 1859/1859/1859
f 1863/1863/1863 1862/1862/1862 1861/1861/1861
f 1864/1864/1864 1863/1863/1863 1861/1861/1861
f 1864/1864/1864 1861/1861/1861 1865/1865/1865
f 1866/1866/1866 1864/1864/1864 1865/1865/1865
f 1866/1866/1866 1865/1865/1865 1867/1867/1867
f 1868/1868/1868 1866/1866/1866 1867/1867/1867
f 1871/1871/1871 1870/1870/1870 1869/1869/1869
f 1872/1872/1872 1871/1871/1871 1869/1869/1869
f 1872/1872/1872 1869/1869/1869 1873/1873/1873
f 1874/1874/1874 1872/1872/1872 1873/1873/1873
f 1874/1874/1874 1873/1873/1873 1875/1875/1875
f 1876/1876/1876 1874/1874/1874 1875/1875/1875
f 1879/1879/1879 1878/1878/1878 1877/1877/1877
f 1880/1880/1880 1879/1879/1879 1877/1877/1877
f 1880/1880/1880 1877/1877/1877 1881/1881/1881
f 1882/1882/1882 1880/1880/1880 1881/1881/1881
f 1882/1882/1882 1881/1881/1881 1883/1883/1883
f 1884/1884/1884 1882/1882/1882 1883/1883/1883
f 1887/1887/1887 1886/1886/1886 1885/1885/1885
f 1888/1888/1888 1887/1887/1887 1885/1885/1885
f 1888/1888/1888 1885/1885/1885 1889/1889/1889
f 1890/1890/1890 1888/1888/1888 1889/1889/1889
f 1890/1890/1890 1889/1889/1889 1891/1891/1891
f 1892/1892/1892 1890/1890/1890 1891/1891/1891
f 1895/1895/1895 1894/1894/1894 1893/1893/1893
f 1896/1896/1896 1895/1895/1895 1893/1893/1893
f 1896/1896/1896 1893/1893/1893 1897/1897/1897
f 1898/1898/1898 1896/1896/1896 1897/1897/1897
f 1898/1898/1898 1897/1897/1897 1899/1899/1899
f 1900/1900/1900 1898/1898/1898 1899/1899/1899
f 1903/1903/1903 1902/1902/1902 1901/1901/1901
f 1904/1904/1904 1903/1903/1903 1901/1901/1901
f 1904/1904/1904 1901/1901/1901 1905/1905/1905
f 1906/1906/1906 1904/1904/1904 1905/1905/1905
f 1906/1906/1906 1905/1905/1905 1907/1907/1907
f 1908/1908/1908 1906/1906/1906 1907/1907/1907
f 1911/1911/1911 1910/1910/1910 1909/1909/1909
f 1912/1912/1912 1911/1911/1911 1909/1909/1909
f 1912/1912/1912 1909/1909/1909 1913/1913/1913
f 1914/1914/1914 1912/1912/1912 1913/1913/1913
f 1914/1914/1914 1913/1913/1913 1915/1915/1915
f 1916/1916/1916 1914/1914/1914 1915/1915/1915
f 1919/1919/1919 1918/1918/1918 1917/1917/1917
f 1920/1920/1920 1919/1919/1919 1917/1917/1917
f 1920/1920/1920 1917/1917/1917 1921/1921/1921
f 1922/1922/1922 1920/1920/1920 1921/1921/1921
f 1922/1922/1922 1921/1921/1921 1923/1923/1923
f 1924/1924/1924 1922/1922/1922 1923/1923/1923
f 1927/1927/1927 1926/1926/1926 1925/1925/1925
f 1928/1928/1928 1927/1927/1927 1925/1925/1925
f 1928/1928/1928 1925/1925/1925 1929/1929/1929
f 1930/1930/1930 1928/1928/1928 1929/1929/1929
f 1930/1930/1930 1929/1929/1929 1931/1931/1931
f 1932/1932/1932 1930/1930/1930 1931/1931/1931
f 1935/1935/1935 1934/1934/1934 1933/1933/1933
f 1936/1936/1936 1935/1935/1935 1933/1933/1933
f 1936/1936/1936 1933/1933/1933 1937/1937/1937
f 1938/1938/1938 1936/1936/1936 1937/1937/1937
f 1938/1938/1938 1937/1937/1937 1939/1939/1939
f 1940/1940/1940 1938/1938/1938 1939/1939/1939
f 1943/1943/1943 1942/1942/1942 1941/1941/1941
f 1944/1944/1944 1943/1943/1943 1941/1941/1941
f 1944/1944/1944 1941/1941/1941 1945/1945/1945
f 1946/1946/1946 1944/1944/1944 1945/1945/1945
f 1946/1946/1946 1945/1945/1945 1947/1947/1947
f 1948/1948/1948 1946/1946/1946 1947/1947/1947
f 1951/1951/1951 1950/1950/1950 1949/1949/1949
f 1952/1952/1952 1951/1951/1951 1949/1949/1949
f 1952/1952/1952 1949/1949/1949 1953/1953/1953
f 1954/1954/1954 1952/1952/1952 1953/1953/1953
f 1954/1954/1954 1953/1953/1953 1955/1955/1955
f 1956/1956/1956 1954/1954/1954 1955/1955/1955
f 1959/1959/1959 1958/1958/1958 1957/1957/1957
f 1960/1960/1960 1959/1959/1959 1957/1957/1957
f 1960/1960/1960 1957/1957/1957 1961/1961/1961
f 1962/1962/1962 1960/1960/1960 1961/1961/1961
f 1962/1962/1962 1961/1961/1961 1963/1963/1963
f 1964/1964/1964 1962/1962/1962 1963/1963/1963
f 1967/1967/1967 1966/1966/1966 1965/1965/1965
f 1968/1968/1968 1967/1967/1967 1965/1965/1965
f 1968/1968/1968 1965/1965/1965 1969/1969/1969
f 1970/1970/1970 1968/1968/1968 1969/1969/1969
f 1970/1970/1970 1969/1969/1969 1971/1971/1971
f 1972/1972/1972 1970/1970/1970 1971/1971/1971
f 1975/1975/1975 1974/1974/1974 1973/1973/1973
f 1976/1976/1976 1975/1975/1975 1973/1973/1973
f 1976/1976/1976 1973/1973/1973 1977/1977/1977
f 1978/1978/1978 1976/1976/1976 1977/1977/1977
f 1978/1978/1978 1977/1977/1977 1979/1979/1979
f 1980/1980/1980 1978/1978/1978 1979/1979/1979
f 1983/1983/1983 1982/1982/1982 1981/1981/1981
f 1984/1984/1984 1983/1983/1983 1981/1981/1981
f 1984/1984/1984 1981/1981/1981 1985/1985/1985
f 1986/1986/1986 1984/1984/1984 1985/1985/1985
f 1986/1986/1986 1985/1985/1985 1987/1987/1987
f 1988/1988/1988 1986/1986/1986 1987/1987/1987
f 1991/1991/1991 1990/1990/1990 1989/1989/1989
f 1992/1992/1992 1991/1991/1991 1989/1989/1989
f 1992/1992/1992 1989/1989/1989 1993/1993/1993
f 1994/1994/1994 1992/1992/1992 1993/1993/1993
f 1994/1994/1994 1993/1993/1993 1995/1995/1995
f 1996/1996/1996 1994/1994/1994 1995/1995/1995
f 1999/1999/1999 1998/1998/1998 1997/1997/1997
f 2000/2000/2000 1999/1999/1999 1997/1997/1997
f 2000/2000/2000 1997/1997/1997 2001/2001/2001
f 2002/2002/2002 2000/2000/2000 2001/2001/2001
f 2002/2002/2002 2001/2001/2001 2003/2003/2003
f 2004/2004/2004 2002/2002/2002 2003/2003/2003
f 2007/2007/2007 2006/2006/2006 2005/2005/2005
f 2008/2008/2008 2007/2007/2007 2005/2005/2005
f 2008/2008/2008 2005/2005/2005 2009/2009/2009
f 2010/2010/2010 2008/2008/2008 2009/2009/2009
f 2010/2010/2010 2009/2009/2009 2011/2011/2011
f 2012/2012/2012 2010/2010/2010 2011/2011/2011
f 2015/2015/2015 2014/2014/2014 2013/2013/2013
f 2016/2016/2016 2015/2015/2015 2013/2013/2013
f 2016/2016/2016 2013/2013/2013 2017/2017/2017
f 2018/2018/2018 2016/2016/2016 2017/2017/2017
f 2018/2018/2018 2017/2017/2017 2019/2019/2019
f 2020/2020/2020 2018/2018/2018 2019/2019/2019
f 2023/2023/2023 2022/2022/2022 2021/2021/2021
f 2024/2024/2024 2023/2023/2023 2021/2021/2021
f 2024/2024/2024 2021/2021/2021 2025/2025/2025
f 2026/2026/2026 2024/2024/2024 2025/2025/2025
f 2026/2026/2026 2025/2025/2025 2027/2027/2027
f 2028/2028/2028 2026/2026/2026 2027/2027/2027
f 2031/2031/2031 2030/2030/2030 2029/2029/2029
f 2032/2032/2032 2031/2031/2031 2029/2029/2029
f 2032/2032/2032 2029/2029/2029 2033/2033/2033
f 2034/2034/2034 2032/2032/2032 2033/2033/2033
f 2034/2034/2034 2033/2033/2033 2035/2035/2035
f 2036/2036/2036 2034/2034/2034 2035/2035/2035
f 2039/2039/2039 2038/2038/2038 2037/2037/2037
f 2040/2040/2040 2039/2039/2039 2037/2037/2037
f 2040/2040/2040 2037/2037/2037 2041/2041/2041
f 2042/2042/2042 2040/2040/2040 2041/2041/2041
f 2042/2042/2042 2041/2041/2041 2043/2043/2043
f 2044/2044/2044 2042/2042/2042 2043/2043/2043
f 2047/2047/2047 2046/2046/2046 2045/2045/2045
f 2048/2048/2048 2047/2047/2047 2045/2045/2045
f 2048/2048/2048 2045/2045/2045 2049/2049/2049
f 2050/2050/2050 2048/2048/2048 2049/2049/2049
f 2050/2050/2050 2049/2049/2049 2051/2051/2051
f 2052/2052/2052 2050/2050/2050 2051/2051/2051
f 2055/2055/2055 2054/2054/2054 2053/2053/2053
f 2056/2056/2056 2055/2055/2055 2053/2053/2053
f 2056/2056/2056 2053/2053/2053 2057/2057/2057
f 2058/2058/2058 2056/2056/2056 2057/2057/2057
f 2058/2058/2058 2057/2057/2057 2059/2059/2059
f 2060/2060/2060 2058/2058/2058 2059/2059/2059
f 2063/2063/2063 2062/2062/2062 2061/2061/2061
f 2064/2064/2064 2063/2063/2063 2061/2061/2061
f 2064/2064/2064 2061/2061/2061 2065/2065/2065
f 2066/2066/2066 2064/2064/2064 2065/2065/2065
f 2066/2066/2066 2065/2065/2065 2067/2067/2067
f 2068/2068/2068 2066/2066/2066 2067/2067/2067
f 2071/2071/2071 2070/2070/2070 2069/2069/2069
f 2072/2072/2072 2071/2071/2071 2069/2069/2069
f 2072/2072/2072 2069/2069/2069 2073/2073/2073
f 2074/2074/2074 2072/2072/2072 2073/2073/2073
f 2074/2074/2074 2073/2073/2073 2075/2075/2075
f 2076/2076/2076 2074/2074/2074 2075/2075/2075
f 2079/2079/2079 2078/2078/2078 2077/2077/2077
f 2080/2080/2080 2079/2079/2079 2077/2077/2077
f 2080/2080/2080 2077/2077/2077 2081/2081/2081
f 2082/2082/2082 2080/2080/2080 2081/2081/2081
f 2082/2082/2082 2081/2081/2081 2083/2083/2083
f 2084/2084/2084 2082/2082/2082 2083/2083/2083
f 2087/2087/2087 2086/2086/2086 2085/2085/2085
f 2088/2088/2088 2087/2087/2087 2085/2085/2085
f 2088/2088/2088 2085/2085/2085 2089/2089/2089
f 2090/2090/2090 2088/2088/2088 2089/2089/2089
f 2090/2090/2090 2089/2089/2089 2091/2091/2091
f 2092/2092/2092 2090/2090/2090 2091/2091/2091
f 2095/2095/2095 2094/2094/2094 2093/2093/2093
f 2096/2096/2096 2095/2095/2095 2093/2093/2093
f 2096/2096/2096 2093/2093/2093 2097/2097/2097
f 2098/2098/2098 2096/2096/2096 2097/2097/2097
f 2098/2098/2098 2097/2097/2097 2099/2099/2099
f 2100/2100/2100 2098/2098/2098 2099/2099/2099
f 2103/2103/2103 2102/2102/2102 2101/2101/2101
f 2104/2104/2104 2103/2103/2103 2101/2101/2101
f 2104/2104/2104 2101/2101/2101 2105/2105/2105
f 2106/2106/2106 2104/2104/2104 2105/2105/2105
f 2106/2106/2106 2105/2105/2105 2107/2107/2107
f 2108/2108/2108 2106/2106/2106 2107/2107/2107
f 2111/2111/2111 2110/2110/2110 2109/2109/2109
f 2112/2112/2112 2111/2111/2111 2109/2109/2109
f 2112/2112/2112 2109/2109/2109 2113/2113/2113
f 2114/2114/2114 2112/2112/2112 2113/2113/2113
f 2114/2114/2114 2113/2113/2113 2115/2115/2115
f 2116/2116/2116 2114/2114/2114 2115/2115/2115
f 2119/2119/2119 2118/2118/2118 2117/2117/2117
f 2120/2120/2120 2119/2119/2119 2117/2117/2117
f 2120/2120/2120 2117/2117/2117 2121/2121/2121
f 2122/2122/2122 2120/2120/2120 2121/2121/2121
f 2122/2122/2122 2121/2121/2121 2123/2123/2123
f 2124/2124/2124 2122/2122/2122 2123/2123/2123
f 2127/2127/2127 2126/2126/2126 2125/2125/2125
f 2128/2128/2128 2127/2127/2127 2125/2125/2125
f 2128/2128/2128 2125/2125/2125 2129/2129/2129
f 2130/2130/2130 2128/2128/2128 2129/2129/2129
f 2130/2130/2130 2129/2129/2129 2131/2131/2131
f 2132/2132/2132 2130/2130/2130 2131/2131/2131
f 2135/2135/2135 2134/2134/2134 2133/2133/2133
f 2136/2136/2136 2135/2135/2135 2133/2133/2133
f 2136/2136/2136 2133/2133/2133 2137/2137/2137
f 2138/2138/2138 2136/2136/2136 2137/2137/2137
f 2138/2138/2138 2137/2137/2137 2139/2139/2139
f 2140/2140/2140 2138/2138/2138 2139/2139/2139
f 2143/2143/2143 2142/2142/2142 2141/2141/2141
f 2144/2144/2144 2143/2143/2143 2141/2141/2141
f 2144/2144/2144 2141/2141/2141 2145/2145/2145
f 2146/2146/2146 2144/2144/2144 2145/2145/2145
f 2146/2146/2146 2145/2145/2145 2147/2147/2147
f 2148/2148/2148 2146/2146/2146 2147/2147/2147
f 2151/2151/2151 2150/2150/2150 2149/2149/2149
f 2152/2152/2152 2151/2151/2151 2149/2149/2149
f 2152/2152/2152 2149/2149/2149 2153/2153/2153
f 2154/2154/2154 2152/2152/2152 2153/2153/2153
f 2154/2154/2154 2153/2153/2153 2155/2155/2155
f 2156/2156/2156 2154/2154/2154 2155/2155/2155
f 2159/2159/2159 2158/2158/2158 2157/2157/2157
f 2160/2160/2160 2159/2159/2159 2157/2157/2157
f 2160/2160/2160 2157/2157/2157 2161/2161/2161
f 2162/2162/2162 2160/2160/2160 2161/2161/2161
f 2162/2162/2162 2161/2161/2161 2163/2163/2163
f 2164/2164/2164 2162/2162/2162 2163/2163/2163
f 2167/2167/2167 2166/2166/2166 2165/2165/2165
f 2168/2168/2168 2167/2167/2167 2165/2165/2165
f 2168/2168/2168 2165/2165/2165 2169/2169/2169
f 2170/2170/2170 2168/2168/2168 2169/2169/2169
f 2170/2170/2170 2169/2169/2169 2171/2171/2171
f 2172/2172/2172 2170/2170/2170 2171/2171/2171
f 2175/2175/2175 2174/2174/2174 2173/2173/2173
f 2176/2176/2176 2175/2175/2175 2173/2173/2173
f 2176/2176/2176 2173/2173/2173 2177/2177/2177
f 2178/2178/2178 2176/2176/2176 2177/2177/2177
f 2178/2178/2178 2177/2177/2177 2179/2179/2179
f 2180/2180/2180 2178/2178/2178 2179/2179/2179
f 2183/2183/2183 2182/2182/2182 2181/2181/2181
f 2184/2184/2184 2183/2183/2183 2181/2181/2181
f 2184/2184/2184 2181/2181/2181 2185/2185/2185
f 2186/2186/2186 2184/2184/2184 2185/2185/2185
f 2186/2186/2186 2185/2185/2185 2187/2187/2187
f 2188/2188/2188 2186/2186/2186 2187/2187/2187
f 2191/2191/2191 2190/2190/2190 2189/2189/2189
f 2192/2192/2192 2191/2191/2191 2189/2189/2189
f 2192/2192/2192 2189/2189/2189 2193/2193/2193
f 2194/2194/2194 2192/2192/2192 2193/2193/2193
f 2194/2194/2194 2193/2193/2193 2195/2195/2195
f 2196/2196/2196 2194/2194/2194 2195/2195/2195
f 2199/2199/2199 2198/2198/2198 2197/2197/2197
f 2200/2200/2200 2199/2199/2199 2197/2197/2197
f 2200/2200/2200 2197/2197/2197 2201/2201/2201
f 2202/2202/2202 2200/2200/2200 2201/2201/2201
f 2202/2202/2202 2201/2201/2201 2203/2203/2203
f 2204/2204/2204 2202/2202/2202 2203/2203/2203
f 2207/2207/2207 2206/2206/2206 2205/2205/2205
f 2208/2208/2208 2207/2207/2207 2205/2205/2205
f 2208/2208/2208 2205/2205/2205 2209/2209/2209
f 2210/2210/2210 2208/2208/2208 2209/2209/2209
f 2210/2210/2210 2209/2209/2209 2211/2211/2211
f 2212/2212/2212 2210/2210/2210 2211/2211/2211
f 2215/2215/2215 2214/2214/2214 2213/2213/2213
f 2216/2216/2216 2215/2215/2215 2213/2213/2213
f 2216/2216/2216 2213/2213/2213 2217/2217/2217
f 2218/2218/2218 2216/2216/2216 2217/2217/2217
f 2218/2218/2218 2217/2217/2217 2219/2219/2219
f 2220/2220/2220 2218/2218/2218 2219/2219/2219
f 2223/2223/2223 2222/2222/2222 2221/2221/2221
f 2224/2224/2224 2223/2223/2223 2221/2221/2221
f 2224/2224/2224 2221/2221/2221 2225/2225/2225
f 2226/2226/2226 2224/2224/2224 2225/2225/2225
f 2226/2226/2226 2225/2225/2225 2227/2227/2227
f 2228/2228/2228 2226/2226/2226 2227/2227/2227
f 2231/2231/2231 2230/2230/2230 2229/2229/2229
f 2232/2232/2232 2231/2231/2231 2229/2229/2229
f 2232/2232/2232 2229/2229/2229 2233/2233/2233
f 2234/2234/2234 2232/2232/2232 2233/2233/2233
f 2234/2234/2234 2233/2233/2233 2235/2235/2235
f 2236/2236/2236 2234/2234/2234 2235/2235/2235
f 2239/2239/2239 2238/2238/2238 2237/2237/2237
f 2240/2240/2240 2239/2239/2239 2237/2237/2237
f 2240/2240/2240 2237/2237/2237 2241/2241/2241
f 2242/2242/2242 2240/2240/2240 2241/2241/2241
f 2242/2242/2242 2241/2241/2241 2243/2243/2243
f 2244/2244/2244 2242/2242/2242 2243/2243/2243
f 2247/2247/2247 2246/2246/2246 2245/2245/2245
f 2248/2248/2248 2247/2247/2247 2245/2245/2245
f 2248/2248/2248 2245/2245/2245 2249/2249/2249
f 2250/2250/2250 2248/2248/2248 2249/2249/2249
f 2250/2250/2250 2249/2249/2249 2251/2251/2251
f 2252/2252/2252 2250/2250/2250 2251/2251/2251
f 2255/2255/2255 2254/2254/2254 2253/2253/2253
f 2256/2256/2256 2255/2255/2255 2253/2253/2253
f 2256/2256/2256 2253/2253/2253 2257/2257/2257
f 2258/2258/2258 2256/2256/2256 2257/2257/2257
f 2258/2258/2258 2257/2257/2257 2259/2259/2259
f 2260/2260/2260 2258/2258/2258 2259/2259/2259
f 2263/2263/2263 2262/2262/2262 2261/2261/2261
f 2264/2264/2264 2263/2263/2263 2261/2261/2261
f 2264/2264/2264 2261/2261/2261 2265/2265/2265
f 2266/2266/2266 2264/2264/2264 2265/2265/2265
f 2266/2266/2266 2265/2265/2265 2267/2267/2267
f 2268/2268/2268 2266/2266/2266 2267/2267/2267
f 2271/2271/2271 2270/2270/2270 2269/2269/2269
f 2272/2272/2272 2271/2271/2271 2269/2269/2269
f 2272/2272/2272 2269/2269/2269 2273/2273/2273
f 2274/2274/2274 2272/2272/2272 2273/2273/2273
f 2274/2274/2274 2273/2273/2273 2275/2275/2275
f 2276/2276/2276 2274/2274/2274 2275/2275/2275
f 2279/2279/2279 2278/2278/2278 2277/2277/2277
f 2280/2280/2280 2279/2279/2279 2277/2277/2277
f 2280/2280/2280 2277/2277/2277 2281/2281/2281
f 2282/2282/2282 2280/2280/2280 2281/2281/2281
f 2282/2282/2282 2281/2281/2281 2283/2283/2283
f 2284/2284/2284 2282/2282/2282 2283/2283/2283
f 2287/2287/2287 2286/2286/2286 2285/2285/2285
f 2288/2288/2288 2287/2287/2287 2285/2285/2285
f 2288/2288/2288 2285/2285/2285 2289/2289/2289
f 2290/2290/2290 2288/2288/2288 2289/2289/2289
f 2290/2290/2290 2289/2289/2289 2291/2291/2291
f 2292/2292/2292 2290/2290/2290 2291/2291/2291
f 2295/2295/2295 2294/2294/2294 2293/2293/2293
f 2296/2296/2296 2295/2295/2295 2293/2293/2293
f 2296/2296/2296 2293/2293/2293 2297/2297/2297
f 2298/2298/2298 2296/2296/2296 2297/2297/2297
f 2298/2298/2298 2297/2297/2297 2299/2299/2299
f 2300/2300/2300 2298/2298/2298 2299/2299/2299
f 2303/2303/2303 2302/2302/2302 2301/2301/2301
f 2304/2304/2304 2303/2303/2303 2301/2301/2301
f 2304/2304/2304 2301/2301/2301 2305/2305/2305
f 2306/2306/2306 2304/2304/2304 2305/2305/2305
f 2306/2306/2306 2305/2305/2305 2307/2307/2307
f 2308/2308/2308 2306/2306/2306 2307/2307/2307
f 2311/2311/2311 2310/2310/2310 2309/2309/2309
f 2312/2312/2312 2311/2311/2311 2309/2309/2309
f 2312/2312/2312 2309/2309/2309 2313/2313/2313
f 2314/2314/2314 2312/2312/2312 2313/2313/2313
f 2314/2314/2314 2313/2313/2313 2315/2315/2315
f 2316/2316/2316 2314/2314/2314 2315/2315/2315
f 2319/2319/2319 2318/2318/2318 2317/2317/2317
f 2320/2320/2320 2319/2319/2319 2317/2317/2317
f 2320/2320/2320 2317/2317/2317 2321/2321/2321
f 2322/2322/2322 2320/2320/2320 2321/2321/2321
f 2322/2322/2322 2321/2321/2321 2323/2323/2323
f 2324/2324/2324 2322/2322/2322 2323/2323/2323
f 2327/2327/2327 2326/2326/2326 2325/2325/2325
f 2328/2328/2328 2327/2327/2327 2325/2325/2325
f 2328/2328/2328 2325/2325/2325 2329/2329/2329
f 2330/2330/2330 2328/2328/2328 2329/2329/2329
f 2330/2330/2330 2329/2329/2329 2331/2331/2331
f 2332/2332/2332 2330/2330/2330 2331/2331/2331
f 2335/2335/2335 2334/2334/2334 2333/2333/2333
f 2336/2336/2336 2335/2335/2335 2333/2333/2333
f 2336/2336/2336 2333/2333/2333 2337/2337/2337
f 2338/2338/2338 2336/2336/2336 2337/2337/2337
f 2338/2338/2338 2337/2337/2337 2339/2339/2339
f 2340/2340/2340 2338/2338/2338 2339/2339/2339
f 2343/2343/2343 2342/2342/2342 2341/2341/2341
f 2344/2344/2344 2343/2343/2343 2341/2341/2341
f 2344/2344/2344 2341/2341/2341 2345/2345/2345
f 2346/2346/2346 2344/2344/2344 2345/2345/2345
f 2346/2346/2346 2345/2345/2345 2347/2347/2347
f 2348/2348/2348 2346/2346/2346 2347/2347/2347
f 2351/2351/2351 2350/2350/2350 2349/2349/2349
f 2352/2352/2352 2351/2351/2351 2349/2349/2349
f 2352/2352/2352 2349/2349/2349 2353/2353/2353
f 2354/2354/2354 2352/2352/2352 2353/2353/2353
f 2354/2354/2354 2353/2353/2353 2355/2355/2355
f 2356/2356/2356 2354/2354/2354 2355/2355/2355
f 2359/2359/2359 2358/2358/2358 2357/2357/2357
f 2360/2360/2360 2359/2359/2359 2357/2357/2357
f 2360/2360/2360 2357/2357/2357 2361/2361/2361
f 2362/2362/2362 2360/2360/2360 2361/2361/2361
f 2362/2362/2362 2361/2361/2361 2363/2363/2363
f 2364/2364/2364 2362/2362/2362 2363/2363/2363
f 2367/2367/2367 2366/2366/2366 2365/2365/2365
f 2368/2368/2368 2367/2367/2367 2365/2365/2365
f 2368/2368/2368 2365/2365/2365 2369/2369/2369
f 2370/2370/2370 2368/2368/2368 2369/2369/2369
f 2370/2370/2370 2369/2369/2369 2371/2371/2371
f 2372/2372/2372 2370/2370/2370 2371/2371/2371
f 2375/2375/2375 2374/2374/2374 2373/2373/2373
f 2376/2376/2376 2375/2375/2375 2373/2373/2373
f 2376/2376/2376 2373/2373/2373 2377/2377/2377
f 2378/2378/2378 2376/2376/2376 2377/2377/2377
f 2378/2378/2378 2377/2377/2377 2379/2379/2379
f 2380/2380/2380 2378/2378/2378 2379/2379/2379
f 2383/2383/2383 2382/2382/2382 2381/2381/2381
f 2384/2384/2384 2383/2383/2383 2381/2381/2381
f 2384/2384/2384 2381/2381/2381 2385/2385/2385
f 2386/2386/2386 2384/2384/2384 2385/2385/2385
f 2386/2386/2386 2385/2385/2385 2387/2387/2387
f 2388/2388/2388 2386/2386/2386 2387/2387/2387
f 2391/2391/2391 2390/2390/2390 2389/2389/2389
f 2392/2392/2392 2391/2391/2391 2389/2389/2389
f 2392/2392/2392 2389/2389/2389 2393/2393/2393
f 2394/2394/2394 2392/2392/2392 2393/2393/2393
f 2394/2394/2394 2393/2393/2393 2395/2395/2395
f 2396/2396/2396 2394/2394/2394 2395/2395/2395
f 2399/2399/2399 2398/2398/2398 2397/2397/2397
f 2400/2400/2400 2399/2399/2399 2397/2397/2397
f 2400/2400/2400 2397/2397/2397 2401/2401/2401
f 2402/2402/2402 2400/2400/2400 2401/2401/2401
f 2402/2402/2402 2401/2401/2401 2403/2403/2403
f 2404/2404/2404 2402/2402/2402 2403/2403/2403
f 2407/2407/2407 2406/2406/2406 2405/2405/2405
f 2408/2408/2408 2407/2407/2407 2405/2405/2405
f 2408/2408/2408 2405/2405/2405 2409/2409/2409
f 2410/2410/2410 2408/2408/2408 2409/2409/2409
f 2410/2410/2410 2409/2409/2409 2411/2411/2411
f 2412/2412/2412 2410/2410/2410 2411/2411/2411
g Furniture_006_2
f 1551/1551/1551 1550/1550/1550 1549/1549/1549
f 1552/1552/1552 1551/1551/1551 1549/1549/1549
f 1552/1552/1552 1549/1549/1549 1553/1553/1553
f 1554/1554/1554 1552/1552/1552 1553/1553/1553
f 1554/1554/1554 1553/1553/1553 1555/1555/1555
f 1556/1556/1556 1554/1554/1554 1555/1555/1555
f 1559/1559/1559 1558/1558/1558 1557/1557/1557
f 1560/1560/1560 1559/1559/1559 1557/1557/1557
f 1560/1560/1560 1557/1557/1557 1561/1561/1561
f 1562/1562/1562 1560/1560/1560 1561/1561/1561
f 1562/1562/1562 1561/1561/1561 1563/1563/1563
f 1564/1564/1564 1562/1562/1562 1563/1563/1563
f 1567/1567/1567 1566/1566/1566 1565/1565/1565
f 1568/1568/1568 1567/1567/1567 1565/1565/1565
f 1568/1568/1568 1565/1565/1565 1569/1569/1569
f 1570/1570/1570 1568/1568/1568 1569/1569/1569
f 1570/1570/1570 1569/1569/1569 1571/1571/1571
f 1572/1572/1572 1570/1570/1570 1571/1571/1571
f 1575/1575/1575 1574/1574/1574 1573/1573/1573
f 1576/1576/1576 1575/1575/1575 1573/1573/1573
f 1576/1576/1576 1573/1573/1573 1577/1577/1577
f 1578/1578/1578 1576/1576/1576 1577/1577/1577
f 1578/1578/1578 1577/1577/1577 1579/1579/1579
f 1580/1580/1580 1578/1578/1578 1579/1579/1579
f 1583/1583/1583 1582/1582/1582 1581/1581/1581
f 1584/1584/1584 1583/1583/1583 1581/1581/1581
f 1584/1584/1584 1581/1581/1581 1585/1585/1585
f 1586/1586/1586 1584/1584/1584 1585/1585/1585
f 1586/1586/1586 1585/1585/1585 1587/1587/1587
f 1588/1588/1588 1586/1586/1586 1587/1587/1587
f 1591/1591/1591 1590/1590/1590 1589/1589/1589
f 1592/1592/1592 1591/1591/1591 1589/1589/1589
f 1592/1592/1592 1589/1589/1589 1593/1593/1593
f 1594/1594/1594 1592/1592/1592 1593/1593/1593
f 1594/1594/1594 1593/1593/1593 1595/1595/1595
f 1596/1596/1596 1594/1594/1594 1595/1595/1595
f 1599/1599/1599 1598/1598/1598 1597/1597/1597
f 1600/1600/1600 1599/1599/1599 1597/1597/1597
f 1600/1600/1600 1597/1597/1597 1601/1601/1601
f 1602/1602/1602 1600/1600/1600 1601/1601/1601
f 1602/1602/1602 1601/1601/1601 1603/1603/1603
f 1604/1604/1604 1602/1602/1602 1603/1603/1603
f 1607/1607/1607 1606/1606/1606 1605/1605/1605
f 1608/1608/1608 1607/1607/1607 1605/1605/1605
f 1608/1608/1608 1605/1605/1605 1609/1609/1609
f 1610/1610/1610 1608/1608/1608 1609/1609/1609
f 1610/1610/1610 1609/1609/1609 1611/1611/1611
f 1612/1612/1612 1610/1610/1610 1611/1611/1611
f 1615/1615/1615 1614/1614/1614 1613/1613/1613
f 1616/1616/1616 1615/1615/1615 1613/1613/1613
f 1616/1616/1616 1613/1613/1613 1617/1617/1617
f 1618/1618/1618 1616/1616/1616 1617/1617/1617
f 1618/1618/1618 1617/1617/1617 1619/1619/1619
f 1620/1620/1620 1618/1618/1618 1619/1619/1619
f 1623/1623/1623 1622/1622/1622 1621/1621/1621
f 1624/1624/1624 1623/1623/1623 1621/1621/1621
f 1624/1624/1624 1621/1621/1621 1625/1625/1625
f 1626/1626/1626 1624/1624/1624 1625/1625/1625
f 1626/1626/1626 1625/1625/1625 1627/1627/1627
f 1628/1628/1628 1626/1626/1626 1627/1627/1627
f 1631/1631/1631 1630/1630/1630 1629/1629/1629
f 1632/1632/1632 1631/1631/1631 1629/1629/1629
f 1632/1632/1632 1629/1629/1629 1633/1633/1633
f 1634/1634/1634 1632/1632/1632 1633/1633/1633
f 1634/1634/1634 1633/1633/1633 1635/1635/1635
f 1636/1636/1636 1634/1634/1634 1635/1635/1635
f 1639/1639/1639 1638/1638/1638 1637/1637/1637
f 1640/1640/1640 1639/1639/1639 1637/1637/1637
f 1640/1640/1640 1637/1637/1637 1641/1641/1641
f 1642/1642/1642 1640/1640/1640 1641/1641/1641
f 1642/1642/1642 1641/1641/1641 1643/1643/1643
f 1644/1644/1644 1642/1642/1642 1643/1643/1643
f 1647/1647/1647 1646/1646/1646 1645/1645/1645
f 1648/1648/1648 1647/1647/1647 1645/1645/1645
f 1648/1648/1648 1645/1645/1645 1649/1649/1649
f 1650/1650/1650 1648/1648/1648 1649/1649/1649
f 1650/1650/1650 1649/1649/1649 1651/1651/1651
f 1652/1652/1652 1650/1650/1650 1651/1651/1651
f 1655/1655/1655 1654/1654/1654 1653/1653/1653
f 1656/1656/1656 1655/1655/1655 1653/1653/1653
f 1656/1656/1656 1653/1653/1653 1657/1657/1657
f 1658/1658/1658 1656/1656/1656 1657/1657/1657
f 1658/1658/1658 1657/1657/1657 1659/1659/1659
f 1660/1660/1660 1658/1658/1658 1659/1659/1659
f 1663/1663/1663 1662/1662/1662 1661/1661/1661
f 1664/1664/1664 1663/1663/1663 1661/1661/1661
f 1664/1664/1664 1661/1661/1661 1665/1665/1665
f 1666/1666/1666 1664/1664/1664 1665/1665/1665
f 1666/1666/1666 1665/1665/1665 1667/1667/1667
f 1668/1668/1668 1666/1666/1666 1667/1667/1667
f 1671/1671/1671 1670/1670/1670 1669/1669/1669
f 1672/1672/1672 1671/1671/1671 1669/1669/1669
f 1672/1672/1672 1669/1669/1669 1673/1673/1673
f 1674/1674/1674 1672/1672/1672 1673/1673/1673
f 1674/1674/1674 1673/1673/1673 1675/1675/1675
f 1676/1676/1676 1674/1674/1674 1675/1675/1675
f 1679/1679/1679 1678/1678/1678 1677/1677/1677
f 1680/1680/1680 1679/1679/1679 1677/1677/1677
f 1680/1680/1680 1677/1677/1677 1681/1681/1681
f 1682/1682/1682 1680/1680/1680 1681/1681/1681
f 1682/1682/1682 1681/1681/1681 1683/1683/1683
f 1684/1684/1684 1682/1682/1682 1683/1683/1683
f 1687/1687/1687 1686/1686/1686 1685/1685/1685
f 1688/1688/1688 1687/1687/1687 1685/1685/1685
f 1688/1688/1688 1685/1685/1685 1689/1689/1689
f 1690/1690/1690 1688/1688/1688 1689/1689/1689
f 1690/1690/1690 1689/1689/1689 1691/1691/1691
f 1692/1692/1692 1690/1690/1690 1691/1691/1691
f 1695/1695/1695 1694/1694/1694 1693/1693/1693
f 1696/1696/1696 1695/1695/1695 1693/1693/1693
f 1696/1696/1696 1693/1693/1693 1697/1697/1697
f 1698/1698/1698 1696/1696/1696 1697/1697/1697
f 1698/1698/1698 1697/1697/1697 1699/1699/1699
f 1700/1700/1700 1698/1698/1698 1699/1699/1699
f 1703/1703/1703 1702/1702/1702 1701/1701/1701
f 1704/1704/1704 1703/1703/1703 1701/1701/1701
f 1704/1704/1704 1701/1701/1701 1705/1705/1705
f 1706/1706/1706 1704/1704/1704 1705/1705/1705
f 1706/1706/1706 1705/1705/1705 1707/1707/1707
f 1708/1708/1708 1706/1706/1706 1707/1707/1707
f 1711/1711/1711 1710/1710/1710 1709/1709/1709
f 1712/1712/1712 1711/1711/1711 1709/1709/1709
f 1712/1712/1712 1709/1709/1709 1713/1713/1713
f 1714/1714/1714 1712/1712/1712 1713/1713/1713
f 1714/1714/1714 1713/1713/1713 1715/1715/1715
f 1716/1716/1716 1714/1714/1714 1715/1715/1715
f 1719/1719/1719 1718/1718/1718 1717/1717/1717
f 1720/1720/1720 1719/1719/1719 1717/1717/1717
f 1720/1720/1720 1717/1717/1717 1721/1721/1721
f 1722/1722/1722 1720/1720/1720 1721/1721/1721
f 1722/1722/1722 1721/1721/1721 1723/1723/1723
f 1724/1724/1724 1722/1722/1722 1723/1723/1723
f 1727/1727/1727 1726/1726/1726 1725/1725/1725
f 1728/1728/1728 1727/1727/1727 1725/1725/1725
f 1728/1728/1728 1725/1725/1725 1729/1729/1729
f 1730/1730/1730 1728/1728/1728 1729/1729/1729
f 1730/1730/1730 1729/1729/1729 1731/1731/1731
f 1732/1732/1732 1730/1730/1730 1731/1731/1731
f 1735/1735/1735 1734/1734/1734 1733/1733/1733
f 1736/1736/1736 1735/1735/1735 1733/1733/1733
f 1736/1736/1736 1733/1733/1733 1737/1737/1737
f 1738/1738/1738 1736/1736/1736 1737/1737/1737
f 1738/1738/1738 1737/1737/1737 1739/1739/1739
f 1740/1740/1740 1738/1738/1738 1739/1739/1739
f 1743/1743/1743 1742/1742/1742 1741/1741/1741
f 1744/1744/1744 1743/1743/1743 1741/1741/1741
f 1744/1744/1744 1741/1741/1741 1745/1745/1745
f 1746/1746/1746 1744/1744/1744 1745/1745/1745
f 1746/1746/1746 1745/1745/1745 1747/1747/1747
f 1748/1748/1748 1746/1746/1746 1747/1747/1747
f 1751/1751/1751 1750/1750/1750 1749/1749/1749
f 1752/1752/1752 1751/1751/1751 1749/1749/1749
f 1752/1752/1752 1749/1749/1749 1753/1753/1753
f 1754/1754/1754 1752/1752/1752 1753/1753/1753
f 1754/1754/1754 1753/1753/1753 1755/1755/1755
f 1756/1756/1756 1754/1754/1754 1755/1755/1755
f 1759/1759/1759 1758/1758/1758 1757/1757/1757
f 1760/1760/1760 1759/1759/1759 1757/1757/1757
f 1760/1760/1760 1757/1757/1757 1761/1761/1761
f 1762/1762/1762 1760/1760/1760 1761/1761/1761
f 1762/1762/1762 1761/1761/1761 1763/1763/1763
f 1764/1764/1764 1762/1762/1762 1763/1763/1763
f 1767/1767/1767 1766/1766/1766 1765/1765/1765
f 1768/1768/1768 1767/1767/1767 1765/1765/1765
f 1768/1768/1768 1765/1765/1765 1769/1769/1769
f 1770/1770/1770 1768/1768/1768 1769/1769/1769
f 1770/1770/1770 1769/1769/1769 1771/1771/1771
f 1772/1772/1772 1770/1770/1770 1771/1771/1771
f 1775/1775/1775 1774/1774/1774 1773/1773/1773
f 1776/1776/1776 1775/1775/1775 1773/1773/1773
f 1776/1776/1776 1773/1773/1773 1777/1777/1777
f 1778/1778/1778 1776/1776/1776 1777/1777/1777
f 1778/1778/1778 1777/1777/1777 1779/1779/1779
f 1780/1780/1780 1778/1778/1778 1779/1779/1779
f 1783/1783/1783 1782/1782/1782 1781/1781/1781
f 1784/1784/1784 1783/1783/1783 1781/1781/1781
f 1784/1784/1784 1781/1781/1781 1785/1785/1785
f 1786/1786/1786 1784/1784/1784 1785/1785/1785
f 1786/1786/1786 1785/1785/1785 1787/1787/1787
f 1788/1788/1788 1786/1786/1786 1787/1787/1787
f 1791/1791/1791 1790/1790/1790 1789/1789/1789
f 1792/1792/1792 1791/1791/1791 1789/1789/1789
f 1792/1792/1792 1789/1789/1789 1793/1793/1793
f 1794/1794/1794 1792/1792/1792 1793/1793/1793
f 1794/1794/1794 1793/1793/1793 1795/1795/1795
f 1796/1796/1796 1794/1794/1794 1795/1795/1795
f 1799/1799/1799 1798/1798/1798 1797/1797/1797
f 1800/1800/1800 1799/1799/1799 1797/1797/1797
f 1800/1800/1800 1797/1797/1797 1801/1801/1801
f 1802/1802/1802 1800/1800/1800 1801/1801/1801
f 1802/1802/1802 1801/1801/1801 1803/1803/1803
f 1804/1804/1804 1802/1802/1802 1803/1803/1803
f 1807/1807/1807 1806/1806/1806 1805/1805/1805
f 1808/1808/1808 1807/1807/1807 1805/1805/1805
f 1808/1808/1808 1805/1805/1805 1809/1809/1809
f 1810/1810/1810 1808/1808/1808 1809/1809/1809
f 1810/1810/1810 1809/1809/1809 1811/1811/1811
f 1812/1812/1812 1810/1810/1810 1811/1811/1811
f 1815/1815/1815 1814/1814/1814 1813/1813/1813
f 1816/1816/1816 1815/1815/1815 1813/1813/1813
f 1816/1816/1816 1813/1813/1813 1817/1817/1817
f 1818/1818/1818 1816/1816/1816 1817/1817/1817
f 1818/1818/1818 1817/1817/1817 1819/1819/1819
f 1820/1820/1820 1818/1818/1818 1819/1819/1819
f 1823/1823/1823 1822/1822/1822 1821/1821/1821
f 1824/1824/1824 1823/1823/1823 1821/1821/1821
f 1824/1824/1824 1821/1821/1821 1825/1825/1825
f 1826/1826/1826 1824/1824/1824 1825/1825/1825
f 1826/1826/1826 1825/1825/1825 1827/1827/1827
f 1828/1828/1828 1826/1826/1826 1827/1827/1827
f 1831/1831/1831 1830/1830/1830 1829/1829/1829
f 1832/1832/1832 1831/1831/1831 1829/1829/1829
f 1832/1832/1832 1829/1829/1829 1833/1833/1833
f 1834/1834/1834 1832/1832/1832 1833/1833/1833
f 1834/1834/1834 1833/1833/1833 1835/1835/1835
f 1836/1836/1836 1834/1834/1834 1835/1835/1835
f 1839/1839/1839 1838/1838/1838 1837/1837/1837
f 1840/1840/1840 1839/1839/1839 1837/1837/1837
f 1840/1840/1840 1837/1837/1837 1841/1841/1841
f 1842/1842/1842 1840/1840/1840 1841/1841/1841
f 1842/1842/1842 1841/1841/1841 1843/1843/1843
f 1844/1844/1844 1842/1842/1842 1843/1843/1843
f 1847/1847/1847 1846/1846/1846 1845/1845/1845
f 1848/1848/1848 1847/1847/1847 1845/1845/1845
f 1848/1848/1848 1845/1845/1845 1849/1849/1849
f 1850/1850/1850 1848/1848/1848 1849/1849/1849
f 1850/1850/1850 1849/1849/1849 1851/1851/1851
f 1852/1852/1852 1850/1850/1850 1851/1851/1851
f 1855/1855/1855 1854/1854/1854 1853/1853/1853
f 1856/1856/1856 1855/1855/1855 1853/1853/1853
f 1856/1856/1856 1853/1853/1853 1857/1857/1857
f 1858/1858/1858 1856/1856/1856 1857/1857/1857
f 1858/1858/1858 1857/1857/1857 1859/1859/1859
f 1860/1860/1860 1858/1858/1858 1859/1859/1859
f 1863/1863/1863 1862/1862/1862 1861/1861/1861
f 1864/1864/1864 1863/1863/1863 1861/1861/1861
f 1864/1864/1864 1861/1861/1861 1865/1865/1865
f 1866/1866/1866 1864/1864/1864 1865/1865/1865
f 1866/1866/1866 1865/1865/1865 1867/1867/1867
f 1868/1868/1868 1866/1866/1866 1867/1867/1867
f 1871/1871/1871 1870/1870/1870 1869/1869/1869
f 1872/1872/1872 1871/1871/1871 1869/1869/1869
f 1872/1872/1872 1869/1869/1869 1873/1873/1873
f 1874/1874/1874 1872/1872/1872 1873/1873/1873
f 1874/1874/1874 1873/1873/1873 1875/1875/1875
f 1876/1876/1876 1874/1874/1874 1875/1875/1875
f 1879/1879/1879 1878/1878/1878 1877/1877/1877
f 1880/1880/1880 1879/1879/1879 1877/1877/1877
f 1880/1880/1880 1877/1877/1877 1881/1881/1881
f 1882/1882/1882 1880/1880/1880 1881/1881/1881
f 1882/1882/1882 1881/1881/1881 1883/1883/1883
f 1884/1884/1884 1882/1882/1882 1883/1883/1883
f 1887/1887/1887 1886/1886/1886 1885/1885/1885
f 1888/1888/1888 1887/1887/1887 1885/1885/1885
f 1888/1888/1888 1885/1885/1885 1889/1889/1889
f 1890/1890/1890 1888/1888/1888 1889/1889/1889
f 1890/1890/1890 1889/1889/1889 1891/1891/1891
f 1892/1892/1892 1890/1890/1890 1891/1891/1891
f 1895/1895/1895 1894/1894/1894 1893/1893/1893
f 1896/1896/1896 1895/1895/1895 1893/1893/1893
f 1896/1896/1896 1893/1893/1893 1897/1897/1897
f 1898/1898/1898 1896/1896/1896 1897/1897/1897
f 1898/1898/1898 1897/1897/1897 1899/1899/1899
f 1900/1900/1900 1898/1898/1898 1899/1899/1899
f 1903/1903/1903 1902/1902/1902 1901/1901/1901
f 1904/1904/1904 1903/1903/1903 1901/1901/1901
f 1904/1904/1904 1901/1901/1901 1905/1905/1905
f 1906/1906/1906 1904/1904/1904 1905/1905/1905
f 1906/1906/1906 1905/1905/1905 1907/1907/1907
f 1908/1908/1908 1906/1906/1906 1907/1907/1907
f 1911/1911/1911 1910/1910/1910 1909/1909/1909
f 1912/1912/1912 1911/1911/1911 1909/1909/1909
f 1912/1912/1912 1909/1909/1909 1913/1913/1913
f 1914/1914/1914 1912/1912/1912 1913/1913/1913
f 1914/1914/1914 1913/1913/1913 1915/1915/1915
f 1916/1916/1916 1914/1914/1914 1915/1915/1915
f 1919/1919/1919 1918/1918/1918 1917/1917/1917
f 1920/1920/1920 1919/1919/1919 1917/1917/1917
f 1920/1920/1920 1917/1917/1917 1921/1921/1921
f 1922/1922/1922 1920/1920/1920 1921/1921/1921
f 1922/1922/1922 1921/1921/1921 1923/1923/1923
f 1924/1924/1924 1922/1922/1922 1923/1923/1923
f 1927/1927/1927 1926/1926/1926 1925/1925/1925
f 1928/1928/1928 1927/1927/1927 1925/1925/1925
f 1928/1928/1928 1925/1925/1925 1929/1929/1929
f 1930/1930/1930 1928/1928/1928 1929/1929/1929
f 1930/1930/1930 1929/1929/1929 1931/1931/1931
f 1932/1932/1932 1930/1930/1930 1931/1931/1931
f 1935/1935/1935 1934/1934/1934 1933/1933/1933
f 1936/1936/1936 1935/1935/1935 1933/1933/1933
f 1936/1936/1936 1933/1933/1933 1937/1937/1937
f 1938/1938/1938 1936/1936/1936 1937/1937/1937
f 1938/1938/1938 1937/1937/1937 1939/1939/1939
f 1940/1940/1940 1938/1938/1938 1939/1939/1939
f 1943/1943/1943 1942/1942/1942 1941/1941/1941
f 1944/1944/1944 1943/1943/1943 1941/1941/1941
f 1944/1944/1944 1941/1941/1941 1945/1945/1945
f 1946/1946/1946 1944/1944/1944 1945/1945/1945
f 1946/1946/1946 1945/1945/1945 1947/1947/1947
f 1948/1948/1948 1946/1946/1946 1947/1947/1947
f 1951/1951/1951 1950/1950/1950 1949/1949/1949
f 1952/1952/1952 1951/1951/1951 1949/1949/1949
f 1952/1952/1952 1949/1949/1949 1953/1953/1953
f 1954/1954/1954 1952/1952/1952 1953/1953/1953
f 1954/1954/1954 1953/1953/1953 1955/1955/1955
f 1956/1956/1956 1954/1954/1954 1955/1955/1955
f 1959/1959/1959 1958/1958/1958 1957/1957/1957
f 1960/1960/1960 1959/1959/1959 1957/1957/1957
f 1960/1960/1960 1957/1957/1957 1961/1961/1961
f 1962/1962/1962 1960/1960/1960 1961/1961/1961
f 1962/1962/1962 1961/1961/1961 1963/1963/1963
f 1964/1964/1964 1962/1962/1962 1963/1963/1963
f 1967/1967/1967 1966/1966/1966 1965/1965/1965
f 1968/1968/1968 1967/1967/1967 1965/1965/1965
f 1968/1968/1968 1965/1965/1965 1969/1969/1969
f 1970/1970/1970 1968/1968/1968 1969/1969/1969
f 1970/1970/1970 1969/1969/1969 1971/1971/1971
f 1972/1972/1972 1970/1970/1970 1971/1971/1971
f 1975/1975/1975 1974/1974/1974 1973/1973/1973
f 1976/1976/1976 1975/1975/1975 1973/1973/1973
f 1976/1976/1976 1973/1973/1973 1977/1977/1977
f 1978/1978/1978 1976/1976/1976 1977/1977/1977
f 1978/1978/1978 1977/1977/1977 1979/1979/1979
f 1980/1980/1980 1978/1978/1978 1979/1979/1979
f 1983/1983/1983 1982/1982/1982 1981/1981/1981
f 1984/1984/1984 1983/1983/1983 1981/1981/1981
f 1984/1984/1984 1981/1981/1981 1985/1985/1985
f 1986/1986/1986 1984/1984/1984 1985/1985/1985
f 1986/1986/1986 1985/1985/1985 1987/1987/1987
f 1988/1988/1988 1986/1986/1986 1987/1987/1987
f 1991/1991/1991 1990/1990/1990 1989/1989/1989
f 1992/1992/1992 1991/1991/1991 1989/1989/1989
f 1992/1992/1992 1989/1989/1989 1993/1993/1993
f 1994/1994/1994 1992/1992/1992 1993/1993/1993
f 1994/1994/1994 1993/1993/1993 1995/1995/1995
f 1996/1996/1996 1994/1994/1994 1995/1995/1995
f 1999/1999/1999 1998/1998/1998 1997/1997/1997
f 2000/2000/2000 1999/1999/1999 1997/1997/1997
f 2000/2000/2000 1997/1997/1997 2001/2001/2001
f 2002/2002/2002 2000/2000/2000 2001/2001/2001
f 2002/2002/2002 2001/2001/2001 2003/2003/2003
f 2004/2004/2004 2002/2002/2002 2003/2003/2003
f 2007/2007/2007 2006/2006/2006 2005/2005/2005
f 2008/2008/2008 2007/2007/2007 2005/2005/2005
f 2008/2008/2008 2005/2005/2005 2009/2009/2009
f 2010/2010/2010 2008/2008/2008 2009/2009/2009
f 2010/2010/2010 2009/2009/2009 2011/2011/2011
f 2012/2012/2012 2010/2010/2010 2011/2011/2011
f 2015/2015/2015 2014/2014/2014 2013/2013/2013
f 2016/2016/2016 2015/2015/2015 2013/2013/2013
f 2016/2016/2016 2013/2013/2013 2017/2017/2017
f 2018/2018/2018 2016/2016/2016 2017/2017/2017
f 2018/2018/2018 2017/2017/2017 2019/2019/2019
f 2020/2020/2020 2018/2018/2018 2019/2019/2019
f 2023/2023/2023 2022/2022/2022 2021/2021/2021
f 2024/2024/2024 2023/2023/2023 2021/2021/2021
f 2024/2024/2024 2021/2021/2021 2025/2025/2025
f 2026/2026/2026 2024/2024/2024 2025/2025/2025
f 2026/2026/2026 2025/2025/2025 2027/2027/2027
f 2028/2028/2028 2026/2026/2026 2027/2027/2027
f 2031/2031/2031 2030/2030/2030 2029/2029/2029
f 2032/2032/2032 2031/2031/2031 2029/2029/2029
f 2032/2032/2032 2029/2029/2029 2033/2033/2033
f 2034/2034/2034 2032/2032/2032 2033/2033/2033
f 2034/2034/2034 2033/2033/2033 2035/2035/2035
f 2036/2036/2036 2034/2034/2034 2035/2035/2035
f 2039/2039/2039 2038/2038/2038 2037/2037/2037
f 2040/2040/2040 2039/2039/2039 2037/2037/2037
f 2040/2040/2040 2037/2037/2037 2041/2041/2041
f 2042/2042/2042 2040/2040/2040 2041/2041/2041
f 2042/2042/2042 2041/2041/2041 2043/2043/2043
f 2044/2044/2044 2042/2042/2042 2043/2043/2043
f 2047/2047/2047 2046/2046/2046 2045/2045/2045
f 2048/2048/2048 2047/2047/2047 2045/2045/2045
f 2048/2048/2048 2045/2045/2045 2049/2049/2049
f 2050/2050/2050 2048/2048/2048 2049/2049/2049
f 2050/2050/2050 2049/2049/2049 2051/2051/2051
f 2052/2052/2052 2050/2050/2050 2051/2051/2051
f 2055/2055/2055 2054/2054/2054 2053/2053/2053
f 2056/2056/2056 2055/2055/2055 2053/2053/2053
f 2056/2056/2056 2053/2053/2053 2057/2057/2057
f 2058/2058/2058 2056/2056/2056 2057/2057/2057
f 2058/2058/2058 2057/2057/2057 2059/2059/2059
f 2060/2060/2060 2058/2058/2058 2059/2059/2059
f 2063/2063/2063 2062/2062/2062 2061/2061/2061
f 2064/2064/2064 2063/2063/2063 2061/2061/2061
f 2064/2064/2064 2061/2061/2061 2065/2065/2065
f 2066/2066/2066 2064/2064/2064 2065/2065/2065
f 2066/2066/2066 2065/2065/2065 2067/2067/2067
f 2068/2068/2068 2066/2066/2066 2067/2067/2067
f 2071/2071/2071 2070/2070/2070 2069/2069/2069
f 2072/2072/2072 2071/2071/2071 2069/2069/2069
f 2072/2072/2072 2069/2069/2069 2073/2073/2073
f 2074/2074/2074 2072/2072/2072 2073/2073/2073
f 2074/2074/2074 2073/2073/2073 2075/2075/2075
f 2076/2076/2076 2074/2074/2074 2075/2075/2075
f 2079/2079/2079 2078/2078/2078 2077/2077/2077
f 2080/2080/2080 2079/2079/2079 2077/2077/2077
f 2080/2080/2080 2077/2077/2077 2081/2081/2081
f 2082/2082/2082 2080/2080/2080 2081/2081/2081
f 2082/2082/2082 2081/2081/2081 2083/2083/2083
f 2084/2084/2084 2082/2082/2082 2083/2083/2083
f 2087/2087/2087 2086/2086/2086 2085/2085/2085
f 2088/2088/2088 2087/2087/2087 2085/2085/2085
f 2088/2088/2088 2085/2085/2085 2089/2089/2089
f 2090/2090/2090 2088/2088/2088 2089/2089/2089
f 2090/2090/2090 2089/2089/2089 2091/2091/2091
f 2092/2092/2092 2090/2090/2090 2091/2091/2091
f 2095/2095/2095 2094/2094/2094 2093/2093/2093
f 2096/2096/2096 2095/2095/2095 2093/2093/2093
f 2096/2096/2096 2093/2093/2093 2097/2097/2097
f 2098/2098/2098 2096/2096/2096 2097/2097/2097
f 2098/2098/2098 2097/2097/2097 2099/2099/2099
f 2100/2100/2100 2098/2098/2098 2099/2099/2099
f 2103/2103/2103 2102/2102/2102 2101/2101/2101
f 2104/2104/2104 2103/2103/2103 2101/2101/2101
f 2104/2104/2104 2101/2101/2101 2105/2105/2105
f 2106/2106/2106 2104/2104/2104 2105/2105/2105
f 2106/2106/2106 2105/2105/2105 2107/2107/2107
f 2108/2108/2108 2106/2106/2106 2107/2107/2107
f 2111/2111/2111 2110/2110/2110 2109/2109/2109
f 2112/2112/2112 2111/2111/2111 2109/2109/2109
f 2112/2112/2112 2109/2109/2109 2113/2113/2113
f 2114/2114/2114 2112/2112/2112 2113/2113/2113
f 2114/2114/2114 2113/2113/2113 2115/2115/2115
f 2116/2116/2116 2114/2114/2114 2115/2115/2115
f 2119/2119/2119 2118/2118/2118 2117/2117/2117
f 2120/2120/2120 2119/2119/2119 2117/2117/2117
f 2120/2120/2120 2117/2117/2117 2121/2121/2121
f 2122/2122/2122 2120/2120/2120 2121/2121/2121
f 2122/2122/2122 2121/2121/2121 2123/2123/2123
f 2124/2124/2124 2122/2122/2122 2123/2123/2123
g Furniture_006_3
f 1839/1839/1839 1838/1838/1838 1837/1837/1837
f 1840/1840/1840 1839/1839/1839 1837/1837/1837
f 1840/1840/1840 1837/1837/1837 1841/1841/1841
f 1842/1842/1842 1840/1840/1840 1841/1841/1841
f 1842/1842/1842 1841/1841/1841 1843/1843/1843
f 1844/1844/1844 1842/1842/1842 1843/1843/1843
f 1847/1847/1847 1846/1846/1846 1845/1845/1845
f 1848/1848/1848 1847/1847/1847 1845/1845/1845
f 1848/1848/1848 1845/1845/1845 1849/1849/1849
f 1850/1850/1850 1848/1848/1848 1849/1849/1849
f 1850/1850/1850 1849/1849/1849 1851/1851/1851
f 1852/1852/1852 1850/1850/1850 1851/1851/1851
f 1855/1855/1855 1854/1854/1854 1853/1853/1853
f 1856/1856/1856 1855/1855/1855 1853/1853/1853
f 1856/1856/1856 1853/1853/1853 1857/1857/1857
f 1858/1858/1858 1856/1856/1856 1857/1857/1857
f 1858/1858/1858 1857/1857/1857 1859/1859/1859
f 1860/1860/1860 1858/1858/1858 1859/1859/1859
f 1863/1863/1863 1862/1862/1862 1861/1861/1861
f 1864/1864/1864 1863/1863/1863 1861/1861/1861
f 1864/1864/1864 1861/1861/1861 1865/1865/1865
f 1866/1866/1866 1864/1864/1864 1865/1865/1865
f 1866/1866/1866 1865/1865/1865 1867/1867/1867
f 1868/1868/1868 1866/1866/1866 1867/1867/1867
f 1871/1871/1871 1870/1870/1870 1869/1869/1869
f 1872/1872/1872 1871/1871/1871 1869/1869/1869
f 1872/1872/1872 1869/1869/1869 1873/1873/1873
f 1874/1874/1874 1872/1872/1872 1873/1873/1873
f 1874/1874/1874 1873/1873/1873 1875/1875/1875
f 1876/1876/1876 1874/1874/1874 1875/1875/1875
f 1879/1879/1879 1878/1878/1878 1877/1877/1877
f 1880/1880/1880 1879/1879/1879 1877/1877/1877
f 1880/1880/1880 1877/1877/1877 1881/1881/1881
f 1882/1882/1882 1880/1880/1880 1881/1881/1881
f 1882/1882/1882 1881/1881/1881 1883/1883/1883
f 1884/1884/1884 1882/1882/1882 1883/1883/1883
f 1887/1887/1887 1886/1886/1886 1885/1885/1885
f 1888/1888/1888 1887/1887/1887 1885/1885/1885
f 1888/1888/1888 1885/1885/1885 1889/1889/1889
f 1890/1890/1890 1888/1888/1888 1889/1889/1889
f 1890/1890/1890 1889/1889/1889 1891/1891/1891
f 1892/1892/1892 1890/1890/1890 1891/1891/1891
f 1895/1895/1895 1894/1894/1894 1893/1893/1893
f 1896/1896/1896 1895/1895/1895 1893/1893/1893
f 1896/1896/1896 1893/1893/1893 1897/1897/1897
f 1898/1898/1898 1896/1896/1896 1897/1897/1897
f 1898/1898/1898 1897/1897/1897 1899/1899/1899
f 1900/1900/1900 1898/1898/1898 1899/1899/1899
f 1903/1903/1903 1902/1902/1902 1901/1901/1901
f 1904/1904/1904 1903/1903/1903 1901/1901/1901
f 1904/1904/1904 1901/1901/1901 1905/1905/1905
f 1906/1906/1906 1904/1904/1904 1905/1905/1905
f 1906/1906/1906 1905/1905/1905 1907/1907/1907
f 1908/1908/1908 1906/1906/1906 1907/1907/1907
f 1911/1911/1911 1910/1910/1910 1909/1909/1909
f 1912/1912/1912 1911/1911/1911 1909/1909/1909
f 1912/1912/1912 1909/1909/1909 1913/1913/1913
f 1914/1914/1914 1912/1912/1912 1913/1913/1913
f 1914/1914/1914 1913/1913/1913 1915/1915/1915
f 1916/1916/1916 1914/1914/1914 1915/1915/1915
f 1919/1919/1919 1918/1918/1918 1917/1917/1917
f 1920/1920/1920 1919/1919/1919 1917/1917/1917
f 1920/1920/1920 1917/1917/1917 1921/1921/1921
f 1922/1922/1922 1920/1920/1920 1921/1921/1921
f 1922/1922/1922 1921/1921/1921 1923/1923/1923
f 1924/1924/1924 1922/1922/1922 1923/1923/1923
f 1927/1927/1927 1926/1926/1926 1925/1925/1925
f 1928/1928/1928 1927/1927/1927 1925/1925/1925
f 1928/1928/1928 1925/1925/1925 1929/1929/1929
f 1930/1930/1930 1928/1928/1928 1929/1929/1929
f 1930/1930/1930 1929/1929/1929 1931/1931/1931
f 1932/1932/1932 1930/1930/1930 1931/1931/1931
f 1935/1935/1935 1934/1934/1934 1933/1933/1933
f 1936/1936/1936 1935/1935/1935 1933/1933/1933
f 1936/1936/1936 1933/1933/1933 1937/1937/1937
f 1938/1938/1938 1936/1936/1936 1937/1937/1937
f 1938/1938/1938 1937/1937/1937 1939/1939/1939
f 1940/1940/1940 1938/1938/1938 1939/1939/1939
f 1943/1943/1943 1942/1942/1942 1941/1941/1941
f 1944/1944/1944 1943/1943/1943 1941/1941/1941
f 1944/1944/1944 1941/1941/1941 1945/1945/1945
f 1946/1946/1946 1944/1944/1944 1945/1945/1945
f 1946/1946/1946 1945/1945/1945 1947/1947/1947
f 1948/1948/1948 1946/1946/1946 1947/1947/1947
f 1951/1951/1951 1950/1950/1950 1949/1949/1949
f 1952/1952/1952 1951/1951/1951 1949/1949/1949
f 1952/1952/1952 1949/1949/1949 1953/1953/1953
f 1954/1954/1954 1952/1952/1952 1953/1953/1953
f 1954/1954/1954 1953/1953/1953 1955/1955/1955
f 1956/1956/1956 1954/1954/1954 1955/1955/1955
f 1959/1959/1959 1958/1958/1958 1957/1957/1957
f 1960/1960/1960 1959/1959/1959 1957/1957/1957
f 1960/1960/1960 1957/1957/1957 1961/1961/1961
f 1962/1962/1962 1960/1960/1960 1961/1961/1961
f 1962/1962/1962 1961/1961/1961 1963/1963/1963
f 1964/1964/1964 1962/1962/1962 1963/1963/1963
f 1967/1967/1967 1966/1966/1966 1965/1965/1965
f 1968/1968/1968 1967/1967/1967 1965/1965/1965
f 1968/1968/1968 1965/1965/1965 1969/1969/1969
f 1970/1970/1970 1968/1968/1968 1969/1969/1969
f 1970/1970/1970 1969/1969/1969 1971/1971/1971
f 1972/1972/1972 1970/1970/1970 1971/1971/1971
f 1975/1975/1975 1974/1974/1974 1973/1973/1973
f 1976/1976/1976 1975/1975/1975 1973/1973/1973
f 1976/1976/1976 1973/1973/1973 1977/1977/1977
f 1978/1978/1978 1976/1976/1976 1977/1977/1977
f 1978/1978/1978 1977/1977/1977 1979/1979/1979
f 1980/1980/1980 1978/1978/1978 1979/1979/1979
